2024-11-12 20:15:24.403 +05:30  INF  Route matched with {action = "GetUserAddress", controller = "User"}. Executing controller action with signature System.Threading.Tasks.Task`1[Microsoft.AspNetCore.Mvc.ActionResult`1[BAKERBAZZAR.API.Models.ApiResponse]] GetUserAddress(System.String, Int32) on controller BAKERBAZZAR.API.Controller.UserController (BAKERBAZZAR.API).
2024-11-12 20:15:24.463 +05:30  INF  Executing ObjectResult, writing value of type 'BAKERBAZZAR.API.Models.ApiResponse'.
2024-11-12 20:15:24.463 +05:30  INF  Executed action BAKERBAZZAR.API.Controller.UserController.GetUserAddress (BAKERBAZZAR.API) in 2.7882ms
2024-11-12 20:15:24.463 +05:30  INF  Executed endpoint 'BAKERBAZZAR.API.Controller.UserController.GetUserAddress (BAKERBAZZAR.API)'
2024-11-12 20:15:24.463 +05:30  INF  Request finished HTTP/1.1 GET http://localhost:5145/user/getuseraddress?mode=update&recordid=1001 - - - 200 - application/json;+charset=utf-8 60.8074ms
2024-11-12 20:15:24.571 +05:30  INF  Request starting HTTP/1.1 GET http://localhost:5145/user/getuseraddress?mode=update&recordid=1001 - -
2024-11-12 20:15:24.572 +05:30  INF  CORS policy execution successful.
2024-11-12 20:15:24.572 +05:30  INF  Executing endpoint 'BAKERBAZZAR.API.Controller.UserController.GetUserAddress (BAKERBAZZAR.API)'
2024-11-12 20:15:24.572 +05:30  INF  Route matched with {action = "GetUserAddress", controller = "User"}. Executing controller action with signature System.Threading.Tasks.Task`1[Microsoft.AspNetCore.Mvc.ActionResult`1[BAKERBAZZAR.API.Models.ApiResponse]] GetUserAddress(System.String, Int32) on controller BAKERBAZZAR.API.Controller.UserController (BAKERBAZZAR.API).
2024-11-12 20:15:24.572 +05:30  INF  Executing ObjectResult, writing value of type 'BAKERBAZZAR.API.Models.ApiResponse'.
2024-11-12 20:15:24.573 +05:30  INF  Executed action BAKERBAZZAR.API.Controller.UserController.GetUserAddress (BAKERBAZZAR.API) in 0.8031ms
2024-11-12 20:15:24.573 +05:30  INF  Executed endpoint 'BAKERBAZZAR.API.Controller.UserController.GetUserAddress (BAKERBAZZAR.API)'
2024-11-12 20:15:24.573 +05:30  INF  Request finished HTTP/1.1 GET http://localhost:5145/user/getuseraddress?mode=update&recordid=1001 - - - 200 - application/json;+charset=utf-8 1.1900ms
2024-11-12 20:15:42.852 +05:30  INF  Request starting HTTP/1.1 OPTIONS http://localhost:5145/user/getuseraddress?mode=update&recordid=1001 - -
2024-11-12 20:15:42.857 +05:30  INF  CORS policy execution successful.
2024-11-12 20:15:42.857 +05:30  INF  Request finished HTTP/1.1 OPTIONS http://localhost:5145/user/getuseraddress?mode=update&recordid=1001 - - - 204 - - 4.7132ms
2024-11-12 20:15:42.869 +05:30  INF  Request starting HTTP/1.1 GET http://localhost:5145/user/getuseraddress?mode=update&recordid=1001 application/json -
2024-11-12 20:15:42.870 +05:30  INF  CORS policy execution successful.
2024-11-12 20:15:42.871 +05:30  INF  Executing endpoint 'BAKERBAZZAR.API.Controller.UserController.GetUserAddress (BAKERBAZZAR.API)'
2024-11-12 20:15:42.871 +05:30  INF  Route matched with {action = "GetUserAddress", controller = "User"}. Executing controller action with signature System.Threading.Tasks.Task`1[Microsoft.AspNetCore.Mvc.ActionResult`1[BAKERBAZZAR.API.Models.ApiResponse]] GetUserAddress(System.String, Int32) on controller BAKERBAZZAR.API.Controller.UserController (BAKERBAZZAR.API).
2024-11-12 20:15:42.884 +05:30  INF  Executing ObjectResult, writing value of type 'BAKERBAZZAR.API.Models.ApiResponse'.
2024-11-12 20:15:42.885 +05:30  INF  Executed action BAKERBAZZAR.API.Controller.UserController.GetUserAddress (BAKERBAZZAR.API) in 14.1006ms
2024-11-12 20:15:42.885 +05:30  INF  Executed endpoint 'BAKERBAZZAR.API.Controller.UserController.GetUserAddress (BAKERBAZZAR.API)'
2024-11-12 20:15:42.885 +05:30  INF  Request finished HTTP/1.1 GET http://localhost:5145/user/getuseraddress?mode=update&recordid=1001 application/json - - 200 - application/json;+charset=utf-8 16.0812ms
2024-11-12 20:15:51.620 +05:30  INF  Request starting HTTP/1.1 OPTIONS http://localhost:5145/user/upsetaddress - -
2024-11-12 20:15:51.621 +05:30  INF  CORS policy execution successful.
2024-11-12 20:15:51.622 +05:30  INF  Request finished HTTP/1.1 OPTIONS http://localhost:5145/user/upsetaddress - - - 204 - - 0.9933ms
2024-11-12 20:15:51.622 +05:30  INF  Request starting HTTP/1.1 POST http://localhost:5145/user/upsetaddress application/json 279
2024-11-12 20:15:51.622 +05:30  INF  CORS policy execution successful.
2024-11-12 20:15:51.622 +05:30  INF  Executing endpoint 'BAKERBAZZAR.API.Controller.UserController.UpsetAddress (BAKERBAZZAR.API)'
2024-11-12 20:15:51.622 +05:30  INF  Route matched with {action = "UpsetAddress", controller = "User"}. Executing controller action with signature System.Threading.Tasks.Task`1[Microsoft.AspNetCore.Mvc.ActionResult`1[BAKERBAZZAR.API.Models.ApiResponse]] UpsetAddress(BAKERBAZZAR.API.Models.IO_Templates.SetAddress) on controller BAKERBAZZAR.API.Controller.UserController (BAKERBAZZAR.API).
2024-11-12 20:15:51.642 +05:30  INF  Executing ObjectResult, writing value of type 'BAKERBAZZAR.API.Models.ApiResponse'.
2024-11-12 20:15:51.642 +05:30  INF  Executed action BAKERBAZZAR.API.Controller.UserController.UpsetAddress (BAKERBAZZAR.API) in 20.0886ms
2024-11-12 20:15:51.642 +05:30  INF  Executed endpoint 'BAKERBAZZAR.API.Controller.UserController.UpsetAddress (BAKERBAZZAR.API)'
2024-11-12 20:15:51.643 +05:30  INF  Request finished HTTP/1.1 POST http://localhost:5145/user/upsetaddress application/json 279 - 200 - application/json;+charset=utf-8 20.4294ms
2024-11-12 20:16:01.568 +05:30  INF  Request starting HTTP/1.1 OPTIONS http://localhost:5145/user/getuseraddress?mode=update&recordid=1001 - -
2024-11-12 20:16:01.568 +05:30  INF  CORS policy execution successful.
2024-11-12 20:16:01.568 +05:30  INF  Request finished HTTP/1.1 OPTIONS http://localhost:5145/user/getuseraddress?mode=update&recordid=1001 - - - 204 - - 0.3678ms
2024-11-12 20:16:01.572 +05:30  INF  Request starting HTTP/1.1 GET http://localhost:5145/user/getuseraddress?mode=update&recordid=1001 application/json -
2024-11-12 20:16:01.573 +05:30  INF  CORS policy execution successful.
2024-11-12 20:16:01.573 +05:30  INF  Executing endpoint 'BAKERBAZZAR.API.Controller.UserController.GetUserAddress (BAKERBAZZAR.API)'
2024-11-12 20:16:01.574 +05:30  INF  Route matched with {action = "GetUserAddress", controller = "User"}. Executing controller action with signature System.Threading.Tasks.Task`1[Microsoft.AspNetCore.Mvc.ActionResult`1[BAKERBAZZAR.API.Models.ApiResponse]] GetUserAddress(System.String, Int32) on controller BAKERBAZZAR.API.Controller.UserController (BAKERBAZZAR.API).
2024-11-12 20:16:01.596 +05:30  INF  Executing ObjectResult, writing value of type 'BAKERBAZZAR.API.Models.ApiResponse'.
2024-11-12 20:16:01.597 +05:30  INF  Executed action BAKERBAZZAR.API.Controller.UserController.GetUserAddress (BAKERBAZZAR.API) in 22.7325ms
2024-11-12 20:16:01.597 +05:30  INF  Executed endpoint 'BAKERBAZZAR.API.Controller.UserController.GetUserAddress (BAKERBAZZAR.API)'
2024-11-12 20:16:01.597 +05:30  INF  Request finished HTTP/1.1 GET http://localhost:5145/user/getuseraddress?mode=update&recordid=1001 application/json - - 200 - application/json;+charset=utf-8 25.5259ms
2024-11-12 20:17:08.136 +05:30  INF  Request starting HTTP/1.1 OPTIONS http://localhost:5145/user/upsetaddress - -
2024-11-12 20:17:08.136 +05:30  INF  CORS policy execution successful.
2024-11-12 20:17:08.136 +05:30  INF  Request finished HTTP/1.1 OPTIONS http://localhost:5145/user/upsetaddress - - - 204 - - 1.3288ms
2024-11-12 20:17:08.138 +05:30  INF  Request starting HTTP/1.1 POST http://localhost:5145/user/upsetaddress application/json 279
2024-11-12 20:17:08.138 +05:30  INF  CORS policy execution successful.
2024-11-12 20:17:08.139 +05:30  INF  Executing endpoint 'BAKERBAZZAR.API.Controller.UserController.UpsetAddress (BAKERBAZZAR.API)'
2024-11-12 20:17:08.139 +05:30  INF  Route matched with {action = "UpsetAddress", controller = "User"}. Executing controller action with signature System.Threading.Tasks.Task`1[Microsoft.AspNetCore.Mvc.ActionResult`1[BAKERBAZZAR.API.Models.ApiResponse]] UpsetAddress(BAKERBAZZAR.API.Models.IO_Templates.SetAddress) on controller BAKERBAZZAR.API.Controller.UserController (BAKERBAZZAR.API).
2024-11-12 20:17:08.155 +05:30  INF  Executing ObjectResult, writing value of type 'BAKERBAZZAR.API.Models.ApiResponse'.
2024-11-12 20:17:08.155 +05:30  INF  Executed action BAKERBAZZAR.API.Controller.UserController.UpsetAddress (BAKERBAZZAR.API) in 16.152ms
2024-11-12 20:17:08.155 +05:30  INF  Executed endpoint 'BAKERBAZZAR.API.Controller.UserController.UpsetAddress (BAKERBAZZAR.API)'
2024-11-12 20:17:08.155 +05:30  INF  Request finished HTTP/1.1 POST http://localhost:5145/user/upsetaddress application/json 279 - 200 - application/json;+charset=utf-8 17.5619ms
2024-11-12 20:19:27.558 +05:30  INF  Request starting HTTP/1.1 GET http://localhost:5145/user/getuseraddress?mode=update&recordid=1001 - -
2024-11-12 20:19:27.561 +05:30  INF  CORS policy execution successful.
2024-11-12 20:19:27.561 +05:30  INF  Executing endpoint 'BAKERBAZZAR.API.Controller.UserController.GetUserAddress (BAKERBAZZAR.API)'
2024-11-12 20:19:27.561 +05:30  INF  Route matched with {action = "GetUserAddress", controller = "User"}. Executing controller action with signature System.Threading.Tasks.Task`1[Microsoft.AspNetCore.Mvc.ActionResult`1[BAKERBAZZAR.API.Models.ApiResponse]] GetUserAddress(System.String, Int32) on controller BAKERBAZZAR.API.Controller.UserController (BAKERBAZZAR.API).
2024-11-12 20:19:27.600 +05:30  INF  Executing ObjectResult, writing value of type 'BAKERBAZZAR.API.Models.ApiResponse'.
2024-11-12 20:19:27.601 +05:30  INF  Executed action BAKERBAZZAR.API.Controller.UserController.GetUserAddress (BAKERBAZZAR.API) in 39.077ms
2024-11-12 20:19:27.601 +05:30  INF  Executed endpoint 'BAKERBAZZAR.API.Controller.UserController.GetUserAddress (BAKERBAZZAR.API)'
2024-11-12 20:19:27.601 +05:30  INF  Request finished HTTP/1.1 GET http://localhost:5145/user/getuseraddress?mode=update&recordid=1001 - - - 200 - application/json;+charset=utf-8 43.2842ms
2024-11-12 20:19:33.601 +05:30  INF  Request starting HTTP/1.1 OPTIONS http://localhost:5145/User/ChangeAddress?displayid=e62f03f4-2dcf-4f80-bc23-341651bd9338&recordid=1001 - -
2024-11-12 20:19:33.601 +05:30  INF  CORS policy execution successful.
2024-11-12 20:19:33.601 +05:30  INF  Request finished HTTP/1.1 OPTIONS http://localhost:5145/User/ChangeAddress?displayid=e62f03f4-2dcf-4f80-bc23-341651bd9338&recordid=1001 - - - 204 - - 0.3187ms
2024-11-12 20:19:33.602 +05:30  INF  Request starting HTTP/1.1 PUT http://localhost:5145/User/ChangeAddress?displayid=e62f03f4-2dcf-4f80-bc23-341651bd9338&recordid=1001 application/json 282
2024-11-12 20:19:33.602 +05:30  INF  CORS policy execution successful.
2024-11-12 20:19:33.602 +05:30  INF  Executing endpoint 'BAKERBAZZAR.API.Controller.UserController.ChangeAddress (BAKERBAZZAR.API)'
2024-11-12 20:19:33.602 +05:30  INF  Route matched with {action = "ChangeAddress", controller = "User"}. Executing controller action with signature System.Threading.Tasks.Task`1[Microsoft.AspNetCore.Mvc.ActionResult`1[BAKERBAZZAR.API.Models.ApiResponse]] ChangeAddress(System.String, Int32) on controller BAKERBAZZAR.API.Controller.UserController (BAKERBAZZAR.API).
2024-11-12 20:19:33.610 +05:30  INF  Executing ObjectResult, writing value of type 'BAKERBAZZAR.API.Models.ApiResponse'.
2024-11-12 20:19:33.610 +05:30  INF  Executed action BAKERBAZZAR.API.Controller.UserController.ChangeAddress (BAKERBAZZAR.API) in 8.144ms
2024-11-12 20:19:33.610 +05:30  INF  Executed endpoint 'BAKERBAZZAR.API.Controller.UserController.ChangeAddress (BAKERBAZZAR.API)'
2024-11-12 20:19:33.610 +05:30  INF  Request finished HTTP/1.1 PUT http://localhost:5145/User/ChangeAddress?displayid=e62f03f4-2dcf-4f80-bc23-341651bd9338&recordid=1001 application/json 282 - 200 - application/json;+charset=utf-8 8.5183ms
2024-11-12 20:19:33.804 +05:30  INF  Request starting HTTP/1.1 GET http://localhost:5145/User/GetMyAddresses?displayid=e62f03f4-2dcf-4f80-bc23-341651bd9338 - -
2024-11-12 20:19:33.804 +05:30  INF  CORS policy execution successful.
2024-11-12 20:19:33.804 +05:30  INF  Executing endpoint 'BAKERBAZZAR.API.Controller.UserController.GetAddress (BAKERBAZZAR.API)'
2024-11-12 20:19:33.804 +05:30  INF  Route matched with {action = "GetAddress", controller = "User"}. Executing controller action with signature System.Threading.Tasks.Task`1[Microsoft.AspNetCore.Mvc.ActionResult`1[BAKERBAZZAR.API.Models.ApiResponse]] GetAddress(System.String) on controller BAKERBAZZAR.API.Controller.UserController (BAKERBAZZAR.API).
2024-11-12 20:19:33.823 +05:30  INF  Executing ObjectResult, writing value of type 'BAKERBAZZAR.API.Models.ApiResponse'.
2024-11-12 20:19:33.824 +05:30  INF  Executed action BAKERBAZZAR.API.Controller.UserController.GetAddress (BAKERBAZZAR.API) in 19.5338ms
2024-11-12 20:19:33.824 +05:30  INF  Executed endpoint 'BAKERBAZZAR.API.Controller.UserController.GetAddress (BAKERBAZZAR.API)'
2024-11-12 20:19:33.824 +05:30  INF  Request finished HTTP/1.1 GET http://localhost:5145/User/GetMyAddresses?displayid=e62f03f4-2dcf-4f80-bc23-341651bd9338 - - - 200 - application/json;+charset=utf-8 20.0567ms
2024-11-12 20:19:33.973 +05:30  INF  Request starting HTTP/1.1 GET http://localhost:5145/User/GetMyAddresses?displayid=e62f03f4-2dcf-4f80-bc23-341651bd9338 - -
2024-11-12 20:19:33.973 +05:30  INF  CORS policy execution successful.
2024-11-12 20:19:33.973 +05:30  INF  Executing endpoint 'BAKERBAZZAR.API.Controller.UserController.GetAddress (BAKERBAZZAR.API)'
2024-11-12 20:19:33.973 +05:30  INF  Route matched with {action = "GetAddress", controller = "User"}. Executing controller action with signature System.Threading.Tasks.Task`1[Microsoft.AspNetCore.Mvc.ActionResult`1[BAKERBAZZAR.API.Models.ApiResponse]] GetAddress(System.String) on controller BAKERBAZZAR.API.Controller.UserController (BAKERBAZZAR.API).
2024-11-12 20:19:33.976 +05:30  INF  Executing ObjectResult, writing value of type 'BAKERBAZZAR.API.Models.ApiResponse'.
2024-11-12 20:19:33.976 +05:30  INF  Executed action BAKERBAZZAR.API.Controller.UserController.GetAddress (BAKERBAZZAR.API) in 2.9026ms
2024-11-12 20:19:33.976 +05:30  INF  Executed endpoint 'BAKERBAZZAR.API.Controller.UserController.GetAddress (BAKERBAZZAR.API)'
2024-11-12 20:19:33.976 +05:30  INF  Request finished HTTP/1.1 GET http://localhost:5145/User/GetMyAddresses?displayid=e62f03f4-2dcf-4f80-bc23-341651bd9338 - - - 200 - application/json;+charset=utf-8 3.2922ms
2024-11-12 20:19:36.560 +05:30  INF  Request starting HTTP/1.1 GET http://localhost:5145/user/getuseraddress?mode=update&recordid=1001 - -
2024-11-12 20:19:36.560 +05:30  INF  CORS policy execution successful.
2024-11-12 20:19:36.560 +05:30  INF  Executing endpoint 'BAKERBAZZAR.API.Controller.UserController.GetUserAddress (BAKERBAZZAR.API)'
2024-11-12 20:19:36.562 +05:30  INF  Route matched with {action = "GetUserAddress", controller = "User"}. Executing controller action with signature System.Threading.Tasks.Task`1[Microsoft.AspNetCore.Mvc.ActionResult`1[BAKERBAZZAR.API.Models.ApiResponse]] GetUserAddress(System.String, Int32) on controller BAKERBAZZAR.API.Controller.UserController (BAKERBAZZAR.API).
2024-11-12 20:19:36.570 +05:30  INF  Executing ObjectResult, writing value of type 'BAKERBAZZAR.API.Models.ApiResponse'.
2024-11-12 20:19:36.571 +05:30  INF  Executed action BAKERBAZZAR.API.Controller.UserController.GetUserAddress (BAKERBAZZAR.API) in 8.3315ms
2024-11-12 20:19:36.571 +05:30  INF  Executed endpoint 'BAKERBAZZAR.API.Controller.UserController.GetUserAddress (BAKERBAZZAR.API)'
2024-11-12 20:19:36.571 +05:30  INF  Request finished HTTP/1.1 GET http://localhost:5145/user/getuseraddress?mode=update&recordid=1001 - - - 200 - application/json;+charset=utf-8 10.8743ms
2024-11-12 20:19:36.815 +05:30  INF  Request starting HTTP/1.1 GET http://localhost:5145/user/getuseraddress?mode=update&recordid=1001 - -
2024-11-12 20:19:36.816 +05:30  INF  CORS policy execution successful.
2024-11-12 20:19:36.816 +05:30  INF  Executing endpoint 'BAKERBAZZAR.API.Controller.UserController.GetUserAddress (BAKERBAZZAR.API)'
2024-11-12 20:19:36.816 +05:30  INF  Route matched with {action = "GetUserAddress", controller = "User"}. Executing controller action with signature System.Threading.Tasks.Task`1[Microsoft.AspNetCore.Mvc.ActionResult`1[BAKERBAZZAR.API.Models.ApiResponse]] GetUserAddress(System.String, Int32) on controller BAKERBAZZAR.API.Controller.UserController (BAKERBAZZAR.API).
2024-11-12 20:19:36.817 +05:30  INF  Executing ObjectResult, writing value of type 'BAKERBAZZAR.API.Models.ApiResponse'.
2024-11-12 20:19:36.818 +05:30  INF  Executed action BAKERBAZZAR.API.Controller.UserController.GetUserAddress (BAKERBAZZAR.API) in 1.7689ms
2024-11-12 20:19:36.818 +05:30  INF  Executed endpoint 'BAKERBAZZAR.API.Controller.UserController.GetUserAddress (BAKERBAZZAR.API)'
2024-11-12 20:19:36.818 +05:30  INF  Request finished HTTP/1.1 GET http://localhost:5145/user/getuseraddress?mode=update&recordid=1001 - - - 200 - application/json;+charset=utf-8 2.3297ms
2024-11-12 20:19:46.541 +05:30  INF  Request starting HTTP/1.1 OPTIONS http://localhost:5145/User/ChangeAddress?displayid=e62f03f4-2dcf-4f80-bc23-341651bd9338&recordid=1001 - -
2024-11-12 20:19:46.541 +05:30  INF  CORS policy execution successful.
2024-11-12 20:19:46.541 +05:30  INF  Request finished HTTP/1.1 OPTIONS http://localhost:5145/User/ChangeAddress?displayid=e62f03f4-2dcf-4f80-bc23-341651bd9338&recordid=1001 - - - 204 - - 0.2440ms
2024-11-12 20:19:46.542 +05:30  INF  Request starting HTTP/1.1 PUT http://localhost:5145/User/ChangeAddress?displayid=e62f03f4-2dcf-4f80-bc23-341651bd9338&recordid=1001 application/json 277
2024-11-12 20:19:46.542 +05:30  INF  CORS policy execution successful.
2024-11-12 20:19:46.542 +05:30  INF  Executing endpoint 'BAKERBAZZAR.API.Controller.UserController.ChangeAddress (BAKERBAZZAR.API)'
2024-11-12 20:19:46.542 +05:30  INF  Route matched with {action = "ChangeAddress", controller = "User"}. Executing controller action with signature System.Threading.Tasks.Task`1[Microsoft.AspNetCore.Mvc.ActionResult`1[BAKERBAZZAR.API.Models.ApiResponse]] ChangeAddress(System.String, Int32) on controller BAKERBAZZAR.API.Controller.UserController (BAKERBAZZAR.API).
2024-11-12 20:19:46.548 +05:30  INF  Executing ObjectResult, writing value of type 'BAKERBAZZAR.API.Models.ApiResponse'.
2024-11-12 20:19:46.548 +05:30  INF  Executed action BAKERBAZZAR.API.Controller.UserController.ChangeAddress (BAKERBAZZAR.API) in 5.4764ms
2024-11-12 20:19:46.548 +05:30  INF  Executed endpoint 'BAKERBAZZAR.API.Controller.UserController.ChangeAddress (BAKERBAZZAR.API)'
2024-11-12 20:19:46.548 +05:30  INF  Request finished HTTP/1.1 PUT http://localhost:5145/User/ChangeAddress?displayid=e62f03f4-2dcf-4f80-bc23-341651bd9338&recordid=1001 application/json 277 - 200 - application/json;+charset=utf-8 5.8613ms
2024-11-12 20:19:46.549 +05:30  INF  Connection id "0HN82QM9K68KP", Request id "0HN82QM9K68KP:00000007": the application completed without reading the entire request body.
2024-11-12 20:19:46.737 +05:30  INF  Request starting HTTP/1.1 GET http://localhost:5145/User/GetMyAddresses?displayid=e62f03f4-2dcf-4f80-bc23-341651bd9338 - -
2024-11-12 20:19:46.737 +05:30  INF  CORS policy execution successful.
2024-11-12 20:19:46.737 +05:30  INF  Executing endpoint 'BAKERBAZZAR.API.Controller.UserController.GetAddress (BAKERBAZZAR.API)'
2024-11-12 20:19:46.737 +05:30  INF  Route matched with {action = "GetAddress", controller = "User"}. Executing controller action with signature System.Threading.Tasks.Task`1[Microsoft.AspNetCore.Mvc.ActionResult`1[BAKERBAZZAR.API.Models.ApiResponse]] GetAddress(System.String) on controller BAKERBAZZAR.API.Controller.UserController (BAKERBAZZAR.API).
2024-11-12 20:19:46.739 +05:30  INF  Executing ObjectResult, writing value of type 'BAKERBAZZAR.API.Models.ApiResponse'.
2024-11-12 20:19:46.739 +05:30  INF  Executed action BAKERBAZZAR.API.Controller.UserController.GetAddress (BAKERBAZZAR.API) in 1.8094ms
2024-11-12 20:19:46.739 +05:30  INF  Executed endpoint 'BAKERBAZZAR.API.Controller.UserController.GetAddress (BAKERBAZZAR.API)'
2024-11-12 20:19:46.739 +05:30  INF  Request finished HTTP/1.1 GET http://localhost:5145/User/GetMyAddresses?displayid=e62f03f4-2dcf-4f80-bc23-341651bd9338 - - - 200 - application/json;+charset=utf-8 2.1790ms
2024-11-12 20:19:46.907 +05:30  INF  Request starting HTTP/1.1 GET http://localhost:5145/User/GetMyAddresses?displayid=e62f03f4-2dcf-4f80-bc23-341651bd9338 - -
2024-11-12 20:19:46.907 +05:30  INF  CORS policy execution successful.
2024-11-12 20:19:46.907 +05:30  INF  Executing endpoint 'BAKERBAZZAR.API.Controller.UserController.GetAddress (BAKERBAZZAR.API)'
2024-11-12 20:19:46.907 +05:30  INF  Route matched with {action = "GetAddress", controller = "User"}. Executing controller action with signature System.Threading.Tasks.Task`1[Microsoft.AspNetCore.Mvc.ActionResult`1[BAKERBAZZAR.API.Models.ApiResponse]] GetAddress(System.String) on controller BAKERBAZZAR.API.Controller.UserController (BAKERBAZZAR.API).
2024-11-12 20:19:46.908 +05:30  INF  Executing ObjectResult, writing value of type 'BAKERBAZZAR.API.Models.ApiResponse'.
2024-11-12 20:19:46.908 +05:30  INF  Executed action BAKERBAZZAR.API.Controller.UserController.GetAddress (BAKERBAZZAR.API) in 1.1043ms
2024-11-12 20:19:46.908 +05:30  INF  Executed endpoint 'BAKERBAZZAR.API.Controller.UserController.GetAddress (BAKERBAZZAR.API)'
2024-11-12 20:19:46.908 +05:30  INF  Request finished HTTP/1.1 GET http://localhost:5145/User/GetMyAddresses?displayid=e62f03f4-2dcf-4f80-bc23-341651bd9338 - - - 200 - application/json;+charset=utf-8 1.4812ms
2024-11-12 20:21:07.812 +05:30  INF  Request starting HTTP/1.1 GET http://localhost:5145/user/getuseraddress?mode=update&recordid=1001 - -
2024-11-12 20:21:07.813 +05:30  INF  CORS policy execution successful.
2024-11-12 20:21:07.813 +05:30  INF  Executing endpoint 'BAKERBAZZAR.API.Controller.UserController.GetUserAddress (BAKERBAZZAR.API)'
2024-11-12 20:21:07.813 +05:30  INF  Route matched with {action = "GetUserAddress", controller = "User"}. Executing controller action with signature System.Threading.Tasks.Task`1[Microsoft.AspNetCore.Mvc.ActionResult`1[BAKERBAZZAR.API.Models.ApiResponse]] GetUserAddress(System.String, Int32) on controller BAKERBAZZAR.API.Controller.UserController (BAKERBAZZAR.API).
2024-11-12 20:21:07.832 +05:30  INF  Executing ObjectResult, writing value of type 'BAKERBAZZAR.API.Models.ApiResponse'.
2024-11-12 20:21:07.833 +05:30  INF  Executed action BAKERBAZZAR.API.Controller.UserController.GetUserAddress (BAKERBAZZAR.API) in 19.7037ms
2024-11-12 20:21:07.833 +05:30  INF  Executed endpoint 'BAKERBAZZAR.API.Controller.UserController.GetUserAddress (BAKERBAZZAR.API)'
2024-11-12 20:21:07.833 +05:30  INF  Request finished HTTP/1.1 GET http://localhost:5145/user/getuseraddress?mode=update&recordid=1001 - - - 200 - application/json;+charset=utf-8 20.6808ms
2024-11-12 20:21:07.981 +05:30  INF  Request starting HTTP/1.1 GET http://localhost:5145/user/getuseraddress?mode=update&recordid=1001 - -
2024-11-12 20:21:07.981 +05:30  INF  CORS policy execution successful.
2024-11-12 20:21:07.981 +05:30  INF  Executing endpoint 'BAKERBAZZAR.API.Controller.UserController.GetUserAddress (BAKERBAZZAR.API)'
2024-11-12 20:21:07.981 +05:30  INF  Route matched with {action = "GetUserAddress", controller = "User"}. Executing controller action with signature System.Threading.Tasks.Task`1[Microsoft.AspNetCore.Mvc.ActionResult`1[BAKERBAZZAR.API.Models.ApiResponse]] GetUserAddress(System.String, Int32) on controller BAKERBAZZAR.API.Controller.UserController (BAKERBAZZAR.API).
2024-11-12 20:21:07.982 +05:30  INF  Executing ObjectResult, writing value of type 'BAKERBAZZAR.API.Models.ApiResponse'.
2024-11-12 20:21:07.983 +05:30  INF  Executed action BAKERBAZZAR.API.Controller.UserController.GetUserAddress (BAKERBAZZAR.API) in 1.1042ms
2024-11-12 20:21:07.983 +05:30  INF  Executed endpoint 'BAKERBAZZAR.API.Controller.UserController.GetUserAddress (BAKERBAZZAR.API)'
2024-11-12 20:21:07.983 +05:30  INF  Request finished HTTP/1.1 GET http://localhost:5145/user/getuseraddress?mode=update&recordid=1001 - - - 200 - application/json;+charset=utf-8 1.8870ms
2024-11-12 20:21:13.570 +05:30  INF  Request starting HTTP/1.1 OPTIONS http://localhost:5145/User/UpsetAddress - -
2024-11-12 20:21:13.571 +05:30  INF  CORS policy execution successful.
2024-11-12 20:21:13.571 +05:30  INF  Request finished HTTP/1.1 OPTIONS http://localhost:5145/User/UpsetAddress - - - 204 - - 0.3545ms
2024-11-12 20:21:13.572 +05:30  INF  Request starting HTTP/1.1 POST http://localhost:5145/User/UpsetAddress application/json 287
2024-11-12 20:21:13.572 +05:30  INF  CORS policy execution successful.
2024-11-12 20:21:13.572 +05:30  INF  Executing endpoint 'BAKERBAZZAR.API.Controller.UserController.UpsetAddress (BAKERBAZZAR.API)'
2024-11-12 20:21:13.572 +05:30  INF  Route matched with {action = "UpsetAddress", controller = "User"}. Executing controller action with signature System.Threading.Tasks.Task`1[Microsoft.AspNetCore.Mvc.ActionResult`1[BAKERBAZZAR.API.Models.ApiResponse]] UpsetAddress(BAKERBAZZAR.API.Models.IO_Templates.SetAddress) on controller BAKERBAZZAR.API.Controller.UserController (BAKERBAZZAR.API).
2024-11-12 20:21:13.611 +05:30  INF  Executing ObjectResult, writing value of type 'BAKERBAZZAR.API.Models.ApiResponse'.
2024-11-12 20:21:13.611 +05:30  INF  Executed action BAKERBAZZAR.API.Controller.UserController.UpsetAddress (BAKERBAZZAR.API) in 38.9327ms
2024-11-12 20:21:13.611 +05:30  INF  Executed endpoint 'BAKERBAZZAR.API.Controller.UserController.UpsetAddress (BAKERBAZZAR.API)'
2024-11-12 20:21:13.611 +05:30  INF  Request finished HTTP/1.1 POST http://localhost:5145/User/UpsetAddress application/json 287 - 200 - application/json;+charset=utf-8 39.3066ms
2024-11-12 20:21:13.775 +05:30  INF  Request starting HTTP/1.1 GET http://localhost:5145/User/GetMyAddresses?displayid=e62f03f4-2dcf-4f80-bc23-341651bd9338 - -
2024-11-12 20:21:13.776 +05:30  INF  CORS policy execution successful.
2024-11-12 20:21:13.776 +05:30  INF  Executing endpoint 'BAKERBAZZAR.API.Controller.UserController.GetAddress (BAKERBAZZAR.API)'
2024-11-12 20:21:13.776 +05:30  INF  Route matched with {action = "GetAddress", controller = "User"}. Executing controller action with signature System.Threading.Tasks.Task`1[Microsoft.AspNetCore.Mvc.ActionResult`1[BAKERBAZZAR.API.Models.ApiResponse]] GetAddress(System.String) on controller BAKERBAZZAR.API.Controller.UserController (BAKERBAZZAR.API).
2024-11-12 20:21:13.786 +05:30  INF  Executing ObjectResult, writing value of type 'BAKERBAZZAR.API.Models.ApiResponse'.
2024-11-12 20:21:13.787 +05:30  INF  Executed action BAKERBAZZAR.API.Controller.UserController.GetAddress (BAKERBAZZAR.API) in 10.5612ms
2024-11-12 20:21:13.787 +05:30  INF  Executed endpoint 'BAKERBAZZAR.API.Controller.UserController.GetAddress (BAKERBAZZAR.API)'
2024-11-12 20:21:13.787 +05:30  INF  Request finished HTTP/1.1 GET http://localhost:5145/User/GetMyAddresses?displayid=e62f03f4-2dcf-4f80-bc23-341651bd9338 - - - 200 - application/json;+charset=utf-8 11.3891ms
2024-11-12 20:21:13.943 +05:30  INF  Request starting HTTP/1.1 GET http://localhost:5145/User/GetMyAddresses?displayid=e62f03f4-2dcf-4f80-bc23-341651bd9338 - -
2024-11-12 20:21:13.943 +05:30  INF  CORS policy execution successful.
2024-11-12 20:21:13.943 +05:30  INF  Executing endpoint 'BAKERBAZZAR.API.Controller.UserController.GetAddress (BAKERBAZZAR.API)'
2024-11-12 20:21:13.943 +05:30  INF  Route matched with {action = "GetAddress", controller = "User"}. Executing controller action with signature System.Threading.Tasks.Task`1[Microsoft.AspNetCore.Mvc.ActionResult`1[BAKERBAZZAR.API.Models.ApiResponse]] GetAddress(System.String) on controller BAKERBAZZAR.API.Controller.UserController (BAKERBAZZAR.API).
2024-11-12 20:21:13.948 +05:30  INF  Executing ObjectResult, writing value of type 'BAKERBAZZAR.API.Models.ApiResponse'.
2024-11-12 20:21:13.948 +05:30  INF  Executed action BAKERBAZZAR.API.Controller.UserController.GetAddress (BAKERBAZZAR.API) in 5.3446ms
2024-11-12 20:21:13.949 +05:30  INF  Executed endpoint 'BAKERBAZZAR.API.Controller.UserController.GetAddress (BAKERBAZZAR.API)'
2024-11-12 20:21:13.949 +05:30  INF  Request finished HTTP/1.1 GET http://localhost:5145/User/GetMyAddresses?displayid=e62f03f4-2dcf-4f80-bc23-341651bd9338 - - - 200 - application/json;+charset=utf-8 5.8592ms
2024-11-12 20:21:18.280 +05:30  INF  Request starting HTTP/1.1 GET http://localhost:5145/user/getuseraddress?mode=update&recordid=1001 - -
2024-11-12 20:21:18.280 +05:30  INF  CORS policy execution successful.
2024-11-12 20:21:18.281 +05:30  INF  Executing endpoint 'BAKERBAZZAR.API.Controller.UserController.GetUserAddress (BAKERBAZZAR.API)'
2024-11-12 20:21:18.281 +05:30  INF  Route matched with {action = "GetUserAddress", controller = "User"}. Executing controller action with signature System.Threading.Tasks.Task`1[Microsoft.AspNetCore.Mvc.ActionResult`1[BAKERBAZZAR.API.Models.ApiResponse]] GetUserAddress(System.String, Int32) on controller BAKERBAZZAR.API.Controller.UserController (BAKERBAZZAR.API).
2024-11-12 20:21:18.299 +05:30  INF  Executing ObjectResult, writing value of type 'BAKERBAZZAR.API.Models.ApiResponse'.
2024-11-12 20:21:18.301 +05:30  INF  Executed action BAKERBAZZAR.API.Controller.UserController.GetUserAddress (BAKERBAZZAR.API) in 20.1849ms
2024-11-12 20:21:18.301 +05:30  INF  Executed endpoint 'BAKERBAZZAR.API.Controller.UserController.GetUserAddress (BAKERBAZZAR.API)'
2024-11-12 20:21:18.301 +05:30  INF  Request finished HTTP/1.1 GET http://localhost:5145/user/getuseraddress?mode=update&recordid=1001 - - - 200 - application/json;+charset=utf-8 20.8510ms
2024-11-12 20:21:18.448 +05:30  INF  Request starting HTTP/1.1 GET http://localhost:5145/user/getuseraddress?mode=update&recordid=1001 - -
2024-11-12 20:21:18.448 +05:30  INF  CORS policy execution successful.
2024-11-12 20:21:18.448 +05:30  INF  Executing endpoint 'BAKERBAZZAR.API.Controller.UserController.GetUserAddress (BAKERBAZZAR.API)'
2024-11-12 20:21:18.448 +05:30  INF  Route matched with {action = "GetUserAddress", controller = "User"}. Executing controller action with signature System.Threading.Tasks.Task`1[Microsoft.AspNetCore.Mvc.ActionResult`1[BAKERBAZZAR.API.Models.ApiResponse]] GetUserAddress(System.String, Int32) on controller BAKERBAZZAR.API.Controller.UserController (BAKERBAZZAR.API).
2024-11-12 20:21:18.453 +05:30  INF  Executing ObjectResult, writing value of type 'BAKERBAZZAR.API.Models.ApiResponse'.
2024-11-12 20:21:18.453 +05:30  INF  Executed action BAKERBAZZAR.API.Controller.UserController.GetUserAddress (BAKERBAZZAR.API) in 5.4325ms
2024-11-12 20:21:18.453 +05:30  INF  Executed endpoint 'BAKERBAZZAR.API.Controller.UserController.GetUserAddress (BAKERBAZZAR.API)'
2024-11-12 20:21:18.453 +05:30  INF  Request finished HTTP/1.1 GET http://localhost:5145/user/getuseraddress?mode=update&recordid=1001 - - - 200 - application/json;+charset=utf-8 5.8380ms
2024-11-12 20:22:13.016 +05:30  INF  Request starting HTTP/1.1 OPTIONS http://localhost:5145/User/UpsetAddress - -
2024-11-12 20:22:13.016 +05:30  INF  CORS policy execution successful.
2024-11-12 20:22:13.016 +05:30  INF  Request finished HTTP/1.1 OPTIONS http://localhost:5145/User/UpsetAddress - - - 204 - - 0.5466ms
2024-11-12 20:22:13.018 +05:30  INF  Request starting HTTP/1.1 POST http://localhost:5145/User/UpsetAddress application/json 287
2024-11-12 20:22:13.018 +05:30  INF  CORS policy execution successful.
2024-11-12 20:22:13.018 +05:30  INF  Executing endpoint 'BAKERBAZZAR.API.Controller.UserController.UpsetAddress (BAKERBAZZAR.API)'
2024-11-12 20:22:13.018 +05:30  INF  Route matched with {action = "UpsetAddress", controller = "User"}. Executing controller action with signature System.Threading.Tasks.Task`1[Microsoft.AspNetCore.Mvc.ActionResult`1[BAKERBAZZAR.API.Models.ApiResponse]] UpsetAddress(BAKERBAZZAR.API.Models.IO_Templates.SetAddress) on controller BAKERBAZZAR.API.Controller.UserController (BAKERBAZZAR.API).
2024-11-12 20:22:13.032 +05:30  INF  Executing ObjectResult, writing value of type 'BAKERBAZZAR.API.Models.ApiResponse'.
2024-11-12 20:22:13.033 +05:30  INF  Executed action BAKERBAZZAR.API.Controller.UserController.UpsetAddress (BAKERBAZZAR.API) in 14.6261ms
2024-11-12 20:22:13.033 +05:30  INF  Executed endpoint 'BAKERBAZZAR.API.Controller.UserController.UpsetAddress (BAKERBAZZAR.API)'
2024-11-12 20:22:13.033 +05:30  INF  Request finished HTTP/1.1 POST http://localhost:5145/User/UpsetAddress application/json 287 - 200 - application/json;+charset=utf-8 15.3552ms
2024-11-12 20:22:13.210 +05:30  INF  Request starting HTTP/1.1 GET http://localhost:5145/User/GetMyAddresses?displayid=e62f03f4-2dcf-4f80-bc23-341651bd9338 - -
2024-11-12 20:22:13.210 +05:30  INF  CORS policy execution successful.
2024-11-12 20:22:13.210 +05:30  INF  Executing endpoint 'BAKERBAZZAR.API.Controller.UserController.GetAddress (BAKERBAZZAR.API)'
2024-11-12 20:22:13.210 +05:30  INF  Route matched with {action = "GetAddress", controller = "User"}. Executing controller action with signature System.Threading.Tasks.Task`1[Microsoft.AspNetCore.Mvc.ActionResult`1[BAKERBAZZAR.API.Models.ApiResponse]] GetAddress(System.String) on controller BAKERBAZZAR.API.Controller.UserController (BAKERBAZZAR.API).
2024-11-12 20:22:13.222 +05:30  INF  Executing ObjectResult, writing value of type 'BAKERBAZZAR.API.Models.ApiResponse'.
2024-11-12 20:22:13.223 +05:30  INF  Executed action BAKERBAZZAR.API.Controller.UserController.GetAddress (BAKERBAZZAR.API) in 12.7546ms
2024-11-12 20:22:13.223 +05:30  INF  Executed endpoint 'BAKERBAZZAR.API.Controller.UserController.GetAddress (BAKERBAZZAR.API)'
2024-11-12 20:22:13.223 +05:30  INF  Request finished HTTP/1.1 GET http://localhost:5145/User/GetMyAddresses?displayid=e62f03f4-2dcf-4f80-bc23-341651bd9338 - - - 200 - application/json;+charset=utf-8 13.7359ms
2024-11-12 20:22:13.380 +05:30  INF  Request starting HTTP/1.1 GET http://localhost:5145/User/GetMyAddresses?displayid=e62f03f4-2dcf-4f80-bc23-341651bd9338 - -
2024-11-12 20:22:13.380 +05:30  INF  CORS policy execution successful.
2024-11-12 20:22:13.380 +05:30  INF  Executing endpoint 'BAKERBAZZAR.API.Controller.UserController.GetAddress (BAKERBAZZAR.API)'
2024-11-12 20:22:13.380 +05:30  INF  Route matched with {action = "GetAddress", controller = "User"}. Executing controller action with signature System.Threading.Tasks.Task`1[Microsoft.AspNetCore.Mvc.ActionResult`1[BAKERBAZZAR.API.Models.ApiResponse]] GetAddress(System.String) on controller BAKERBAZZAR.API.Controller.UserController (BAKERBAZZAR.API).
2024-11-12 20:22:13.384 +05:30  INF  Executing ObjectResult, writing value of type 'BAKERBAZZAR.API.Models.ApiResponse'.
2024-11-12 20:22:13.384 +05:30  INF  Executed action BAKERBAZZAR.API.Controller.UserController.GetAddress (BAKERBAZZAR.API) in 3.9455ms
2024-11-12 20:22:13.384 +05:30  INF  Executed endpoint 'BAKERBAZZAR.API.Controller.UserController.GetAddress (BAKERBAZZAR.API)'
2024-11-12 20:22:13.384 +05:30  INF  Request finished HTTP/1.1 GET http://localhost:5145/User/GetMyAddresses?displayid=e62f03f4-2dcf-4f80-bc23-341651bd9338 - - - 200 - application/json;+charset=utf-8 4.3345ms
2024-11-12 20:35:50.376 +05:30  INF  Request starting HTTP/1.1 OPTIONS http://localhost:5145/user/getmyaddresses?displayid=e62f03f4-2dcf-4f80-bc23-341651bd9338 - -
2024-11-12 20:35:50.379 +05:30  INF  CORS policy execution successful.
2024-11-12 20:35:50.380 +05:30  INF  Request finished HTTP/1.1 OPTIONS http://localhost:5145/user/getmyaddresses?displayid=e62f03f4-2dcf-4f80-bc23-341651bd9338 - - - 204 - - 6.3270ms
2024-11-12 20:35:52.317 +05:30  INF  Request starting HTTP/1.1 OPTIONS http://localhost:5145/user/dashboard?displayid=e62f03f4-2dcf-4f80-bc23-341651bd9338 - -
2024-11-12 20:35:52.317 +05:30  INF  CORS policy execution successful.
2024-11-12 20:35:52.317 +05:30  INF  Request finished HTTP/1.1 OPTIONS http://localhost:5145/user/dashboard?displayid=e62f03f4-2dcf-4f80-bc23-341651bd9338 - - - 204 - - 0.2795ms
2024-11-12 20:35:52.319 +05:30  INF  Request starting HTTP/1.1 GET http://localhost:5145/user/dashboard?displayid=e62f03f4-2dcf-4f80-bc23-341651bd9338 application/json -
2024-11-12 20:35:52.320 +05:30  INF  CORS policy execution successful.
2024-11-12 20:35:52.321 +05:30  INF  Executing endpoint 'BAKERBAZZAR.API.Controller.UserController.Dashboard (BAKERBAZZAR.API)'
2024-11-12 20:35:52.322 +05:30  INF  Route matched with {action = "Dashboard", controller = "User"}. Executing controller action with signature System.Threading.Tasks.Task`1[Microsoft.AspNetCore.Mvc.ActionResult`1[BAKERBAZZAR.API.Models.ApiResponse]] Dashboard(System.String) on controller BAKERBAZZAR.API.Controller.UserController (BAKERBAZZAR.API).
2024-11-12 20:35:52.438 +05:30  INF  Executing ObjectResult, writing value of type 'BAKERBAZZAR.API.Models.ApiResponse'.
2024-11-12 20:35:52.439 +05:30  INF  Executed action BAKERBAZZAR.API.Controller.UserController.Dashboard (BAKERBAZZAR.API) in 117.4145ms
2024-11-12 20:35:52.439 +05:30  INF  Executed endpoint 'BAKERBAZZAR.API.Controller.UserController.Dashboard (BAKERBAZZAR.API)'
2024-11-12 20:35:52.440 +05:30  INF  Request finished HTTP/1.1 GET http://localhost:5145/user/dashboard?displayid=e62f03f4-2dcf-4f80-bc23-341651bd9338 application/json - - 200 - application/json;+charset=utf-8 120.0534ms
2024-11-12 20:36:16.877 +05:30  INF  Request starting HTTP/1.1 OPTIONS http://localhost:5145/authentication/login - -
2024-11-12 20:36:16.877 +05:30  INF  CORS policy execution successful.
2024-11-12 20:36:16.877 +05:30  INF  Request finished HTTP/1.1 OPTIONS http://localhost:5145/authentication/login - - - 204 - - 0.2990ms
2024-11-12 20:36:16.878 +05:30  INF  Request starting HTTP/1.1 POST http://localhost:5145/authentication/login application/json 36
2024-11-12 20:36:16.878 +05:30  INF  CORS policy execution successful.
2024-11-12 20:36:16.878 +05:30  INF  Executing endpoint 'BAKERBAZZAR.API.Controller.AuthenticationController.VerifyUser (BAKERBAZZAR.API)'
2024-11-12 20:36:16.878 +05:30  INF  Route matched with {action = "VerifyUser", controller = "Authentication"}. Executing controller action with signature System.Threading.Tasks.Task`1[Microsoft.AspNetCore.Mvc.ActionResult`1[BAKERBAZZAR.API.Models.ApiResponse]] VerifyUser(BAKERBAZZAR.API.Models.IO_Templates.LoginRequest) on controller BAKERBAZZAR.API.Controller.AuthenticationController (BAKERBAZZAR.API).
2024-11-12 20:36:16.881 +05:30  INF  verify user execution start
2024-11-12 20:36:16.896 +05:30  INF  verify user execution end
2024-11-12 20:36:16.896 +05:30  INF  Executing ObjectResult, writing value of type 'BAKERBAZZAR.API.Models.ApiResponse'.
2024-11-12 20:36:16.897 +05:30  INF  Executed action BAKERBAZZAR.API.Controller.AuthenticationController.VerifyUser (BAKERBAZZAR.API) in 18.0229ms
2024-11-12 20:36:16.897 +05:30  INF  Executed endpoint 'BAKERBAZZAR.API.Controller.AuthenticationController.VerifyUser (BAKERBAZZAR.API)'
2024-11-12 20:36:16.897 +05:30  INF  Request finished HTTP/1.1 POST http://localhost:5145/authentication/login application/json 36 - 200 - application/json;+charset=utf-8 18.4669ms
2024-11-12 20:36:18.521 +05:30  INF  Request starting HTTP/1.1 POST http://localhost:5145/authentication/login application/json 36
2024-11-12 20:36:18.522 +05:30  INF  CORS policy execution successful.
2024-11-12 20:36:18.522 +05:30  INF  Executing endpoint 'BAKERBAZZAR.API.Controller.AuthenticationController.VerifyUser (BAKERBAZZAR.API)'
2024-11-12 20:36:18.522 +05:30  INF  Route matched with {action = "VerifyUser", controller = "Authentication"}. Executing controller action with signature System.Threading.Tasks.Task`1[Microsoft.AspNetCore.Mvc.ActionResult`1[BAKERBAZZAR.API.Models.ApiResponse]] VerifyUser(BAKERBAZZAR.API.Models.IO_Templates.LoginRequest) on controller BAKERBAZZAR.API.Controller.AuthenticationController (BAKERBAZZAR.API).
2024-11-12 20:36:18.522 +05:30  INF  verify user execution start
2024-11-12 20:36:18.529 +05:30  INF  verify user execution end
2024-11-12 20:36:18.529 +05:30  INF  Executing ObjectResult, writing value of type 'BAKERBAZZAR.API.Models.ApiResponse'.
2024-11-12 20:36:18.529 +05:30  INF  Executed action BAKERBAZZAR.API.Controller.AuthenticationController.VerifyUser (BAKERBAZZAR.API) in 7.5607ms
2024-11-12 20:36:18.529 +05:30  INF  Executed endpoint 'BAKERBAZZAR.API.Controller.AuthenticationController.VerifyUser (BAKERBAZZAR.API)'
2024-11-12 20:36:18.529 +05:30  INF  Request finished HTTP/1.1 POST http://localhost:5145/authentication/login application/json 36 - 200 - application/json;+charset=utf-8 7.9041ms
2024-11-12 20:36:22.821 +05:30  INF  Request starting HTTP/1.1 OPTIONS http://localhost:5145/authentication/login - -
2024-11-12 20:36:22.822 +05:30  INF  CORS policy execution successful.
2024-11-12 20:36:22.822 +05:30  INF  Request finished HTTP/1.1 OPTIONS http://localhost:5145/authentication/login - - - 204 - - 0.3965ms
2024-11-12 20:36:22.822 +05:30  INF  Request starting HTTP/1.1 POST http://localhost:5145/authentication/login application/json 36
2024-11-12 20:36:22.823 +05:30  INF  CORS policy execution successful.
2024-11-12 20:36:22.823 +05:30  INF  Executing endpoint 'BAKERBAZZAR.API.Controller.AuthenticationController.VerifyUser (BAKERBAZZAR.API)'
2024-11-12 20:36:22.823 +05:30  INF  Route matched with {action = "VerifyUser", controller = "Authentication"}. Executing controller action with signature System.Threading.Tasks.Task`1[Microsoft.AspNetCore.Mvc.ActionResult`1[BAKERBAZZAR.API.Models.ApiResponse]] VerifyUser(BAKERBAZZAR.API.Models.IO_Templates.LoginRequest) on controller BAKERBAZZAR.API.Controller.AuthenticationController (BAKERBAZZAR.API).
2024-11-12 20:36:22.823 +05:30  INF  verify user execution start
2024-11-12 20:36:22.839 +05:30  INF  verify user execution end
2024-11-12 20:36:22.839 +05:30  INF  Executing ObjectResult, writing value of type 'BAKERBAZZAR.API.Models.ApiResponse'.
2024-11-12 20:36:22.839 +05:30  INF  Executed action BAKERBAZZAR.API.Controller.AuthenticationController.VerifyUser (BAKERBAZZAR.API) in 16.6308ms
2024-11-12 20:36:22.839 +05:30  INF  Executed endpoint 'BAKERBAZZAR.API.Controller.AuthenticationController.VerifyUser (BAKERBAZZAR.API)'
2024-11-12 20:36:22.839 +05:30  INF  Request finished HTTP/1.1 POST http://localhost:5145/authentication/login application/json 36 - 200 - application/json;+charset=utf-8 17.0264ms
2024-11-12 20:36:33.112 +05:30  INF  Request starting HTTP/1.1 OPTIONS http://localhost:5145/authentication/login - -
2024-11-12 20:36:33.112 +05:30  INF  CORS policy execution successful.
2024-11-12 20:36:33.112 +05:30  INF  Request finished HTTP/1.1 OPTIONS http://localhost:5145/authentication/login - - - 204 - - 0.1742ms
2024-11-12 20:36:33.113 +05:30  INF  Request starting HTTP/1.1 POST http://localhost:5145/authentication/login application/json 37
2024-11-12 20:36:33.113 +05:30  INF  CORS policy execution successful.
2024-11-12 20:36:33.113 +05:30  INF  Executing endpoint 'BAKERBAZZAR.API.Controller.AuthenticationController.VerifyUser (BAKERBAZZAR.API)'
2024-11-12 20:36:33.113 +05:30  INF  Route matched with {action = "VerifyUser", controller = "Authentication"}. Executing controller action with signature System.Threading.Tasks.Task`1[Microsoft.AspNetCore.Mvc.ActionResult`1[BAKERBAZZAR.API.Models.ApiResponse]] VerifyUser(BAKERBAZZAR.API.Models.IO_Templates.LoginRequest) on controller BAKERBAZZAR.API.Controller.AuthenticationController (BAKERBAZZAR.API).
2024-11-12 20:36:33.113 +05:30  INF  verify user execution start
2024-11-12 20:36:33.156 +05:30  INF  verify user execution end
2024-11-12 20:36:33.156 +05:30  INF  Executing ObjectResult, writing value of type 'BAKERBAZZAR.API.Models.ApiResponse'.
2024-11-12 20:36:33.156 +05:30  INF  Executed action BAKERBAZZAR.API.Controller.AuthenticationController.VerifyUser (BAKERBAZZAR.API) in 42.9274ms
2024-11-12 20:36:33.156 +05:30  INF  Executed endpoint 'BAKERBAZZAR.API.Controller.AuthenticationController.VerifyUser (BAKERBAZZAR.API)'
2024-11-12 20:36:33.156 +05:30  INF  Request finished HTTP/1.1 POST http://localhost:5145/authentication/login application/json 37 - 200 - application/json;+charset=utf-8 43.1389ms
2024-11-12 20:36:33.219 +05:30  INF  Request starting HTTP/1.1 OPTIONS http://localhost:5145/user/dashboard?displayid=e62f03f4-2dcf-4f80-bc23-341651bd9338 - -
2024-11-12 20:36:33.219 +05:30  INF  CORS policy execution successful.
2024-11-12 20:36:33.219 +05:30  INF  Request finished HTTP/1.1 OPTIONS http://localhost:5145/user/dashboard?displayid=e62f03f4-2dcf-4f80-bc23-341651bd9338 - - - 204 - - 0.1896ms
2024-11-12 20:36:33.220 +05:30  INF  Request starting HTTP/1.1 GET http://localhost:5145/user/dashboard?displayid=e62f03f4-2dcf-4f80-bc23-341651bd9338 application/json -
2024-11-12 20:36:33.220 +05:30  INF  CORS policy execution successful.
2024-11-12 20:36:33.220 +05:30  INF  Executing endpoint 'BAKERBAZZAR.API.Controller.UserController.Dashboard (BAKERBAZZAR.API)'
2024-11-12 20:36:33.220 +05:30  INF  Route matched with {action = "Dashboard", controller = "User"}. Executing controller action with signature System.Threading.Tasks.Task`1[Microsoft.AspNetCore.Mvc.ActionResult`1[BAKERBAZZAR.API.Models.ApiResponse]] Dashboard(System.String) on controller BAKERBAZZAR.API.Controller.UserController (BAKERBAZZAR.API).
2024-11-12 20:36:33.813 +05:30  INF  Executing ObjectResult, writing value of type 'BAKERBAZZAR.API.Models.ApiResponse'.
2024-11-12 20:36:33.813 +05:30  INF  Executed action BAKERBAZZAR.API.Controller.UserController.Dashboard (BAKERBAZZAR.API) in 592.5942ms
2024-11-12 20:36:33.813 +05:30  INF  Executed endpoint 'BAKERBAZZAR.API.Controller.UserController.Dashboard (BAKERBAZZAR.API)'
2024-11-12 20:36:33.813 +05:30  INF  Request finished HTTP/1.1 GET http://localhost:5145/user/dashboard?displayid=e62f03f4-2dcf-4f80-bc23-341651bd9338 application/json - - 200 - application/json;+charset=utf-8 592.9466ms
2024-11-12 22:29:45.223 +05:30  INF  User profile is available. Using 'C:\Users\kamal\AppData\Local\ASP.NET\DataProtection-Keys' as key repository and Windows DPAPI to encrypt keys at rest.
2024-11-12 22:29:45.515 +05:30  INF  Now listening on: http://localhost:5145
2024-11-12 22:29:45.585 +05:30  INF  Application started. Press Ctrl+C to shut down.
2024-11-12 22:29:45.585 +05:30  INF  Hosting environment: Development
2024-11-12 22:29:45.585 +05:30  INF  Content root path: C:\Users\kamal\OneDrive\Desktop\BakerBazzar\API Code\BAKERBAZZAR.API
2024-11-12 22:29:46.132 +05:30  INF  Request starting HTTP/1.1 GET http://localhost:5145/swagger/index.html - -
2024-11-12 22:29:46.451 +05:30  INF  Request finished HTTP/1.1 GET http://localhost:5145/swagger/index.html - - - 200 - text/html;charset=utf-8 325.3131ms
2024-11-12 22:29:46.471 +05:30  INF  Request starting HTTP/1.1 GET http://localhost:5145/_framework/aspnetcore-browser-refresh.js - -
2024-11-12 22:29:46.474 +05:30  INF  Request finished HTTP/1.1 GET http://localhost:5145/_framework/aspnetcore-browser-refresh.js - - - 200 13766 application/javascript;+charset=utf-8 2.7947ms
2024-11-12 22:29:46.488 +05:30  INF  Request starting HTTP/1.1 GET http://localhost:5145/_vs/browserLink - -
2024-11-12 22:29:46.548 +05:30  INF  Request finished HTTP/1.1 GET http://localhost:5145/_vs/browserLink - - - 200 - text/javascript;+charset=UTF-8 60.3008ms
2024-11-12 22:29:46.684 +05:30  INF  Request starting HTTP/1.1 GET http://localhost:5145/swagger/v1/swagger.json - -
2024-11-12 22:29:46.947 +05:30  INF  Request finished HTTP/1.1 GET http://localhost:5145/swagger/v1/swagger.json - - - 200 - application/json;charset=utf-8 263.4679ms
2024-11-12 22:29:48.751 +05:30  INF  Request starting HTTP/1.1 OPTIONS http://localhost:5145/Authentication/Login - -
2024-11-12 22:29:48.756 +05:30  INF  CORS policy execution successful.
2024-11-12 22:29:48.756 +05:30  INF  Request finished HTTP/1.1 OPTIONS http://localhost:5145/Authentication/Login - - - 204 - - 5.5624ms
2024-11-12 22:29:48.758 +05:30  INF  Request starting HTTP/1.1 POST http://localhost:5145/Authentication/Login application/json 37
2024-11-12 22:29:48.758 +05:30  INF  CORS policy execution successful.
2024-11-12 22:29:48.785 +05:30  INF  Executing endpoint 'BAKERBAZZAR.API.Controller.AuthenticationController.VerifyUser (BAKERBAZZAR.API)'
2024-11-12 22:29:48.804 +05:30  INF  Route matched with {action = "VerifyUser", controller = "Authentication"}. Executing controller action with signature System.Threading.Tasks.Task`1[Microsoft.AspNetCore.Mvc.ActionResult`1[BAKERBAZZAR.API.Models.ApiResponse]] VerifyUser(BAKERBAZZAR.API.Models.IO_Templates.LoginRequest) on controller BAKERBAZZAR.API.Controller.AuthenticationController (BAKERBAZZAR.API).
2024-11-12 22:29:48.822 +05:30  INF  verify user execution start
2024-11-12 22:29:49.680 +05:30  INF  verify user execution end
2024-11-12 22:29:49.685 +05:30  INF  Executing ObjectResult, writing value of type 'BAKERBAZZAR.API.Models.ApiResponse'.
2024-11-12 22:29:49.705 +05:30  INF  Executed action BAKERBAZZAR.API.Controller.AuthenticationController.VerifyUser (BAKERBAZZAR.API) in 898.2777ms
2024-11-12 22:29:49.706 +05:30  INF  Executed endpoint 'BAKERBAZZAR.API.Controller.AuthenticationController.VerifyUser (BAKERBAZZAR.API)'
2024-11-12 22:29:49.707 +05:30  INF  Request finished HTTP/1.1 POST http://localhost:5145/Authentication/Login application/json 37 - 200 - application/json;+charset=utf-8 948.9169ms
2024-11-12 22:29:53.780 +05:30  INF  Request starting HTTP/1.1 GET http://localhost:5145/User/CartDetails?displayid=702dcb1e-b399-4b22-a4ad-ac33169d26fd - -
2024-11-12 22:29:53.781 +05:30  INF  CORS policy execution successful.
2024-11-12 22:29:53.784 +05:30  INF  Executing endpoint 'BAKERBAZZAR.API.Controller.UserController.CartDetails (BAKERBAZZAR.API)'
2024-11-12 22:29:53.788 +05:30  INF  Route matched with {action = "CartDetails", controller = "User"}. Executing controller action with signature System.Threading.Tasks.Task`1[Microsoft.AspNetCore.Mvc.ActionResult`1[BAKERBAZZAR.API.Models.ApiResponse]] CartDetails(System.String) on controller BAKERBAZZAR.API.Controller.UserController (BAKERBAZZAR.API).
2024-11-12 22:29:53.951 +05:30  INF  Executing ObjectResult, writing value of type 'BAKERBAZZAR.API.Models.ApiResponse'.
2024-11-12 22:29:53.951 +05:30  INF  Executed action BAKERBAZZAR.API.Controller.UserController.CartDetails (BAKERBAZZAR.API) in 163.0481ms
2024-11-12 22:29:53.951 +05:30  INF  Executed endpoint 'BAKERBAZZAR.API.Controller.UserController.CartDetails (BAKERBAZZAR.API)'
2024-11-12 22:29:53.952 +05:30  INF  Request finished HTTP/1.1 GET http://localhost:5145/User/CartDetails?displayid=702dcb1e-b399-4b22-a4ad-ac33169d26fd - - - 200 - application/json;+charset=utf-8 172.0348ms
2024-11-12 22:29:53.952 +05:30  INF  Request starting HTTP/1.1 GET http://localhost:5145/User/CartDetails?displayid=702dcb1e-b399-4b22-a4ad-ac33169d26fd - -
2024-11-12 22:29:53.954 +05:30  INF  CORS policy execution successful.
2024-11-12 22:29:53.956 +05:30  INF  Executing endpoint 'BAKERBAZZAR.API.Controller.UserController.CartDetails (BAKERBAZZAR.API)'
2024-11-12 22:29:53.956 +05:30  INF  Route matched with {action = "CartDetails", controller = "User"}. Executing controller action with signature System.Threading.Tasks.Task`1[Microsoft.AspNetCore.Mvc.ActionResult`1[BAKERBAZZAR.API.Models.ApiResponse]] CartDetails(System.String) on controller BAKERBAZZAR.API.Controller.UserController (BAKERBAZZAR.API).
2024-11-12 22:29:53.957 +05:30  INF  Executing ObjectResult, writing value of type 'BAKERBAZZAR.API.Models.ApiResponse'.
2024-11-12 22:29:53.957 +05:30  INF  Executed action BAKERBAZZAR.API.Controller.UserController.CartDetails (BAKERBAZZAR.API) in 1.4563ms
2024-11-12 22:29:53.957 +05:30  INF  Executed endpoint 'BAKERBAZZAR.API.Controller.UserController.CartDetails (BAKERBAZZAR.API)'
2024-11-12 22:29:53.957 +05:30  INF  Request finished HTTP/1.1 GET http://localhost:5145/User/CartDetails?displayid=702dcb1e-b399-4b22-a4ad-ac33169d26fd - - - 200 - application/json;+charset=utf-8 5.2003ms
2024-11-12 22:30:03.406 +05:30  INF  Request starting HTTP/1.1 GET http://localhost:5145/User/CartDetails?displayid=702dcb1e-b399-4b22-a4ad-ac33169d26fd - -
2024-11-12 22:30:03.406 +05:30  INF  CORS policy execution successful.
2024-11-12 22:30:03.406 +05:30  INF  Executing endpoint 'BAKERBAZZAR.API.Controller.UserController.CartDetails (BAKERBAZZAR.API)'
2024-11-12 22:30:03.406 +05:30  INF  Route matched with {action = "CartDetails", controller = "User"}. Executing controller action with signature System.Threading.Tasks.Task`1[Microsoft.AspNetCore.Mvc.ActionResult`1[BAKERBAZZAR.API.Models.ApiResponse]] CartDetails(System.String) on controller BAKERBAZZAR.API.Controller.UserController (BAKERBAZZAR.API).
2024-11-12 22:30:03.432 +05:30  INF  Executing ObjectResult, writing value of type 'BAKERBAZZAR.API.Models.ApiResponse'.
2024-11-12 22:30:03.432 +05:30  INF  Executed action BAKERBAZZAR.API.Controller.UserController.CartDetails (BAKERBAZZAR.API) in 25.4621ms
2024-11-12 22:30:03.432 +05:30  INF  Executed endpoint 'BAKERBAZZAR.API.Controller.UserController.CartDetails (BAKERBAZZAR.API)'
2024-11-12 22:30:03.432 +05:30  INF  Request finished HTTP/1.1 GET http://localhost:5145/User/CartDetails?displayid=702dcb1e-b399-4b22-a4ad-ac33169d26fd - - - 200 - application/json;+charset=utf-8 26.2568ms
2024-11-12 22:30:03.433 +05:30  INF  Request starting HTTP/1.1 GET http://localhost:5145/User/CartDetails?displayid=702dcb1e-b399-4b22-a4ad-ac33169d26fd - -
2024-11-12 22:30:03.433 +05:30  INF  CORS policy execution successful.
2024-11-12 22:30:03.433 +05:30  INF  Executing endpoint 'BAKERBAZZAR.API.Controller.UserController.CartDetails (BAKERBAZZAR.API)'
2024-11-12 22:30:03.433 +05:30  INF  Route matched with {action = "CartDetails", controller = "User"}. Executing controller action with signature System.Threading.Tasks.Task`1[Microsoft.AspNetCore.Mvc.ActionResult`1[BAKERBAZZAR.API.Models.ApiResponse]] CartDetails(System.String) on controller BAKERBAZZAR.API.Controller.UserController (BAKERBAZZAR.API).
2024-11-12 22:30:03.434 +05:30  INF  Executing ObjectResult, writing value of type 'BAKERBAZZAR.API.Models.ApiResponse'.
2024-11-12 22:30:03.434 +05:30  INF  Executed action BAKERBAZZAR.API.Controller.UserController.CartDetails (BAKERBAZZAR.API) in 0.9178ms
2024-11-12 22:30:03.434 +05:30  INF  Executed endpoint 'BAKERBAZZAR.API.Controller.UserController.CartDetails (BAKERBAZZAR.API)'
2024-11-12 22:30:03.434 +05:30  INF  Request finished HTTP/1.1 GET http://localhost:5145/User/CartDetails?displayid=702dcb1e-b399-4b22-a4ad-ac33169d26fd - - - 200 - application/json;+charset=utf-8 1.4476ms
2024-11-12 22:30:21.537 +05:30  INF  Request starting HTTP/1.1 GET http://localhost:5145/User/Category - -
2024-11-12 22:30:21.538 +05:30  INF  CORS policy execution successful.
2024-11-12 22:30:21.539 +05:30  INF  Executing endpoint 'BAKERBAZZAR.API.Controller.UserController.Category (BAKERBAZZAR.API)'
2024-11-12 22:30:21.545 +05:30  INF  Request starting HTTP/1.1 GET http://localhost:5145/user/products?categoryid= - -
2024-11-12 22:30:21.545 +05:30  INF  CORS policy execution successful.
2024-11-12 22:30:21.546 +05:30  INF  Executing endpoint 'BAKERBAZZAR.API.Controller.UserController.Products (BAKERBAZZAR.API)'
2024-11-12 22:30:21.548 +05:30  INF  Route matched with {action = "Category", controller = "User"}. Executing controller action with signature System.Threading.Tasks.Task`1[Microsoft.AspNetCore.Mvc.ActionResult`1[BAKERBAZZAR.API.Models.ApiResponse]] Category(System.String) on controller BAKERBAZZAR.API.Controller.UserController (BAKERBAZZAR.API).
2024-11-12 22:30:21.551 +05:30  INF  Route matched with {action = "Products", controller = "User"}. Executing controller action with signature System.Threading.Tasks.Task`1[Microsoft.AspNetCore.Mvc.ActionResult`1[BAKERBAZZAR.API.Models.ApiResponse]] Products(System.String, System.String) on controller BAKERBAZZAR.API.Controller.UserController (BAKERBAZZAR.API).
2024-11-12 22:30:21.586 +05:30  INF  Request starting HTTP/1.1 GET http://localhost:5145/user/myorders?displayid=e62f03f4-2dcf-4f80-bc23-341651bd9338 - -
2024-11-12 22:30:21.586 +05:30  INF  CORS policy execution successful.
2024-11-12 22:30:21.586 +05:30  INF  Executing endpoint 'BAKERBAZZAR.API.Controller.UserController.MyOrders (BAKERBAZZAR.API)'
2024-11-12 22:30:21.590 +05:30  INF  Route matched with {action = "MyOrders", controller = "User"}. Executing controller action with signature System.Threading.Tasks.Task`1[Microsoft.AspNetCore.Mvc.ActionResult`1[BAKERBAZZAR.API.Models.ApiResponse]] MyOrders(System.String, System.String, System.String) on controller BAKERBAZZAR.API.Controller.UserController (BAKERBAZZAR.API).
2024-11-12 22:30:22.577 +05:30  INF  Executing ObjectResult, writing value of type 'BAKERBAZZAR.API.Models.ApiResponse'.
2024-11-12 22:30:22.580 +05:30  INF  Executed action BAKERBAZZAR.API.Controller.UserController.Category (BAKERBAZZAR.API) in 1031.4545ms
2024-11-12 22:30:22.580 +05:30  INF  Executed endpoint 'BAKERBAZZAR.API.Controller.UserController.Category (BAKERBAZZAR.API)'
2024-11-12 22:30:22.580 +05:30  INF  Request finished HTTP/1.1 GET http://localhost:5145/User/Category - - - 200 - application/json;+charset=utf-8 1042.5698ms
2024-11-12 22:30:22.582 +05:30  INF  Request starting HTTP/1.1 GET http://localhost:5145/User/Category - -
2024-11-12 22:30:22.582 +05:30  INF  CORS policy execution successful.
2024-11-12 22:30:22.582 +05:30  INF  Executing endpoint 'BAKERBAZZAR.API.Controller.UserController.Category (BAKERBAZZAR.API)'
2024-11-12 22:30:22.582 +05:30  INF  Route matched with {action = "Category", controller = "User"}. Executing controller action with signature System.Threading.Tasks.Task`1[Microsoft.AspNetCore.Mvc.ActionResult`1[BAKERBAZZAR.API.Models.ApiResponse]] Category(System.String) on controller BAKERBAZZAR.API.Controller.UserController (BAKERBAZZAR.API).
2024-11-12 22:30:22.592 +05:30  INF  Executing ObjectResult, writing value of type 'BAKERBAZZAR.API.Models.ApiResponse'.
2024-11-12 22:30:22.592 +05:30  INF  Executed action BAKERBAZZAR.API.Controller.UserController.Category (BAKERBAZZAR.API) in 9.8869ms
2024-11-12 22:30:22.592 +05:30  INF  Executed endpoint 'BAKERBAZZAR.API.Controller.UserController.Category (BAKERBAZZAR.API)'
2024-11-12 22:30:22.592 +05:30  INF  Request finished HTTP/1.1 GET http://localhost:5145/User/Category - - - 200 - application/json;+charset=utf-8 10.6276ms
2024-11-12 22:30:31.351 +05:30  INF  Request starting HTTP/1.1 GET http://localhost:5145/user/products?categoryid=3e85ca1f-91c2-42f2-9b05-bd920051c25e - -
2024-11-12 22:30:31.351 +05:30  INF  CORS policy execution successful.
2024-11-12 22:30:31.351 +05:30  INF  Executing endpoint 'BAKERBAZZAR.API.Controller.UserController.Products (BAKERBAZZAR.API)'
2024-11-12 22:30:31.351 +05:30  INF  Route matched with {action = "Products", controller = "User"}. Executing controller action with signature System.Threading.Tasks.Task`1[Microsoft.AspNetCore.Mvc.ActionResult`1[BAKERBAZZAR.API.Models.ApiResponse]] Products(System.String, System.String) on controller BAKERBAZZAR.API.Controller.UserController (BAKERBAZZAR.API).
2024-11-12 22:30:31.391 +05:30  INF  Executing ObjectResult, writing value of type 'BAKERBAZZAR.API.Models.ApiResponse'.
2024-11-12 22:30:31.399 +05:30  INF  Executed action BAKERBAZZAR.API.Controller.UserController.Products (BAKERBAZZAR.API) in 47.8011ms
2024-11-12 22:30:31.399 +05:30  INF  Executed endpoint 'BAKERBAZZAR.API.Controller.UserController.Products (BAKERBAZZAR.API)'
2024-11-12 22:30:31.399 +05:30  INF  Request finished HTTP/1.1 GET http://localhost:5145/user/products?categoryid=3e85ca1f-91c2-42f2-9b05-bd920051c25e - - - 200 - application/json;+charset=utf-8 48.9022ms
2024-11-12 22:30:33.653 +05:30  INF  Executing ObjectResult, writing value of type 'BAKERBAZZAR.API.Models.ApiResponse'.
2024-11-12 22:30:33.654 +05:30  INF  Executed action BAKERBAZZAR.API.Controller.UserController.Products (BAKERBAZZAR.API) in 12102.8146ms
2024-11-12 22:30:33.654 +05:30  INF  Executed endpoint 'BAKERBAZZAR.API.Controller.UserController.Products (BAKERBAZZAR.API)'
2024-11-12 22:30:33.654 +05:30  INF  Request finished HTTP/1.1 GET http://localhost:5145/user/products?categoryid= - - - 200 - application/json;+charset=utf-8 12109.2747ms
2024-11-12 22:30:33.656 +05:30  INF  Request starting HTTP/1.1 GET http://localhost:5145/user/products?categoryid= - -
2024-11-12 22:30:33.657 +05:30  INF  CORS policy execution successful.
2024-11-12 22:30:33.657 +05:30  INF  Executing endpoint 'BAKERBAZZAR.API.Controller.UserController.Products (BAKERBAZZAR.API)'
2024-11-12 22:30:33.657 +05:30  INF  Route matched with {action = "Products", controller = "User"}. Executing controller action with signature System.Threading.Tasks.Task`1[Microsoft.AspNetCore.Mvc.ActionResult`1[BAKERBAZZAR.API.Models.ApiResponse]] Products(System.String, System.String) on controller BAKERBAZZAR.API.Controller.UserController (BAKERBAZZAR.API).
2024-11-12 22:30:33.661 +05:30  INF  Executing ObjectResult, writing value of type 'BAKERBAZZAR.API.Models.ApiResponse'.
2024-11-12 22:30:33.662 +05:30  INF  Executed action BAKERBAZZAR.API.Controller.UserController.Products (BAKERBAZZAR.API) in 5.1458ms
2024-11-12 22:30:33.662 +05:30  INF  Executed endpoint 'BAKERBAZZAR.API.Controller.UserController.Products (BAKERBAZZAR.API)'
2024-11-12 22:30:33.662 +05:30  INF  Request finished HTTP/1.1 GET http://localhost:5145/user/products?categoryid= - - - 200 - application/json;+charset=utf-8 5.8480ms
2024-11-12 22:30:33.688 +05:30  INF  Executing ObjectResult, writing value of type 'BAKERBAZZAR.API.Models.ApiResponse'.
2024-11-12 22:30:33.693 +05:30  INF  Executed action BAKERBAZZAR.API.Controller.UserController.MyOrders (BAKERBAZZAR.API) in 12102.4497ms
2024-11-12 22:30:33.693 +05:30  INF  Executed endpoint 'BAKERBAZZAR.API.Controller.UserController.MyOrders (BAKERBAZZAR.API)'
2024-11-12 22:30:33.694 +05:30  INF  Request finished HTTP/1.1 GET http://localhost:5145/user/myorders?displayid=e62f03f4-2dcf-4f80-bc23-341651bd9338 - - - 200 - application/json;+charset=utf-8 12107.2702ms
2024-11-12 22:30:35.823 +05:30  INF  Request starting HTTP/1.1 GET http://localhost:5145/user/products?categoryid=17d0c86e-148c-42e5-8a35-e4f7fe3b9aa7 - -
2024-11-12 22:30:35.823 +05:30  INF  CORS policy execution successful.
2024-11-12 22:30:35.823 +05:30  INF  Executing endpoint 'BAKERBAZZAR.API.Controller.UserController.Products (BAKERBAZZAR.API)'
2024-11-12 22:30:35.823 +05:30  INF  Route matched with {action = "Products", controller = "User"}. Executing controller action with signature System.Threading.Tasks.Task`1[Microsoft.AspNetCore.Mvc.ActionResult`1[BAKERBAZZAR.API.Models.ApiResponse]] Products(System.String, System.String) on controller BAKERBAZZAR.API.Controller.UserController (BAKERBAZZAR.API).
2024-11-12 22:30:35.831 +05:30  INF  Executing ObjectResult, writing value of type 'BAKERBAZZAR.API.Models.ApiResponse'.
2024-11-12 22:30:35.832 +05:30  INF  Executed action BAKERBAZZAR.API.Controller.UserController.Products (BAKERBAZZAR.API) in 8.5207ms
2024-11-12 22:30:35.832 +05:30  INF  Executed endpoint 'BAKERBAZZAR.API.Controller.UserController.Products (BAKERBAZZAR.API)'
2024-11-12 22:30:35.832 +05:30  INF  Request finished HTTP/1.1 GET http://localhost:5145/user/products?categoryid=17d0c86e-148c-42e5-8a35-e4f7fe3b9aa7 - - - 200 - application/json;+charset=utf-8 9.1582ms
2024-11-12 22:30:45.007 +05:30  INF  Request starting HTTP/1.1 GET http://localhost:5145/user/products?categoryid=2353cd5e-3059-4ec2-b1f1-38c049a2cc62 - -
2024-11-12 22:30:45.008 +05:30  INF  CORS policy execution successful.
2024-11-12 22:30:45.008 +05:30  INF  Executing endpoint 'BAKERBAZZAR.API.Controller.UserController.Products (BAKERBAZZAR.API)'
2024-11-12 22:30:45.008 +05:30  INF  Route matched with {action = "Products", controller = "User"}. Executing controller action with signature System.Threading.Tasks.Task`1[Microsoft.AspNetCore.Mvc.ActionResult`1[BAKERBAZZAR.API.Models.ApiResponse]] Products(System.String, System.String) on controller BAKERBAZZAR.API.Controller.UserController (BAKERBAZZAR.API).
2024-11-12 22:30:45.024 +05:30  INF  Executing ObjectResult, writing value of type 'BAKERBAZZAR.API.Models.ApiResponse'.
2024-11-12 22:30:45.025 +05:30  INF  Executed action BAKERBAZZAR.API.Controller.UserController.Products (BAKERBAZZAR.API) in 16.6789ms
2024-11-12 22:30:45.025 +05:30  INF  Executed endpoint 'BAKERBAZZAR.API.Controller.UserController.Products (BAKERBAZZAR.API)'
2024-11-12 22:30:45.025 +05:30  INF  Request finished HTTP/1.1 GET http://localhost:5145/user/products?categoryid=2353cd5e-3059-4ec2-b1f1-38c049a2cc62 - - - 200 - application/json;+charset=utf-8 17.1550ms
2024-11-12 22:30:49.010 +05:30  INF  Request starting HTTP/1.1 GET http://localhost:5145/user/products?categoryid=f1ec08a4-7940-4976-96ed-ff9066286f67 - -
2024-11-12 22:30:49.010 +05:30  INF  CORS policy execution successful.
2024-11-12 22:30:49.010 +05:30  INF  Executing endpoint 'BAKERBAZZAR.API.Controller.UserController.Products (BAKERBAZZAR.API)'
2024-11-12 22:30:49.010 +05:30  INF  Route matched with {action = "Products", controller = "User"}. Executing controller action with signature System.Threading.Tasks.Task`1[Microsoft.AspNetCore.Mvc.ActionResult`1[BAKERBAZZAR.API.Models.ApiResponse]] Products(System.String, System.String) on controller BAKERBAZZAR.API.Controller.UserController (BAKERBAZZAR.API).
2024-11-12 22:30:49.020 +05:30  INF  Executing ObjectResult, writing value of type 'BAKERBAZZAR.API.Models.ApiResponse'.
2024-11-12 22:30:49.020 +05:30  INF  Executed action BAKERBAZZAR.API.Controller.UserController.Products (BAKERBAZZAR.API) in 10.3991ms
2024-11-12 22:30:49.021 +05:30  INF  Executed endpoint 'BAKERBAZZAR.API.Controller.UserController.Products (BAKERBAZZAR.API)'
2024-11-12 22:30:49.021 +05:30  INF  Request finished HTTP/1.1 GET http://localhost:5145/user/products?categoryid=f1ec08a4-7940-4976-96ed-ff9066286f67 - - - 200 - application/json;+charset=utf-8 10.9667ms
2024-11-12 22:31:48.983 +05:30  INF  Request starting HTTP/1.1 GET http://localhost:5145/user/products?categoryid=3e85ca1f-91c2-42f2-9b05-bd920051c25e - -
2024-11-12 22:31:48.984 +05:30  INF  CORS policy execution successful.
2024-11-12 22:31:48.984 +05:30  INF  Executing endpoint 'BAKERBAZZAR.API.Controller.UserController.Products (BAKERBAZZAR.API)'
2024-11-12 22:31:48.985 +05:30  INF  Route matched with {action = "Products", controller = "User"}. Executing controller action with signature System.Threading.Tasks.Task`1[Microsoft.AspNetCore.Mvc.ActionResult`1[BAKERBAZZAR.API.Models.ApiResponse]] Products(System.String, System.String) on controller BAKERBAZZAR.API.Controller.UserController (BAKERBAZZAR.API).
2024-11-12 22:31:49.455 +05:30  INF  Executing ObjectResult, writing value of type 'BAKERBAZZAR.API.Models.ApiResponse'.
2024-11-12 22:31:49.455 +05:30  INF  Executed action BAKERBAZZAR.API.Controller.UserController.Products (BAKERBAZZAR.API) in 470.4773ms
2024-11-12 22:31:49.455 +05:30  INF  Executed endpoint 'BAKERBAZZAR.API.Controller.UserController.Products (BAKERBAZZAR.API)'
2024-11-12 22:31:49.455 +05:30  INF  Request finished HTTP/1.1 GET http://localhost:5145/user/products?categoryid=3e85ca1f-91c2-42f2-9b05-bd920051c25e - - - 200 - application/json;+charset=utf-8 472.2287ms
2024-11-12 22:31:53.516 +05:30  INF  Request starting HTTP/1.1 GET http://localhost:5145/user/products?categoryid=17d0c86e-148c-42e5-8a35-e4f7fe3b9aa7 - -
2024-11-12 22:31:53.517 +05:30  INF  CORS policy execution successful.
2024-11-12 22:31:53.517 +05:30  INF  Executing endpoint 'BAKERBAZZAR.API.Controller.UserController.Products (BAKERBAZZAR.API)'
2024-11-12 22:31:53.517 +05:30  INF  Route matched with {action = "Products", controller = "User"}. Executing controller action with signature System.Threading.Tasks.Task`1[Microsoft.AspNetCore.Mvc.ActionResult`1[BAKERBAZZAR.API.Models.ApiResponse]] Products(System.String, System.String) on controller BAKERBAZZAR.API.Controller.UserController (BAKERBAZZAR.API).
2024-11-12 22:31:53.590 +05:30  INF  Executing ObjectResult, writing value of type 'BAKERBAZZAR.API.Models.ApiResponse'.
2024-11-12 22:31:53.591 +05:30  INF  Executed action BAKERBAZZAR.API.Controller.UserController.Products (BAKERBAZZAR.API) in 73.366ms
2024-11-12 22:31:53.591 +05:30  INF  Executed endpoint 'BAKERBAZZAR.API.Controller.UserController.Products (BAKERBAZZAR.API)'
2024-11-12 22:31:53.591 +05:30  INF  Request finished HTTP/1.1 GET http://localhost:5145/user/products?categoryid=17d0c86e-148c-42e5-8a35-e4f7fe3b9aa7 - - - 200 - application/json;+charset=utf-8 84.1788ms
2024-11-12 22:32:01.365 +05:30  INF  Request starting HTTP/1.1 GET http://localhost:5145/user/products?categoryid=bbfbd48b-262c-47e2-b281-104322f860fb - -
2024-11-12 22:32:01.365 +05:30  INF  CORS policy execution successful.
2024-11-12 22:32:01.365 +05:30  INF  Executing endpoint 'BAKERBAZZAR.API.Controller.UserController.Products (BAKERBAZZAR.API)'
2024-11-12 22:32:01.365 +05:30  INF  Route matched with {action = "Products", controller = "User"}. Executing controller action with signature System.Threading.Tasks.Task`1[Microsoft.AspNetCore.Mvc.ActionResult`1[BAKERBAZZAR.API.Models.ApiResponse]] Products(System.String, System.String) on controller BAKERBAZZAR.API.Controller.UserController (BAKERBAZZAR.API).
2024-11-12 22:32:01.371 +05:30  INF  Executing ObjectResult, writing value of type 'BAKERBAZZAR.API.Models.ApiResponse'.
2024-11-12 22:32:01.371 +05:30  INF  Executed action BAKERBAZZAR.API.Controller.UserController.Products (BAKERBAZZAR.API) in 6.0733ms
2024-11-12 22:32:01.371 +05:30  INF  Executed endpoint 'BAKERBAZZAR.API.Controller.UserController.Products (BAKERBAZZAR.API)'
2024-11-12 22:32:01.371 +05:30  INF  Request finished HTTP/1.1 GET http://localhost:5145/user/products?categoryid=bbfbd48b-262c-47e2-b281-104322f860fb - - - 200 - application/json;+charset=utf-8 6.7141ms
2024-11-12 22:32:05.131 +05:30  INF  Request starting HTTP/1.1 GET http://localhost:5145/user/products?categoryid=2353cd5e-3059-4ec2-b1f1-38c049a2cc62 - -
2024-11-12 22:32:05.131 +05:30  INF  CORS policy execution successful.
2024-11-12 22:32:05.131 +05:30  INF  Executing endpoint 'BAKERBAZZAR.API.Controller.UserController.Products (BAKERBAZZAR.API)'
2024-11-12 22:32:05.131 +05:30  INF  Route matched with {action = "Products", controller = "User"}. Executing controller action with signature System.Threading.Tasks.Task`1[Microsoft.AspNetCore.Mvc.ActionResult`1[BAKERBAZZAR.API.Models.ApiResponse]] Products(System.String, System.String) on controller BAKERBAZZAR.API.Controller.UserController (BAKERBAZZAR.API).
2024-11-12 22:32:05.138 +05:30  INF  Executing ObjectResult, writing value of type 'BAKERBAZZAR.API.Models.ApiResponse'.
2024-11-12 22:32:05.138 +05:30  INF  Executed action BAKERBAZZAR.API.Controller.UserController.Products (BAKERBAZZAR.API) in 7.097ms
2024-11-12 22:32:05.138 +05:30  INF  Executed endpoint 'BAKERBAZZAR.API.Controller.UserController.Products (BAKERBAZZAR.API)'
2024-11-12 22:32:05.139 +05:30  INF  Request finished HTTP/1.1 GET http://localhost:5145/user/products?categoryid=2353cd5e-3059-4ec2-b1f1-38c049a2cc62 - - - 200 - application/json;+charset=utf-8 7.7350ms
2024-11-12 22:32:08.187 +05:30  INF  Request starting HTTP/1.1 GET http://localhost:5145/user/products?categoryid=a9a698e1-f5d7-46b7-bed9-3eaa04c2e913 - -
2024-11-12 22:32:08.187 +05:30  INF  CORS policy execution successful.
2024-11-12 22:32:08.187 +05:30  INF  Executing endpoint 'BAKERBAZZAR.API.Controller.UserController.Products (BAKERBAZZAR.API)'
2024-11-12 22:32:08.187 +05:30  INF  Route matched with {action = "Products", controller = "User"}. Executing controller action with signature System.Threading.Tasks.Task`1[Microsoft.AspNetCore.Mvc.ActionResult`1[BAKERBAZZAR.API.Models.ApiResponse]] Products(System.String, System.String) on controller BAKERBAZZAR.API.Controller.UserController (BAKERBAZZAR.API).
2024-11-12 22:32:08.198 +05:30  INF  Executing ObjectResult, writing value of type 'BAKERBAZZAR.API.Models.ApiResponse'.
2024-11-12 22:32:08.198 +05:30  INF  Executed action BAKERBAZZAR.API.Controller.UserController.Products (BAKERBAZZAR.API) in 10.7881ms
2024-11-12 22:32:08.198 +05:30  INF  Executed endpoint 'BAKERBAZZAR.API.Controller.UserController.Products (BAKERBAZZAR.API)'
2024-11-12 22:32:08.198 +05:30  INF  Request finished HTTP/1.1 GET http://localhost:5145/user/products?categoryid=a9a698e1-f5d7-46b7-bed9-3eaa04c2e913 - - - 200 - application/json;+charset=utf-8 11.3076ms
2024-11-12 22:32:13.444 +05:30  INF  Request starting HTTP/1.1 GET http://localhost:5145/user/products?categoryid=f1ec08a4-7940-4976-96ed-ff9066286f67 - -
2024-11-12 22:32:13.444 +05:30  INF  CORS policy execution successful.
2024-11-12 22:32:13.444 +05:30  INF  Executing endpoint 'BAKERBAZZAR.API.Controller.UserController.Products (BAKERBAZZAR.API)'
2024-11-12 22:32:13.445 +05:30  INF  Route matched with {action = "Products", controller = "User"}. Executing controller action with signature System.Threading.Tasks.Task`1[Microsoft.AspNetCore.Mvc.ActionResult`1[BAKERBAZZAR.API.Models.ApiResponse]] Products(System.String, System.String) on controller BAKERBAZZAR.API.Controller.UserController (BAKERBAZZAR.API).
2024-11-12 22:32:13.454 +05:30  INF  Executing ObjectResult, writing value of type 'BAKERBAZZAR.API.Models.ApiResponse'.
2024-11-12 22:32:13.455 +05:30  INF  Executed action BAKERBAZZAR.API.Controller.UserController.Products (BAKERBAZZAR.API) in 10.702ms
2024-11-12 22:32:13.456 +05:30  INF  Executed endpoint 'BAKERBAZZAR.API.Controller.UserController.Products (BAKERBAZZAR.API)'
2024-11-12 22:32:13.456 +05:30  INF  Request finished HTTP/1.1 GET http://localhost:5145/user/products?categoryid=f1ec08a4-7940-4976-96ed-ff9066286f67 - - - 200 - application/json;+charset=utf-8 11.5007ms
2024-11-12 22:32:22.334 +05:30  INF  Request starting HTTP/1.1 GET http://localhost:5145/user/orderdetails?displayid=9d5aa251-2ea5-4d59-b7b2-f21a193a1a17 - -
2024-11-12 22:32:22.335 +05:30  INF  CORS policy execution successful.
2024-11-12 22:32:22.335 +05:30  INF  Executing endpoint 'BAKERBAZZAR.API.Controller.UserController.OrderDetails (BAKERBAZZAR.API)'
2024-11-12 22:32:22.342 +05:30  INF  Route matched with {action = "OrderDetails", controller = "User"}. Executing controller action with signature System.Threading.Tasks.Task`1[Microsoft.AspNetCore.Mvc.ActionResult`1[BAKERBAZZAR.API.Models.ApiResponse]] OrderDetails(System.String, System.String, Int32) on controller BAKERBAZZAR.API.Controller.UserController (BAKERBAZZAR.API).
2024-11-12 22:32:22.440 +05:30  INF  Executing ObjectResult, writing value of type 'BAKERBAZZAR.API.Models.ApiResponse'.
2024-11-12 22:32:22.456 +05:30  INF  Executed action BAKERBAZZAR.API.Controller.UserController.OrderDetails (BAKERBAZZAR.API) in 113.5523ms
2024-11-12 22:32:22.456 +05:30  INF  Executed endpoint 'BAKERBAZZAR.API.Controller.UserController.OrderDetails (BAKERBAZZAR.API)'
2024-11-12 22:32:22.456 +05:30  INF  Request finished HTTP/1.1 GET http://localhost:5145/user/orderdetails?displayid=9d5aa251-2ea5-4d59-b7b2-f21a193a1a17 - - - 200 - application/json;+charset=utf-8 121.7176ms
2024-11-12 22:32:27.993 +05:30  INF  Request starting HTTP/1.1 GET http://localhost:5145/user/orderdetails?displayid=f1454cc2-58fe-4ae2-953d-989e070682ef - -
2024-11-12 22:32:27.993 +05:30  INF  CORS policy execution successful.
2024-11-12 22:32:27.993 +05:30  INF  Executing endpoint 'BAKERBAZZAR.API.Controller.UserController.OrderDetails (BAKERBAZZAR.API)'
2024-11-12 22:32:27.993 +05:30  INF  Route matched with {action = "OrderDetails", controller = "User"}. Executing controller action with signature System.Threading.Tasks.Task`1[Microsoft.AspNetCore.Mvc.ActionResult`1[BAKERBAZZAR.API.Models.ApiResponse]] OrderDetails(System.String, System.String, Int32) on controller BAKERBAZZAR.API.Controller.UserController (BAKERBAZZAR.API).
2024-11-12 22:32:28.000 +05:30  INF  Executing ObjectResult, writing value of type 'BAKERBAZZAR.API.Models.ApiResponse'.
2024-11-12 22:32:28.000 +05:30  INF  Executed action BAKERBAZZAR.API.Controller.UserController.OrderDetails (BAKERBAZZAR.API) in 6.9619ms
2024-11-12 22:32:28.001 +05:30  INF  Executed endpoint 'BAKERBAZZAR.API.Controller.UserController.OrderDetails (BAKERBAZZAR.API)'
2024-11-12 22:32:28.001 +05:30  INF  Request finished HTTP/1.1 GET http://localhost:5145/user/orderdetails?displayid=f1454cc2-58fe-4ae2-953d-989e070682ef - - - 200 - application/json;+charset=utf-8 8.3472ms
2024-11-12 22:32:37.427 +05:30  INF  Request starting HTTP/1.1 GET http://localhost:5145/user/orderdetails?displayid=ec29971c-68d8-4fb0-8245-a2d47c3e8a52 - -
2024-11-12 22:32:37.427 +05:30  INF  CORS policy execution successful.
2024-11-12 22:32:37.427 +05:30  INF  Executing endpoint 'BAKERBAZZAR.API.Controller.UserController.OrderDetails (BAKERBAZZAR.API)'
2024-11-12 22:32:37.427 +05:30  INF  Route matched with {action = "OrderDetails", controller = "User"}. Executing controller action with signature System.Threading.Tasks.Task`1[Microsoft.AspNetCore.Mvc.ActionResult`1[BAKERBAZZAR.API.Models.ApiResponse]] OrderDetails(System.String, System.String, Int32) on controller BAKERBAZZAR.API.Controller.UserController (BAKERBAZZAR.API).
2024-11-12 22:32:37.431 +05:30  INF  Executing ObjectResult, writing value of type 'BAKERBAZZAR.API.Models.ApiResponse'.
2024-11-12 22:32:37.432 +05:30  INF  Executed action BAKERBAZZAR.API.Controller.UserController.OrderDetails (BAKERBAZZAR.API) in 4.11ms
2024-11-12 22:32:37.432 +05:30  INF  Executed endpoint 'BAKERBAZZAR.API.Controller.UserController.OrderDetails (BAKERBAZZAR.API)'
2024-11-12 22:32:37.432 +05:30  INF  Request finished HTTP/1.1 GET http://localhost:5145/user/orderdetails?displayid=ec29971c-68d8-4fb0-8245-a2d47c3e8a52 - - - 200 - application/json;+charset=utf-8 5.2637ms
2024-11-12 22:41:26.430 +05:30  INF  Request starting HTTP/1.1 GET http://localhost:5145/User/Category - -
2024-11-12 22:41:26.432 +05:30  INF  Request starting HTTP/1.1 GET http://localhost:5145/user/products?categoryid= - -
2024-11-12 22:41:26.432 +05:30  INF  CORS policy execution successful.
2024-11-12 22:41:26.433 +05:30  INF  CORS policy execution successful.
2024-11-12 22:41:26.433 +05:30  INF  Executing endpoint 'BAKERBAZZAR.API.Controller.UserController.Category (BAKERBAZZAR.API)'
2024-11-12 22:41:26.434 +05:30  INF  Executing endpoint 'BAKERBAZZAR.API.Controller.UserController.Products (BAKERBAZZAR.API)'
2024-11-12 22:41:26.434 +05:30  INF  Route matched with {action = "Category", controller = "User"}. Executing controller action with signature System.Threading.Tasks.Task`1[Microsoft.AspNetCore.Mvc.ActionResult`1[BAKERBAZZAR.API.Models.ApiResponse]] Category(System.String) on controller BAKERBAZZAR.API.Controller.UserController (BAKERBAZZAR.API).
2024-11-12 22:41:26.434 +05:30  INF  Route matched with {action = "Products", controller = "User"}. Executing controller action with signature System.Threading.Tasks.Task`1[Microsoft.AspNetCore.Mvc.ActionResult`1[BAKERBAZZAR.API.Models.ApiResponse]] Products(System.String, System.String) on controller BAKERBAZZAR.API.Controller.UserController (BAKERBAZZAR.API).
2024-11-12 22:41:26.532 +05:30  INF  Request starting HTTP/1.1 GET http://localhost:5145/user/myorders?displayid=e62f03f4-2dcf-4f80-bc23-341651bd9338 - -
2024-11-12 22:41:26.532 +05:30  INF  CORS policy execution successful.
2024-11-12 22:41:26.533 +05:30  INF  Executing endpoint 'BAKERBAZZAR.API.Controller.UserController.MyOrders (BAKERBAZZAR.API)'
2024-11-12 22:41:26.533 +05:30  INF  Route matched with {action = "MyOrders", controller = "User"}. Executing controller action with signature System.Threading.Tasks.Task`1[Microsoft.AspNetCore.Mvc.ActionResult`1[BAKERBAZZAR.API.Models.ApiResponse]] MyOrders(System.String, System.String, System.String) on controller BAKERBAZZAR.API.Controller.UserController (BAKERBAZZAR.API).
2024-11-12 22:41:26.659 +05:30  INF  Executing ObjectResult, writing value of type 'BAKERBAZZAR.API.Models.ApiResponse'.
2024-11-12 22:41:26.660 +05:30  INF  Executed action BAKERBAZZAR.API.Controller.UserController.Category (BAKERBAZZAR.API) in 225.435ms
2024-11-12 22:41:26.660 +05:30  INF  Executed endpoint 'BAKERBAZZAR.API.Controller.UserController.Category (BAKERBAZZAR.API)'
2024-11-12 22:41:26.660 +05:30  INF  Request finished HTTP/1.1 GET http://localhost:5145/User/Category - - - 200 - application/json;+charset=utf-8 230.2736ms
2024-11-12 22:41:26.662 +05:30  INF  Request starting HTTP/1.1 GET http://localhost:5145/User/Category - -
2024-11-12 22:41:26.662 +05:30  INF  CORS policy execution successful.
2024-11-12 22:41:26.662 +05:30  INF  Executing endpoint 'BAKERBAZZAR.API.Controller.UserController.Category (BAKERBAZZAR.API)'
2024-11-12 22:41:26.662 +05:30  INF  Route matched with {action = "Category", controller = "User"}. Executing controller action with signature System.Threading.Tasks.Task`1[Microsoft.AspNetCore.Mvc.ActionResult`1[BAKERBAZZAR.API.Models.ApiResponse]] Category(System.String) on controller BAKERBAZZAR.API.Controller.UserController (BAKERBAZZAR.API).
2024-11-12 22:41:26.666 +05:30  INF  Executing ObjectResult, writing value of type 'BAKERBAZZAR.API.Models.ApiResponse'.
2024-11-12 22:41:26.666 +05:30  INF  Executed action BAKERBAZZAR.API.Controller.UserController.Category (BAKERBAZZAR.API) in 4.0254ms
2024-11-12 22:41:26.666 +05:30  INF  Executed endpoint 'BAKERBAZZAR.API.Controller.UserController.Category (BAKERBAZZAR.API)'
2024-11-12 22:41:26.666 +05:30  INF  Request finished HTTP/1.1 GET http://localhost:5145/User/Category - - - 200 - application/json;+charset=utf-8 4.9391ms
2024-11-12 22:41:26.671 +05:30  INF  Executing ObjectResult, writing value of type 'BAKERBAZZAR.API.Models.ApiResponse'.
2024-11-12 22:41:26.672 +05:30  INF  Executed action BAKERBAZZAR.API.Controller.UserController.Products (BAKERBAZZAR.API) in 237.8099ms
2024-11-12 22:41:26.672 +05:30  INF  Executed endpoint 'BAKERBAZZAR.API.Controller.UserController.Products (BAKERBAZZAR.API)'
2024-11-12 22:41:26.672 +05:30  INF  Request finished HTTP/1.1 GET http://localhost:5145/user/products?categoryid= - - - 200 - application/json;+charset=utf-8 240.0335ms
2024-11-12 22:41:26.675 +05:30  INF  Request starting HTTP/1.1 GET http://localhost:5145/user/products?categoryid= - -
2024-11-12 22:41:26.676 +05:30  INF  CORS policy execution successful.
2024-11-12 22:41:26.676 +05:30  INF  Executing endpoint 'BAKERBAZZAR.API.Controller.UserController.Products (BAKERBAZZAR.API)'
2024-11-12 22:41:26.676 +05:30  INF  Route matched with {action = "Products", controller = "User"}. Executing controller action with signature System.Threading.Tasks.Task`1[Microsoft.AspNetCore.Mvc.ActionResult`1[BAKERBAZZAR.API.Models.ApiResponse]] Products(System.String, System.String) on controller BAKERBAZZAR.API.Controller.UserController (BAKERBAZZAR.API).
2024-11-12 22:41:26.684 +05:30  INF  Executing ObjectResult, writing value of type 'BAKERBAZZAR.API.Models.ApiResponse'.
2024-11-12 22:41:26.685 +05:30  INF  Executed action BAKERBAZZAR.API.Controller.UserController.Products (BAKERBAZZAR.API) in 9.0233ms
2024-11-12 22:41:26.685 +05:30  INF  Executed endpoint 'BAKERBAZZAR.API.Controller.UserController.Products (BAKERBAZZAR.API)'
2024-11-12 22:41:26.685 +05:30  INF  Request finished HTTP/1.1 GET http://localhost:5145/user/products?categoryid= - - - 200 - application/json;+charset=utf-8 9.8849ms
2024-11-12 22:41:26.719 +05:30  INF  Executing ObjectResult, writing value of type 'BAKERBAZZAR.API.Models.ApiResponse'.
2024-11-12 22:41:26.720 +05:30  INF  Executed action BAKERBAZZAR.API.Controller.UserController.MyOrders (BAKERBAZZAR.API) in 187.059ms
2024-11-12 22:41:26.720 +05:30  INF  Executed endpoint 'BAKERBAZZAR.API.Controller.UserController.MyOrders (BAKERBAZZAR.API)'
2024-11-12 22:41:26.720 +05:30  INF  Request finished HTTP/1.1 GET http://localhost:5145/user/myorders?displayid=e62f03f4-2dcf-4f80-bc23-341651bd9338 - - - 200 - application/json;+charset=utf-8 187.9724ms
2024-11-12 22:42:43.215 +05:30  INF  Request starting HTTP/1.1 GET http://localhost:5145/user/products?categoryid= - -
2024-11-12 22:42:43.215 +05:30  INF  Request starting HTTP/1.1 GET http://localhost:5145/User/Category - -
2024-11-12 22:42:43.216 +05:30  INF  CORS policy execution successful.
2024-11-12 22:42:43.216 +05:30  INF  Executing endpoint 'BAKERBAZZAR.API.Controller.UserController.Category (BAKERBAZZAR.API)'
2024-11-12 22:42:43.216 +05:30  INF  Route matched with {action = "Category", controller = "User"}. Executing controller action with signature System.Threading.Tasks.Task`1[Microsoft.AspNetCore.Mvc.ActionResult`1[BAKERBAZZAR.API.Models.ApiResponse]] Category(System.String) on controller BAKERBAZZAR.API.Controller.UserController (BAKERBAZZAR.API).
2024-11-12 22:42:43.217 +05:30  INF  CORS policy execution successful.
2024-11-12 22:42:43.218 +05:30  INF  Executing endpoint 'BAKERBAZZAR.API.Controller.UserController.Products (BAKERBAZZAR.API)'
2024-11-12 22:42:43.218 +05:30  INF  Route matched with {action = "Products", controller = "User"}. Executing controller action with signature System.Threading.Tasks.Task`1[Microsoft.AspNetCore.Mvc.ActionResult`1[BAKERBAZZAR.API.Models.ApiResponse]] Products(System.String, System.String) on controller BAKERBAZZAR.API.Controller.UserController (BAKERBAZZAR.API).
2024-11-12 22:42:43.221 +05:30  INF  Request starting HTTP/1.1 GET http://localhost:5145/user/myorders?displayid=e62f03f4-2dcf-4f80-bc23-341651bd9338 - -
2024-11-12 22:42:43.221 +05:30  INF  CORS policy execution successful.
2024-11-12 22:42:43.223 +05:30  INF  Executing endpoint 'BAKERBAZZAR.API.Controller.UserController.MyOrders (BAKERBAZZAR.API)'
2024-11-12 22:42:43.223 +05:30  INF  Route matched with {action = "MyOrders", controller = "User"}. Executing controller action with signature System.Threading.Tasks.Task`1[Microsoft.AspNetCore.Mvc.ActionResult`1[BAKERBAZZAR.API.Models.ApiResponse]] MyOrders(System.String, System.String, System.String) on controller BAKERBAZZAR.API.Controller.UserController (BAKERBAZZAR.API).
2024-11-12 22:42:43.237 +05:30  INF  Executing ObjectResult, writing value of type 'BAKERBAZZAR.API.Models.ApiResponse'.
2024-11-12 22:42:43.238 +05:30  INF  Executed action BAKERBAZZAR.API.Controller.UserController.Category (BAKERBAZZAR.API) in 21.7964ms
2024-11-12 22:42:43.238 +05:30  INF  Executed endpoint 'BAKERBAZZAR.API.Controller.UserController.Category (BAKERBAZZAR.API)'
2024-11-12 22:42:43.238 +05:30  INF  Request finished HTTP/1.1 GET http://localhost:5145/User/Category - - - 200 - application/json;+charset=utf-8 23.6575ms
2024-11-12 22:42:43.239 +05:30  INF  Executing ObjectResult, writing value of type 'BAKERBAZZAR.API.Models.ApiResponse'.
2024-11-12 22:42:43.239 +05:30  INF  Request starting HTTP/1.1 GET http://localhost:5145/User/Category - -
2024-11-12 22:42:43.240 +05:30  INF  CORS policy execution successful.
2024-11-12 22:42:43.240 +05:30  INF  Executing endpoint 'BAKERBAZZAR.API.Controller.UserController.Category (BAKERBAZZAR.API)'
2024-11-12 22:42:43.240 +05:30  INF  Route matched with {action = "Category", controller = "User"}. Executing controller action with signature System.Threading.Tasks.Task`1[Microsoft.AspNetCore.Mvc.ActionResult`1[BAKERBAZZAR.API.Models.ApiResponse]] Category(System.String) on controller BAKERBAZZAR.API.Controller.UserController (BAKERBAZZAR.API).
2024-11-12 22:42:43.240 +05:30  INF  Executed action BAKERBAZZAR.API.Controller.UserController.Products (BAKERBAZZAR.API) in 21.2846ms
2024-11-12 22:42:43.240 +05:30  INF  Executed endpoint 'BAKERBAZZAR.API.Controller.UserController.Products (BAKERBAZZAR.API)'
2024-11-12 22:42:43.240 +05:30  INF  Request finished HTTP/1.1 GET http://localhost:5145/user/products?categoryid= - - - 200 - application/json;+charset=utf-8 25.2686ms
2024-11-12 22:42:43.242 +05:30  INF  Executing ObjectResult, writing value of type 'BAKERBAZZAR.API.Models.ApiResponse'.
2024-11-12 22:42:43.242 +05:30  INF  Executed action BAKERBAZZAR.API.Controller.UserController.Category (BAKERBAZZAR.API) in 2.0874ms
2024-11-12 22:42:43.242 +05:30  INF  Executed endpoint 'BAKERBAZZAR.API.Controller.UserController.Category (BAKERBAZZAR.API)'
2024-11-12 22:42:43.242 +05:30  INF  Request finished HTTP/1.1 GET http://localhost:5145/User/Category - - - 200 - application/json;+charset=utf-8 2.7856ms
2024-11-12 22:42:43.243 +05:30  INF  Request starting HTTP/1.1 GET http://localhost:5145/user/products?categoryid= - -
2024-11-12 22:42:43.244 +05:30  INF  CORS policy execution successful.
2024-11-12 22:42:43.244 +05:30  INF  Executing endpoint 'BAKERBAZZAR.API.Controller.UserController.Products (BAKERBAZZAR.API)'
2024-11-12 22:42:43.244 +05:30  INF  Route matched with {action = "Products", controller = "User"}. Executing controller action with signature System.Threading.Tasks.Task`1[Microsoft.AspNetCore.Mvc.ActionResult`1[BAKERBAZZAR.API.Models.ApiResponse]] Products(System.String, System.String) on controller BAKERBAZZAR.API.Controller.UserController (BAKERBAZZAR.API).
2024-11-12 22:42:43.248 +05:30  INF  Executing ObjectResult, writing value of type 'BAKERBAZZAR.API.Models.ApiResponse'.
2024-11-12 22:42:43.249 +05:30  INF  Executed action BAKERBAZZAR.API.Controller.UserController.Products (BAKERBAZZAR.API) in 4.5822ms
2024-11-12 22:42:43.249 +05:30  INF  Executed endpoint 'BAKERBAZZAR.API.Controller.UserController.Products (BAKERBAZZAR.API)'
2024-11-12 22:42:43.249 +05:30  INF  Request finished HTTP/1.1 GET http://localhost:5145/user/products?categoryid= - - - 200 - application/json;+charset=utf-8 5.3292ms
2024-11-12 22:42:43.257 +05:30  INF  Executing ObjectResult, writing value of type 'BAKERBAZZAR.API.Models.ApiResponse'.
2024-11-12 22:42:43.258 +05:30  INF  Executed action BAKERBAZZAR.API.Controller.UserController.MyOrders (BAKERBAZZAR.API) in 34.4825ms
2024-11-12 22:42:43.258 +05:30  INF  Executed endpoint 'BAKERBAZZAR.API.Controller.UserController.MyOrders (BAKERBAZZAR.API)'
2024-11-12 22:42:43.258 +05:30  INF  Request finished HTTP/1.1 GET http://localhost:5145/user/myorders?displayid=e62f03f4-2dcf-4f80-bc23-341651bd9338 - - - 200 - application/json;+charset=utf-8 37.3014ms
2024-11-12 22:42:56.450 +05:30  INF  Request starting HTTP/1.1 GET http://localhost:5145/User/Category - -
2024-11-12 22:42:56.450 +05:30  INF  Request starting HTTP/1.1 GET http://localhost:5145/user/products?categoryid= - -
2024-11-12 22:42:56.452 +05:30  INF  CORS policy execution successful.
2024-11-12 22:42:56.452 +05:30  INF  CORS policy execution successful.
2024-11-12 22:42:56.452 +05:30  INF  Executing endpoint 'BAKERBAZZAR.API.Controller.UserController.Category (BAKERBAZZAR.API)'
2024-11-12 22:42:56.452 +05:30  INF  Executing endpoint 'BAKERBAZZAR.API.Controller.UserController.Products (BAKERBAZZAR.API)'
2024-11-12 22:42:56.452 +05:30  INF  Route matched with {action = "Products", controller = "User"}. Executing controller action with signature System.Threading.Tasks.Task`1[Microsoft.AspNetCore.Mvc.ActionResult`1[BAKERBAZZAR.API.Models.ApiResponse]] Products(System.String, System.String) on controller BAKERBAZZAR.API.Controller.UserController (BAKERBAZZAR.API).
2024-11-12 22:42:56.453 +05:30  INF  Route matched with {action = "Category", controller = "User"}. Executing controller action with signature System.Threading.Tasks.Task`1[Microsoft.AspNetCore.Mvc.ActionResult`1[BAKERBAZZAR.API.Models.ApiResponse]] Category(System.String) on controller BAKERBAZZAR.API.Controller.UserController (BAKERBAZZAR.API).
2024-11-12 22:42:56.456 +05:30  INF  Executing ObjectResult, writing value of type 'BAKERBAZZAR.API.Models.ApiResponse'.
2024-11-12 22:42:56.457 +05:30  INF  Executed action BAKERBAZZAR.API.Controller.UserController.Category (BAKERBAZZAR.API) in 4.1042ms
2024-11-12 22:42:56.457 +05:30  INF  Executed endpoint 'BAKERBAZZAR.API.Controller.UserController.Category (BAKERBAZZAR.API)'
2024-11-12 22:42:56.457 +05:30  INF  Request finished HTTP/1.1 GET http://localhost:5145/User/Category - - - 200 - application/json;+charset=utf-8 6.8357ms
2024-11-12 22:42:56.458 +05:30  INF  Executing ObjectResult, writing value of type 'BAKERBAZZAR.API.Models.ApiResponse'.
2024-11-12 22:42:56.458 +05:30  INF  Request starting HTTP/1.1 GET http://localhost:5145/User/Category - -
2024-11-12 22:42:56.458 +05:30  INF  CORS policy execution successful.
2024-11-12 22:42:56.458 +05:30  INF  Executing endpoint 'BAKERBAZZAR.API.Controller.UserController.Category (BAKERBAZZAR.API)'
2024-11-12 22:42:56.458 +05:30  INF  Route matched with {action = "Category", controller = "User"}. Executing controller action with signature System.Threading.Tasks.Task`1[Microsoft.AspNetCore.Mvc.ActionResult`1[BAKERBAZZAR.API.Models.ApiResponse]] Category(System.String) on controller BAKERBAZZAR.API.Controller.UserController (BAKERBAZZAR.API).
2024-11-12 22:42:56.459 +05:30  INF  Executed action BAKERBAZZAR.API.Controller.UserController.Products (BAKERBAZZAR.API) in 6.2936ms
2024-11-12 22:42:56.459 +05:30  INF  Executed endpoint 'BAKERBAZZAR.API.Controller.UserController.Products (BAKERBAZZAR.API)'
2024-11-12 22:42:56.459 +05:30  INF  Request finished HTTP/1.1 GET http://localhost:5145/user/products?categoryid= - - - 200 - application/json;+charset=utf-8 8.7055ms
2024-11-12 22:42:56.460 +05:30  INF  Executing ObjectResult, writing value of type 'BAKERBAZZAR.API.Models.ApiResponse'.
2024-11-12 22:42:56.461 +05:30  INF  Executed action BAKERBAZZAR.API.Controller.UserController.Category (BAKERBAZZAR.API) in 2.1734ms
2024-11-12 22:42:56.461 +05:30  INF  Executed endpoint 'BAKERBAZZAR.API.Controller.UserController.Category (BAKERBAZZAR.API)'
2024-11-12 22:42:56.461 +05:30  INF  Request finished HTTP/1.1 GET http://localhost:5145/User/Category - - - 200 - application/json;+charset=utf-8 2.6056ms
2024-11-12 22:42:56.462 +05:30  INF  Request starting HTTP/1.1 GET http://localhost:5145/user/myorders?displayid=e62f03f4-2dcf-4f80-bc23-341651bd9338 - -
2024-11-12 22:42:56.462 +05:30  INF  CORS policy execution successful.
2024-11-12 22:42:56.462 +05:30  INF  Executing endpoint 'BAKERBAZZAR.API.Controller.UserController.MyOrders (BAKERBAZZAR.API)'
2024-11-12 22:42:56.462 +05:30  INF  Route matched with {action = "MyOrders", controller = "User"}. Executing controller action with signature System.Threading.Tasks.Task`1[Microsoft.AspNetCore.Mvc.ActionResult`1[BAKERBAZZAR.API.Models.ApiResponse]] MyOrders(System.String, System.String, System.String) on controller BAKERBAZZAR.API.Controller.UserController (BAKERBAZZAR.API).
2024-11-12 22:42:56.462 +05:30  INF  Request starting HTTP/1.1 GET http://localhost:5145/user/products?categoryid= - -
2024-11-12 22:42:56.463 +05:30  INF  CORS policy execution successful.
2024-11-12 22:42:56.463 +05:30  INF  Executing endpoint 'BAKERBAZZAR.API.Controller.UserController.Products (BAKERBAZZAR.API)'
2024-11-12 22:42:56.463 +05:30  INF  Route matched with {action = "Products", controller = "User"}. Executing controller action with signature System.Threading.Tasks.Task`1[Microsoft.AspNetCore.Mvc.ActionResult`1[BAKERBAZZAR.API.Models.ApiResponse]] Products(System.String, System.String) on controller BAKERBAZZAR.API.Controller.UserController (BAKERBAZZAR.API).
2024-11-12 22:42:56.467 +05:30  INF  Executing ObjectResult, writing value of type 'BAKERBAZZAR.API.Models.ApiResponse'.
2024-11-12 22:42:56.467 +05:30  INF  Executed action BAKERBAZZAR.API.Controller.UserController.MyOrders (BAKERBAZZAR.API) in 4.4059ms
2024-11-12 22:42:56.467 +05:30  INF  Executed endpoint 'BAKERBAZZAR.API.Controller.UserController.MyOrders (BAKERBAZZAR.API)'
2024-11-12 22:42:56.467 +05:30  INF  Request finished HTTP/1.1 GET http://localhost:5145/user/myorders?displayid=e62f03f4-2dcf-4f80-bc23-341651bd9338 - - - 200 - application/json;+charset=utf-8 4.8517ms
2024-11-12 22:42:56.468 +05:30  INF  Executing ObjectResult, writing value of type 'BAKERBAZZAR.API.Models.ApiResponse'.
2024-11-12 22:42:56.470 +05:30  INF  Executed action BAKERBAZZAR.API.Controller.UserController.Products (BAKERBAZZAR.API) in 7.677ms
2024-11-12 22:42:56.471 +05:30  INF  Executed endpoint 'BAKERBAZZAR.API.Controller.UserController.Products (BAKERBAZZAR.API)'
2024-11-12 22:42:56.471 +05:30  INF  Request finished HTTP/1.1 GET http://localhost:5145/user/products?categoryid= - - - 200 - application/json;+charset=utf-8 8.1415ms
2024-11-12 22:58:38.831 +05:30  INF  Request starting HTTP/1.1 GET http://localhost:5145/user/products?categoryid= - -
2024-11-12 22:58:38.831 +05:30  INF  Request starting HTTP/1.1 GET http://localhost:5145/User/Category - -
2024-11-12 22:58:38.831 +05:30  INF  Request starting HTTP/1.1 GET http://localhost:5145/user/myorders?displayid=e62f03f4-2dcf-4f80-bc23-341651bd9338 - -
2024-11-12 22:58:38.837 +05:30  INF  CORS policy execution successful.
2024-11-12 22:58:38.838 +05:30  INF  CORS policy execution successful.
2024-11-12 22:58:38.838 +05:30  INF  CORS policy execution successful.
2024-11-12 22:58:38.839 +05:30  INF  Executing endpoint 'BAKERBAZZAR.API.Controller.UserController.MyOrders (BAKERBAZZAR.API)'
2024-11-12 22:58:38.839 +05:30  INF  Executing endpoint 'BAKERBAZZAR.API.Controller.UserController.Products (BAKERBAZZAR.API)'
2024-11-12 22:58:38.839 +05:30  INF  Executing endpoint 'BAKERBAZZAR.API.Controller.UserController.Category (BAKERBAZZAR.API)'
2024-11-12 22:58:38.842 +05:30  INF  Route matched with {action = "MyOrders", controller = "User"}. Executing controller action with signature System.Threading.Tasks.Task`1[Microsoft.AspNetCore.Mvc.ActionResult`1[BAKERBAZZAR.API.Models.ApiResponse]] MyOrders(System.String, System.String, System.String) on controller BAKERBAZZAR.API.Controller.UserController (BAKERBAZZAR.API).
2024-11-12 22:58:38.842 +05:30  INF  Route matched with {action = "Category", controller = "User"}. Executing controller action with signature System.Threading.Tasks.Task`1[Microsoft.AspNetCore.Mvc.ActionResult`1[BAKERBAZZAR.API.Models.ApiResponse]] Category(System.String) on controller BAKERBAZZAR.API.Controller.UserController (BAKERBAZZAR.API).
2024-11-12 22:58:38.842 +05:30  INF  Route matched with {action = "Products", controller = "User"}. Executing controller action with signature System.Threading.Tasks.Task`1[Microsoft.AspNetCore.Mvc.ActionResult`1[BAKERBAZZAR.API.Models.ApiResponse]] Products(System.String, System.String) on controller BAKERBAZZAR.API.Controller.UserController (BAKERBAZZAR.API).
2024-11-12 22:58:39.060 +05:30  INF  Executing ObjectResult, writing value of type 'BAKERBAZZAR.API.Models.ApiResponse'.
2024-11-12 22:58:39.061 +05:30  INF  Executing ObjectResult, writing value of type 'BAKERBAZZAR.API.Models.ApiResponse'.
2024-11-12 22:58:39.062 +05:30  INF  Executed action BAKERBAZZAR.API.Controller.UserController.Category (BAKERBAZZAR.API) in 220.1176ms
2024-11-12 22:58:39.062 +05:30  INF  Executed endpoint 'BAKERBAZZAR.API.Controller.UserController.Category (BAKERBAZZAR.API)'
2024-11-12 22:58:39.062 +05:30  INF  Request finished HTTP/1.1 GET http://localhost:5145/User/Category - - - 200 - application/json;+charset=utf-8 234.9638ms
2024-11-12 22:58:39.065 +05:30  INF  Executed action BAKERBAZZAR.API.Controller.UserController.Products (BAKERBAZZAR.API) in 222.9729ms
2024-11-12 22:58:39.065 +05:30  INF  Executed endpoint 'BAKERBAZZAR.API.Controller.UserController.Products (BAKERBAZZAR.API)'
2024-11-12 22:58:39.065 +05:30  INF  Request finished HTTP/1.1 GET http://localhost:5145/user/products?categoryid= - - - 200 - application/json;+charset=utf-8 237.8123ms
2024-11-12 22:58:39.066 +05:30  INF  Request starting HTTP/1.1 GET http://localhost:5145/User/Category - -
2024-11-12 22:58:39.066 +05:30  INF  CORS policy execution successful.
2024-11-12 22:58:39.066 +05:30  INF  Executing endpoint 'BAKERBAZZAR.API.Controller.UserController.Category (BAKERBAZZAR.API)'
2024-11-12 22:58:39.066 +05:30  INF  Route matched with {action = "Category", controller = "User"}. Executing controller action with signature System.Threading.Tasks.Task`1[Microsoft.AspNetCore.Mvc.ActionResult`1[BAKERBAZZAR.API.Models.ApiResponse]] Category(System.String) on controller BAKERBAZZAR.API.Controller.UserController (BAKERBAZZAR.API).
2024-11-12 22:58:39.068 +05:30  INF  Request starting HTTP/1.1 GET http://localhost:5145/user/products?categoryid= - -
2024-11-12 22:58:39.068 +05:30  INF  CORS policy execution successful.
2024-11-12 22:58:39.068 +05:30  INF  Executing endpoint 'BAKERBAZZAR.API.Controller.UserController.Products (BAKERBAZZAR.API)'
2024-11-12 22:58:39.068 +05:30  INF  Route matched with {action = "Products", controller = "User"}. Executing controller action with signature System.Threading.Tasks.Task`1[Microsoft.AspNetCore.Mvc.ActionResult`1[BAKERBAZZAR.API.Models.ApiResponse]] Products(System.String, System.String) on controller BAKERBAZZAR.API.Controller.UserController (BAKERBAZZAR.API).
2024-11-12 22:58:39.069 +05:30  INF  Executing ObjectResult, writing value of type 'BAKERBAZZAR.API.Models.ApiResponse'.
2024-11-12 22:58:39.069 +05:30  INF  Executed action BAKERBAZZAR.API.Controller.UserController.Category (BAKERBAZZAR.API) in 2.7938ms
2024-11-12 22:58:39.069 +05:30  INF  Executed endpoint 'BAKERBAZZAR.API.Controller.UserController.Category (BAKERBAZZAR.API)'
2024-11-12 22:58:39.069 +05:30  INF  Request finished HTTP/1.1 GET http://localhost:5145/User/Category - - - 200 - application/json;+charset=utf-8 3.1955ms
2024-11-12 22:58:39.077 +05:30  INF  Executing ObjectResult, writing value of type 'BAKERBAZZAR.API.Models.ApiResponse'.
2024-11-12 22:58:39.078 +05:30  INF  Executed action BAKERBAZZAR.API.Controller.UserController.Products (BAKERBAZZAR.API) in 9.7865ms
2024-11-12 22:58:39.078 +05:30  INF  Executed endpoint 'BAKERBAZZAR.API.Controller.UserController.Products (BAKERBAZZAR.API)'
2024-11-12 22:58:39.078 +05:30  INF  Request finished HTTP/1.1 GET http://localhost:5145/user/products?categoryid= - - - 200 - application/json;+charset=utf-8 10.6716ms
2024-11-12 22:58:39.109 +05:30  INF  Executing ObjectResult, writing value of type 'BAKERBAZZAR.API.Models.ApiResponse'.
2024-11-12 22:58:39.110 +05:30  INF  Executed action BAKERBAZZAR.API.Controller.UserController.MyOrders (BAKERBAZZAR.API) in 268.2775ms
2024-11-12 22:58:39.110 +05:30  INF  Executed endpoint 'BAKERBAZZAR.API.Controller.UserController.MyOrders (BAKERBAZZAR.API)'
2024-11-12 22:58:39.110 +05:30  INF  Request finished HTTP/1.1 GET http://localhost:5145/user/myorders?displayid=e62f03f4-2dcf-4f80-bc23-341651bd9338 - - - 200 - application/json;+charset=utf-8 282.8721ms
2024-11-12 23:05:32.985 +05:30  INF  Request starting HTTP/1.1 GET http://localhost:5145/user/products?categoryid= - -
2024-11-12 23:05:32.985 +05:30  INF  Request starting HTTP/1.1 GET http://localhost:5145/User/Category - -
2024-11-12 23:05:32.986 +05:30  INF  CORS policy execution successful.
2024-11-12 23:05:32.986 +05:30  INF  CORS policy execution successful.
2024-11-12 23:05:32.987 +05:30  INF  Executing endpoint 'BAKERBAZZAR.API.Controller.UserController.Category (BAKERBAZZAR.API)'
2024-11-12 23:05:32.987 +05:30  INF  Executing endpoint 'BAKERBAZZAR.API.Controller.UserController.Products (BAKERBAZZAR.API)'
2024-11-12 23:05:32.989 +05:30  INF  Route matched with {action = "Products", controller = "User"}. Executing controller action with signature System.Threading.Tasks.Task`1[Microsoft.AspNetCore.Mvc.ActionResult`1[BAKERBAZZAR.API.Models.ApiResponse]] Products(System.String, System.String) on controller BAKERBAZZAR.API.Controller.UserController (BAKERBAZZAR.API).
2024-11-12 23:05:32.990 +05:30  INF  Route matched with {action = "Category", controller = "User"}. Executing controller action with signature System.Threading.Tasks.Task`1[Microsoft.AspNetCore.Mvc.ActionResult`1[BAKERBAZZAR.API.Models.ApiResponse]] Category(System.String) on controller BAKERBAZZAR.API.Controller.UserController (BAKERBAZZAR.API).
2024-11-12 23:05:32.993 +05:30  INF  Request starting HTTP/1.1 GET http://localhost:5145/user/myorders?displayid=e62f03f4-2dcf-4f80-bc23-341651bd9338 - -
2024-11-12 23:05:32.993 +05:30  INF  CORS policy execution successful.
2024-11-12 23:05:32.993 +05:30  INF  Executing endpoint 'BAKERBAZZAR.API.Controller.UserController.MyOrders (BAKERBAZZAR.API)'
2024-11-12 23:05:32.993 +05:30  INF  Route matched with {action = "MyOrders", controller = "User"}. Executing controller action with signature System.Threading.Tasks.Task`1[Microsoft.AspNetCore.Mvc.ActionResult`1[BAKERBAZZAR.API.Models.ApiResponse]] MyOrders(System.String, System.String, System.String) on controller BAKERBAZZAR.API.Controller.UserController (BAKERBAZZAR.API).
2024-11-12 23:05:33.090 +05:30  INF  Executing ObjectResult, writing value of type 'BAKERBAZZAR.API.Models.ApiResponse'.
2024-11-12 23:05:33.090 +05:30  INF  Executed action BAKERBAZZAR.API.Controller.UserController.Category (BAKERBAZZAR.API) in 100.4738ms
2024-11-12 23:05:33.090 +05:30  INF  Executed endpoint 'BAKERBAZZAR.API.Controller.UserController.Category (BAKERBAZZAR.API)'
2024-11-12 23:05:33.090 +05:30  INF  Request finished HTTP/1.1 GET http://localhost:5145/User/Category - - - 200 - application/json;+charset=utf-8 105.9064ms
2024-11-12 23:05:33.093 +05:30  INF  Request starting HTTP/1.1 GET http://localhost:5145/User/Category - -
2024-11-12 23:05:33.093 +05:30  INF  Executing ObjectResult, writing value of type 'BAKERBAZZAR.API.Models.ApiResponse'.
2024-11-12 23:05:33.093 +05:30  INF  CORS policy execution successful.
2024-11-12 23:05:33.093 +05:30  INF  Executing endpoint 'BAKERBAZZAR.API.Controller.UserController.Category (BAKERBAZZAR.API)'
2024-11-12 23:05:33.093 +05:30  INF  Route matched with {action = "Category", controller = "User"}. Executing controller action with signature System.Threading.Tasks.Task`1[Microsoft.AspNetCore.Mvc.ActionResult`1[BAKERBAZZAR.API.Models.ApiResponse]] Category(System.String) on controller BAKERBAZZAR.API.Controller.UserController (BAKERBAZZAR.API).
2024-11-12 23:05:33.094 +05:30  INF  Executed action BAKERBAZZAR.API.Controller.UserController.Products (BAKERBAZZAR.API) in 104.0694ms
2024-11-12 23:05:33.094 +05:30  INF  Executed endpoint 'BAKERBAZZAR.API.Controller.UserController.Products (BAKERBAZZAR.API)'
2024-11-12 23:05:33.096 +05:30  INF  Executing ObjectResult, writing value of type 'BAKERBAZZAR.API.Models.ApiResponse'.
2024-11-12 23:05:33.096 +05:30  INF  Executed action BAKERBAZZAR.API.Controller.UserController.Category (BAKERBAZZAR.API) in 3.0274ms
2024-11-12 23:05:33.096 +05:30  INF  Executed endpoint 'BAKERBAZZAR.API.Controller.UserController.Category (BAKERBAZZAR.API)'
2024-11-12 23:05:33.096 +05:30  INF  Request finished HTTP/1.1 GET http://localhost:5145/User/Category - - - 200 - application/json;+charset=utf-8 3.7889ms
2024-11-12 23:05:33.099 +05:30  INF  Request starting HTTP/1.1 GET http://localhost:5145/user/products?categoryid= - -
2024-11-12 23:05:33.099 +05:30  INF  CORS policy execution successful.
2024-11-12 23:05:33.099 +05:30  INF  Executing endpoint 'BAKERBAZZAR.API.Controller.UserController.Products (BAKERBAZZAR.API)'
2024-11-12 23:05:33.099 +05:30  INF  Route matched with {action = "Products", controller = "User"}. Executing controller action with signature System.Threading.Tasks.Task`1[Microsoft.AspNetCore.Mvc.ActionResult`1[BAKERBAZZAR.API.Models.ApiResponse]] Products(System.String, System.String) on controller BAKERBAZZAR.API.Controller.UserController (BAKERBAZZAR.API).
2024-11-12 23:05:33.101 +05:30  INF  Request finished HTTP/1.1 GET http://localhost:5145/user/products?categoryid= - - - 200 - application/json;+charset=utf-8 109.3750ms
2024-11-12 23:05:33.105 +05:30  INF  Executing ObjectResult, writing value of type 'BAKERBAZZAR.API.Models.ApiResponse'.
2024-11-12 23:05:33.107 +05:30  INF  Executed action BAKERBAZZAR.API.Controller.UserController.Products (BAKERBAZZAR.API) in 7.5734ms
2024-11-12 23:05:33.107 +05:30  INF  Executed endpoint 'BAKERBAZZAR.API.Controller.UserController.Products (BAKERBAZZAR.API)'
2024-11-12 23:05:33.107 +05:30  INF  Request finished HTTP/1.1 GET http://localhost:5145/user/products?categoryid= - - - 200 - application/json;+charset=utf-8 8.2743ms
2024-11-12 23:05:33.140 +05:30  INF  Executing ObjectResult, writing value of type 'BAKERBAZZAR.API.Models.ApiResponse'.
2024-11-12 23:05:33.140 +05:30  INF  Executed action BAKERBAZZAR.API.Controller.UserController.MyOrders (BAKERBAZZAR.API) in 147.0501ms
2024-11-12 23:05:33.140 +05:30  INF  Executed endpoint 'BAKERBAZZAR.API.Controller.UserController.MyOrders (BAKERBAZZAR.API)'
2024-11-12 23:05:33.140 +05:30  INF  Request finished HTTP/1.1 GET http://localhost:5145/user/myorders?displayid=e62f03f4-2dcf-4f80-bc23-341651bd9338 - - - 200 - application/json;+charset=utf-8 147.4756ms
2024-11-12 23:22:36.665 +05:30  INF  Request starting HTTP/1.1 GET http://localhost:5145/user/products?categoryid= - -
2024-11-12 23:22:36.665 +05:30  INF  Request starting HTTP/1.1 GET http://localhost:5145/User/Category - -
2024-11-12 23:22:36.668 +05:30  INF  CORS policy execution successful.
2024-11-12 23:22:36.668 +05:30  INF  CORS policy execution successful.
2024-11-12 23:22:36.668 +05:30  INF  Executing endpoint 'BAKERBAZZAR.API.Controller.UserController.Category (BAKERBAZZAR.API)'
2024-11-12 23:22:36.669 +05:30  INF  Executing endpoint 'BAKERBAZZAR.API.Controller.UserController.Products (BAKERBAZZAR.API)'
2024-11-12 23:22:36.670 +05:30  INF  Route matched with {action = "Products", controller = "User"}. Executing controller action with signature System.Threading.Tasks.Task`1[Microsoft.AspNetCore.Mvc.ActionResult`1[BAKERBAZZAR.API.Models.ApiResponse]] Products(System.String, System.String) on controller BAKERBAZZAR.API.Controller.UserController (BAKERBAZZAR.API).
2024-11-12 23:22:36.670 +05:30  INF  Route matched with {action = "Category", controller = "User"}. Executing controller action with signature System.Threading.Tasks.Task`1[Microsoft.AspNetCore.Mvc.ActionResult`1[BAKERBAZZAR.API.Models.ApiResponse]] Category(System.String) on controller BAKERBAZZAR.API.Controller.UserController (BAKERBAZZAR.API).
2024-11-12 23:22:36.757 +05:30  INF  Request starting HTTP/1.1 GET http://localhost:5145/user/myorders?displayid=e62f03f4-2dcf-4f80-bc23-341651bd9338 - -
2024-11-12 23:22:36.757 +05:30  INF  CORS policy execution successful.
2024-11-12 23:22:36.757 +05:30  INF  Executing endpoint 'BAKERBAZZAR.API.Controller.UserController.MyOrders (BAKERBAZZAR.API)'
2024-11-12 23:22:36.757 +05:30  INF  Route matched with {action = "MyOrders", controller = "User"}. Executing controller action with signature System.Threading.Tasks.Task`1[Microsoft.AspNetCore.Mvc.ActionResult`1[BAKERBAZZAR.API.Models.ApiResponse]] MyOrders(System.String, System.String, System.String) on controller BAKERBAZZAR.API.Controller.UserController (BAKERBAZZAR.API).
2024-11-12 23:22:36.908 +05:30  INF  Executing ObjectResult, writing value of type 'BAKERBAZZAR.API.Models.ApiResponse'.
2024-11-12 23:22:36.909 +05:30  INF  Executed action BAKERBAZZAR.API.Controller.UserController.Category (BAKERBAZZAR.API) in 239.3845ms
2024-11-12 23:22:36.910 +05:30  INF  Executed endpoint 'BAKERBAZZAR.API.Controller.UserController.Category (BAKERBAZZAR.API)'
2024-11-12 23:22:36.910 +05:30  INF  Request finished HTTP/1.1 GET http://localhost:5145/User/Category - - - 200 - application/json;+charset=utf-8 247.0990ms
2024-11-12 23:22:36.912 +05:30  INF  Request starting HTTP/1.1 GET http://localhost:5145/User/Category - -
2024-11-12 23:22:36.913 +05:30  INF  CORS policy execution successful.
2024-11-12 23:22:36.913 +05:30  INF  Executing endpoint 'BAKERBAZZAR.API.Controller.UserController.Category (BAKERBAZZAR.API)'
2024-11-12 23:22:36.913 +05:30  INF  Route matched with {action = "Category", controller = "User"}. Executing controller action with signature System.Threading.Tasks.Task`1[Microsoft.AspNetCore.Mvc.ActionResult`1[BAKERBAZZAR.API.Models.ApiResponse]] Category(System.String) on controller BAKERBAZZAR.API.Controller.UserController (BAKERBAZZAR.API).
2024-11-12 23:22:36.913 +05:30  INF  Executing ObjectResult, writing value of type 'BAKERBAZZAR.API.Models.ApiResponse'.
2024-11-12 23:22:36.915 +05:30  INF  Executing ObjectResult, writing value of type 'BAKERBAZZAR.API.Models.ApiResponse'.
2024-11-12 23:22:36.915 +05:30  INF  Executed action BAKERBAZZAR.API.Controller.UserController.Products (BAKERBAZZAR.API) in 244.786ms
2024-11-12 23:22:36.915 +05:30  INF  Executed endpoint 'BAKERBAZZAR.API.Controller.UserController.Products (BAKERBAZZAR.API)'
2024-11-12 23:22:36.915 +05:30  INF  Request finished HTTP/1.1 GET http://localhost:5145/user/products?categoryid= - - - 200 - application/json;+charset=utf-8 251.8705ms
2024-11-12 23:22:36.916 +05:30  INF  Executed action BAKERBAZZAR.API.Controller.UserController.Category (BAKERBAZZAR.API) in 2.9099ms
2024-11-12 23:22:36.916 +05:30  INF  Executed endpoint 'BAKERBAZZAR.API.Controller.UserController.Category (BAKERBAZZAR.API)'
2024-11-12 23:22:36.916 +05:30  INF  Request finished HTTP/1.1 GET http://localhost:5145/User/Category - - - 200 - application/json;+charset=utf-8 3.5538ms
2024-11-12 23:22:36.920 +05:30  INF  Request starting HTTP/1.1 GET http://localhost:5145/user/products?categoryid= - -
2024-11-12 23:22:36.920 +05:30  INF  CORS policy execution successful.
2024-11-12 23:22:36.920 +05:30  INF  Executing endpoint 'BAKERBAZZAR.API.Controller.UserController.Products (BAKERBAZZAR.API)'
2024-11-12 23:22:36.920 +05:30  INF  Route matched with {action = "Products", controller = "User"}. Executing controller action with signature System.Threading.Tasks.Task`1[Microsoft.AspNetCore.Mvc.ActionResult`1[BAKERBAZZAR.API.Models.ApiResponse]] Products(System.String, System.String) on controller BAKERBAZZAR.API.Controller.UserController (BAKERBAZZAR.API).
2024-11-12 23:22:36.928 +05:30  INF  Executing ObjectResult, writing value of type 'BAKERBAZZAR.API.Models.ApiResponse'.
2024-11-12 23:22:36.934 +05:30  INF  Executing ObjectResult, writing value of type 'BAKERBAZZAR.API.Models.ApiResponse'.
2024-11-12 23:22:36.935 +05:30  INF  Executed action BAKERBAZZAR.API.Controller.UserController.MyOrders (BAKERBAZZAR.API) in 178.1424ms
2024-11-12 23:22:36.935 +05:30  INF  Executed endpoint 'BAKERBAZZAR.API.Controller.UserController.MyOrders (BAKERBAZZAR.API)'
2024-11-12 23:22:36.935 +05:30  INF  Request finished HTTP/1.1 GET http://localhost:5145/user/myorders?displayid=e62f03f4-2dcf-4f80-bc23-341651bd9338 - - - 200 - application/json;+charset=utf-8 178.6581ms
2024-11-12 23:22:36.952 +05:30  INF  Executed action BAKERBAZZAR.API.Controller.UserController.Products (BAKERBAZZAR.API) in 31.3111ms
2024-11-12 23:22:36.952 +05:30  INF  Executed endpoint 'BAKERBAZZAR.API.Controller.UserController.Products (BAKERBAZZAR.API)'
2024-11-12 23:22:36.952 +05:30  INF  Request finished HTTP/1.1 GET http://localhost:5145/user/products?categoryid= - - - 200 - application/json;+charset=utf-8 32.1130ms
2024-11-12 23:22:47.853 +05:30  INF  Request starting HTTP/1.1 GET http://localhost:5145/User/Category - -
2024-11-12 23:22:47.854 +05:30  INF  CORS policy execution successful.
2024-11-12 23:22:47.854 +05:30  INF  Executing endpoint 'BAKERBAZZAR.API.Controller.UserController.Category (BAKERBAZZAR.API)'
2024-11-12 23:22:47.854 +05:30  INF  Route matched with {action = "Category", controller = "User"}. Executing controller action with signature System.Threading.Tasks.Task`1[Microsoft.AspNetCore.Mvc.ActionResult`1[BAKERBAZZAR.API.Models.ApiResponse]] Category(System.String) on controller BAKERBAZZAR.API.Controller.UserController (BAKERBAZZAR.API).
2024-11-12 23:22:47.854 +05:30  INF  Request starting HTTP/1.1 GET http://localhost:5145/user/products?categoryid= - -
2024-11-12 23:22:47.855 +05:30  INF  CORS policy execution successful.
2024-11-12 23:22:47.855 +05:30  INF  Executing endpoint 'BAKERBAZZAR.API.Controller.UserController.Products (BAKERBAZZAR.API)'
2024-11-12 23:22:47.855 +05:30  INF  Route matched with {action = "Products", controller = "User"}. Executing controller action with signature System.Threading.Tasks.Task`1[Microsoft.AspNetCore.Mvc.ActionResult`1[BAKERBAZZAR.API.Models.ApiResponse]] Products(System.String, System.String) on controller BAKERBAZZAR.API.Controller.UserController (BAKERBAZZAR.API).
2024-11-12 23:22:47.862 +05:30  INF  Executing ObjectResult, writing value of type 'BAKERBAZZAR.API.Models.ApiResponse'.
2024-11-12 23:22:47.863 +05:30  INF  Executed action BAKERBAZZAR.API.Controller.UserController.Category (BAKERBAZZAR.API) in 9.3537ms
2024-11-12 23:22:47.863 +05:30  INF  Executed endpoint 'BAKERBAZZAR.API.Controller.UserController.Category (BAKERBAZZAR.API)'
2024-11-12 23:22:47.863 +05:30  INF  Request finished HTTP/1.1 GET http://localhost:5145/User/Category - - - 200 - application/json;+charset=utf-8 10.9456ms
2024-11-12 23:22:47.864 +05:30  INF  Request starting HTTP/1.1 GET http://localhost:5145/User/Category - -
2024-11-12 23:22:47.865 +05:30  INF  CORS policy execution successful.
2024-11-12 23:22:47.865 +05:30  INF  Executing endpoint 'BAKERBAZZAR.API.Controller.UserController.Category (BAKERBAZZAR.API)'
2024-11-12 23:22:47.865 +05:30  INF  Route matched with {action = "Category", controller = "User"}. Executing controller action with signature System.Threading.Tasks.Task`1[Microsoft.AspNetCore.Mvc.ActionResult`1[BAKERBAZZAR.API.Models.ApiResponse]] Category(System.String) on controller BAKERBAZZAR.API.Controller.UserController (BAKERBAZZAR.API).
2024-11-12 23:22:47.867 +05:30  INF  Executing ObjectResult, writing value of type 'BAKERBAZZAR.API.Models.ApiResponse'.
2024-11-12 23:22:47.867 +05:30  INF  Executed action BAKERBAZZAR.API.Controller.UserController.Category (BAKERBAZZAR.API) in 2.0694ms
2024-11-12 23:22:47.867 +05:30  INF  Executed endpoint 'BAKERBAZZAR.API.Controller.UserController.Category (BAKERBAZZAR.API)'
2024-11-12 23:22:47.867 +05:30  INF  Request finished HTTP/1.1 GET http://localhost:5145/User/Category - - - 200 - application/json;+charset=utf-8 2.9449ms
2024-11-12 23:22:47.868 +05:30  INF  Executing ObjectResult, writing value of type 'BAKERBAZZAR.API.Models.ApiResponse'.
2024-11-12 23:22:47.869 +05:30  INF  Executed action BAKERBAZZAR.API.Controller.UserController.Products (BAKERBAZZAR.API) in 14.2068ms
2024-11-12 23:22:47.869 +05:30  INF  Executed endpoint 'BAKERBAZZAR.API.Controller.UserController.Products (BAKERBAZZAR.API)'
2024-11-12 23:22:47.869 +05:30  INF  Request finished HTTP/1.1 GET http://localhost:5145/user/products?categoryid= - - - 200 - application/json;+charset=utf-8 14.7293ms
2024-11-12 23:22:47.872 +05:30  INF  Request starting HTTP/1.1 GET http://localhost:5145/user/products?categoryid= - -
2024-11-12 23:22:47.872 +05:30  INF  CORS policy execution successful.
2024-11-12 23:22:47.873 +05:30  INF  Executing endpoint 'BAKERBAZZAR.API.Controller.UserController.Products (BAKERBAZZAR.API)'
2024-11-12 23:22:47.873 +05:30  INF  Route matched with {action = "Products", controller = "User"}. Executing controller action with signature System.Threading.Tasks.Task`1[Microsoft.AspNetCore.Mvc.ActionResult`1[BAKERBAZZAR.API.Models.ApiResponse]] Products(System.String, System.String) on controller BAKERBAZZAR.API.Controller.UserController (BAKERBAZZAR.API).
2024-11-12 23:22:47.878 +05:30  INF  Executing ObjectResult, writing value of type 'BAKERBAZZAR.API.Models.ApiResponse'.
2024-11-12 23:22:47.879 +05:30  INF  Executed action BAKERBAZZAR.API.Controller.UserController.Products (BAKERBAZZAR.API) in 6.1958ms
2024-11-12 23:22:47.879 +05:30  INF  Executed endpoint 'BAKERBAZZAR.API.Controller.UserController.Products (BAKERBAZZAR.API)'
2024-11-12 23:22:47.879 +05:30  INF  Request finished HTTP/1.1 GET http://localhost:5145/user/products?categoryid= - - - 200 - application/json;+charset=utf-8 6.7171ms
2024-11-12 23:22:47.960 +05:30  INF  Request starting HTTP/1.1 GET http://localhost:5145/user/myorders?displayid=e62f03f4-2dcf-4f80-bc23-341651bd9338 - -
2024-11-12 23:22:47.961 +05:30  INF  CORS policy execution successful.
2024-11-12 23:22:47.961 +05:30  INF  Executing endpoint 'BAKERBAZZAR.API.Controller.UserController.MyOrders (BAKERBAZZAR.API)'
2024-11-12 23:22:47.961 +05:30  INF  Route matched with {action = "MyOrders", controller = "User"}. Executing controller action with signature System.Threading.Tasks.Task`1[Microsoft.AspNetCore.Mvc.ActionResult`1[BAKERBAZZAR.API.Models.ApiResponse]] MyOrders(System.String, System.String, System.String) on controller BAKERBAZZAR.API.Controller.UserController (BAKERBAZZAR.API).
2024-11-12 23:22:47.979 +05:30  INF  Executing ObjectResult, writing value of type 'BAKERBAZZAR.API.Models.ApiResponse'.
2024-11-12 23:22:47.979 +05:30  INF  Executed action BAKERBAZZAR.API.Controller.UserController.MyOrders (BAKERBAZZAR.API) in 18.2804ms
2024-11-12 23:22:47.979 +05:30  INF  Executed endpoint 'BAKERBAZZAR.API.Controller.UserController.MyOrders (BAKERBAZZAR.API)'
2024-11-12 23:22:47.979 +05:30  INF  Request finished HTTP/1.1 GET http://localhost:5145/user/myorders?displayid=e62f03f4-2dcf-4f80-bc23-341651bd9338 - - - 200 - application/json;+charset=utf-8 18.7422ms
2024-11-12 23:23:55.944 +05:30  INF  Request starting HTTP/1.1 GET http://localhost:5145/user/products?categoryid= - -
2024-11-12 23:23:55.944 +05:30  INF  CORS policy execution successful.
2024-11-12 23:23:55.944 +05:30  INF  Executing endpoint 'BAKERBAZZAR.API.Controller.UserController.Products (BAKERBAZZAR.API)'
2024-11-12 23:23:55.945 +05:30  INF  Route matched with {action = "Products", controller = "User"}. Executing controller action with signature System.Threading.Tasks.Task`1[Microsoft.AspNetCore.Mvc.ActionResult`1[BAKERBAZZAR.API.Models.ApiResponse]] Products(System.String, System.String) on controller BAKERBAZZAR.API.Controller.UserController (BAKERBAZZAR.API).
2024-11-12 23:23:55.945 +05:30  INF  Request starting HTTP/1.1 GET http://localhost:5145/User/Category - -
2024-11-12 23:23:55.945 +05:30  INF  CORS policy execution successful.
2024-11-12 23:23:55.945 +05:30  INF  Executing endpoint 'BAKERBAZZAR.API.Controller.UserController.Category (BAKERBAZZAR.API)'
2024-11-12 23:23:55.946 +05:30  INF  Route matched with {action = "Category", controller = "User"}. Executing controller action with signature System.Threading.Tasks.Task`1[Microsoft.AspNetCore.Mvc.ActionResult`1[BAKERBAZZAR.API.Models.ApiResponse]] Category(System.String) on controller BAKERBAZZAR.API.Controller.UserController (BAKERBAZZAR.API).
2024-11-12 23:23:55.976 +05:30  INF  Executing ObjectResult, writing value of type 'BAKERBAZZAR.API.Models.ApiResponse'.
2024-11-12 23:23:55.976 +05:30  INF  Executed action BAKERBAZZAR.API.Controller.UserController.Category (BAKERBAZZAR.API) in 30.8181ms
2024-11-12 23:23:55.976 +05:30  INF  Executed endpoint 'BAKERBAZZAR.API.Controller.UserController.Category (BAKERBAZZAR.API)'
2024-11-12 23:23:55.977 +05:30  INF  Request finished HTTP/1.1 GET http://localhost:5145/User/Category - - - 200 - application/json;+charset=utf-8 31.4799ms
2024-11-12 23:23:55.979 +05:30  INF  Request starting HTTP/1.1 GET http://localhost:5145/User/Category - -
2024-11-12 23:23:55.979 +05:30  INF  CORS policy execution successful.
2024-11-12 23:23:55.979 +05:30  INF  Executing endpoint 'BAKERBAZZAR.API.Controller.UserController.Category (BAKERBAZZAR.API)'
2024-11-12 23:23:55.979 +05:30  INF  Route matched with {action = "Category", controller = "User"}. Executing controller action with signature System.Threading.Tasks.Task`1[Microsoft.AspNetCore.Mvc.ActionResult`1[BAKERBAZZAR.API.Models.ApiResponse]] Category(System.String) on controller BAKERBAZZAR.API.Controller.UserController (BAKERBAZZAR.API).
2024-11-12 23:23:55.980 +05:30  INF  Executing ObjectResult, writing value of type 'BAKERBAZZAR.API.Models.ApiResponse'.
2024-11-12 23:23:56.004 +05:30  INF  Executing ObjectResult, writing value of type 'BAKERBAZZAR.API.Models.ApiResponse'.
2024-11-12 23:23:56.004 +05:30  INF  Executed action BAKERBAZZAR.API.Controller.UserController.Category (BAKERBAZZAR.API) in 25.4873ms
2024-11-12 23:23:56.005 +05:30  INF  Executed endpoint 'BAKERBAZZAR.API.Controller.UserController.Category (BAKERBAZZAR.API)'
2024-11-12 23:23:56.005 +05:30  INF  Request finished HTTP/1.1 GET http://localhost:5145/User/Category - - - 200 - application/json;+charset=utf-8 26.0325ms
2024-11-12 23:23:56.137 +05:30  INF  Request starting HTTP/1.1 GET http://localhost:5145/user/myorders?displayid=e62f03f4-2dcf-4f80-bc23-341651bd9338 - -
2024-11-12 23:23:56.137 +05:30  INF  CORS policy execution successful.
2024-11-12 23:23:56.137 +05:30  INF  Executing endpoint 'BAKERBAZZAR.API.Controller.UserController.MyOrders (BAKERBAZZAR.API)'
2024-11-12 23:23:56.137 +05:30  INF  Route matched with {action = "MyOrders", controller = "User"}. Executing controller action with signature System.Threading.Tasks.Task`1[Microsoft.AspNetCore.Mvc.ActionResult`1[BAKERBAZZAR.API.Models.ApiResponse]] MyOrders(System.String, System.String, System.String) on controller BAKERBAZZAR.API.Controller.UserController (BAKERBAZZAR.API).
2024-11-12 23:23:56.137 +05:30  INF  Request starting HTTP/1.1 GET http://localhost:5145/user/products?categoryid= - -
2024-11-12 23:23:56.138 +05:30  INF  CORS policy execution successful.
2024-11-12 23:23:56.138 +05:30  INF  Executing endpoint 'BAKERBAZZAR.API.Controller.UserController.Products (BAKERBAZZAR.API)'
2024-11-12 23:23:56.138 +05:30  INF  Route matched with {action = "Products", controller = "User"}. Executing controller action with signature System.Threading.Tasks.Task`1[Microsoft.AspNetCore.Mvc.ActionResult`1[BAKERBAZZAR.API.Models.ApiResponse]] Products(System.String, System.String) on controller BAKERBAZZAR.API.Controller.UserController (BAKERBAZZAR.API).
2024-11-12 23:23:56.149 +05:30  INF  Executing ObjectResult, writing value of type 'BAKERBAZZAR.API.Models.ApiResponse'.
2024-11-12 23:23:56.149 +05:30  INF  Executed action BAKERBAZZAR.API.Controller.UserController.Products (BAKERBAZZAR.API) in 204.5775ms
2024-11-12 23:23:56.150 +05:30  INF  Executed endpoint 'BAKERBAZZAR.API.Controller.UserController.Products (BAKERBAZZAR.API)'
2024-11-12 23:23:56.150 +05:30  INF  Request finished HTTP/1.1 GET http://localhost:5145/user/products?categoryid= - - - 200 - application/json;+charset=utf-8 206.2865ms
2024-11-12 23:23:56.152 +05:30  INF  Executed action BAKERBAZZAR.API.Controller.UserController.Products (BAKERBAZZAR.API) in 14.1841ms
2024-11-12 23:23:56.152 +05:30  INF  Executed endpoint 'BAKERBAZZAR.API.Controller.UserController.Products (BAKERBAZZAR.API)'
2024-11-12 23:23:56.152 +05:30  INF  Request finished HTTP/1.1 GET http://localhost:5145/user/products?categoryid= - - - 200 - application/json;+charset=utf-8 15.2783ms
2024-11-12 23:23:56.219 +05:30  INF  Executing ObjectResult, writing value of type 'BAKERBAZZAR.API.Models.ApiResponse'.
2024-11-12 23:23:56.220 +05:30  INF  Executed action BAKERBAZZAR.API.Controller.UserController.MyOrders (BAKERBAZZAR.API) in 82.4202ms
2024-11-12 23:23:56.220 +05:30  INF  Executed endpoint 'BAKERBAZZAR.API.Controller.UserController.MyOrders (BAKERBAZZAR.API)'
2024-11-12 23:23:56.220 +05:30  INF  Request finished HTTP/1.1 GET http://localhost:5145/user/myorders?displayid=e62f03f4-2dcf-4f80-bc23-341651bd9338 - - - 200 - application/json;+charset=utf-8 83.5420ms
2024-11-12 23:24:19.904 +05:30  INF  Request starting HTTP/1.1 GET http://localhost:5145/User/Category - -
2024-11-12 23:24:19.904 +05:30  INF  CORS policy execution successful.
2024-11-12 23:24:19.904 +05:30  INF  Executing endpoint 'BAKERBAZZAR.API.Controller.UserController.Category (BAKERBAZZAR.API)'
2024-11-12 23:24:19.904 +05:30  INF  Route matched with {action = "Category", controller = "User"}. Executing controller action with signature System.Threading.Tasks.Task`1[Microsoft.AspNetCore.Mvc.ActionResult`1[BAKERBAZZAR.API.Models.ApiResponse]] Category(System.String) on controller BAKERBAZZAR.API.Controller.UserController (BAKERBAZZAR.API).
2024-11-12 23:24:19.907 +05:30  INF  Request starting HTTP/1.1 GET http://localhost:5145/user/products?categoryid= - -
2024-11-12 23:24:19.907 +05:30  INF  CORS policy execution successful.
2024-11-12 23:24:19.908 +05:30  INF  Executing endpoint 'BAKERBAZZAR.API.Controller.UserController.Products (BAKERBAZZAR.API)'
2024-11-12 23:24:19.908 +05:30  INF  Route matched with {action = "Products", controller = "User"}. Executing controller action with signature System.Threading.Tasks.Task`1[Microsoft.AspNetCore.Mvc.ActionResult`1[BAKERBAZZAR.API.Models.ApiResponse]] Products(System.String, System.String) on controller BAKERBAZZAR.API.Controller.UserController (BAKERBAZZAR.API).
2024-11-12 23:24:19.919 +05:30  INF  Executing ObjectResult, writing value of type 'BAKERBAZZAR.API.Models.ApiResponse'.
2024-11-12 23:24:19.920 +05:30  INF  Executed action BAKERBAZZAR.API.Controller.UserController.Category (BAKERBAZZAR.API) in 15.4055ms
2024-11-12 23:24:19.920 +05:30  INF  Executed endpoint 'BAKERBAZZAR.API.Controller.UserController.Category (BAKERBAZZAR.API)'
2024-11-12 23:24:19.920 +05:30  INF  Request finished HTTP/1.1 GET http://localhost:5145/User/Category - - - 200 - application/json;+charset=utf-8 16.4416ms
2024-11-12 23:24:19.922 +05:30  INF  Request starting HTTP/1.1 GET http://localhost:5145/User/Category - -
2024-11-12 23:24:19.922 +05:30  INF  CORS policy execution successful.
2024-11-12 23:24:19.922 +05:30  INF  Executing endpoint 'BAKERBAZZAR.API.Controller.UserController.Category (BAKERBAZZAR.API)'
2024-11-12 23:24:19.922 +05:30  INF  Route matched with {action = "Category", controller = "User"}. Executing controller action with signature System.Threading.Tasks.Task`1[Microsoft.AspNetCore.Mvc.ActionResult`1[BAKERBAZZAR.API.Models.ApiResponse]] Category(System.String) on controller BAKERBAZZAR.API.Controller.UserController (BAKERBAZZAR.API).
2024-11-12 23:24:19.925 +05:30  INF  Executing ObjectResult, writing value of type 'BAKERBAZZAR.API.Models.ApiResponse'.
2024-11-12 23:24:19.925 +05:30  INF  Executing ObjectResult, writing value of type 'BAKERBAZZAR.API.Models.ApiResponse'.
2024-11-12 23:24:19.925 +05:30  INF  Executed action BAKERBAZZAR.API.Controller.UserController.Category (BAKERBAZZAR.API) in 2.8209ms
2024-11-12 23:24:19.925 +05:30  INF  Executed endpoint 'BAKERBAZZAR.API.Controller.UserController.Category (BAKERBAZZAR.API)'
2024-11-12 23:24:19.925 +05:30  INF  Request finished HTTP/1.1 GET http://localhost:5145/User/Category - - - 200 - application/json;+charset=utf-8 3.4140ms
2024-11-12 23:24:19.928 +05:30  INF  Executed action BAKERBAZZAR.API.Controller.UserController.Products (BAKERBAZZAR.API) in 19.9591ms
2024-11-12 23:24:19.928 +05:30  INF  Executed endpoint 'BAKERBAZZAR.API.Controller.UserController.Products (BAKERBAZZAR.API)'
2024-11-12 23:24:19.928 +05:30  INF  Request finished HTTP/1.1 GET http://localhost:5145/user/products?categoryid= - - - 200 - application/json;+charset=utf-8 20.9472ms
2024-11-12 23:24:19.934 +05:30  INF  Request starting HTTP/1.1 GET http://localhost:5145/user/products?categoryid= - -
2024-11-12 23:24:19.934 +05:30  INF  CORS policy execution successful.
2024-11-12 23:24:19.934 +05:30  INF  Executing endpoint 'BAKERBAZZAR.API.Controller.UserController.Products (BAKERBAZZAR.API)'
2024-11-12 23:24:19.934 +05:30  INF  Route matched with {action = "Products", controller = "User"}. Executing controller action with signature System.Threading.Tasks.Task`1[Microsoft.AspNetCore.Mvc.ActionResult`1[BAKERBAZZAR.API.Models.ApiResponse]] Products(System.String, System.String) on controller BAKERBAZZAR.API.Controller.UserController (BAKERBAZZAR.API).
2024-11-12 23:24:19.941 +05:30  INF  Executing ObjectResult, writing value of type 'BAKERBAZZAR.API.Models.ApiResponse'.
2024-11-12 23:24:19.942 +05:30  INF  Executed action BAKERBAZZAR.API.Controller.UserController.Products (BAKERBAZZAR.API) in 7.6075ms
2024-11-12 23:24:19.942 +05:30  INF  Executed endpoint 'BAKERBAZZAR.API.Controller.UserController.Products (BAKERBAZZAR.API)'
2024-11-12 23:24:19.942 +05:30  INF  Request finished HTTP/1.1 GET http://localhost:5145/user/products?categoryid= - - - 200 - application/json;+charset=utf-8 8.3907ms
2024-11-12 23:24:20.023 +05:30  INF  Request starting HTTP/1.1 GET http://localhost:5145/user/myorders?displayid=e62f03f4-2dcf-4f80-bc23-341651bd9338 - -
2024-11-12 23:24:20.023 +05:30  INF  CORS policy execution successful.
2024-11-12 23:24:20.024 +05:30  INF  Executing endpoint 'BAKERBAZZAR.API.Controller.UserController.MyOrders (BAKERBAZZAR.API)'
2024-11-12 23:24:20.024 +05:30  INF  Route matched with {action = "MyOrders", controller = "User"}. Executing controller action with signature System.Threading.Tasks.Task`1[Microsoft.AspNetCore.Mvc.ActionResult`1[BAKERBAZZAR.API.Models.ApiResponse]] MyOrders(System.String, System.String, System.String) on controller BAKERBAZZAR.API.Controller.UserController (BAKERBAZZAR.API).
2024-11-12 23:24:20.092 +05:30  INF  Executing ObjectResult, writing value of type 'BAKERBAZZAR.API.Models.ApiResponse'.
2024-11-12 23:24:20.093 +05:30  INF  Executed action BAKERBAZZAR.API.Controller.UserController.MyOrders (BAKERBAZZAR.API) in 69.2409ms
2024-11-12 23:24:20.093 +05:30  INF  Executed endpoint 'BAKERBAZZAR.API.Controller.UserController.MyOrders (BAKERBAZZAR.API)'
2024-11-12 23:24:20.093 +05:30  INF  Request finished HTTP/1.1 GET http://localhost:5145/user/myorders?displayid=e62f03f4-2dcf-4f80-bc23-341651bd9338 - - - 200 - application/json;+charset=utf-8 70.0905ms
2024-11-12 23:24:42.219 +05:30  INF  Request starting HTTP/1.1 GET http://localhost:5145/User/Category - -
2024-11-12 23:24:42.220 +05:30  INF  CORS policy execution successful.
2024-11-12 23:24:42.220 +05:30  INF  Executing endpoint 'BAKERBAZZAR.API.Controller.UserController.Category (BAKERBAZZAR.API)'
2024-11-12 23:24:42.221 +05:30  INF  Route matched with {action = "Category", controller = "User"}. Executing controller action with signature System.Threading.Tasks.Task`1[Microsoft.AspNetCore.Mvc.ActionResult`1[BAKERBAZZAR.API.Models.ApiResponse]] Category(System.String) on controller BAKERBAZZAR.API.Controller.UserController (BAKERBAZZAR.API).
2024-11-12 23:24:42.231 +05:30  INF  Request starting HTTP/1.1 GET http://localhost:5145/user/products?categoryid= - -
2024-11-12 23:24:42.231 +05:30  INF  CORS policy execution successful.
2024-11-12 23:24:42.231 +05:30  INF  Executing endpoint 'BAKERBAZZAR.API.Controller.UserController.Products (BAKERBAZZAR.API)'
2024-11-12 23:24:42.232 +05:30  INF  Route matched with {action = "Products", controller = "User"}. Executing controller action with signature System.Threading.Tasks.Task`1[Microsoft.AspNetCore.Mvc.ActionResult`1[BAKERBAZZAR.API.Models.ApiResponse]] Products(System.String, System.String) on controller BAKERBAZZAR.API.Controller.UserController (BAKERBAZZAR.API).
2024-11-12 23:24:42.270 +05:30  INF  Executing ObjectResult, writing value of type 'BAKERBAZZAR.API.Models.ApiResponse'.
2024-11-12 23:24:42.271 +05:30  INF  Executed action BAKERBAZZAR.API.Controller.UserController.Products (BAKERBAZZAR.API) in 39.7ms
2024-11-12 23:24:42.271 +05:30  INF  Executed endpoint 'BAKERBAZZAR.API.Controller.UserController.Products (BAKERBAZZAR.API)'
2024-11-12 23:24:42.271 +05:30  INF  Request finished HTTP/1.1 GET http://localhost:5145/user/products?categoryid= - - - 200 - application/json;+charset=utf-8 40.8700ms
2024-11-12 23:24:42.334 +05:30  INF  Executing ObjectResult, writing value of type 'BAKERBAZZAR.API.Models.ApiResponse'.
2024-11-12 23:24:42.335 +05:30  INF  Executed action BAKERBAZZAR.API.Controller.UserController.Category (BAKERBAZZAR.API) in 113.7036ms
2024-11-12 23:24:42.335 +05:30  INF  Executed endpoint 'BAKERBAZZAR.API.Controller.UserController.Category (BAKERBAZZAR.API)'
2024-11-12 23:24:42.335 +05:30  INF  Request finished HTTP/1.1 GET http://localhost:5145/User/Category - - - 200 - application/json;+charset=utf-8 115.8534ms
2024-11-12 23:24:42.339 +05:30  INF  Request starting HTTP/1.1 GET http://localhost:5145/User/Category - -
2024-11-12 23:24:42.339 +05:30  INF  Request starting HTTP/1.1 GET http://localhost:5145/user/products?categoryid= - -
2024-11-12 23:24:42.339 +05:30  INF  CORS policy execution successful.
2024-11-12 23:24:42.339 +05:30  INF  CORS policy execution successful.
2024-11-12 23:24:42.339 +05:30  INF  Executing endpoint 'BAKERBAZZAR.API.Controller.UserController.Category (BAKERBAZZAR.API)'
2024-11-12 23:24:42.339 +05:30  INF  Executing endpoint 'BAKERBAZZAR.API.Controller.UserController.Products (BAKERBAZZAR.API)'
2024-11-12 23:24:42.339 +05:30  INF  Route matched with {action = "Products", controller = "User"}. Executing controller action with signature System.Threading.Tasks.Task`1[Microsoft.AspNetCore.Mvc.ActionResult`1[BAKERBAZZAR.API.Models.ApiResponse]] Products(System.String, System.String) on controller BAKERBAZZAR.API.Controller.UserController (BAKERBAZZAR.API).
2024-11-12 23:24:42.340 +05:30  INF  Route matched with {action = "Category", controller = "User"}. Executing controller action with signature System.Threading.Tasks.Task`1[Microsoft.AspNetCore.Mvc.ActionResult`1[BAKERBAZZAR.API.Models.ApiResponse]] Category(System.String) on controller BAKERBAZZAR.API.Controller.UserController (BAKERBAZZAR.API).
2024-11-12 23:24:42.343 +05:30  INF  Executing ObjectResult, writing value of type 'BAKERBAZZAR.API.Models.ApiResponse'.
2024-11-12 23:24:42.343 +05:30  INF  Executed action BAKERBAZZAR.API.Controller.UserController.Category (BAKERBAZZAR.API) in 3.7493ms
2024-11-12 23:24:42.344 +05:30  INF  Executed endpoint 'BAKERBAZZAR.API.Controller.UserController.Category (BAKERBAZZAR.API)'
2024-11-12 23:24:42.344 +05:30  INF  Request finished HTTP/1.1 GET http://localhost:5145/User/Category - - - 200 - application/json;+charset=utf-8 4.7720ms
2024-11-12 23:24:42.344 +05:30  INF  Request starting HTTP/1.1 GET http://localhost:5145/user/myorders?displayid=e62f03f4-2dcf-4f80-bc23-341651bd9338 - -
2024-11-12 23:24:42.344 +05:30  INF  CORS policy execution successful.
2024-11-12 23:24:42.344 +05:30  INF  Executing endpoint 'BAKERBAZZAR.API.Controller.UserController.MyOrders (BAKERBAZZAR.API)'
2024-11-12 23:24:42.344 +05:30  INF  Route matched with {action = "MyOrders", controller = "User"}. Executing controller action with signature System.Threading.Tasks.Task`1[Microsoft.AspNetCore.Mvc.ActionResult`1[BAKERBAZZAR.API.Models.ApiResponse]] MyOrders(System.String, System.String, System.String) on controller BAKERBAZZAR.API.Controller.UserController (BAKERBAZZAR.API).
2024-11-12 23:24:42.394 +05:30  INF  Executing ObjectResult, writing value of type 'BAKERBAZZAR.API.Models.ApiResponse'.
2024-11-12 23:24:42.395 +05:30  INF  Executed action BAKERBAZZAR.API.Controller.UserController.MyOrders (BAKERBAZZAR.API) in 50.6029ms
2024-11-12 23:24:42.395 +05:30  INF  Executed endpoint 'BAKERBAZZAR.API.Controller.UserController.MyOrders (BAKERBAZZAR.API)'
2024-11-12 23:24:42.395 +05:30  INF  Request finished HTTP/1.1 GET http://localhost:5145/user/myorders?displayid=e62f03f4-2dcf-4f80-bc23-341651bd9338 - - - 200 - application/json;+charset=utf-8 51.0775ms
2024-11-12 23:24:42.423 +05:30  INF  Executing ObjectResult, writing value of type 'BAKERBAZZAR.API.Models.ApiResponse'.
2024-11-12 23:24:42.429 +05:30  INF  Executed action BAKERBAZZAR.API.Controller.UserController.Products (BAKERBAZZAR.API) in 89.618ms
2024-11-12 23:24:42.429 +05:30  INF  Executed endpoint 'BAKERBAZZAR.API.Controller.UserController.Products (BAKERBAZZAR.API)'
2024-11-12 23:24:42.429 +05:30  INF  Request finished HTTP/1.1 GET http://localhost:5145/user/products?categoryid= - - - 200 - application/json;+charset=utf-8 90.2418ms
2024-11-12 23:25:09.712 +05:30  INF  Request starting HTTP/1.1 GET http://localhost:5145/User/Category - -
2024-11-12 23:25:09.713 +05:30  INF  CORS policy execution successful.
2024-11-12 23:25:09.713 +05:30  INF  Executing endpoint 'BAKERBAZZAR.API.Controller.UserController.Category (BAKERBAZZAR.API)'
2024-11-12 23:25:09.714 +05:30  INF  Route matched with {action = "Category", controller = "User"}. Executing controller action with signature System.Threading.Tasks.Task`1[Microsoft.AspNetCore.Mvc.ActionResult`1[BAKERBAZZAR.API.Models.ApiResponse]] Category(System.String) on controller BAKERBAZZAR.API.Controller.UserController (BAKERBAZZAR.API).
2024-11-12 23:25:09.715 +05:30  INF  Request starting HTTP/1.1 GET http://localhost:5145/user/products?categoryid= - -
2024-11-12 23:25:09.716 +05:30  INF  CORS policy execution successful.
2024-11-12 23:25:09.716 +05:30  INF  Executing endpoint 'BAKERBAZZAR.API.Controller.UserController.Products (BAKERBAZZAR.API)'
2024-11-12 23:25:09.716 +05:30  INF  Route matched with {action = "Products", controller = "User"}. Executing controller action with signature System.Threading.Tasks.Task`1[Microsoft.AspNetCore.Mvc.ActionResult`1[BAKERBAZZAR.API.Models.ApiResponse]] Products(System.String, System.String) on controller BAKERBAZZAR.API.Controller.UserController (BAKERBAZZAR.API).
2024-11-12 23:25:09.736 +05:30  INF  Executing ObjectResult, writing value of type 'BAKERBAZZAR.API.Models.ApiResponse'.
2024-11-12 23:25:09.736 +05:30  INF  Executed action BAKERBAZZAR.API.Controller.UserController.Category (BAKERBAZZAR.API) in 22.4681ms
2024-11-12 23:25:09.736 +05:30  INF  Executed endpoint 'BAKERBAZZAR.API.Controller.UserController.Category (BAKERBAZZAR.API)'
2024-11-12 23:25:09.737 +05:30  INF  Request finished HTTP/1.1 GET http://localhost:5145/User/Category - - - 200 - application/json;+charset=utf-8 24.1482ms
2024-11-12 23:25:09.738 +05:30  INF  Executing ObjectResult, writing value of type 'BAKERBAZZAR.API.Models.ApiResponse'.
2024-11-12 23:25:09.738 +05:30  INF  Request starting HTTP/1.1 GET http://localhost:5145/User/Category - -
2024-11-12 23:25:09.739 +05:30  INF  CORS policy execution successful.
2024-11-12 23:25:09.739 +05:30  INF  Executing endpoint 'BAKERBAZZAR.API.Controller.UserController.Category (BAKERBAZZAR.API)'
2024-11-12 23:25:09.739 +05:30  INF  Route matched with {action = "Category", controller = "User"}. Executing controller action with signature System.Threading.Tasks.Task`1[Microsoft.AspNetCore.Mvc.ActionResult`1[BAKERBAZZAR.API.Models.ApiResponse]] Category(System.String) on controller BAKERBAZZAR.API.Controller.UserController (BAKERBAZZAR.API).
2024-11-12 23:25:09.757 +05:30  INF  Executed action BAKERBAZZAR.API.Controller.UserController.Products (BAKERBAZZAR.API) in 40.5979ms
2024-11-12 23:25:09.757 +05:30  INF  Executed endpoint 'BAKERBAZZAR.API.Controller.UserController.Products (BAKERBAZZAR.API)'
2024-11-12 23:25:09.757 +05:30  INF  Request finished HTTP/1.1 GET http://localhost:5145/user/products?categoryid= - - - 200 - application/json;+charset=utf-8 41.3766ms
2024-11-12 23:25:09.759 +05:30  INF  Executing ObjectResult, writing value of type 'BAKERBAZZAR.API.Models.ApiResponse'.
2024-11-12 23:25:09.759 +05:30  INF  Executed action BAKERBAZZAR.API.Controller.UserController.Category (BAKERBAZZAR.API) in 3.0814ms
2024-11-12 23:25:09.759 +05:30  INF  Executed endpoint 'BAKERBAZZAR.API.Controller.UserController.Category (BAKERBAZZAR.API)'
2024-11-12 23:25:09.759 +05:30  INF  Request finished HTTP/1.1 GET http://localhost:5145/User/Category - - - 200 - application/json;+charset=utf-8 21.0226ms
2024-11-12 23:25:09.760 +05:30  INF  Request starting HTTP/1.1 GET http://localhost:5145/user/products?categoryid= - -
2024-11-12 23:25:09.760 +05:30  INF  CORS policy execution successful.
2024-11-12 23:25:09.760 +05:30  INF  Executing endpoint 'BAKERBAZZAR.API.Controller.UserController.Products (BAKERBAZZAR.API)'
2024-11-12 23:25:09.760 +05:30  INF  Route matched with {action = "Products", controller = "User"}. Executing controller action with signature System.Threading.Tasks.Task`1[Microsoft.AspNetCore.Mvc.ActionResult`1[BAKERBAZZAR.API.Models.ApiResponse]] Products(System.String, System.String) on controller BAKERBAZZAR.API.Controller.UserController (BAKERBAZZAR.API).
2024-11-12 23:25:09.770 +05:30  INF  Executing ObjectResult, writing value of type 'BAKERBAZZAR.API.Models.ApiResponse'.
2024-11-12 23:25:09.771 +05:30  INF  Executed action BAKERBAZZAR.API.Controller.UserController.Products (BAKERBAZZAR.API) in 10.9768ms
2024-11-12 23:25:09.771 +05:30  INF  Executed endpoint 'BAKERBAZZAR.API.Controller.UserController.Products (BAKERBAZZAR.API)'
2024-11-12 23:25:09.771 +05:30  INF  Request finished HTTP/1.1 GET http://localhost:5145/user/products?categoryid= - - - 200 - application/json;+charset=utf-8 11.7010ms
2024-11-12 23:25:09.789 +05:30  INF  Request starting HTTP/1.1 GET http://localhost:5145/user/myorders?displayid=e62f03f4-2dcf-4f80-bc23-341651bd9338 - -
2024-11-12 23:25:09.789 +05:30  INF  CORS policy execution successful.
2024-11-12 23:25:09.789 +05:30  INF  Executing endpoint 'BAKERBAZZAR.API.Controller.UserController.MyOrders (BAKERBAZZAR.API)'
2024-11-12 23:25:09.789 +05:30  INF  Route matched with {action = "MyOrders", controller = "User"}. Executing controller action with signature System.Threading.Tasks.Task`1[Microsoft.AspNetCore.Mvc.ActionResult`1[BAKERBAZZAR.API.Models.ApiResponse]] MyOrders(System.String, System.String, System.String) on controller BAKERBAZZAR.API.Controller.UserController (BAKERBAZZAR.API).
2024-11-12 23:25:09.824 +05:30  INF  Executing ObjectResult, writing value of type 'BAKERBAZZAR.API.Models.ApiResponse'.
2024-11-12 23:25:09.824 +05:30  INF  Executed action BAKERBAZZAR.API.Controller.UserController.MyOrders (BAKERBAZZAR.API) in 34.7725ms
2024-11-12 23:25:09.824 +05:30  INF  Executed endpoint 'BAKERBAZZAR.API.Controller.UserController.MyOrders (BAKERBAZZAR.API)'
2024-11-12 23:25:09.824 +05:30  INF  Request finished HTTP/1.1 GET http://localhost:5145/user/myorders?displayid=e62f03f4-2dcf-4f80-bc23-341651bd9338 - - - 200 - application/json;+charset=utf-8 35.3685ms
2024-11-12 23:26:32.566 +05:30  INF  Request starting HTTP/1.1 GET http://localhost:5145/User/Category - -
2024-11-12 23:26:32.566 +05:30  INF  CORS policy execution successful.
2024-11-12 23:26:32.567 +05:30  INF  Executing endpoint 'BAKERBAZZAR.API.Controller.UserController.Category (BAKERBAZZAR.API)'
2024-11-12 23:26:32.567 +05:30  INF  Route matched with {action = "Category", controller = "User"}. Executing controller action with signature System.Threading.Tasks.Task`1[Microsoft.AspNetCore.Mvc.ActionResult`1[BAKERBAZZAR.API.Models.ApiResponse]] Category(System.String) on controller BAKERBAZZAR.API.Controller.UserController (BAKERBAZZAR.API).
2024-11-12 23:26:32.568 +05:30  INF  Request starting HTTP/1.1 GET http://localhost:5145/user/products?categoryid= - -
2024-11-12 23:26:32.590 +05:30  INF  CORS policy execution successful.
2024-11-12 23:26:32.591 +05:30  INF  Executing endpoint 'BAKERBAZZAR.API.Controller.UserController.Products (BAKERBAZZAR.API)'
2024-11-12 23:26:32.591 +05:30  INF  Route matched with {action = "Products", controller = "User"}. Executing controller action with signature System.Threading.Tasks.Task`1[Microsoft.AspNetCore.Mvc.ActionResult`1[BAKERBAZZAR.API.Models.ApiResponse]] Products(System.String, System.String) on controller BAKERBAZZAR.API.Controller.UserController (BAKERBAZZAR.API).
2024-11-12 23:26:32.617 +05:30  INF  Executing ObjectResult, writing value of type 'BAKERBAZZAR.API.Models.ApiResponse'.
2024-11-12 23:26:32.617 +05:30  INF  Executed action BAKERBAZZAR.API.Controller.UserController.Category (BAKERBAZZAR.API) in 50.5478ms
2024-11-12 23:26:32.617 +05:30  INF  Executed endpoint 'BAKERBAZZAR.API.Controller.UserController.Category (BAKERBAZZAR.API)'
2024-11-12 23:26:32.617 +05:30  INF  Request finished HTTP/1.1 GET http://localhost:5145/User/Category - - - 200 - application/json;+charset=utf-8 51.7005ms
2024-11-12 23:26:32.620 +05:30  INF  Request starting HTTP/1.1 GET http://localhost:5145/User/Category - -
2024-11-12 23:26:32.620 +05:30  INF  CORS policy execution successful.
2024-11-12 23:26:32.620 +05:30  INF  Executing endpoint 'BAKERBAZZAR.API.Controller.UserController.Category (BAKERBAZZAR.API)'
2024-11-12 23:26:32.620 +05:30  INF  Route matched with {action = "Category", controller = "User"}. Executing controller action with signature System.Threading.Tasks.Task`1[Microsoft.AspNetCore.Mvc.ActionResult`1[BAKERBAZZAR.API.Models.ApiResponse]] Category(System.String) on controller BAKERBAZZAR.API.Controller.UserController (BAKERBAZZAR.API).
2024-11-12 23:26:32.621 +05:30  INF  Executing ObjectResult, writing value of type 'BAKERBAZZAR.API.Models.ApiResponse'.
2024-11-12 23:26:32.622 +05:30  INF  Executed action BAKERBAZZAR.API.Controller.UserController.Category (BAKERBAZZAR.API) in 1.6415ms
2024-11-12 23:26:32.622 +05:30  INF  Executed endpoint 'BAKERBAZZAR.API.Controller.UserController.Category (BAKERBAZZAR.API)'
2024-11-12 23:26:32.622 +05:30  INF  Request finished HTTP/1.1 GET http://localhost:5145/User/Category - - - 200 - application/json;+charset=utf-8 2.1994ms
2024-11-12 23:26:32.625 +05:30  INF  Executing ObjectResult, writing value of type 'BAKERBAZZAR.API.Models.ApiResponse'.
2024-11-12 23:26:32.626 +05:30  INF  Executed action BAKERBAZZAR.API.Controller.UserController.Products (BAKERBAZZAR.API) in 34.8265ms
2024-11-12 23:26:32.626 +05:30  INF  Executed endpoint 'BAKERBAZZAR.API.Controller.UserController.Products (BAKERBAZZAR.API)'
2024-11-12 23:26:32.626 +05:30  INF  Request finished HTTP/1.1 GET http://localhost:5145/user/products?categoryid= - - - 200 - application/json;+charset=utf-8 57.9537ms
2024-11-12 23:26:32.629 +05:30  INF  Request starting HTTP/1.1 GET http://localhost:5145/user/products?categoryid= - -
2024-11-12 23:26:32.629 +05:30  INF  CORS policy execution successful.
2024-11-12 23:26:32.629 +05:30  INF  Executing endpoint 'BAKERBAZZAR.API.Controller.UserController.Products (BAKERBAZZAR.API)'
2024-11-12 23:26:32.629 +05:30  INF  Route matched with {action = "Products", controller = "User"}. Executing controller action with signature System.Threading.Tasks.Task`1[Microsoft.AspNetCore.Mvc.ActionResult`1[BAKERBAZZAR.API.Models.ApiResponse]] Products(System.String, System.String) on controller BAKERBAZZAR.API.Controller.UserController (BAKERBAZZAR.API).
2024-11-12 23:26:32.640 +05:30  INF  Executing ObjectResult, writing value of type 'BAKERBAZZAR.API.Models.ApiResponse'.
2024-11-12 23:26:32.642 +05:30  INF  Executed action BAKERBAZZAR.API.Controller.UserController.Products (BAKERBAZZAR.API) in 12.5012ms
2024-11-12 23:26:32.642 +05:30  INF  Executed endpoint 'BAKERBAZZAR.API.Controller.UserController.Products (BAKERBAZZAR.API)'
2024-11-12 23:26:32.642 +05:30  INF  Request finished HTTP/1.1 GET http://localhost:5145/user/products?categoryid= - - - 200 - application/json;+charset=utf-8 13.1211ms
2024-11-12 23:26:32.652 +05:30  INF  Request starting HTTP/1.1 GET http://localhost:5145/user/myorders?displayid=e62f03f4-2dcf-4f80-bc23-341651bd9338 - -
2024-11-12 23:26:32.652 +05:30  INF  CORS policy execution successful.
2024-11-12 23:26:32.652 +05:30  INF  Executing endpoint 'BAKERBAZZAR.API.Controller.UserController.MyOrders (BAKERBAZZAR.API)'
2024-11-12 23:26:32.653 +05:30  INF  Route matched with {action = "MyOrders", controller = "User"}. Executing controller action with signature System.Threading.Tasks.Task`1[Microsoft.AspNetCore.Mvc.ActionResult`1[BAKERBAZZAR.API.Models.ApiResponse]] MyOrders(System.String, System.String, System.String) on controller BAKERBAZZAR.API.Controller.UserController (BAKERBAZZAR.API).
2024-11-12 23:26:32.711 +05:30  INF  Executing ObjectResult, writing value of type 'BAKERBAZZAR.API.Models.ApiResponse'.
2024-11-12 23:26:32.711 +05:30  INF  Executed action BAKERBAZZAR.API.Controller.UserController.MyOrders (BAKERBAZZAR.API) in 58.4767ms
2024-11-12 23:26:32.711 +05:30  INF  Executed endpoint 'BAKERBAZZAR.API.Controller.UserController.MyOrders (BAKERBAZZAR.API)'
2024-11-12 23:26:32.711 +05:30  INF  Request finished HTTP/1.1 GET http://localhost:5145/user/myorders?displayid=e62f03f4-2dcf-4f80-bc23-341651bd9338 - - - 200 - application/json;+charset=utf-8 59.0519ms
2024-11-12 23:28:05.362 +05:30  INF  Request starting HTTP/1.1 GET http://localhost:5145/User/Category - -
2024-11-12 23:28:05.362 +05:30  INF  CORS policy execution successful.
2024-11-12 23:28:05.362 +05:30  INF  Executing endpoint 'BAKERBAZZAR.API.Controller.UserController.Category (BAKERBAZZAR.API)'
2024-11-12 23:28:05.362 +05:30  INF  Route matched with {action = "Category", controller = "User"}. Executing controller action with signature System.Threading.Tasks.Task`1[Microsoft.AspNetCore.Mvc.ActionResult`1[BAKERBAZZAR.API.Models.ApiResponse]] Category(System.String) on controller BAKERBAZZAR.API.Controller.UserController (BAKERBAZZAR.API).
2024-11-12 23:28:05.366 +05:30  INF  Request starting HTTP/1.1 GET http://localhost:5145/user/products?categoryid= - -
2024-11-12 23:28:05.367 +05:30  INF  CORS policy execution successful.
2024-11-12 23:28:05.367 +05:30  INF  Executing endpoint 'BAKERBAZZAR.API.Controller.UserController.Products (BAKERBAZZAR.API)'
2024-11-12 23:28:05.367 +05:30  INF  Route matched with {action = "Products", controller = "User"}. Executing controller action with signature System.Threading.Tasks.Task`1[Microsoft.AspNetCore.Mvc.ActionResult`1[BAKERBAZZAR.API.Models.ApiResponse]] Products(System.String, System.String) on controller BAKERBAZZAR.API.Controller.UserController (BAKERBAZZAR.API).
2024-11-12 23:28:05.388 +05:30  INF  Executing ObjectResult, writing value of type 'BAKERBAZZAR.API.Models.ApiResponse'.
2024-11-12 23:28:05.388 +05:30  INF  Executed action BAKERBAZZAR.API.Controller.UserController.Category (BAKERBAZZAR.API) in 26.018ms
2024-11-12 23:28:05.388 +05:30  INF  Executed endpoint 'BAKERBAZZAR.API.Controller.UserController.Category (BAKERBAZZAR.API)'
2024-11-12 23:28:05.389 +05:30  INF  Request finished HTTP/1.1 GET http://localhost:5145/User/Category - - - 200 - application/json;+charset=utf-8 27.1478ms
2024-11-12 23:28:05.390 +05:30  INF  Request starting HTTP/1.1 GET http://localhost:5145/User/Category - -
2024-11-12 23:28:05.391 +05:30  INF  CORS policy execution successful.
2024-11-12 23:28:05.391 +05:30  INF  Executing endpoint 'BAKERBAZZAR.API.Controller.UserController.Category (BAKERBAZZAR.API)'
2024-11-12 23:28:05.391 +05:30  INF  Route matched with {action = "Category", controller = "User"}. Executing controller action with signature System.Threading.Tasks.Task`1[Microsoft.AspNetCore.Mvc.ActionResult`1[BAKERBAZZAR.API.Models.ApiResponse]] Category(System.String) on controller BAKERBAZZAR.API.Controller.UserController (BAKERBAZZAR.API).
2024-11-12 23:28:05.392 +05:30  INF  Executing ObjectResult, writing value of type 'BAKERBAZZAR.API.Models.ApiResponse'.
2024-11-12 23:28:05.392 +05:30  INF  Executing ObjectResult, writing value of type 'BAKERBAZZAR.API.Models.ApiResponse'.
2024-11-12 23:28:05.392 +05:30  INF  Executed action BAKERBAZZAR.API.Controller.UserController.Category (BAKERBAZZAR.API) in 1.5305ms
2024-11-12 23:28:05.392 +05:30  INF  Executed endpoint 'BAKERBAZZAR.API.Controller.UserController.Category (BAKERBAZZAR.API)'
2024-11-12 23:28:05.392 +05:30  INF  Request finished HTTP/1.1 GET http://localhost:5145/User/Category - - - 200 - application/json;+charset=utf-8 1.9434ms
2024-11-12 23:28:05.393 +05:30  INF  Executed action BAKERBAZZAR.API.Controller.UserController.Products (BAKERBAZZAR.API) in 26.0059ms
2024-11-12 23:28:05.393 +05:30  INF  Executed endpoint 'BAKERBAZZAR.API.Controller.UserController.Products (BAKERBAZZAR.API)'
2024-11-12 23:28:05.393 +05:30  INF  Request finished HTTP/1.1 GET http://localhost:5145/user/products?categoryid= - - - 200 - application/json;+charset=utf-8 26.7328ms
2024-11-12 23:28:05.396 +05:30  INF  Request starting HTTP/1.1 GET http://localhost:5145/user/products?categoryid= - -
2024-11-12 23:28:05.396 +05:30  INF  CORS policy execution successful.
2024-11-12 23:28:05.396 +05:30  INF  Executing endpoint 'BAKERBAZZAR.API.Controller.UserController.Products (BAKERBAZZAR.API)'
2024-11-12 23:28:05.396 +05:30  INF  Route matched with {action = "Products", controller = "User"}. Executing controller action with signature System.Threading.Tasks.Task`1[Microsoft.AspNetCore.Mvc.ActionResult`1[BAKERBAZZAR.API.Models.ApiResponse]] Products(System.String, System.String) on controller BAKERBAZZAR.API.Controller.UserController (BAKERBAZZAR.API).
2024-11-12 23:28:05.402 +05:30  INF  Executing ObjectResult, writing value of type 'BAKERBAZZAR.API.Models.ApiResponse'.
2024-11-12 23:28:05.402 +05:30  INF  Executed action BAKERBAZZAR.API.Controller.UserController.Products (BAKERBAZZAR.API) in 6.1974ms
2024-11-12 23:28:05.402 +05:30  INF  Executed endpoint 'BAKERBAZZAR.API.Controller.UserController.Products (BAKERBAZZAR.API)'
2024-11-12 23:28:05.403 +05:30  INF  Request finished HTTP/1.1 GET http://localhost:5145/user/products?categoryid= - - - 200 - application/json;+charset=utf-8 6.5958ms
2024-11-12 23:28:05.474 +05:30  INF  Request starting HTTP/1.1 GET http://localhost:5145/user/myorders?displayid=e62f03f4-2dcf-4f80-bc23-341651bd9338 - -
2024-11-12 23:28:05.474 +05:30  INF  CORS policy execution successful.
2024-11-12 23:28:05.474 +05:30  INF  Executing endpoint 'BAKERBAZZAR.API.Controller.UserController.MyOrders (BAKERBAZZAR.API)'
2024-11-12 23:28:05.474 +05:30  INF  Route matched with {action = "MyOrders", controller = "User"}. Executing controller action with signature System.Threading.Tasks.Task`1[Microsoft.AspNetCore.Mvc.ActionResult`1[BAKERBAZZAR.API.Models.ApiResponse]] MyOrders(System.String, System.String, System.String) on controller BAKERBAZZAR.API.Controller.UserController (BAKERBAZZAR.API).
2024-11-12 23:28:05.572 +05:30  INF  Executing ObjectResult, writing value of type 'BAKERBAZZAR.API.Models.ApiResponse'.
2024-11-12 23:28:05.573 +05:30  INF  Executed action BAKERBAZZAR.API.Controller.UserController.MyOrders (BAKERBAZZAR.API) in 98.631ms
2024-11-12 23:28:05.573 +05:30  INF  Executed endpoint 'BAKERBAZZAR.API.Controller.UserController.MyOrders (BAKERBAZZAR.API)'
2024-11-12 23:28:05.573 +05:30  INF  Request finished HTTP/1.1 GET http://localhost:5145/user/myorders?displayid=e62f03f4-2dcf-4f80-bc23-341651bd9338 - - - 200 - application/json;+charset=utf-8 99.2828ms
2024-11-12 23:30:28.223 +05:30  INF  Request starting HTTP/1.1 GET http://localhost:5145/User/Category - -
2024-11-12 23:30:28.223 +05:30  INF  CORS policy execution successful.
2024-11-12 23:30:28.223 +05:30  INF  Executing endpoint 'BAKERBAZZAR.API.Controller.UserController.Category (BAKERBAZZAR.API)'
2024-11-12 23:30:28.223 +05:30  INF  Route matched with {action = "Category", controller = "User"}. Executing controller action with signature System.Threading.Tasks.Task`1[Microsoft.AspNetCore.Mvc.ActionResult`1[BAKERBAZZAR.API.Models.ApiResponse]] Category(System.String) on controller BAKERBAZZAR.API.Controller.UserController (BAKERBAZZAR.API).
2024-11-12 23:30:28.224 +05:30  INF  Request starting HTTP/1.1 GET http://localhost:5145/user/products?categoryid= - -
2024-11-12 23:30:28.224 +05:30  INF  CORS policy execution successful.
2024-11-12 23:30:28.224 +05:30  INF  Executing endpoint 'BAKERBAZZAR.API.Controller.UserController.Products (BAKERBAZZAR.API)'
2024-11-12 23:30:28.224 +05:30  INF  Route matched with {action = "Products", controller = "User"}. Executing controller action with signature System.Threading.Tasks.Task`1[Microsoft.AspNetCore.Mvc.ActionResult`1[BAKERBAZZAR.API.Models.ApiResponse]] Products(System.String, System.String) on controller BAKERBAZZAR.API.Controller.UserController (BAKERBAZZAR.API).
2024-11-12 23:30:28.233 +05:30  INF  Request starting HTTP/1.1 GET http://localhost:5145/user/myorders?displayid=e62f03f4-2dcf-4f80-bc23-341651bd9338 - -
2024-11-12 23:30:28.233 +05:30  INF  CORS policy execution successful.
2024-11-12 23:30:28.233 +05:30  INF  Executing endpoint 'BAKERBAZZAR.API.Controller.UserController.MyOrders (BAKERBAZZAR.API)'
2024-11-12 23:30:28.233 +05:30  INF  Route matched with {action = "MyOrders", controller = "User"}. Executing controller action with signature System.Threading.Tasks.Task`1[Microsoft.AspNetCore.Mvc.ActionResult`1[BAKERBAZZAR.API.Models.ApiResponse]] MyOrders(System.String, System.String, System.String) on controller BAKERBAZZAR.API.Controller.UserController (BAKERBAZZAR.API).
2024-11-12 23:30:28.248 +05:30  INF  Executing ObjectResult, writing value of type 'BAKERBAZZAR.API.Models.ApiResponse'.
2024-11-12 23:30:28.248 +05:30  INF  Executed action BAKERBAZZAR.API.Controller.UserController.Category (BAKERBAZZAR.API) in 24.6959ms
2024-11-12 23:30:28.248 +05:30  INF  Executed endpoint 'BAKERBAZZAR.API.Controller.UserController.Category (BAKERBAZZAR.API)'
2024-11-12 23:30:28.248 +05:30  INF  Request finished HTTP/1.1 GET http://localhost:5145/User/Category - - - 200 - application/json;+charset=utf-8 25.4786ms
2024-11-12 23:30:28.249 +05:30  INF  Executing ObjectResult, writing value of type 'BAKERBAZZAR.API.Models.ApiResponse'.
2024-11-12 23:30:28.250 +05:30  INF  Executed action BAKERBAZZAR.API.Controller.UserController.Products (BAKERBAZZAR.API) in 25.4461ms
2024-11-12 23:30:28.250 +05:30  INF  Executed endpoint 'BAKERBAZZAR.API.Controller.UserController.Products (BAKERBAZZAR.API)'
2024-11-12 23:30:28.250 +05:30  INF  Request starting HTTP/1.1 GET http://localhost:5145/User/Category - -
2024-11-12 23:30:28.250 +05:30  INF  Request finished HTTP/1.1 GET http://localhost:5145/user/products?categoryid= - - - 200 - application/json;+charset=utf-8 25.8053ms
2024-11-12 23:30:28.250 +05:30  INF  CORS policy execution successful.
2024-11-12 23:30:28.250 +05:30  INF  Executing endpoint 'BAKERBAZZAR.API.Controller.UserController.Category (BAKERBAZZAR.API)'
2024-11-12 23:30:28.250 +05:30  INF  Route matched with {action = "Category", controller = "User"}. Executing controller action with signature System.Threading.Tasks.Task`1[Microsoft.AspNetCore.Mvc.ActionResult`1[BAKERBAZZAR.API.Models.ApiResponse]] Category(System.String) on controller BAKERBAZZAR.API.Controller.UserController (BAKERBAZZAR.API).
2024-11-12 23:30:28.252 +05:30  INF  Executing ObjectResult, writing value of type 'BAKERBAZZAR.API.Models.ApiResponse'.
2024-11-12 23:30:28.252 +05:30  INF  Executed action BAKERBAZZAR.API.Controller.UserController.Category (BAKERBAZZAR.API) in 2.0492ms
2024-11-12 23:30:28.252 +05:30  INF  Executed endpoint 'BAKERBAZZAR.API.Controller.UserController.Category (BAKERBAZZAR.API)'
2024-11-12 23:30:28.252 +05:30  INF  Request finished HTTP/1.1 GET http://localhost:5145/User/Category - - - 200 - application/json;+charset=utf-8 2.4926ms
2024-11-12 23:30:28.254 +05:30  INF  Request starting HTTP/1.1 GET http://localhost:5145/user/products?categoryid= - -
2024-11-12 23:30:28.255 +05:30  INF  CORS policy execution successful.
2024-11-12 23:30:28.255 +05:30  INF  Executing endpoint 'BAKERBAZZAR.API.Controller.UserController.Products (BAKERBAZZAR.API)'
2024-11-12 23:30:28.255 +05:30  INF  Route matched with {action = "Products", controller = "User"}. Executing controller action with signature System.Threading.Tasks.Task`1[Microsoft.AspNetCore.Mvc.ActionResult`1[BAKERBAZZAR.API.Models.ApiResponse]] Products(System.String, System.String) on controller BAKERBAZZAR.API.Controller.UserController (BAKERBAZZAR.API).
2024-11-12 23:30:28.259 +05:30  INF  Executing ObjectResult, writing value of type 'BAKERBAZZAR.API.Models.ApiResponse'.
2024-11-12 23:30:28.260 +05:30  INF  Executed action BAKERBAZZAR.API.Controller.UserController.Products (BAKERBAZZAR.API) in 4.8897ms
2024-11-12 23:30:28.260 +05:30  INF  Executed endpoint 'BAKERBAZZAR.API.Controller.UserController.Products (BAKERBAZZAR.API)'
2024-11-12 23:30:28.260 +05:30  INF  Request finished HTTP/1.1 GET http://localhost:5145/user/products?categoryid= - - - 200 - application/json;+charset=utf-8 6.5957ms
2024-11-12 23:30:28.292 +05:30  INF  Executing ObjectResult, writing value of type 'BAKERBAZZAR.API.Models.ApiResponse'.
2024-11-12 23:30:28.292 +05:30  INF  Executed action BAKERBAZZAR.API.Controller.UserController.MyOrders (BAKERBAZZAR.API) in 58.8836ms
2024-11-12 23:30:28.292 +05:30  INF  Executed endpoint 'BAKERBAZZAR.API.Controller.UserController.MyOrders (BAKERBAZZAR.API)'
2024-11-12 23:30:28.292 +05:30  INF  Request finished HTTP/1.1 GET http://localhost:5145/user/myorders?displayid=e62f03f4-2dcf-4f80-bc23-341651bd9338 - - - 200 - application/json;+charset=utf-8 59.5356ms
2024-11-12 23:32:45.957 +05:30  INF  Request starting HTTP/1.1 GET http://localhost:5145/User/Category - -
2024-11-12 23:32:45.958 +05:30  INF  CORS policy execution successful.
2024-11-12 23:32:45.958 +05:30  INF  Executing endpoint 'BAKERBAZZAR.API.Controller.UserController.Category (BAKERBAZZAR.API)'
2024-11-12 23:32:45.959 +05:30  INF  Route matched with {action = "Category", controller = "User"}. Executing controller action with signature System.Threading.Tasks.Task`1[Microsoft.AspNetCore.Mvc.ActionResult`1[BAKERBAZZAR.API.Models.ApiResponse]] Category(System.String) on controller BAKERBAZZAR.API.Controller.UserController (BAKERBAZZAR.API).
2024-11-12 23:32:45.962 +05:30  INF  Request starting HTTP/1.1 GET http://localhost:5145/user/products?categoryid= - -
2024-11-12 23:32:45.963 +05:30  INF  CORS policy execution successful.
2024-11-12 23:32:45.963 +05:30  INF  Executing endpoint 'BAKERBAZZAR.API.Controller.UserController.Products (BAKERBAZZAR.API)'
2024-11-12 23:32:45.963 +05:30  INF  Route matched with {action = "Products", controller = "User"}. Executing controller action with signature System.Threading.Tasks.Task`1[Microsoft.AspNetCore.Mvc.ActionResult`1[BAKERBAZZAR.API.Models.ApiResponse]] Products(System.String, System.String) on controller BAKERBAZZAR.API.Controller.UserController (BAKERBAZZAR.API).
2024-11-12 23:32:46.059 +05:30  INF  Request starting HTTP/1.1 GET http://localhost:5145/user/myorders?displayid=e62f03f4-2dcf-4f80-bc23-341651bd9338 - -
2024-11-12 23:32:46.059 +05:30  INF  CORS policy execution successful.
2024-11-12 23:32:46.059 +05:30  INF  Executing endpoint 'BAKERBAZZAR.API.Controller.UserController.MyOrders (BAKERBAZZAR.API)'
2024-11-12 23:32:46.059 +05:30  INF  Route matched with {action = "MyOrders", controller = "User"}. Executing controller action with signature System.Threading.Tasks.Task`1[Microsoft.AspNetCore.Mvc.ActionResult`1[BAKERBAZZAR.API.Models.ApiResponse]] MyOrders(System.String, System.String, System.String) on controller BAKERBAZZAR.API.Controller.UserController (BAKERBAZZAR.API).
2024-11-12 23:32:46.161 +05:30  INF  Executing ObjectResult, writing value of type 'BAKERBAZZAR.API.Models.ApiResponse'.
2024-11-12 23:32:46.161 +05:30  INF  Executed action BAKERBAZZAR.API.Controller.UserController.Category (BAKERBAZZAR.API) in 202.5112ms
2024-11-12 23:32:46.162 +05:30  INF  Executed endpoint 'BAKERBAZZAR.API.Controller.UserController.Category (BAKERBAZZAR.API)'
2024-11-12 23:32:46.162 +05:30  INF  Request finished HTTP/1.1 GET http://localhost:5145/User/Category - - - 200 - application/json;+charset=utf-8 204.2533ms
2024-11-12 23:32:46.163 +05:30  INF  Request starting HTTP/1.1 GET http://localhost:5145/User/Category - -
2024-11-12 23:32:46.163 +05:30  INF  CORS policy execution successful.
2024-11-12 23:32:46.163 +05:30  INF  Executing endpoint 'BAKERBAZZAR.API.Controller.UserController.Category (BAKERBAZZAR.API)'
2024-11-12 23:32:46.164 +05:30  INF  Route matched with {action = "Category", controller = "User"}. Executing controller action with signature System.Threading.Tasks.Task`1[Microsoft.AspNetCore.Mvc.ActionResult`1[BAKERBAZZAR.API.Models.ApiResponse]] Category(System.String) on controller BAKERBAZZAR.API.Controller.UserController (BAKERBAZZAR.API).
2024-11-12 23:32:46.165 +05:30  INF  Executing ObjectResult, writing value of type 'BAKERBAZZAR.API.Models.ApiResponse'.
2024-11-12 23:32:46.165 +05:30  INF  Executed action BAKERBAZZAR.API.Controller.UserController.Category (BAKERBAZZAR.API) in 1.5694ms
2024-11-12 23:32:46.165 +05:30  INF  Executed endpoint 'BAKERBAZZAR.API.Controller.UserController.Category (BAKERBAZZAR.API)'
2024-11-12 23:32:46.165 +05:30  INF  Request finished HTTP/1.1 GET http://localhost:5145/User/Category - - - 200 - application/json;+charset=utf-8 2.0056ms
2024-11-12 23:32:46.166 +05:30  INF  Executing ObjectResult, writing value of type 'BAKERBAZZAR.API.Models.ApiResponse'.
2024-11-12 23:32:46.167 +05:30  INF  Executed action BAKERBAZZAR.API.Controller.UserController.Products (BAKERBAZZAR.API) in 204.2509ms
2024-11-12 23:32:46.167 +05:30  INF  Executed endpoint 'BAKERBAZZAR.API.Controller.UserController.Products (BAKERBAZZAR.API)'
2024-11-12 23:32:46.167 +05:30  INF  Request finished HTTP/1.1 GET http://localhost:5145/user/products?categoryid= - - - 200 - application/json;+charset=utf-8 205.0717ms
2024-11-12 23:32:46.170 +05:30  INF  Request starting HTTP/1.1 GET http://localhost:5145/user/products?categoryid= - -
2024-11-12 23:32:46.171 +05:30  INF  CORS policy execution successful.
2024-11-12 23:32:46.171 +05:30  INF  Executing endpoint 'BAKERBAZZAR.API.Controller.UserController.Products (BAKERBAZZAR.API)'
2024-11-12 23:32:46.171 +05:30  INF  Route matched with {action = "Products", controller = "User"}. Executing controller action with signature System.Threading.Tasks.Task`1[Microsoft.AspNetCore.Mvc.ActionResult`1[BAKERBAZZAR.API.Models.ApiResponse]] Products(System.String, System.String) on controller BAKERBAZZAR.API.Controller.UserController (BAKERBAZZAR.API).
2024-11-12 23:32:46.177 +05:30  INF  Executing ObjectResult, writing value of type 'BAKERBAZZAR.API.Models.ApiResponse'.
2024-11-12 23:32:46.180 +05:30  INF  Executed action BAKERBAZZAR.API.Controller.UserController.Products (BAKERBAZZAR.API) in 8.7096ms
2024-11-12 23:32:46.180 +05:30  INF  Executed endpoint 'BAKERBAZZAR.API.Controller.UserController.Products (BAKERBAZZAR.API)'
2024-11-12 23:32:46.180 +05:30  INF  Request finished HTTP/1.1 GET http://localhost:5145/user/products?categoryid= - - - 200 - application/json;+charset=utf-8 9.8974ms
2024-11-12 23:32:46.191 +05:30  INF  Executing ObjectResult, writing value of type 'BAKERBAZZAR.API.Models.ApiResponse'.
2024-11-12 23:32:46.192 +05:30  INF  Executed action BAKERBAZZAR.API.Controller.UserController.MyOrders (BAKERBAZZAR.API) in 132.0363ms
2024-11-12 23:32:46.192 +05:30  INF  Executed endpoint 'BAKERBAZZAR.API.Controller.UserController.MyOrders (BAKERBAZZAR.API)'
2024-11-12 23:32:46.192 +05:30  INF  Request finished HTTP/1.1 GET http://localhost:5145/user/myorders?displayid=e62f03f4-2dcf-4f80-bc23-341651bd9338 - - - 200 - application/json;+charset=utf-8 132.8710ms
2024-11-12 23:35:48.539 +05:30  INF  Request starting HTTP/1.1 GET http://localhost:5145/User/CartDetails?displayid=702dcb1e-b399-4b22-a4ad-ac33169d26fd - -
2024-11-12 23:35:48.540 +05:30  INF  CORS policy execution successful.
2024-11-12 23:35:48.541 +05:30  INF  Executing endpoint 'BAKERBAZZAR.API.Controller.UserController.CartDetails (BAKERBAZZAR.API)'
2024-11-12 23:35:48.541 +05:30  INF  Route matched with {action = "CartDetails", controller = "User"}. Executing controller action with signature System.Threading.Tasks.Task`1[Microsoft.AspNetCore.Mvc.ActionResult`1[BAKERBAZZAR.API.Models.ApiResponse]] CartDetails(System.String) on controller BAKERBAZZAR.API.Controller.UserController (BAKERBAZZAR.API).
2024-11-12 23:35:48.600 +05:30  INF  Executing ObjectResult, writing value of type 'BAKERBAZZAR.API.Models.ApiResponse'.
2024-11-12 23:35:48.601 +05:30  INF  Executed action BAKERBAZZAR.API.Controller.UserController.CartDetails (BAKERBAZZAR.API) in 59.3291ms
2024-11-12 23:35:48.601 +05:30  INF  Executed endpoint 'BAKERBAZZAR.API.Controller.UserController.CartDetails (BAKERBAZZAR.API)'
2024-11-12 23:35:48.601 +05:30  INF  Request finished HTTP/1.1 GET http://localhost:5145/User/CartDetails?displayid=702dcb1e-b399-4b22-a4ad-ac33169d26fd - - - 200 - application/json;+charset=utf-8 61.9508ms
2024-11-12 23:35:48.602 +05:30  INF  Request starting HTTP/1.1 GET http://localhost:5145/User/CartDetails?displayid=702dcb1e-b399-4b22-a4ad-ac33169d26fd - -
2024-11-12 23:35:48.602 +05:30  INF  CORS policy execution successful.
2024-11-12 23:35:48.602 +05:30  INF  Executing endpoint 'BAKERBAZZAR.API.Controller.UserController.CartDetails (BAKERBAZZAR.API)'
2024-11-12 23:35:48.603 +05:30  INF  Route matched with {action = "CartDetails", controller = "User"}. Executing controller action with signature System.Threading.Tasks.Task`1[Microsoft.AspNetCore.Mvc.ActionResult`1[BAKERBAZZAR.API.Models.ApiResponse]] CartDetails(System.String) on controller BAKERBAZZAR.API.Controller.UserController (BAKERBAZZAR.API).
2024-11-12 23:35:48.603 +05:30  INF  Executing ObjectResult, writing value of type 'BAKERBAZZAR.API.Models.ApiResponse'.
2024-11-12 23:35:48.604 +05:30  INF  Executed action BAKERBAZZAR.API.Controller.UserController.CartDetails (BAKERBAZZAR.API) in 0.9121ms
2024-11-12 23:35:48.604 +05:30  INF  Executed endpoint 'BAKERBAZZAR.API.Controller.UserController.CartDetails (BAKERBAZZAR.API)'
2024-11-12 23:35:48.604 +05:30  INF  Request finished HTTP/1.1 GET http://localhost:5145/User/CartDetails?displayid=702dcb1e-b399-4b22-a4ad-ac33169d26fd - - - 200 - application/json;+charset=utf-8 1.4062ms
2024-11-12 23:36:22.963 +05:30  INF  Request starting HTTP/1.1 GET http://localhost:5145/User/CartDetails?displayid=702dcb1e-b399-4b22-a4ad-ac33169d26fd - -
2024-11-12 23:36:22.963 +05:30  INF  CORS policy execution successful.
2024-11-12 23:36:22.964 +05:30  INF  Executing endpoint 'BAKERBAZZAR.API.Controller.UserController.CartDetails (BAKERBAZZAR.API)'
2024-11-12 23:36:22.964 +05:30  INF  Route matched with {action = "CartDetails", controller = "User"}. Executing controller action with signature System.Threading.Tasks.Task`1[Microsoft.AspNetCore.Mvc.ActionResult`1[BAKERBAZZAR.API.Models.ApiResponse]] CartDetails(System.String) on controller BAKERBAZZAR.API.Controller.UserController (BAKERBAZZAR.API).
2024-11-12 23:36:22.987 +05:30  INF  Executing ObjectResult, writing value of type 'BAKERBAZZAR.API.Models.ApiResponse'.
2024-11-12 23:36:22.988 +05:30  INF  Executed action BAKERBAZZAR.API.Controller.UserController.CartDetails (BAKERBAZZAR.API) in 23.8781ms
2024-11-12 23:36:22.988 +05:30  INF  Executed endpoint 'BAKERBAZZAR.API.Controller.UserController.CartDetails (BAKERBAZZAR.API)'
2024-11-12 23:36:22.988 +05:30  INF  Request finished HTTP/1.1 GET http://localhost:5145/User/CartDetails?displayid=702dcb1e-b399-4b22-a4ad-ac33169d26fd - - - 200 - application/json;+charset=utf-8 25.3612ms
2024-11-12 23:36:22.989 +05:30  INF  Request starting HTTP/1.1 GET http://localhost:5145/User/CartDetails?displayid=702dcb1e-b399-4b22-a4ad-ac33169d26fd - -
2024-11-12 23:36:22.989 +05:30  INF  CORS policy execution successful.
2024-11-12 23:36:22.989 +05:30  INF  Executing endpoint 'BAKERBAZZAR.API.Controller.UserController.CartDetails (BAKERBAZZAR.API)'
2024-11-12 23:36:22.989 +05:30  INF  Route matched with {action = "CartDetails", controller = "User"}. Executing controller action with signature System.Threading.Tasks.Task`1[Microsoft.AspNetCore.Mvc.ActionResult`1[BAKERBAZZAR.API.Models.ApiResponse]] CartDetails(System.String) on controller BAKERBAZZAR.API.Controller.UserController (BAKERBAZZAR.API).
2024-11-12 23:36:22.992 +05:30  INF  Executing ObjectResult, writing value of type 'BAKERBAZZAR.API.Models.ApiResponse'.
2024-11-12 23:36:22.992 +05:30  INF  Executed action BAKERBAZZAR.API.Controller.UserController.CartDetails (BAKERBAZZAR.API) in 3.6385ms
2024-11-12 23:36:22.993 +05:30  INF  Executed endpoint 'BAKERBAZZAR.API.Controller.UserController.CartDetails (BAKERBAZZAR.API)'
2024-11-12 23:36:22.993 +05:30  INF  Request finished HTTP/1.1 GET http://localhost:5145/User/CartDetails?displayid=702dcb1e-b399-4b22-a4ad-ac33169d26fd - - - 200 - application/json;+charset=utf-8 4.0204ms
2024-11-12 23:36:53.855 +05:30  INF  Request starting HTTP/1.1 GET http://localhost:5145/User/Category - -
2024-11-12 23:36:53.855 +05:30  INF  CORS policy execution successful.
2024-11-12 23:36:53.855 +05:30  INF  Executing endpoint 'BAKERBAZZAR.API.Controller.UserController.Category (BAKERBAZZAR.API)'
2024-11-12 23:36:53.855 +05:30  INF  Route matched with {action = "Category", controller = "User"}. Executing controller action with signature System.Threading.Tasks.Task`1[Microsoft.AspNetCore.Mvc.ActionResult`1[BAKERBAZZAR.API.Models.ApiResponse]] Category(System.String) on controller BAKERBAZZAR.API.Controller.UserController (BAKERBAZZAR.API).
2024-11-12 23:36:53.856 +05:30  INF  Request starting HTTP/1.1 GET http://localhost:5145/user/products?categoryid= - -
2024-11-12 23:36:53.856 +05:30  INF  CORS policy execution successful.
2024-11-12 23:36:53.856 +05:30  INF  Executing endpoint 'BAKERBAZZAR.API.Controller.UserController.Products (BAKERBAZZAR.API)'
2024-11-12 23:36:53.856 +05:30  INF  Route matched with {action = "Products", controller = "User"}. Executing controller action with signature System.Threading.Tasks.Task`1[Microsoft.AspNetCore.Mvc.ActionResult`1[BAKERBAZZAR.API.Models.ApiResponse]] Products(System.String, System.String) on controller BAKERBAZZAR.API.Controller.UserController (BAKERBAZZAR.API).
2024-11-12 23:36:53.976 +05:30  INF  Request starting HTTP/1.1 GET http://localhost:5145/user/myorders?displayid=e62f03f4-2dcf-4f80-bc23-341651bd9338 - -
2024-11-12 23:36:53.977 +05:30  INF  CORS policy execution successful.
2024-11-12 23:36:53.977 +05:30  INF  Executing endpoint 'BAKERBAZZAR.API.Controller.UserController.MyOrders (BAKERBAZZAR.API)'
2024-11-12 23:36:53.977 +05:30  INF  Route matched with {action = "MyOrders", controller = "User"}. Executing controller action with signature System.Threading.Tasks.Task`1[Microsoft.AspNetCore.Mvc.ActionResult`1[BAKERBAZZAR.API.Models.ApiResponse]] MyOrders(System.String, System.String, System.String) on controller BAKERBAZZAR.API.Controller.UserController (BAKERBAZZAR.API).
2024-11-12 23:36:54.016 +05:30  INF  Executing ObjectResult, writing value of type 'BAKERBAZZAR.API.Models.ApiResponse'.
2024-11-12 23:36:54.017 +05:30  INF  Executed action BAKERBAZZAR.API.Controller.UserController.Category (BAKERBAZZAR.API) in 161.8155ms
2024-11-12 23:36:54.017 +05:30  INF  Executed endpoint 'BAKERBAZZAR.API.Controller.UserController.Category (BAKERBAZZAR.API)'
2024-11-12 23:36:54.018 +05:30  INF  Request finished HTTP/1.1 GET http://localhost:5145/User/Category - - - 200 - application/json;+charset=utf-8 164.2397ms
2024-11-12 23:36:54.022 +05:30  INF  Request starting HTTP/1.1 GET http://localhost:5145/User/Category - -
2024-11-12 23:36:54.022 +05:30  INF  CORS policy execution successful.
2024-11-12 23:36:54.023 +05:30  INF  Executing endpoint 'BAKERBAZZAR.API.Controller.UserController.Category (BAKERBAZZAR.API)'
2024-11-12 23:36:54.023 +05:30  INF  Route matched with {action = "Category", controller = "User"}. Executing controller action with signature System.Threading.Tasks.Task`1[Microsoft.AspNetCore.Mvc.ActionResult`1[BAKERBAZZAR.API.Models.ApiResponse]] Category(System.String) on controller BAKERBAZZAR.API.Controller.UserController (BAKERBAZZAR.API).
2024-11-12 23:36:54.025 +05:30  INF  Executing ObjectResult, writing value of type 'BAKERBAZZAR.API.Models.ApiResponse'.
2024-11-12 23:36:54.026 +05:30  INF  Executed action BAKERBAZZAR.API.Controller.UserController.Products (BAKERBAZZAR.API) in 169.9938ms
2024-11-12 23:36:54.027 +05:30  INF  Executed endpoint 'BAKERBAZZAR.API.Controller.UserController.Products (BAKERBAZZAR.API)'
2024-11-12 23:36:54.027 +05:30  INF  Executing ObjectResult, writing value of type 'BAKERBAZZAR.API.Models.ApiResponse'.
2024-11-12 23:36:54.027 +05:30  INF  Request finished HTTP/1.1 GET http://localhost:5145/user/products?categoryid= - - - 200 - application/json;+charset=utf-8 171.0020ms
2024-11-12 23:36:54.027 +05:30  INF  Executed action BAKERBAZZAR.API.Controller.UserController.Category (BAKERBAZZAR.API) in 4.1058ms
2024-11-12 23:36:54.027 +05:30  INF  Executed endpoint 'BAKERBAZZAR.API.Controller.UserController.Category (BAKERBAZZAR.API)'
2024-11-12 23:36:54.027 +05:30  INF  Request finished HTTP/1.1 GET http://localhost:5145/User/Category - - - 200 - application/json;+charset=utf-8 5.0911ms
2024-11-12 23:36:54.033 +05:30  INF  Request starting HTTP/1.1 GET http://localhost:5145/user/products?categoryid= - -
2024-11-12 23:36:54.034 +05:30  INF  CORS policy execution successful.
2024-11-12 23:36:54.034 +05:30  INF  Executing endpoint 'BAKERBAZZAR.API.Controller.UserController.Products (BAKERBAZZAR.API)'
2024-11-12 23:36:54.034 +05:30  INF  Route matched with {action = "Products", controller = "User"}. Executing controller action with signature System.Threading.Tasks.Task`1[Microsoft.AspNetCore.Mvc.ActionResult`1[BAKERBAZZAR.API.Models.ApiResponse]] Products(System.String, System.String) on controller BAKERBAZZAR.API.Controller.UserController (BAKERBAZZAR.API).
2024-11-12 23:36:54.047 +05:30  INF  Executing ObjectResult, writing value of type 'BAKERBAZZAR.API.Models.ApiResponse'.
2024-11-12 23:36:54.048 +05:30  INF  Executed action BAKERBAZZAR.API.Controller.UserController.Products (BAKERBAZZAR.API) in 14.1041ms
2024-11-12 23:36:54.048 +05:30  INF  Executed endpoint 'BAKERBAZZAR.API.Controller.UserController.Products (BAKERBAZZAR.API)'
2024-11-12 23:36:54.049 +05:30  INF  Request finished HTTP/1.1 GET http://localhost:5145/user/products?categoryid= - - - 200 - application/json;+charset=utf-8 15.0475ms
2024-11-12 23:36:54.108 +05:30  INF  Executing ObjectResult, writing value of type 'BAKERBAZZAR.API.Models.ApiResponse'.
2024-11-12 23:36:54.108 +05:30  INF  Executed action BAKERBAZZAR.API.Controller.UserController.MyOrders (BAKERBAZZAR.API) in 131.3436ms
2024-11-12 23:36:54.108 +05:30  INF  Executed endpoint 'BAKERBAZZAR.API.Controller.UserController.MyOrders (BAKERBAZZAR.API)'
2024-11-12 23:36:54.108 +05:30  INF  Request finished HTTP/1.1 GET http://localhost:5145/user/myorders?displayid=e62f03f4-2dcf-4f80-bc23-341651bd9338 - - - 200 - application/json;+charset=utf-8 132.1817ms
2024-11-12 23:37:10.211 +05:30  INF  Request starting HTTP/1.1 GET http://localhost:5145/User/GetMyAddresses?displayid=e62f03f4-2dcf-4f80-bc23-341651bd9338 - -
2024-11-12 23:37:10.214 +05:30  INF  CORS policy execution successful.
2024-11-12 23:37:10.214 +05:30  INF  Executing endpoint 'BAKERBAZZAR.API.Controller.UserController.GetAddress (BAKERBAZZAR.API)'
2024-11-12 23:37:10.261 +05:30  INF  Route matched with {action = "GetAddress", controller = "User"}. Executing controller action with signature System.Threading.Tasks.Task`1[Microsoft.AspNetCore.Mvc.ActionResult`1[BAKERBAZZAR.API.Models.ApiResponse]] GetAddress(System.String) on controller BAKERBAZZAR.API.Controller.UserController (BAKERBAZZAR.API).
2024-11-12 23:37:10.294 +05:30  INF  Executing ObjectResult, writing value of type 'BAKERBAZZAR.API.Models.ApiResponse'.
2024-11-12 23:37:10.299 +05:30  INF  Executed action BAKERBAZZAR.API.Controller.UserController.GetAddress (BAKERBAZZAR.API) in 38.0455ms
2024-11-12 23:37:10.300 +05:30  INF  Executed endpoint 'BAKERBAZZAR.API.Controller.UserController.GetAddress (BAKERBAZZAR.API)'
2024-11-12 23:37:10.300 +05:30  INF  Request finished HTTP/1.1 GET http://localhost:5145/User/GetMyAddresses?displayid=e62f03f4-2dcf-4f80-bc23-341651bd9338 - - - 200 - application/json;+charset=utf-8 88.7965ms
2024-11-12 23:37:10.301 +05:30  INF  Request starting HTTP/1.1 GET http://localhost:5145/User/GetMyAddresses?displayid=e62f03f4-2dcf-4f80-bc23-341651bd9338 - -
2024-11-12 23:37:10.301 +05:30  INF  CORS policy execution successful.
2024-11-12 23:37:10.301 +05:30  INF  Executing endpoint 'BAKERBAZZAR.API.Controller.UserController.GetAddress (BAKERBAZZAR.API)'
2024-11-12 23:37:10.301 +05:30  INF  Route matched with {action = "GetAddress", controller = "User"}. Executing controller action with signature System.Threading.Tasks.Task`1[Microsoft.AspNetCore.Mvc.ActionResult`1[BAKERBAZZAR.API.Models.ApiResponse]] GetAddress(System.String) on controller BAKERBAZZAR.API.Controller.UserController (BAKERBAZZAR.API).
2024-11-12 23:37:10.303 +05:30  INF  Executing ObjectResult, writing value of type 'BAKERBAZZAR.API.Models.ApiResponse'.
2024-11-12 23:37:10.303 +05:30  INF  Executed action BAKERBAZZAR.API.Controller.UserController.GetAddress (BAKERBAZZAR.API) in 1.9933ms
2024-11-12 23:37:10.303 +05:30  INF  Executed endpoint 'BAKERBAZZAR.API.Controller.UserController.GetAddress (BAKERBAZZAR.API)'
2024-11-12 23:37:10.303 +05:30  INF  Request finished HTTP/1.1 GET http://localhost:5145/User/GetMyAddresses?displayid=e62f03f4-2dcf-4f80-bc23-341651bd9338 - - - 200 - application/json;+charset=utf-8 2.7187ms
2024-11-12 23:37:16.407 +05:30  INF  Request starting HTTP/1.1 GET http://localhost:5145/user/getuseraddress?mode=update&recordid=1014 - -
2024-11-12 23:37:16.407 +05:30  INF  CORS policy execution successful.
2024-11-12 23:37:16.407 +05:30  INF  Executing endpoint 'BAKERBAZZAR.API.Controller.UserController.GetUserAddress (BAKERBAZZAR.API)'
2024-11-12 23:37:16.413 +05:30  INF  Route matched with {action = "GetUserAddress", controller = "User"}. Executing controller action with signature System.Threading.Tasks.Task`1[Microsoft.AspNetCore.Mvc.ActionResult`1[BAKERBAZZAR.API.Models.ApiResponse]] GetUserAddress(System.String, Int32) on controller BAKERBAZZAR.API.Controller.UserController (BAKERBAZZAR.API).
2024-11-12 23:37:16.435 +05:30  INF  Executing ObjectResult, writing value of type 'BAKERBAZZAR.API.Models.ApiResponse'.
2024-11-12 23:37:16.439 +05:30  INF  Executed action BAKERBAZZAR.API.Controller.UserController.GetUserAddress (BAKERBAZZAR.API) in 25.8799ms
2024-11-12 23:37:16.439 +05:30  INF  Executed endpoint 'BAKERBAZZAR.API.Controller.UserController.GetUserAddress (BAKERBAZZAR.API)'
2024-11-12 23:37:16.439 +05:30  INF  Request finished HTTP/1.1 GET http://localhost:5145/user/getuseraddress?mode=update&recordid=1014 - - - 200 - application/json;+charset=utf-8 32.2147ms
2024-11-12 23:37:16.440 +05:30  INF  Request starting HTTP/1.1 GET http://localhost:5145/user/getuseraddress?mode=update&recordid=1014 - -
2024-11-12 23:37:16.440 +05:30  INF  CORS policy execution successful.
2024-11-12 23:37:16.440 +05:30  INF  Executing endpoint 'BAKERBAZZAR.API.Controller.UserController.GetUserAddress (BAKERBAZZAR.API)'
2024-11-12 23:37:16.440 +05:30  INF  Route matched with {action = "GetUserAddress", controller = "User"}. Executing controller action with signature System.Threading.Tasks.Task`1[Microsoft.AspNetCore.Mvc.ActionResult`1[BAKERBAZZAR.API.Models.ApiResponse]] GetUserAddress(System.String, Int32) on controller BAKERBAZZAR.API.Controller.UserController (BAKERBAZZAR.API).
2024-11-12 23:37:16.441 +05:30  INF  Executing ObjectResult, writing value of type 'BAKERBAZZAR.API.Models.ApiResponse'.
2024-11-12 23:37:16.441 +05:30  INF  Executed action BAKERBAZZAR.API.Controller.UserController.GetUserAddress (BAKERBAZZAR.API) in 0.8821ms
2024-11-12 23:37:16.441 +05:30  INF  Executed endpoint 'BAKERBAZZAR.API.Controller.UserController.GetUserAddress (BAKERBAZZAR.API)'
2024-11-12 23:37:16.441 +05:30  INF  Request finished HTTP/1.1 GET http://localhost:5145/user/getuseraddress?mode=update&recordid=1014 - - - 200 - application/json;+charset=utf-8 1.1890ms
2024-11-12 23:37:32.497 +05:30  INF  Request starting HTTP/1.1 OPTIONS http://localhost:5145/User/UpsetAddress - -
2024-11-12 23:37:32.497 +05:30  INF  CORS policy execution successful.
2024-11-12 23:37:32.502 +05:30  INF  Request finished HTTP/1.1 OPTIONS http://localhost:5145/User/UpsetAddress - - - 204 - - 4.9261ms
2024-11-12 23:37:32.504 +05:30  INF  Request starting HTTP/1.1 POST http://localhost:5145/User/UpsetAddress application/json 283
2024-11-12 23:37:32.504 +05:30  INF  CORS policy execution successful.
2024-11-12 23:37:32.504 +05:30  INF  Executing endpoint 'BAKERBAZZAR.API.Controller.UserController.UpsetAddress (BAKERBAZZAR.API)'
2024-11-12 23:37:32.508 +05:30  INF  Route matched with {action = "UpsetAddress", controller = "User"}. Executing controller action with signature System.Threading.Tasks.Task`1[Microsoft.AspNetCore.Mvc.ActionResult`1[BAKERBAZZAR.API.Models.ApiResponse]] UpsetAddress(BAKERBAZZAR.API.Models.IO_Templates.SetAddress) on controller BAKERBAZZAR.API.Controller.UserController (BAKERBAZZAR.API).
2024-11-12 23:37:32.540 +05:30  INF  Executing ObjectResult, writing value of type 'BAKERBAZZAR.API.Models.ApiResponse'.
2024-11-12 23:37:32.540 +05:30  INF  Executed action BAKERBAZZAR.API.Controller.UserController.UpsetAddress (BAKERBAZZAR.API) in 32.5953ms
2024-11-12 23:37:32.541 +05:30  INF  Executed endpoint 'BAKERBAZZAR.API.Controller.UserController.UpsetAddress (BAKERBAZZAR.API)'
2024-11-12 23:37:32.541 +05:30  INF  Request finished HTTP/1.1 POST http://localhost:5145/User/UpsetAddress application/json 283 - 200 - application/json;+charset=utf-8 36.5935ms
2024-11-12 23:37:32.560 +05:30  INF  Request starting HTTP/1.1 GET http://localhost:5145/User/GetMyAddresses?displayid=e62f03f4-2dcf-4f80-bc23-341651bd9338 - -
2024-11-12 23:37:32.560 +05:30  INF  CORS policy execution successful.
2024-11-12 23:37:32.560 +05:30  INF  Executing endpoint 'BAKERBAZZAR.API.Controller.UserController.GetAddress (BAKERBAZZAR.API)'
2024-11-12 23:37:32.560 +05:30  INF  Route matched with {action = "GetAddress", controller = "User"}. Executing controller action with signature System.Threading.Tasks.Task`1[Microsoft.AspNetCore.Mvc.ActionResult`1[BAKERBAZZAR.API.Models.ApiResponse]] GetAddress(System.String) on controller BAKERBAZZAR.API.Controller.UserController (BAKERBAZZAR.API).
2024-11-12 23:37:32.563 +05:30  INF  Executing ObjectResult, writing value of type 'BAKERBAZZAR.API.Models.ApiResponse'.
2024-11-12 23:37:32.563 +05:30  INF  Executed action BAKERBAZZAR.API.Controller.UserController.GetAddress (BAKERBAZZAR.API) in 3.0034ms
2024-11-12 23:37:32.563 +05:30  INF  Executed endpoint 'BAKERBAZZAR.API.Controller.UserController.GetAddress (BAKERBAZZAR.API)'
2024-11-12 23:37:32.563 +05:30  INF  Request finished HTTP/1.1 GET http://localhost:5145/User/GetMyAddresses?displayid=e62f03f4-2dcf-4f80-bc23-341651bd9338 - - - 200 - application/json;+charset=utf-8 3.5164ms
2024-11-12 23:37:32.592 +05:30  INF  Request starting HTTP/1.1 GET http://localhost:5145/User/GetMyAddresses?displayid=e62f03f4-2dcf-4f80-bc23-341651bd9338 - -
2024-11-12 23:37:32.592 +05:30  INF  CORS policy execution successful.
2024-11-12 23:37:32.592 +05:30  INF  Executing endpoint 'BAKERBAZZAR.API.Controller.UserController.GetAddress (BAKERBAZZAR.API)'
2024-11-12 23:37:32.592 +05:30  INF  Route matched with {action = "GetAddress", controller = "User"}. Executing controller action with signature System.Threading.Tasks.Task`1[Microsoft.AspNetCore.Mvc.ActionResult`1[BAKERBAZZAR.API.Models.ApiResponse]] GetAddress(System.String) on controller BAKERBAZZAR.API.Controller.UserController (BAKERBAZZAR.API).
2024-11-12 23:37:32.594 +05:30  INF  Executing ObjectResult, writing value of type 'BAKERBAZZAR.API.Models.ApiResponse'.
2024-11-12 23:37:32.594 +05:30  INF  Executed action BAKERBAZZAR.API.Controller.UserController.GetAddress (BAKERBAZZAR.API) in 1.9911ms
2024-11-12 23:37:32.594 +05:30  INF  Executed endpoint 'BAKERBAZZAR.API.Controller.UserController.GetAddress (BAKERBAZZAR.API)'
2024-11-12 23:37:32.594 +05:30  INF  Request finished HTTP/1.1 GET http://localhost:5145/User/GetMyAddresses?displayid=e62f03f4-2dcf-4f80-bc23-341651bd9338 - - - 200 - application/json;+charset=utf-8 2.3779ms
2024-11-12 23:37:42.318 +05:30  INF  Request starting HTTP/1.1 GET http://localhost:5145/user/getuseraddress?mode=update&recordid=1014 - -
2024-11-12 23:37:42.318 +05:30  INF  CORS policy execution successful.
2024-11-12 23:37:42.318 +05:30  INF  Executing endpoint 'BAKERBAZZAR.API.Controller.UserController.GetUserAddress (BAKERBAZZAR.API)'
2024-11-12 23:37:42.318 +05:30  INF  Route matched with {action = "GetUserAddress", controller = "User"}. Executing controller action with signature System.Threading.Tasks.Task`1[Microsoft.AspNetCore.Mvc.ActionResult`1[BAKERBAZZAR.API.Models.ApiResponse]] GetUserAddress(System.String, Int32) on controller BAKERBAZZAR.API.Controller.UserController (BAKERBAZZAR.API).
2024-11-12 23:37:42.320 +05:30  INF  Executing ObjectResult, writing value of type 'BAKERBAZZAR.API.Models.ApiResponse'.
2024-11-12 23:37:42.320 +05:30  INF  Executed action BAKERBAZZAR.API.Controller.UserController.GetUserAddress (BAKERBAZZAR.API) in 1.5383ms
2024-11-12 23:37:42.320 +05:30  INF  Executed endpoint 'BAKERBAZZAR.API.Controller.UserController.GetUserAddress (BAKERBAZZAR.API)'
2024-11-12 23:37:42.320 +05:30  INF  Request finished HTTP/1.1 GET http://localhost:5145/user/getuseraddress?mode=update&recordid=1014 - - - 200 - application/json;+charset=utf-8 1.8990ms
2024-11-12 23:37:42.323 +05:30  INF  Request starting HTTP/1.1 GET http://localhost:5145/user/getuseraddress?mode=update&recordid=1014 - -
2024-11-12 23:37:42.324 +05:30  INF  CORS policy execution successful.
2024-11-12 23:37:42.324 +05:30  INF  Executing endpoint 'BAKERBAZZAR.API.Controller.UserController.GetUserAddress (BAKERBAZZAR.API)'
2024-11-12 23:37:42.324 +05:30  INF  Route matched with {action = "GetUserAddress", controller = "User"}. Executing controller action with signature System.Threading.Tasks.Task`1[Microsoft.AspNetCore.Mvc.ActionResult`1[BAKERBAZZAR.API.Models.ApiResponse]] GetUserAddress(System.String, Int32) on controller BAKERBAZZAR.API.Controller.UserController (BAKERBAZZAR.API).
2024-11-12 23:37:42.325 +05:30  INF  Executing ObjectResult, writing value of type 'BAKERBAZZAR.API.Models.ApiResponse'.
2024-11-12 23:37:42.325 +05:30  INF  Executed action BAKERBAZZAR.API.Controller.UserController.GetUserAddress (BAKERBAZZAR.API) in 1.5343ms
2024-11-12 23:37:42.325 +05:30  INF  Executed endpoint 'BAKERBAZZAR.API.Controller.UserController.GetUserAddress (BAKERBAZZAR.API)'
2024-11-12 23:37:42.326 +05:30  INF  Request finished HTTP/1.1 GET http://localhost:5145/user/getuseraddress?mode=update&recordid=1014 - - - 200 - application/json;+charset=utf-8 2.2696ms
2024-11-12 23:37:59.097 +05:30  INF  Request starting HTTP/1.1 GET http://localhost:5145/User/GetMyAddresses?displayid=e62f03f4-2dcf-4f80-bc23-341651bd9338 - -
2024-11-12 23:37:59.097 +05:30  INF  CORS policy execution successful.
2024-11-12 23:37:59.097 +05:30  INF  Executing endpoint 'BAKERBAZZAR.API.Controller.UserController.GetAddress (BAKERBAZZAR.API)'
2024-11-12 23:37:59.097 +05:30  INF  Route matched with {action = "GetAddress", controller = "User"}. Executing controller action with signature System.Threading.Tasks.Task`1[Microsoft.AspNetCore.Mvc.ActionResult`1[BAKERBAZZAR.API.Models.ApiResponse]] GetAddress(System.String) on controller BAKERBAZZAR.API.Controller.UserController (BAKERBAZZAR.API).
2024-11-12 23:37:59.105 +05:30  INF  Executing ObjectResult, writing value of type 'BAKERBAZZAR.API.Models.ApiResponse'.
2024-11-12 23:37:59.105 +05:30  INF  Executed action BAKERBAZZAR.API.Controller.UserController.GetAddress (BAKERBAZZAR.API) in 7.6595ms
2024-11-12 23:37:59.105 +05:30  INF  Executed endpoint 'BAKERBAZZAR.API.Controller.UserController.GetAddress (BAKERBAZZAR.API)'
2024-11-12 23:37:59.105 +05:30  INF  Request finished HTTP/1.1 GET http://localhost:5145/User/GetMyAddresses?displayid=e62f03f4-2dcf-4f80-bc23-341651bd9338 - - - 200 - application/json;+charset=utf-8 8.5189ms
2024-11-12 23:37:59.106 +05:30  INF  Request starting HTTP/1.1 GET http://localhost:5145/User/GetMyAddresses?displayid=e62f03f4-2dcf-4f80-bc23-341651bd9338 - -
2024-11-12 23:37:59.107 +05:30  INF  CORS policy execution successful.
2024-11-12 23:37:59.107 +05:30  INF  Executing endpoint 'BAKERBAZZAR.API.Controller.UserController.GetAddress (BAKERBAZZAR.API)'
2024-11-12 23:37:59.107 +05:30  INF  Route matched with {action = "GetAddress", controller = "User"}. Executing controller action with signature System.Threading.Tasks.Task`1[Microsoft.AspNetCore.Mvc.ActionResult`1[BAKERBAZZAR.API.Models.ApiResponse]] GetAddress(System.String) on controller BAKERBAZZAR.API.Controller.UserController (BAKERBAZZAR.API).
2024-11-12 23:37:59.108 +05:30  INF  Executing ObjectResult, writing value of type 'BAKERBAZZAR.API.Models.ApiResponse'.
2024-11-12 23:37:59.108 +05:30  INF  Executed action BAKERBAZZAR.API.Controller.UserController.GetAddress (BAKERBAZZAR.API) in 1.5469ms
2024-11-12 23:37:59.109 +05:30  INF  Executed endpoint 'BAKERBAZZAR.API.Controller.UserController.GetAddress (BAKERBAZZAR.API)'
2024-11-12 23:37:59.109 +05:30  INF  Request finished HTTP/1.1 GET http://localhost:5145/User/GetMyAddresses?displayid=e62f03f4-2dcf-4f80-bc23-341651bd9338 - - - 200 - application/json;+charset=utf-8 2.4807ms
2024-11-12 23:38:50.926 +05:30  INF  Request starting HTTP/1.1 GET http://localhost:5145/User/CartDetails?displayid=702dcb1e-b399-4b22-a4ad-ac33169d26fd - -
2024-11-12 23:38:50.926 +05:30  INF  CORS policy execution successful.
2024-11-12 23:38:50.926 +05:30  INF  Executing endpoint 'BAKERBAZZAR.API.Controller.UserController.CartDetails (BAKERBAZZAR.API)'
2024-11-12 23:38:50.926 +05:30  INF  Route matched with {action = "CartDetails", controller = "User"}. Executing controller action with signature System.Threading.Tasks.Task`1[Microsoft.AspNetCore.Mvc.ActionResult`1[BAKERBAZZAR.API.Models.ApiResponse]] CartDetails(System.String) on controller BAKERBAZZAR.API.Controller.UserController (BAKERBAZZAR.API).
2024-11-12 23:38:50.955 +05:30  INF  Executing ObjectResult, writing value of type 'BAKERBAZZAR.API.Models.ApiResponse'.
2024-11-12 23:38:50.956 +05:30  INF  Executed action BAKERBAZZAR.API.Controller.UserController.CartDetails (BAKERBAZZAR.API) in 29.2429ms
2024-11-12 23:38:50.956 +05:30  INF  Executed endpoint 'BAKERBAZZAR.API.Controller.UserController.CartDetails (BAKERBAZZAR.API)'
2024-11-12 23:38:50.956 +05:30  INF  Request finished HTTP/1.1 GET http://localhost:5145/User/CartDetails?displayid=702dcb1e-b399-4b22-a4ad-ac33169d26fd - - - 200 - application/json;+charset=utf-8 29.9690ms
2024-11-12 23:38:50.957 +05:30  INF  Request starting HTTP/1.1 GET http://localhost:5145/User/CartDetails?displayid=702dcb1e-b399-4b22-a4ad-ac33169d26fd - -
2024-11-12 23:38:50.957 +05:30  INF  CORS policy execution successful.
2024-11-12 23:38:50.957 +05:30  INF  Executing endpoint 'BAKERBAZZAR.API.Controller.UserController.CartDetails (BAKERBAZZAR.API)'
2024-11-12 23:38:50.957 +05:30  INF  Route matched with {action = "CartDetails", controller = "User"}. Executing controller action with signature System.Threading.Tasks.Task`1[Microsoft.AspNetCore.Mvc.ActionResult`1[BAKERBAZZAR.API.Models.ApiResponse]] CartDetails(System.String) on controller BAKERBAZZAR.API.Controller.UserController (BAKERBAZZAR.API).
2024-11-12 23:38:50.958 +05:30  INF  Executing ObjectResult, writing value of type 'BAKERBAZZAR.API.Models.ApiResponse'.
2024-11-12 23:38:50.958 +05:30  INF  Executed action BAKERBAZZAR.API.Controller.UserController.CartDetails (BAKERBAZZAR.API) in 0.8627ms
2024-11-12 23:38:50.958 +05:30  INF  Executed endpoint 'BAKERBAZZAR.API.Controller.UserController.CartDetails (BAKERBAZZAR.API)'
2024-11-12 23:38:50.958 +05:30  INF  Request finished HTTP/1.1 GET http://localhost:5145/User/CartDetails?displayid=702dcb1e-b399-4b22-a4ad-ac33169d26fd - - - 200 - application/json;+charset=utf-8 1.2058ms
2024-11-12 23:38:55.215 +05:30  INF  Request starting HTTP/1.1 GET http://localhost:5145/User/CartDetails?displayid=702dcb1e-b399-4b22-a4ad-ac33169d26fd - -
2024-11-12 23:38:55.215 +05:30  INF  CORS policy execution successful.
2024-11-12 23:38:55.215 +05:30  INF  Executing endpoint 'BAKERBAZZAR.API.Controller.UserController.CartDetails (BAKERBAZZAR.API)'
2024-11-12 23:38:55.215 +05:30  INF  Route matched with {action = "CartDetails", controller = "User"}. Executing controller action with signature System.Threading.Tasks.Task`1[Microsoft.AspNetCore.Mvc.ActionResult`1[BAKERBAZZAR.API.Models.ApiResponse]] CartDetails(System.String) on controller BAKERBAZZAR.API.Controller.UserController (BAKERBAZZAR.API).
2024-11-12 23:38:55.227 +05:30  INF  Executing ObjectResult, writing value of type 'BAKERBAZZAR.API.Models.ApiResponse'.
2024-11-12 23:38:55.228 +05:30  INF  Executed action BAKERBAZZAR.API.Controller.UserController.CartDetails (BAKERBAZZAR.API) in 12.4619ms
2024-11-12 23:38:55.228 +05:30  INF  Executed endpoint 'BAKERBAZZAR.API.Controller.UserController.CartDetails (BAKERBAZZAR.API)'
2024-11-12 23:38:55.228 +05:30  INF  Request finished HTTP/1.1 GET http://localhost:5145/User/CartDetails?displayid=702dcb1e-b399-4b22-a4ad-ac33169d26fd - - - 200 - application/json;+charset=utf-8 13.1733ms
2024-11-12 23:38:55.229 +05:30  INF  Request starting HTTP/1.1 GET http://localhost:5145/User/CartDetails?displayid=702dcb1e-b399-4b22-a4ad-ac33169d26fd - -
2024-11-12 23:38:55.229 +05:30  INF  CORS policy execution successful.
2024-11-12 23:38:55.229 +05:30  INF  Executing endpoint 'BAKERBAZZAR.API.Controller.UserController.CartDetails (BAKERBAZZAR.API)'
2024-11-12 23:38:55.229 +05:30  INF  Route matched with {action = "CartDetails", controller = "User"}. Executing controller action with signature System.Threading.Tasks.Task`1[Microsoft.AspNetCore.Mvc.ActionResult`1[BAKERBAZZAR.API.Models.ApiResponse]] CartDetails(System.String) on controller BAKERBAZZAR.API.Controller.UserController (BAKERBAZZAR.API).
2024-11-12 23:38:55.230 +05:30  INF  Executing ObjectResult, writing value of type 'BAKERBAZZAR.API.Models.ApiResponse'.
2024-11-12 23:38:55.230 +05:30  INF  Executed action BAKERBAZZAR.API.Controller.UserController.CartDetails (BAKERBAZZAR.API) in 0.6363ms
2024-11-12 23:38:55.230 +05:30  INF  Executed endpoint 'BAKERBAZZAR.API.Controller.UserController.CartDetails (BAKERBAZZAR.API)'
2024-11-12 23:38:55.230 +05:30  INF  Request finished HTTP/1.1 GET http://localhost:5145/User/CartDetails?displayid=702dcb1e-b399-4b22-a4ad-ac33169d26fd - - - 200 - application/json;+charset=utf-8 1.0411ms
2024-11-12 23:40:33.724 +05:30  INF  Request starting HTTP/1.1 GET http://localhost:5145/User/CartDetails?displayid=702dcb1e-b399-4b22-a4ad-ac33169d26fd - -
2024-11-12 23:40:33.724 +05:30  INF  CORS policy execution successful.
2024-11-12 23:40:33.724 +05:30  INF  Executing endpoint 'BAKERBAZZAR.API.Controller.UserController.CartDetails (BAKERBAZZAR.API)'
2024-11-12 23:40:33.724 +05:30  INF  Route matched with {action = "CartDetails", controller = "User"}. Executing controller action with signature System.Threading.Tasks.Task`1[Microsoft.AspNetCore.Mvc.ActionResult`1[BAKERBAZZAR.API.Models.ApiResponse]] CartDetails(System.String) on controller BAKERBAZZAR.API.Controller.UserController (BAKERBAZZAR.API).
2024-11-12 23:40:33.748 +05:30  INF  Executing ObjectResult, writing value of type 'BAKERBAZZAR.API.Models.ApiResponse'.
2024-11-12 23:40:33.748 +05:30  INF  Executed action BAKERBAZZAR.API.Controller.UserController.CartDetails (BAKERBAZZAR.API) in 24.0374ms
2024-11-12 23:40:33.748 +05:30  INF  Executed endpoint 'BAKERBAZZAR.API.Controller.UserController.CartDetails (BAKERBAZZAR.API)'
2024-11-12 23:40:33.748 +05:30  INF  Request finished HTTP/1.1 GET http://localhost:5145/User/CartDetails?displayid=702dcb1e-b399-4b22-a4ad-ac33169d26fd - - - 200 - application/json;+charset=utf-8 24.4679ms
2024-11-12 23:40:33.749 +05:30  INF  Request starting HTTP/1.1 GET http://localhost:5145/User/CartDetails?displayid=702dcb1e-b399-4b22-a4ad-ac33169d26fd - -
2024-11-12 23:40:33.749 +05:30  INF  CORS policy execution successful.
2024-11-12 23:40:33.749 +05:30  INF  Executing endpoint 'BAKERBAZZAR.API.Controller.UserController.CartDetails (BAKERBAZZAR.API)'
2024-11-12 23:40:33.749 +05:30  INF  Route matched with {action = "CartDetails", controller = "User"}. Executing controller action with signature System.Threading.Tasks.Task`1[Microsoft.AspNetCore.Mvc.ActionResult`1[BAKERBAZZAR.API.Models.ApiResponse]] CartDetails(System.String) on controller BAKERBAZZAR.API.Controller.UserController (BAKERBAZZAR.API).
2024-11-12 23:40:33.750 +05:30  INF  Executing ObjectResult, writing value of type 'BAKERBAZZAR.API.Models.ApiResponse'.
2024-11-12 23:40:33.750 +05:30  INF  Executed action BAKERBAZZAR.API.Controller.UserController.CartDetails (BAKERBAZZAR.API) in 0.9856ms
2024-11-12 23:40:33.750 +05:30  INF  Executed endpoint 'BAKERBAZZAR.API.Controller.UserController.CartDetails (BAKERBAZZAR.API)'
2024-11-12 23:40:33.750 +05:30  INF  Request finished HTTP/1.1 GET http://localhost:5145/User/CartDetails?displayid=702dcb1e-b399-4b22-a4ad-ac33169d26fd - - - 200 - application/json;+charset=utf-8 1.3622ms
2024-11-12 23:40:40.158 +05:30  INF  Request starting HTTP/1.1 GET http://localhost:5145/User/GetMyAddresses?displayid=e62f03f4-2dcf-4f80-bc23-341651bd9338 - -
2024-11-12 23:40:40.158 +05:30  INF  CORS policy execution successful.
2024-11-12 23:40:40.158 +05:30  INF  Executing endpoint 'BAKERBAZZAR.API.Controller.UserController.GetAddress (BAKERBAZZAR.API)'
2024-11-12 23:40:40.158 +05:30  INF  Route matched with {action = "GetAddress", controller = "User"}. Executing controller action with signature System.Threading.Tasks.Task`1[Microsoft.AspNetCore.Mvc.ActionResult`1[BAKERBAZZAR.API.Models.ApiResponse]] GetAddress(System.String) on controller BAKERBAZZAR.API.Controller.UserController (BAKERBAZZAR.API).
2024-11-12 23:40:40.166 +05:30  INF  Executing ObjectResult, writing value of type 'BAKERBAZZAR.API.Models.ApiResponse'.
2024-11-12 23:40:40.166 +05:30  INF  Executed action BAKERBAZZAR.API.Controller.UserController.GetAddress (BAKERBAZZAR.API) in 7.3706ms
2024-11-12 23:40:40.166 +05:30  INF  Executed endpoint 'BAKERBAZZAR.API.Controller.UserController.GetAddress (BAKERBAZZAR.API)'
2024-11-12 23:40:40.166 +05:30  INF  Request finished HTTP/1.1 GET http://localhost:5145/User/GetMyAddresses?displayid=e62f03f4-2dcf-4f80-bc23-341651bd9338 - - - 200 - application/json;+charset=utf-8 8.2710ms
2024-11-12 23:40:40.169 +05:30  INF  Request starting HTTP/1.1 GET http://localhost:5145/User/GetMyAddresses?displayid=e62f03f4-2dcf-4f80-bc23-341651bd9338 - -
2024-11-12 23:40:40.169 +05:30  INF  CORS policy execution successful.
2024-11-12 23:40:40.169 +05:30  INF  Executing endpoint 'BAKERBAZZAR.API.Controller.UserController.GetAddress (BAKERBAZZAR.API)'
2024-11-12 23:40:40.169 +05:30  INF  Route matched with {action = "GetAddress", controller = "User"}. Executing controller action with signature System.Threading.Tasks.Task`1[Microsoft.AspNetCore.Mvc.ActionResult`1[BAKERBAZZAR.API.Models.ApiResponse]] GetAddress(System.String) on controller BAKERBAZZAR.API.Controller.UserController (BAKERBAZZAR.API).
2024-11-12 23:40:40.172 +05:30  INF  Executing ObjectResult, writing value of type 'BAKERBAZZAR.API.Models.ApiResponse'.
2024-11-12 23:40:40.172 +05:30  INF  Executed action BAKERBAZZAR.API.Controller.UserController.GetAddress (BAKERBAZZAR.API) in 3.181ms
2024-11-12 23:40:40.173 +05:30  INF  Executed endpoint 'BAKERBAZZAR.API.Controller.UserController.GetAddress (BAKERBAZZAR.API)'
2024-11-12 23:40:40.173 +05:30  INF  Request finished HTTP/1.1 GET http://localhost:5145/User/GetMyAddresses?displayid=e62f03f4-2dcf-4f80-bc23-341651bd9338 - - - 200 - application/json;+charset=utf-8 3.7252ms
2024-11-12 23:41:04.223 +05:30  INF  Request starting HTTP/1.1 GET http://localhost:5145/User/CartDetails?displayid=702dcb1e-b399-4b22-a4ad-ac33169d26fd - -
2024-11-12 23:41:04.223 +05:30  INF  CORS policy execution successful.
2024-11-12 23:41:04.223 +05:30  INF  Executing endpoint 'BAKERBAZZAR.API.Controller.UserController.CartDetails (BAKERBAZZAR.API)'
2024-11-12 23:41:04.223 +05:30  INF  Route matched with {action = "CartDetails", controller = "User"}. Executing controller action with signature System.Threading.Tasks.Task`1[Microsoft.AspNetCore.Mvc.ActionResult`1[BAKERBAZZAR.API.Models.ApiResponse]] CartDetails(System.String) on controller BAKERBAZZAR.API.Controller.UserController (BAKERBAZZAR.API).
2024-11-12 23:41:04.240 +05:30  INF  Executing ObjectResult, writing value of type 'BAKERBAZZAR.API.Models.ApiResponse'.
2024-11-12 23:41:04.240 +05:30  INF  Executed action BAKERBAZZAR.API.Controller.UserController.CartDetails (BAKERBAZZAR.API) in 16.3097ms
2024-11-12 23:41:04.240 +05:30  INF  Executed endpoint 'BAKERBAZZAR.API.Controller.UserController.CartDetails (BAKERBAZZAR.API)'
2024-11-12 23:41:04.240 +05:30  INF  Request finished HTTP/1.1 GET http://localhost:5145/User/CartDetails?displayid=702dcb1e-b399-4b22-a4ad-ac33169d26fd - - - 200 - application/json;+charset=utf-8 17.1698ms
2024-11-12 23:41:04.241 +05:30  INF  Request starting HTTP/1.1 GET http://localhost:5145/User/CartDetails?displayid=702dcb1e-b399-4b22-a4ad-ac33169d26fd - -
2024-11-12 23:41:04.241 +05:30  INF  CORS policy execution successful.
2024-11-12 23:41:04.241 +05:30  INF  Executing endpoint 'BAKERBAZZAR.API.Controller.UserController.CartDetails (BAKERBAZZAR.API)'
2024-11-12 23:41:04.241 +05:30  INF  Route matched with {action = "CartDetails", controller = "User"}. Executing controller action with signature System.Threading.Tasks.Task`1[Microsoft.AspNetCore.Mvc.ActionResult`1[BAKERBAZZAR.API.Models.ApiResponse]] CartDetails(System.String) on controller BAKERBAZZAR.API.Controller.UserController (BAKERBAZZAR.API).
2024-11-12 23:41:04.242 +05:30  INF  Executing ObjectResult, writing value of type 'BAKERBAZZAR.API.Models.ApiResponse'.
2024-11-12 23:41:04.242 +05:30  INF  Executed action BAKERBAZZAR.API.Controller.UserController.CartDetails (BAKERBAZZAR.API) in 0.865ms
2024-11-12 23:41:04.242 +05:30  INF  Executed endpoint 'BAKERBAZZAR.API.Controller.UserController.CartDetails (BAKERBAZZAR.API)'
2024-11-12 23:41:04.242 +05:30  INF  Request finished HTTP/1.1 GET http://localhost:5145/User/CartDetails?displayid=702dcb1e-b399-4b22-a4ad-ac33169d26fd - - - 200 - application/json;+charset=utf-8 1.3367ms
2024-11-12 23:43:42.932 +05:30  INF  Request starting HTTP/1.1 GET http://localhost:5145/user/products?categoryid=3e85ca1f-91c2-42f2-9b05-bd920051c25e - -
2024-11-12 23:43:42.932 +05:30  INF  CORS policy execution successful.
2024-11-12 23:43:42.932 +05:30  INF  Executing endpoint 'BAKERBAZZAR.API.Controller.UserController.Products (BAKERBAZZAR.API)'
2024-11-12 23:43:42.932 +05:30  INF  Route matched with {action = "Products", controller = "User"}. Executing controller action with signature System.Threading.Tasks.Task`1[Microsoft.AspNetCore.Mvc.ActionResult`1[BAKERBAZZAR.API.Models.ApiResponse]] Products(System.String, System.String) on controller BAKERBAZZAR.API.Controller.UserController (BAKERBAZZAR.API).
2024-11-12 23:43:42.965 +05:30  INF  Executing ObjectResult, writing value of type 'BAKERBAZZAR.API.Models.ApiResponse'.
2024-11-12 23:43:42.965 +05:30  INF  Executed action BAKERBAZZAR.API.Controller.UserController.Products (BAKERBAZZAR.API) in 32.8222ms
2024-11-12 23:43:42.965 +05:30  INF  Executed endpoint 'BAKERBAZZAR.API.Controller.UserController.Products (BAKERBAZZAR.API)'
2024-11-12 23:43:42.965 +05:30  INF  Request finished HTTP/1.1 GET http://localhost:5145/user/products?categoryid=3e85ca1f-91c2-42f2-9b05-bd920051c25e - - - 200 - application/json;+charset=utf-8 33.4451ms
2024-11-12 23:43:44.082 +05:30  INF  Request starting HTTP/1.1 OPTIONS http://localhost:5145/User/AddToCart - -
2024-11-12 23:43:44.082 +05:30  INF  CORS policy execution successful.
2024-11-12 23:43:44.083 +05:30  INF  Request finished HTTP/1.1 OPTIONS http://localhost:5145/User/AddToCart - - - 204 - - 0.6715ms
2024-11-12 23:43:44.084 +05:30  INF  Request starting HTTP/1.1 POST http://localhost:5145/User/AddToCart application/json 141
2024-11-12 23:43:44.084 +05:30  INF  CORS policy execution successful.
2024-11-12 23:43:44.084 +05:30  INF  Executing endpoint 'BAKERBAZZAR.API.Controller.UserController.AddToCart (BAKERBAZZAR.API)'
2024-11-12 23:43:44.093 +05:30  INF  Route matched with {action = "AddToCart", controller = "User"}. Executing controller action with signature System.Threading.Tasks.Task`1[Microsoft.AspNetCore.Mvc.ActionResult`1[BAKERBAZZAR.API.Models.ApiResponse]] AddToCart(BAKERBAZZAR.API.Models.IO_Templates.AddToCartRequest) on controller BAKERBAZZAR.API.Controller.UserController (BAKERBAZZAR.API).
2024-11-12 23:43:44.147 +05:30  INF  Executing ObjectResult, writing value of type 'BAKERBAZZAR.API.Models.ApiResponse'.
2024-11-12 23:43:44.147 +05:30  INF  Executed action BAKERBAZZAR.API.Controller.UserController.AddToCart (BAKERBAZZAR.API) in 54.7368ms
2024-11-12 23:43:44.147 +05:30  INF  Executed endpoint 'BAKERBAZZAR.API.Controller.UserController.AddToCart (BAKERBAZZAR.API)'
2024-11-12 23:43:44.148 +05:30  INF  Request finished HTTP/1.1 POST http://localhost:5145/User/AddToCart application/json 141 - 200 - application/json;+charset=utf-8 63.6766ms
2024-11-12 23:43:50.811 +05:30  INF  Request starting HTTP/1.1 GET http://localhost:5145/User/CartDetails?displayid=702dcb1e-b399-4b22-a4ad-ac33169d26fd - -
2024-11-12 23:43:50.811 +05:30  INF  CORS policy execution successful.
2024-11-12 23:43:50.811 +05:30  INF  Executing endpoint 'BAKERBAZZAR.API.Controller.UserController.CartDetails (BAKERBAZZAR.API)'
2024-11-12 23:43:50.812 +05:30  INF  Route matched with {action = "CartDetails", controller = "User"}. Executing controller action with signature System.Threading.Tasks.Task`1[Microsoft.AspNetCore.Mvc.ActionResult`1[BAKERBAZZAR.API.Models.ApiResponse]] CartDetails(System.String) on controller BAKERBAZZAR.API.Controller.UserController (BAKERBAZZAR.API).
2024-11-12 23:43:50.835 +05:30  INF  Executing ObjectResult, writing value of type 'BAKERBAZZAR.API.Models.ApiResponse'.
2024-11-12 23:43:50.835 +05:30  INF  Executed action BAKERBAZZAR.API.Controller.UserController.CartDetails (BAKERBAZZAR.API) in 23.517ms
2024-11-12 23:43:50.835 +05:30  INF  Executed endpoint 'BAKERBAZZAR.API.Controller.UserController.CartDetails (BAKERBAZZAR.API)'
2024-11-12 23:43:50.835 +05:30  INF  Request finished HTTP/1.1 GET http://localhost:5145/User/CartDetails?displayid=702dcb1e-b399-4b22-a4ad-ac33169d26fd - - - 200 - application/json;+charset=utf-8 23.9234ms
2024-11-12 23:43:50.836 +05:30  INF  Request starting HTTP/1.1 GET http://localhost:5145/User/CartDetails?displayid=702dcb1e-b399-4b22-a4ad-ac33169d26fd - -
2024-11-12 23:43:50.836 +05:30  INF  CORS policy execution successful.
2024-11-12 23:43:50.836 +05:30  INF  Executing endpoint 'BAKERBAZZAR.API.Controller.UserController.CartDetails (BAKERBAZZAR.API)'
2024-11-12 23:43:50.837 +05:30  INF  Route matched with {action = "CartDetails", controller = "User"}. Executing controller action with signature System.Threading.Tasks.Task`1[Microsoft.AspNetCore.Mvc.ActionResult`1[BAKERBAZZAR.API.Models.ApiResponse]] CartDetails(System.String) on controller BAKERBAZZAR.API.Controller.UserController (BAKERBAZZAR.API).
2024-11-12 23:43:50.839 +05:30  INF  Executing ObjectResult, writing value of type 'BAKERBAZZAR.API.Models.ApiResponse'.
2024-11-12 23:43:50.839 +05:30  INF  Executed action BAKERBAZZAR.API.Controller.UserController.CartDetails (BAKERBAZZAR.API) in 1.9705ms
2024-11-12 23:43:50.839 +05:30  INF  Executed endpoint 'BAKERBAZZAR.API.Controller.UserController.CartDetails (BAKERBAZZAR.API)'
2024-11-12 23:43:50.839 +05:30  INF  Request finished HTTP/1.1 GET http://localhost:5145/User/CartDetails?displayid=702dcb1e-b399-4b22-a4ad-ac33169d26fd - - - 200 - application/json;+charset=utf-8 2.7463ms
2024-11-12 23:45:15.428 +05:30  INF  Request starting HTTP/1.1 OPTIONS http://localhost:5145/User/AddToCart - -
2024-11-12 23:45:15.428 +05:30  INF  CORS policy execution successful.
2024-11-12 23:45:15.428 +05:30  INF  Request finished HTTP/1.1 OPTIONS http://localhost:5145/User/AddToCart - - - 204 - - 0.2829ms
2024-11-12 23:45:15.429 +05:30  INF  Request starting HTTP/1.1 POST http://localhost:5145/User/AddToCart application/json 141
2024-11-12 23:45:15.430 +05:30  INF  CORS policy execution successful.
2024-11-12 23:45:15.430 +05:30  INF  Executing endpoint 'BAKERBAZZAR.API.Controller.UserController.AddToCart (BAKERBAZZAR.API)'
2024-11-12 23:45:15.430 +05:30  INF  Route matched with {action = "AddToCart", controller = "User"}. Executing controller action with signature System.Threading.Tasks.Task`1[Microsoft.AspNetCore.Mvc.ActionResult`1[BAKERBAZZAR.API.Models.ApiResponse]] AddToCart(BAKERBAZZAR.API.Models.IO_Templates.AddToCartRequest) on controller BAKERBAZZAR.API.Controller.UserController (BAKERBAZZAR.API).
2024-11-12 23:45:15.464 +05:30  INF  Executing ObjectResult, writing value of type 'BAKERBAZZAR.API.Models.ApiResponse'.
2024-11-12 23:45:15.464 +05:30  INF  Executed action BAKERBAZZAR.API.Controller.UserController.AddToCart (BAKERBAZZAR.API) in 34.0931ms
2024-11-12 23:45:15.464 +05:30  INF  Executed endpoint 'BAKERBAZZAR.API.Controller.UserController.AddToCart (BAKERBAZZAR.API)'
2024-11-12 23:45:15.464 +05:30  INF  Request finished HTTP/1.1 POST http://localhost:5145/User/AddToCart application/json 141 - 200 - application/json;+charset=utf-8 34.6085ms
2024-11-12 23:45:25.090 +05:30  INF  Request starting HTTP/1.1 GET http://localhost:5145/User/CartDetails?displayid=702dcb1e-b399-4b22-a4ad-ac33169d26fd - -
2024-11-12 23:45:25.090 +05:30  INF  CORS policy execution successful.
2024-11-12 23:45:25.090 +05:30  INF  Executing endpoint 'BAKERBAZZAR.API.Controller.UserController.CartDetails (BAKERBAZZAR.API)'
2024-11-12 23:45:25.091 +05:30  INF  Route matched with {action = "CartDetails", controller = "User"}. Executing controller action with signature System.Threading.Tasks.Task`1[Microsoft.AspNetCore.Mvc.ActionResult`1[BAKERBAZZAR.API.Models.ApiResponse]] CartDetails(System.String) on controller BAKERBAZZAR.API.Controller.UserController (BAKERBAZZAR.API).
2024-11-12 23:45:25.112 +05:30  INF  Executing ObjectResult, writing value of type 'BAKERBAZZAR.API.Models.ApiResponse'.
2024-11-12 23:45:25.112 +05:30  INF  Executed action BAKERBAZZAR.API.Controller.UserController.CartDetails (BAKERBAZZAR.API) in 21.3635ms
2024-11-12 23:45:25.112 +05:30  INF  Executed endpoint 'BAKERBAZZAR.API.Controller.UserController.CartDetails (BAKERBAZZAR.API)'
2024-11-12 23:45:25.112 +05:30  INF  Request finished HTTP/1.1 GET http://localhost:5145/User/CartDetails?displayid=702dcb1e-b399-4b22-a4ad-ac33169d26fd - - - 200 - application/json;+charset=utf-8 22.3763ms
2024-11-12 23:45:25.258 +05:30  INF  Request starting HTTP/1.1 GET http://localhost:5145/User/CartDetails?displayid=702dcb1e-b399-4b22-a4ad-ac33169d26fd - -
2024-11-12 23:45:25.258 +05:30  INF  CORS policy execution successful.
2024-11-12 23:45:25.258 +05:30  INF  Executing endpoint 'BAKERBAZZAR.API.Controller.UserController.CartDetails (BAKERBAZZAR.API)'
2024-11-12 23:45:25.258 +05:30  INF  Route matched with {action = "CartDetails", controller = "User"}. Executing controller action with signature System.Threading.Tasks.Task`1[Microsoft.AspNetCore.Mvc.ActionResult`1[BAKERBAZZAR.API.Models.ApiResponse]] CartDetails(System.String) on controller BAKERBAZZAR.API.Controller.UserController (BAKERBAZZAR.API).
2024-11-12 23:45:25.260 +05:30  INF  Executing ObjectResult, writing value of type 'BAKERBAZZAR.API.Models.ApiResponse'.
2024-11-12 23:45:25.260 +05:30  INF  Executed action BAKERBAZZAR.API.Controller.UserController.CartDetails (BAKERBAZZAR.API) in 1.9049ms
2024-11-12 23:45:25.260 +05:30  INF  Executed endpoint 'BAKERBAZZAR.API.Controller.UserController.CartDetails (BAKERBAZZAR.API)'
2024-11-12 23:45:25.260 +05:30  INF  Request finished HTTP/1.1 GET http://localhost:5145/User/CartDetails?displayid=702dcb1e-b399-4b22-a4ad-ac33169d26fd - - - 200 - application/json;+charset=utf-8 2.3433ms
2024-11-12 23:46:10.254 +05:30  INF  Request starting HTTP/1.1 GET http://localhost:5145/swagger/index.html - -
2024-11-12 23:46:10.301 +05:30  INF  Request finished HTTP/1.1 GET http://localhost:5145/swagger/index.html - - - 200 - text/html;charset=utf-8 46.3595ms
2024-11-12 23:46:10.325 +05:30  INF  Request starting HTTP/1.1 GET http://localhost:5145/_framework/aspnetcore-browser-refresh.js - -
2024-11-12 23:46:10.325 +05:30  INF  Request starting HTTP/1.1 GET http://localhost:5145/_vs/browserLink - -
2024-11-12 23:46:10.328 +05:30  INF  Request finished HTTP/1.1 GET http://localhost:5145/_framework/aspnetcore-browser-refresh.js - - - 200 13766 application/javascript;+charset=utf-8 3.5423ms
2024-11-12 23:46:10.338 +05:30  INF  Request finished HTTP/1.1 GET http://localhost:5145/_vs/browserLink - - - 200 - text/javascript;+charset=UTF-8 12.2733ms
2024-11-12 23:46:10.487 +05:30  INF  Request starting HTTP/1.1 GET http://localhost:5145/swagger/v1/swagger.json - -
2024-11-12 23:46:10.542 +05:30  INF  Request finished HTTP/1.1 GET http://localhost:5145/swagger/v1/swagger.json - - - 200 - application/json;charset=utf-8 55.6818ms
2024-11-12 23:46:54.304 +05:30  INF  Request starting HTTP/1.1 OPTIONS http://localhost:5145/authentication/login - -
2024-11-12 23:46:54.305 +05:30  INF  CORS policy execution successful.
2024-11-12 23:46:54.305 +05:30  INF  Request finished HTTP/1.1 OPTIONS http://localhost:5145/authentication/login - - - 204 - - 1.8231ms
2024-11-12 23:46:54.306 +05:30  INF  Request starting HTTP/1.1 POST http://localhost:5145/authentication/login application/json 36
2024-11-12 23:46:54.306 +05:30  INF  CORS policy execution successful.
2024-11-12 23:46:54.307 +05:30  INF  Executing endpoint 'BAKERBAZZAR.API.Controller.AuthenticationController.VerifyUser (BAKERBAZZAR.API)'
2024-11-12 23:46:54.307 +05:30  INF  Route matched with {action = "VerifyUser", controller = "Authentication"}. Executing controller action with signature System.Threading.Tasks.Task`1[Microsoft.AspNetCore.Mvc.ActionResult`1[BAKERBAZZAR.API.Models.ApiResponse]] VerifyUser(BAKERBAZZAR.API.Models.IO_Templates.LoginRequest) on controller BAKERBAZZAR.API.Controller.AuthenticationController (BAKERBAZZAR.API).
2024-11-12 23:46:54.310 +05:30  INF  verify user execution start
2024-11-12 23:46:54.338 +05:30  INF  verify user execution end
2024-11-12 23:46:54.339 +05:30  INF  Executing ObjectResult, writing value of type 'BAKERBAZZAR.API.Models.ApiResponse'.
2024-11-12 23:46:54.339 +05:30  INF  Executed action BAKERBAZZAR.API.Controller.AuthenticationController.VerifyUser (BAKERBAZZAR.API) in 31.761ms
2024-11-12 23:46:54.339 +05:30  INF  Executed endpoint 'BAKERBAZZAR.API.Controller.AuthenticationController.VerifyUser (BAKERBAZZAR.API)'
2024-11-12 23:46:54.339 +05:30  INF  Request finished HTTP/1.1 POST http://localhost:5145/authentication/login application/json 36 - 200 - application/json;+charset=utf-8 32.5729ms
2024-11-12 23:46:56.573 +05:30  INF  Request starting HTTP/1.1 POST http://localhost:5145/authentication/login application/json 36
2024-11-12 23:46:56.573 +05:30  INF  CORS policy execution successful.
2024-11-12 23:46:56.573 +05:30  INF  Executing endpoint 'BAKERBAZZAR.API.Controller.AuthenticationController.VerifyUser (BAKERBAZZAR.API)'
2024-11-12 23:46:56.573 +05:30  INF  Route matched with {action = "VerifyUser", controller = "Authentication"}. Executing controller action with signature System.Threading.Tasks.Task`1[Microsoft.AspNetCore.Mvc.ActionResult`1[BAKERBAZZAR.API.Models.ApiResponse]] VerifyUser(BAKERBAZZAR.API.Models.IO_Templates.LoginRequest) on controller BAKERBAZZAR.API.Controller.AuthenticationController (BAKERBAZZAR.API).
2024-11-12 23:46:56.574 +05:30  INF  verify user execution start
2024-11-12 23:46:56.574 +05:30  INF  verify user execution end
2024-11-12 23:46:56.575 +05:30  INF  Executing ObjectResult, writing value of type 'BAKERBAZZAR.API.Models.ApiResponse'.
2024-11-12 23:46:56.575 +05:30  INF  Executed action BAKERBAZZAR.API.Controller.AuthenticationController.VerifyUser (BAKERBAZZAR.API) in 1.594ms
2024-11-12 23:46:56.575 +05:30  INF  Executed endpoint 'BAKERBAZZAR.API.Controller.AuthenticationController.VerifyUser (BAKERBAZZAR.API)'
2024-11-12 23:46:56.575 +05:30  INF  Request finished HTTP/1.1 POST http://localhost:5145/authentication/login application/json 36 - 200 - application/json;+charset=utf-8 2.1954ms
2024-11-12 23:47:00.962 +05:30  INF  Request starting HTTP/1.1 OPTIONS http://localhost:5145/authentication/login - -
2024-11-12 23:47:00.962 +05:30  INF  CORS policy execution successful.
2024-11-12 23:47:00.962 +05:30  INF  Request finished HTTP/1.1 OPTIONS http://localhost:5145/authentication/login - - - 204 - - 0.1950ms
2024-11-12 23:47:00.963 +05:30  INF  Request starting HTTP/1.1 POST http://localhost:5145/authentication/login application/json 37
2024-11-12 23:47:00.963 +05:30  INF  CORS policy execution successful.
2024-11-12 23:47:00.963 +05:30  INF  Executing endpoint 'BAKERBAZZAR.API.Controller.AuthenticationController.VerifyUser (BAKERBAZZAR.API)'
2024-11-12 23:47:00.963 +05:30  INF  Route matched with {action = "VerifyUser", controller = "Authentication"}. Executing controller action with signature System.Threading.Tasks.Task`1[Microsoft.AspNetCore.Mvc.ActionResult`1[BAKERBAZZAR.API.Models.ApiResponse]] VerifyUser(BAKERBAZZAR.API.Models.IO_Templates.LoginRequest) on controller BAKERBAZZAR.API.Controller.AuthenticationController (BAKERBAZZAR.API).
2024-11-12 23:47:00.964 +05:30  INF  verify user execution start
2024-11-12 23:47:01.016 +05:30  INF  verify user execution end
2024-11-12 23:47:01.016 +05:30  INF  Executing ObjectResult, writing value of type 'BAKERBAZZAR.API.Models.ApiResponse'.
2024-11-12 23:47:01.017 +05:30  INF  Executed action BAKERBAZZAR.API.Controller.AuthenticationController.VerifyUser (BAKERBAZZAR.API) in 53.5352ms
2024-11-12 23:47:01.017 +05:30  INF  Executed endpoint 'BAKERBAZZAR.API.Controller.AuthenticationController.VerifyUser (BAKERBAZZAR.API)'
2024-11-12 23:47:01.017 +05:30  INF  Request finished HTTP/1.1 POST http://localhost:5145/authentication/login application/json 37 - 200 - application/json;+charset=utf-8 53.8657ms
2024-11-12 23:47:01.184 +05:30  INF  Request starting HTTP/1.1 OPTIONS http://localhost:5145/user/dashboard?displayid=e62f03f4-2dcf-4f80-bc23-341651bd9338 - -
2024-11-12 23:47:01.185 +05:30  INF  CORS policy execution successful.
2024-11-12 23:47:01.185 +05:30  INF  Request finished HTTP/1.1 OPTIONS http://localhost:5145/user/dashboard?displayid=e62f03f4-2dcf-4f80-bc23-341651bd9338 - - - 204 - - 1.8723ms
2024-11-12 23:47:01.189 +05:30  INF  Request starting HTTP/1.1 GET http://localhost:5145/user/dashboard?displayid=e62f03f4-2dcf-4f80-bc23-341651bd9338 application/json -
2024-11-12 23:47:01.190 +05:30  INF  CORS policy execution successful.
2024-11-12 23:47:01.191 +05:30  INF  Executing endpoint 'BAKERBAZZAR.API.Controller.UserController.Dashboard (BAKERBAZZAR.API)'
2024-11-12 23:47:01.207 +05:30  INF  Route matched with {action = "Dashboard", controller = "User"}. Executing controller action with signature System.Threading.Tasks.Task`1[Microsoft.AspNetCore.Mvc.ActionResult`1[BAKERBAZZAR.API.Models.ApiResponse]] Dashboard(System.String) on controller BAKERBAZZAR.API.Controller.UserController (BAKERBAZZAR.API).
2024-11-12 23:47:01.300 +05:30  INF  Executing ObjectResult, writing value of type 'BAKERBAZZAR.API.Models.ApiResponse'.
2024-11-12 23:47:01.300 +05:30  INF  Executed action BAKERBAZZAR.API.Controller.UserController.Dashboard (BAKERBAZZAR.API) in 92.7455ms
2024-11-12 23:47:01.300 +05:30  INF  Executed endpoint 'BAKERBAZZAR.API.Controller.UserController.Dashboard (BAKERBAZZAR.API)'
2024-11-12 23:47:01.300 +05:30  INF  Request finished HTTP/1.1 GET http://localhost:5145/user/dashboard?displayid=e62f03f4-2dcf-4f80-bc23-341651bd9338 application/json - - 200 - application/json;+charset=utf-8 111.5638ms
2024-11-12 23:47:11.008 +05:30  INF  Request starting HTTP/1.1 OPTIONS http://localhost:5145/user/cartdetails?displayId=702dcb1e-b399-4b22-a4ad-ac33169d26fd - -
2024-11-12 23:47:11.009 +05:30  INF  CORS policy execution successful.
2024-11-12 23:47:11.009 +05:30  INF  Request finished HTTP/1.1 OPTIONS http://localhost:5145/user/cartdetails?displayId=702dcb1e-b399-4b22-a4ad-ac33169d26fd - - - 204 - - 0.8739ms
2024-11-12 23:47:11.012 +05:30  INF  Request starting HTTP/1.1 GET http://localhost:5145/user/cartdetails?displayId=702dcb1e-b399-4b22-a4ad-ac33169d26fd application/json -
2024-11-12 23:47:11.012 +05:30  INF  CORS policy execution successful.
2024-11-12 23:47:11.012 +05:30  INF  Executing endpoint 'BAKERBAZZAR.API.Controller.UserController.CartDetails (BAKERBAZZAR.API)'
2024-11-12 23:47:11.012 +05:30  INF  Route matched with {action = "CartDetails", controller = "User"}. Executing controller action with signature System.Threading.Tasks.Task`1[Microsoft.AspNetCore.Mvc.ActionResult`1[BAKERBAZZAR.API.Models.ApiResponse]] CartDetails(System.String) on controller BAKERBAZZAR.API.Controller.UserController (BAKERBAZZAR.API).
2024-11-12 23:47:11.048 +05:30  INF  Executing ObjectResult, writing value of type 'BAKERBAZZAR.API.Models.ApiResponse'.
2024-11-12 23:47:11.048 +05:30  INF  Executed action BAKERBAZZAR.API.Controller.UserController.CartDetails (BAKERBAZZAR.API) in 35.4072ms
2024-11-12 23:47:11.048 +05:30  INF  Executed endpoint 'BAKERBAZZAR.API.Controller.UserController.CartDetails (BAKERBAZZAR.API)'
2024-11-12 23:47:11.048 +05:30  INF  Request finished HTTP/1.1 GET http://localhost:5145/user/cartdetails?displayId=702dcb1e-b399-4b22-a4ad-ac33169d26fd application/json - - 200 - application/json;+charset=utf-8 36.0485ms
2024-11-12 23:47:13.531 +05:30  INF  Request starting HTTP/1.1 OPTIONS http://localhost:5145/user/category - -
2024-11-12 23:47:13.531 +05:30  INF  CORS policy execution successful.
2024-11-12 23:47:13.532 +05:30  INF  Request finished HTTP/1.1 OPTIONS http://localhost:5145/user/category - - - 204 - - 0.6909ms
2024-11-12 23:47:13.534 +05:30  INF  Request starting HTTP/1.1 GET http://localhost:5145/user/category application/json -
2024-11-12 23:47:13.534 +05:30  INF  CORS policy execution successful.
2024-11-12 23:47:13.535 +05:30  INF  Executing endpoint 'BAKERBAZZAR.API.Controller.UserController.Category (BAKERBAZZAR.API)'
2024-11-12 23:47:13.535 +05:30  INF  Route matched with {action = "Category", controller = "User"}. Executing controller action with signature System.Threading.Tasks.Task`1[Microsoft.AspNetCore.Mvc.ActionResult`1[BAKERBAZZAR.API.Models.ApiResponse]] Category(System.String) on controller BAKERBAZZAR.API.Controller.UserController (BAKERBAZZAR.API).
2024-11-12 23:47:13.556 +05:30  INF  Executing ObjectResult, writing value of type 'BAKERBAZZAR.API.Models.ApiResponse'.
2024-11-12 23:47:13.556 +05:30  INF  Executed action BAKERBAZZAR.API.Controller.UserController.Category (BAKERBAZZAR.API) in 21.5559ms
2024-11-12 23:47:13.556 +05:30  INF  Executed endpoint 'BAKERBAZZAR.API.Controller.UserController.Category (BAKERBAZZAR.API)'
2024-11-12 23:47:13.556 +05:30  INF  Request finished HTTP/1.1 GET http://localhost:5145/user/category application/json - - 200 - application/json;+charset=utf-8 22.5770ms
2024-11-12 23:47:15.474 +05:30  INF  Request starting HTTP/1.1 OPTIONS http://localhost:5145/user/products?categoryid=3e85ca1f-91c2-42f2-9b05-bd920051c25e - -
2024-11-12 23:47:15.474 +05:30  INF  CORS policy execution successful.
2024-11-12 23:47:15.474 +05:30  INF  Request finished HTTP/1.1 OPTIONS http://localhost:5145/user/products?categoryid=3e85ca1f-91c2-42f2-9b05-bd920051c25e - - - 204 - - 0.2667ms
2024-11-12 23:47:15.476 +05:30  INF  Request starting HTTP/1.1 GET http://localhost:5145/user/products?categoryid=3e85ca1f-91c2-42f2-9b05-bd920051c25e application/json -
2024-11-12 23:47:15.477 +05:30  INF  CORS policy execution successful.
2024-11-12 23:47:15.477 +05:30  INF  Executing endpoint 'BAKERBAZZAR.API.Controller.UserController.Products (BAKERBAZZAR.API)'
2024-11-12 23:47:15.477 +05:30  INF  Route matched with {action = "Products", controller = "User"}. Executing controller action with signature System.Threading.Tasks.Task`1[Microsoft.AspNetCore.Mvc.ActionResult`1[BAKERBAZZAR.API.Models.ApiResponse]] Products(System.String, System.String) on controller BAKERBAZZAR.API.Controller.UserController (BAKERBAZZAR.API).
2024-11-12 23:47:15.495 +05:30  INF  Executing ObjectResult, writing value of type 'BAKERBAZZAR.API.Models.ApiResponse'.
2024-11-12 23:47:15.496 +05:30  INF  Executed action BAKERBAZZAR.API.Controller.UserController.Products (BAKERBAZZAR.API) in 18.5922ms
2024-11-12 23:47:15.496 +05:30  INF  Executed endpoint 'BAKERBAZZAR.API.Controller.UserController.Products (BAKERBAZZAR.API)'
2024-11-12 23:47:15.496 +05:30  INF  Request finished HTTP/1.1 GET http://localhost:5145/user/products?categoryid=3e85ca1f-91c2-42f2-9b05-bd920051c25e application/json - - 200 - application/json;+charset=utf-8 19.3626ms
2024-11-12 23:47:17.155 +05:30  INF  Request starting HTTP/1.1 OPTIONS http://localhost:5145/user/addtocart - -
2024-11-12 23:47:17.155 +05:30  INF  CORS policy execution successful.
2024-11-12 23:47:17.155 +05:30  INF  Request finished HTTP/1.1 OPTIONS http://localhost:5145/user/addtocart - - - 204 - - 0.1796ms
2024-11-12 23:47:17.156 +05:30  INF  Request starting HTTP/1.1 POST http://localhost:5145/user/addtocart application/json 144
2024-11-12 23:47:17.156 +05:30  INF  CORS policy execution successful.
2024-11-12 23:47:17.156 +05:30  INF  Executing endpoint 'BAKERBAZZAR.API.Controller.UserController.AddToCart (BAKERBAZZAR.API)'
2024-11-12 23:47:17.157 +05:30  INF  Route matched with {action = "AddToCart", controller = "User"}. Executing controller action with signature System.Threading.Tasks.Task`1[Microsoft.AspNetCore.Mvc.ActionResult`1[BAKERBAZZAR.API.Models.ApiResponse]] AddToCart(BAKERBAZZAR.API.Models.IO_Templates.AddToCartRequest) on controller BAKERBAZZAR.API.Controller.UserController (BAKERBAZZAR.API).
2024-11-12 23:47:17.175 +05:30  INF  Executing ObjectResult, writing value of type 'BAKERBAZZAR.API.Models.ApiResponse'.
2024-11-12 23:47:17.175 +05:30  INF  Executed action BAKERBAZZAR.API.Controller.UserController.AddToCart (BAKERBAZZAR.API) in 18.1229ms
2024-11-12 23:47:17.175 +05:30  INF  Executed endpoint 'BAKERBAZZAR.API.Controller.UserController.AddToCart (BAKERBAZZAR.API)'
2024-11-12 23:47:17.175 +05:30  INF  Request finished HTTP/1.1 POST http://localhost:5145/user/addtocart application/json 144 - 200 - application/json;+charset=utf-8 18.7342ms
2024-11-12 23:47:19.208 +05:30  INF  Request starting HTTP/1.1 OPTIONS http://localhost:5145/user/cartdetails?displayId=702dcb1e-b399-4b22-a4ad-ac33169d26fd - -
2024-11-12 23:47:19.208 +05:30  INF  CORS policy execution successful.
2024-11-12 23:47:19.208 +05:30  INF  Request finished HTTP/1.1 OPTIONS http://localhost:5145/user/cartdetails?displayId=702dcb1e-b399-4b22-a4ad-ac33169d26fd - - - 204 - - 0.2045ms
2024-11-12 23:47:19.209 +05:30  INF  Request starting HTTP/1.1 GET http://localhost:5145/user/cartdetails?displayId=702dcb1e-b399-4b22-a4ad-ac33169d26fd application/json -
2024-11-12 23:47:19.209 +05:30  INF  CORS policy execution successful.
2024-11-12 23:47:19.209 +05:30  INF  Executing endpoint 'BAKERBAZZAR.API.Controller.UserController.CartDetails (BAKERBAZZAR.API)'
2024-11-12 23:47:19.209 +05:30  INF  Route matched with {action = "CartDetails", controller = "User"}. Executing controller action with signature System.Threading.Tasks.Task`1[Microsoft.AspNetCore.Mvc.ActionResult`1[BAKERBAZZAR.API.Models.ApiResponse]] CartDetails(System.String) on controller BAKERBAZZAR.API.Controller.UserController (BAKERBAZZAR.API).
2024-11-12 23:47:19.248 +05:30  INF  Executing ObjectResult, writing value of type 'BAKERBAZZAR.API.Models.ApiResponse'.
2024-11-12 23:47:19.267 +05:30  INF  Executed action BAKERBAZZAR.API.Controller.UserController.CartDetails (BAKERBAZZAR.API) in 57.2116ms
2024-11-12 23:47:19.267 +05:30  INF  Executed endpoint 'BAKERBAZZAR.API.Controller.UserController.CartDetails (BAKERBAZZAR.API)'
2024-11-12 23:47:19.267 +05:30  INF  Request finished HTTP/1.1 GET http://localhost:5145/user/cartdetails?displayId=702dcb1e-b399-4b22-a4ad-ac33169d26fd application/json - - 200 - application/json;+charset=utf-8 57.5714ms
2024-11-12 23:47:30.113 +05:30  INF  Request starting HTTP/1.1 OPTIONS http://localhost:5145/user/cartdetails?displayId=702dcb1e-b399-4b22-a4ad-ac33169d26fd - -
2024-11-12 23:47:30.113 +05:30  INF  CORS policy execution successful.
2024-11-12 23:47:30.113 +05:30  INF  Request finished HTTP/1.1 OPTIONS http://localhost:5145/user/cartdetails?displayId=702dcb1e-b399-4b22-a4ad-ac33169d26fd - - - 204 - - 0.4581ms
2024-11-12 23:47:30.115 +05:30  INF  Request starting HTTP/1.1 GET http://localhost:5145/user/cartdetails?displayId=702dcb1e-b399-4b22-a4ad-ac33169d26fd application/json -
2024-11-12 23:47:30.115 +05:30  INF  CORS policy execution successful.
2024-11-12 23:47:30.115 +05:30  INF  Executing endpoint 'BAKERBAZZAR.API.Controller.UserController.CartDetails (BAKERBAZZAR.API)'
2024-11-12 23:47:30.116 +05:30  INF  Route matched with {action = "CartDetails", controller = "User"}. Executing controller action with signature System.Threading.Tasks.Task`1[Microsoft.AspNetCore.Mvc.ActionResult`1[BAKERBAZZAR.API.Models.ApiResponse]] CartDetails(System.String) on controller BAKERBAZZAR.API.Controller.UserController (BAKERBAZZAR.API).
2024-11-12 23:47:30.138 +05:30  INF  Executing ObjectResult, writing value of type 'BAKERBAZZAR.API.Models.ApiResponse'.
2024-11-12 23:47:30.138 +05:30  INF  Executed action BAKERBAZZAR.API.Controller.UserController.CartDetails (BAKERBAZZAR.API) in 22.4089ms
2024-11-12 23:47:30.138 +05:30  INF  Executed endpoint 'BAKERBAZZAR.API.Controller.UserController.CartDetails (BAKERBAZZAR.API)'
2024-11-12 23:47:30.138 +05:30  INF  Request finished HTTP/1.1 GET http://localhost:5145/user/cartdetails?displayId=702dcb1e-b399-4b22-a4ad-ac33169d26fd application/json - - 200 - application/json;+charset=utf-8 23.0727ms
2024-11-12 23:51:02.918 +05:30  INF  Request starting HTTP/1.1 OPTIONS http://localhost:5145/user/category - -
2024-11-12 23:51:02.918 +05:30  INF  CORS policy execution successful.
2024-11-12 23:51:02.918 +05:30  INF  Request finished HTTP/1.1 OPTIONS http://localhost:5145/user/category - - - 204 - - 0.5286ms
2024-11-12 23:51:02.919 +05:30  INF  Request starting HTTP/1.1 GET http://localhost:5145/user/category application/json -
2024-11-12 23:51:02.919 +05:30  INF  CORS policy execution successful.
2024-11-12 23:51:02.919 +05:30  INF  Executing endpoint 'BAKERBAZZAR.API.Controller.UserController.Category (BAKERBAZZAR.API)'
2024-11-12 23:51:02.919 +05:30  INF  Route matched with {action = "Category", controller = "User"}. Executing controller action with signature System.Threading.Tasks.Task`1[Microsoft.AspNetCore.Mvc.ActionResult`1[BAKERBAZZAR.API.Models.ApiResponse]] Category(System.String) on controller BAKERBAZZAR.API.Controller.UserController (BAKERBAZZAR.API).
2024-11-12 23:51:03.267 +05:30  INF  Executing ObjectResult, writing value of type 'BAKERBAZZAR.API.Models.ApiResponse'.
2024-11-12 23:51:03.267 +05:30  INF  Executed action BAKERBAZZAR.API.Controller.UserController.Category (BAKERBAZZAR.API) in 347.2801ms
2024-11-12 23:51:03.267 +05:30  INF  Executed endpoint 'BAKERBAZZAR.API.Controller.UserController.Category (BAKERBAZZAR.API)'
2024-11-12 23:51:03.267 +05:30  INF  Request finished HTTP/1.1 GET http://localhost:5145/user/category application/json - - 200 - application/json;+charset=utf-8 347.6642ms
2024-11-12 23:51:05.188 +05:30  INF  Request starting HTTP/1.1 OPTIONS http://localhost:5145/user/products?categoryid=3e85ca1f-91c2-42f2-9b05-bd920051c25e - -
2024-11-12 23:51:05.188 +05:30  INF  CORS policy execution successful.
2024-11-12 23:51:05.189 +05:30  INF  Request finished HTTP/1.1 OPTIONS http://localhost:5145/user/products?categoryid=3e85ca1f-91c2-42f2-9b05-bd920051c25e - - - 204 - - 0.5382ms
2024-11-12 23:51:05.193 +05:30  INF  Request starting HTTP/1.1 GET http://localhost:5145/user/products?categoryid=3e85ca1f-91c2-42f2-9b05-bd920051c25e application/json -
2024-11-12 23:51:05.193 +05:30  INF  CORS policy execution successful.
2024-11-12 23:51:05.193 +05:30  INF  Executing endpoint 'BAKERBAZZAR.API.Controller.UserController.Products (BAKERBAZZAR.API)'
2024-11-12 23:51:05.193 +05:30  INF  Route matched with {action = "Products", controller = "User"}. Executing controller action with signature System.Threading.Tasks.Task`1[Microsoft.AspNetCore.Mvc.ActionResult`1[BAKERBAZZAR.API.Models.ApiResponse]] Products(System.String, System.String) on controller BAKERBAZZAR.API.Controller.UserController (BAKERBAZZAR.API).
2024-11-12 23:51:05.205 +05:30  INF  Executing ObjectResult, writing value of type 'BAKERBAZZAR.API.Models.ApiResponse'.
2024-11-12 23:51:05.205 +05:30  INF  Executed action BAKERBAZZAR.API.Controller.UserController.Products (BAKERBAZZAR.API) in 11.9153ms
2024-11-12 23:51:05.205 +05:30  INF  Executed endpoint 'BAKERBAZZAR.API.Controller.UserController.Products (BAKERBAZZAR.API)'
2024-11-12 23:51:05.205 +05:30  INF  Request finished HTTP/1.1 GET http://localhost:5145/user/products?categoryid=3e85ca1f-91c2-42f2-9b05-bd920051c25e application/json - - 200 - application/json;+charset=utf-8 12.4694ms
2024-11-12 23:51:09.364 +05:30  INF  Request starting HTTP/1.1 OPTIONS http://localhost:5145/user/addtocart - -
2024-11-12 23:51:09.364 +05:30  INF  CORS policy execution successful.
2024-11-12 23:51:09.365 +05:30  INF  Request finished HTTP/1.1 OPTIONS http://localhost:5145/user/addtocart - - - 204 - - 0.7632ms
2024-11-12 23:51:09.366 +05:30  INF  Request starting HTTP/1.1 POST http://localhost:5145/user/addtocart application/json 144
2024-11-12 23:51:09.366 +05:30  INF  CORS policy execution successful.
2024-11-12 23:51:09.366 +05:30  INF  Executing endpoint 'BAKERBAZZAR.API.Controller.UserController.AddToCart (BAKERBAZZAR.API)'
2024-11-12 23:51:09.366 +05:30  INF  Route matched with {action = "AddToCart", controller = "User"}. Executing controller action with signature System.Threading.Tasks.Task`1[Microsoft.AspNetCore.Mvc.ActionResult`1[BAKERBAZZAR.API.Models.ApiResponse]] AddToCart(BAKERBAZZAR.API.Models.IO_Templates.AddToCartRequest) on controller BAKERBAZZAR.API.Controller.UserController (BAKERBAZZAR.API).
2024-11-12 23:51:09.394 +05:30  INF  Executing ObjectResult, writing value of type 'BAKERBAZZAR.API.Models.ApiResponse'.
2024-11-12 23:51:09.394 +05:30  INF  Executed action BAKERBAZZAR.API.Controller.UserController.AddToCart (BAKERBAZZAR.API) in 28.3819ms
2024-11-12 23:51:09.394 +05:30  INF  Executed endpoint 'BAKERBAZZAR.API.Controller.UserController.AddToCart (BAKERBAZZAR.API)'
2024-11-12 23:51:09.394 +05:30  INF  Request finished HTTP/1.1 POST http://localhost:5145/user/addtocart application/json 144 - 200 - application/json;+charset=utf-8 28.6482ms
2024-11-12 23:51:58.168 +05:30  INF  Request starting HTTP/1.1 OPTIONS http://localhost:5145/user/cartdetails?displayId=702dcb1e-b399-4b22-a4ad-ac33169d26fd - -
2024-11-12 23:51:58.168 +05:30  INF  CORS policy execution successful.
2024-11-12 23:51:58.168 +05:30  INF  Request finished HTTP/1.1 OPTIONS http://localhost:5145/user/cartdetails?displayId=702dcb1e-b399-4b22-a4ad-ac33169d26fd - - - 204 - - 0.3146ms
2024-11-12 23:51:58.170 +05:30  INF  Request starting HTTP/1.1 GET http://localhost:5145/user/cartdetails?displayId=702dcb1e-b399-4b22-a4ad-ac33169d26fd application/json -
2024-11-12 23:51:58.170 +05:30  INF  CORS policy execution successful.
2024-11-12 23:51:58.170 +05:30  INF  Executing endpoint 'BAKERBAZZAR.API.Controller.UserController.CartDetails (BAKERBAZZAR.API)'
2024-11-12 23:51:58.170 +05:30  INF  Route matched with {action = "CartDetails", controller = "User"}. Executing controller action with signature System.Threading.Tasks.Task`1[Microsoft.AspNetCore.Mvc.ActionResult`1[BAKERBAZZAR.API.Models.ApiResponse]] CartDetails(System.String) on controller BAKERBAZZAR.API.Controller.UserController (BAKERBAZZAR.API).
2024-11-12 23:51:58.217 +05:30  INF  Executing ObjectResult, writing value of type 'BAKERBAZZAR.API.Models.ApiResponse'.
2024-11-12 23:51:58.218 +05:30  INF  Executed action BAKERBAZZAR.API.Controller.UserController.CartDetails (BAKERBAZZAR.API) in 47.4086ms
2024-11-12 23:51:58.218 +05:30  INF  Executed endpoint 'BAKERBAZZAR.API.Controller.UserController.CartDetails (BAKERBAZZAR.API)'
2024-11-12 23:51:58.218 +05:30  INF  Request finished HTTP/1.1 GET http://localhost:5145/user/cartdetails?displayId=702dcb1e-b399-4b22-a4ad-ac33169d26fd application/json - - 200 - application/json;+charset=utf-8 48.0668ms
2024-11-12 23:52:46.966 +05:30  INF  Request starting HTTP/1.1 OPTIONS http://localhost:5145/user/category - -
2024-11-12 23:52:46.966 +05:30  INF  CORS policy execution successful.
2024-11-12 23:52:46.966 +05:30  INF  Request finished HTTP/1.1 OPTIONS http://localhost:5145/user/category - - - 204 - - 0.5580ms
2024-11-12 23:52:46.977 +05:30  INF  Request starting HTTP/1.1 GET http://localhost:5145/user/category application/json -
2024-11-12 23:52:46.977 +05:30  INF  CORS policy execution successful.
2024-11-12 23:52:46.977 +05:30  INF  Executing endpoint 'BAKERBAZZAR.API.Controller.UserController.Category (BAKERBAZZAR.API)'
2024-11-12 23:52:46.977 +05:30  INF  Route matched with {action = "Category", controller = "User"}. Executing controller action with signature System.Threading.Tasks.Task`1[Microsoft.AspNetCore.Mvc.ActionResult`1[BAKERBAZZAR.API.Models.ApiResponse]] Category(System.String) on controller BAKERBAZZAR.API.Controller.UserController (BAKERBAZZAR.API).
2024-11-12 23:52:47.018 +05:30  INF  Executing ObjectResult, writing value of type 'BAKERBAZZAR.API.Models.ApiResponse'.
2024-11-12 23:52:47.018 +05:30  INF  Executed action BAKERBAZZAR.API.Controller.UserController.Category (BAKERBAZZAR.API) in 40.7574ms
2024-11-12 23:52:47.018 +05:30  INF  Executed endpoint 'BAKERBAZZAR.API.Controller.UserController.Category (BAKERBAZZAR.API)'
2024-11-12 23:52:47.018 +05:30  INF  Request finished HTTP/1.1 GET http://localhost:5145/user/category application/json - - 200 - application/json;+charset=utf-8 41.7586ms
2024-11-12 23:52:48.401 +05:30  INF  Request starting HTTP/1.1 OPTIONS http://localhost:5145/user/products?categoryid=3e85ca1f-91c2-42f2-9b05-bd920051c25e - -
2024-11-12 23:52:48.402 +05:30  INF  CORS policy execution successful.
2024-11-12 23:52:48.402 +05:30  INF  Request finished HTTP/1.1 OPTIONS http://localhost:5145/user/products?categoryid=3e85ca1f-91c2-42f2-9b05-bd920051c25e - - - 204 - - 0.2020ms
2024-11-12 23:52:48.403 +05:30  INF  Request starting HTTP/1.1 GET http://localhost:5145/user/products?categoryid=3e85ca1f-91c2-42f2-9b05-bd920051c25e application/json -
2024-11-12 23:52:48.403 +05:30  INF  CORS policy execution successful.
2024-11-12 23:52:48.403 +05:30  INF  Executing endpoint 'BAKERBAZZAR.API.Controller.UserController.Products (BAKERBAZZAR.API)'
2024-11-12 23:52:48.403 +05:30  INF  Route matched with {action = "Products", controller = "User"}. Executing controller action with signature System.Threading.Tasks.Task`1[Microsoft.AspNetCore.Mvc.ActionResult`1[BAKERBAZZAR.API.Models.ApiResponse]] Products(System.String, System.String) on controller BAKERBAZZAR.API.Controller.UserController (BAKERBAZZAR.API).
2024-11-12 23:52:48.411 +05:30  INF  Executing ObjectResult, writing value of type 'BAKERBAZZAR.API.Models.ApiResponse'.
2024-11-12 23:52:48.412 +05:30  INF  Executed action BAKERBAZZAR.API.Controller.UserController.Products (BAKERBAZZAR.API) in 8.4105ms
2024-11-12 23:52:48.412 +05:30  INF  Executed endpoint 'BAKERBAZZAR.API.Controller.UserController.Products (BAKERBAZZAR.API)'
2024-11-12 23:52:48.412 +05:30  INF  Request finished HTTP/1.1 GET http://localhost:5145/user/products?categoryid=3e85ca1f-91c2-42f2-9b05-bd920051c25e application/json - - 200 - application/json;+charset=utf-8 8.8580ms
2024-11-12 23:52:50.769 +05:30  INF  Request starting HTTP/1.1 OPTIONS http://localhost:5145/user/addtocart - -
2024-11-12 23:52:50.769 +05:30  INF  CORS policy execution successful.
2024-11-12 23:52:50.769 +05:30  INF  Request finished HTTP/1.1 OPTIONS http://localhost:5145/user/addtocart - - - 204 - - 0.2499ms
2024-11-12 23:52:50.770 +05:30  INF  Request starting HTTP/1.1 POST http://localhost:5145/user/addtocart application/json 144
2024-11-12 23:52:50.771 +05:30  INF  CORS policy execution successful.
2024-11-12 23:52:50.771 +05:30  INF  Executing endpoint 'BAKERBAZZAR.API.Controller.UserController.AddToCart (BAKERBAZZAR.API)'
2024-11-12 23:52:50.771 +05:30  INF  Route matched with {action = "AddToCart", controller = "User"}. Executing controller action with signature System.Threading.Tasks.Task`1[Microsoft.AspNetCore.Mvc.ActionResult`1[BAKERBAZZAR.API.Models.ApiResponse]] AddToCart(BAKERBAZZAR.API.Models.IO_Templates.AddToCartRequest) on controller BAKERBAZZAR.API.Controller.UserController (BAKERBAZZAR.API).
2024-11-12 23:52:50.807 +05:30  INF  Executing ObjectResult, writing value of type 'BAKERBAZZAR.API.Models.ApiResponse'.
2024-11-12 23:52:50.807 +05:30  INF  Executed action BAKERBAZZAR.API.Controller.UserController.AddToCart (BAKERBAZZAR.API) in 35.9411ms
2024-11-12 23:52:50.807 +05:30  INF  Executed endpoint 'BAKERBAZZAR.API.Controller.UserController.AddToCart (BAKERBAZZAR.API)'
2024-11-12 23:52:50.807 +05:30  INF  Request finished HTTP/1.1 POST http://localhost:5145/user/addtocart application/json 144 - 200 - application/json;+charset=utf-8 36.4613ms
2024-11-12 23:57:18.304 +05:30  INF  Request starting HTTP/1.1 OPTIONS http://localhost:5145/User/AddToCart - -
2024-11-12 23:57:18.305 +05:30  INF  CORS policy execution successful.
2024-11-12 23:57:18.305 +05:30  INF  Request finished HTTP/1.1 OPTIONS http://localhost:5145/User/AddToCart - - - 204 - - 1.3355ms
2024-11-12 23:57:18.307 +05:30  INF  Request starting HTTP/1.1 POST http://localhost:5145/User/AddToCart application/json 141
2024-11-12 23:57:18.307 +05:30  INF  CORS policy execution successful.
2024-11-12 23:57:18.307 +05:30  INF  Executing endpoint 'BAKERBAZZAR.API.Controller.UserController.AddToCart (BAKERBAZZAR.API)'
2024-11-12 23:57:18.307 +05:30  INF  Route matched with {action = "AddToCart", controller = "User"}. Executing controller action with signature System.Threading.Tasks.Task`1[Microsoft.AspNetCore.Mvc.ActionResult`1[BAKERBAZZAR.API.Models.ApiResponse]] AddToCart(BAKERBAZZAR.API.Models.IO_Templates.AddToCartRequest) on controller BAKERBAZZAR.API.Controller.UserController (BAKERBAZZAR.API).
2024-11-12 23:57:18.400 +05:30  INF  Executing ObjectResult, writing value of type 'BAKERBAZZAR.API.Models.ApiResponse'.
2024-11-12 23:57:18.401 +05:30  INF  Executed action BAKERBAZZAR.API.Controller.UserController.AddToCart (BAKERBAZZAR.API) in 93.3599ms
2024-11-12 23:57:18.401 +05:30  INF  Executed endpoint 'BAKERBAZZAR.API.Controller.UserController.AddToCart (BAKERBAZZAR.API)'
2024-11-12 23:57:18.401 +05:30  INF  Request finished HTTP/1.1 POST http://localhost:5145/User/AddToCart application/json 141 - 200 - application/json;+charset=utf-8 94.2038ms
2024-11-12 23:57:48.861 +05:30  INF  Request starting HTTP/1.1 OPTIONS http://localhost:5145/User/AddToCart - -
2024-11-12 23:57:48.861 +05:30  INF  CORS policy execution successful.
2024-11-12 23:57:48.861 +05:30  INF  Request finished HTTP/1.1 OPTIONS http://localhost:5145/User/AddToCart - - - 204 - - 0.2123ms
2024-11-12 23:57:48.862 +05:30  INF  Request starting HTTP/1.1 POST http://localhost:5145/User/AddToCart application/json 140
2024-11-12 23:57:48.862 +05:30  INF  CORS policy execution successful.
2024-11-12 23:57:48.862 +05:30  INF  Executing endpoint 'BAKERBAZZAR.API.Controller.UserController.AddToCart (BAKERBAZZAR.API)'
2024-11-12 23:57:48.862 +05:30  INF  Route matched with {action = "AddToCart", controller = "User"}. Executing controller action with signature System.Threading.Tasks.Task`1[Microsoft.AspNetCore.Mvc.ActionResult`1[BAKERBAZZAR.API.Models.ApiResponse]] AddToCart(BAKERBAZZAR.API.Models.IO_Templates.AddToCartRequest) on controller BAKERBAZZAR.API.Controller.UserController (BAKERBAZZAR.API).
2024-11-12 23:57:48.879 +05:30  INF  Executing ObjectResult, writing value of type 'BAKERBAZZAR.API.Models.ApiResponse'.
2024-11-12 23:57:48.879 +05:30  INF  Executed action BAKERBAZZAR.API.Controller.UserController.AddToCart (BAKERBAZZAR.API) in 16.7291ms
2024-11-12 23:57:48.879 +05:30  INF  Executed endpoint 'BAKERBAZZAR.API.Controller.UserController.AddToCart (BAKERBAZZAR.API)'
2024-11-12 23:57:48.879 +05:30  INF  Request finished HTTP/1.1 POST http://localhost:5145/User/AddToCart application/json 140 - 200 - application/json;+charset=utf-8 17.0506ms
2024-11-12 23:58:31.661 +05:30  INF  Request starting HTTP/1.1 GET http://localhost:5145/User/CartDetails?displayid=702dcb1e-b399-4b22-a4ad-ac33169d26fd - -
2024-11-12 23:58:31.662 +05:30  INF  CORS policy execution successful.
2024-11-12 23:58:31.662 +05:30  INF  Executing endpoint 'BAKERBAZZAR.API.Controller.UserController.CartDetails (BAKERBAZZAR.API)'
2024-11-12 23:58:31.663 +05:30  INF  Route matched with {action = "CartDetails", controller = "User"}. Executing controller action with signature System.Threading.Tasks.Task`1[Microsoft.AspNetCore.Mvc.ActionResult`1[BAKERBAZZAR.API.Models.ApiResponse]] CartDetails(System.String) on controller BAKERBAZZAR.API.Controller.UserController (BAKERBAZZAR.API).
2024-11-12 23:58:31.737 +05:30  INF  Executing ObjectResult, writing value of type 'BAKERBAZZAR.API.Models.ApiResponse'.
2024-11-12 23:58:31.737 +05:30  INF  Executed action BAKERBAZZAR.API.Controller.UserController.CartDetails (BAKERBAZZAR.API) in 74.1652ms
2024-11-12 23:58:31.737 +05:30  INF  Executed endpoint 'BAKERBAZZAR.API.Controller.UserController.CartDetails (BAKERBAZZAR.API)'
2024-11-12 23:58:31.737 +05:30  INF  Request finished HTTP/1.1 GET http://localhost:5145/User/CartDetails?displayid=702dcb1e-b399-4b22-a4ad-ac33169d26fd - - - 200 - application/json;+charset=utf-8 76.1507ms
2024-11-12 23:58:31.831 +05:30  INF  Request starting HTTP/1.1 GET http://localhost:5145/User/CartDetails?displayid=702dcb1e-b399-4b22-a4ad-ac33169d26fd - -
2024-11-12 23:58:31.831 +05:30  INF  CORS policy execution successful.
2024-11-12 23:58:31.831 +05:30  INF  Executing endpoint 'BAKERBAZZAR.API.Controller.UserController.CartDetails (BAKERBAZZAR.API)'
2024-11-12 23:58:31.831 +05:30  INF  Route matched with {action = "CartDetails", controller = "User"}. Executing controller action with signature System.Threading.Tasks.Task`1[Microsoft.AspNetCore.Mvc.ActionResult`1[BAKERBAZZAR.API.Models.ApiResponse]] CartDetails(System.String) on controller BAKERBAZZAR.API.Controller.UserController (BAKERBAZZAR.API).
2024-11-12 23:58:31.848 +05:30  INF  Executing ObjectResult, writing value of type 'BAKERBAZZAR.API.Models.ApiResponse'.
2024-11-12 23:58:31.848 +05:30  INF  Executed action BAKERBAZZAR.API.Controller.UserController.CartDetails (BAKERBAZZAR.API) in 17.1796ms
2024-11-12 23:58:31.848 +05:30  INF  Executed endpoint 'BAKERBAZZAR.API.Controller.UserController.CartDetails (BAKERBAZZAR.API)'
2024-11-12 23:58:31.848 +05:30  INF  Request finished HTTP/1.1 GET http://localhost:5145/User/CartDetails?displayid=702dcb1e-b399-4b22-a4ad-ac33169d26fd - - - 200 - application/json;+charset=utf-8 17.9909ms
