2024-11-15 17:06:02.779 +05:30  INF  Executing endpoint 'BAKERBAZZAR.API.Controller.UserController.OrderDetails (BAKERBAZZAR.API)'
2024-11-15 17:06:02.788 +05:30  INF  Route matched with {action = "OrderDetails", controller = "User"}. Executing controller action with signature System.Threading.Tasks.Task`1[Microsoft.AspNetCore.Mvc.ActionResult`1[BAKERBAZZAR.API.Models.ApiResponse]] OrderDetails(System.String, System.String, Int32) on controller BAKERBAZZAR.API.Controller.UserController (BAKERBAZZAR.API).
2024-11-15 17:06:02.821 +05:30  INF  Executing ObjectResult, writing value of type 'BAKERBAZZAR.API.Models.ApiResponse'.
2024-11-15 17:06:02.821 +05:30  INF  Executed action BAKERBAZZAR.API.Controller.UserController.OrderDetails (BAKERBAZZAR.API) in 32.8438ms
2024-11-15 17:06:02.821 +05:30  INF  Executed endpoint 'BAKERBAZZAR.API.Controller.UserController.OrderDetails (BAKERBAZZAR.API)'
2024-11-15 17:06:02.821 +05:30  INF  Request finished HTTP/1.1 GET http://localhost:5145/user/orderdetails?displayId=889b9964-dc78-4b60-842a-29ee9f6b7e11&status=placeorder&addressid=1042 - - - 200 - application/json;+charset=utf-8 42.4436ms
2024-11-15 17:06:04.768 +05:30  INF  Request starting HTTP/1.1 GET http://localhost:5145/user/myorders?displayid=a8701061-246f-4f0a-b7db-cf788913b18d - -
2024-11-15 17:06:04.769 +05:30  INF  CORS policy execution successful.
2024-11-15 17:06:04.769 +05:30  INF  Executing endpoint 'BAKERBAZZAR.API.Controller.UserController.MyOrders (BAKERBAZZAR.API)'
2024-11-15 17:06:04.769 +05:30  INF  Route matched with {action = "MyOrders", controller = "User"}. Executing controller action with signature System.Threading.Tasks.Task`1[Microsoft.AspNetCore.Mvc.ActionResult`1[BAKERBAZZAR.API.Models.ApiResponse]] MyOrders(System.String, System.String, System.String) on controller BAKERBAZZAR.API.Controller.UserController (BAKERBAZZAR.API).
2024-11-15 17:06:04.788 +05:30  INF  Executing ObjectResult, writing value of type 'BAKERBAZZAR.API.Models.ApiResponse'.
2024-11-15 17:06:04.788 +05:30  INF  Executed action BAKERBAZZAR.API.Controller.UserController.MyOrders (BAKERBAZZAR.API) in 19.6127ms
2024-11-15 17:06:04.788 +05:30  INF  Executed endpoint 'BAKERBAZZAR.API.Controller.UserController.MyOrders (BAKERBAZZAR.API)'
2024-11-15 17:06:04.789 +05:30  INF  Request finished HTTP/1.1 GET http://localhost:5145/user/myorders?displayid=a8701061-246f-4f0a-b7db-cf788913b18d - - - 200 - application/json;+charset=utf-8 20.2325ms
2024-11-15 17:06:04.790 +05:30  INF  Request starting HTTP/1.1 GET http://localhost:5145/user/myorders?displayid=a8701061-246f-4f0a-b7db-cf788913b18d - -
2024-11-15 17:06:04.790 +05:30  INF  CORS policy execution successful.
2024-11-15 17:06:04.790 +05:30  INF  Executing endpoint 'BAKERBAZZAR.API.Controller.UserController.MyOrders (BAKERBAZZAR.API)'
2024-11-15 17:06:04.790 +05:30  INF  Route matched with {action = "MyOrders", controller = "User"}. Executing controller action with signature System.Threading.Tasks.Task`1[Microsoft.AspNetCore.Mvc.ActionResult`1[BAKERBAZZAR.API.Models.ApiResponse]] MyOrders(System.String, System.String, System.String) on controller BAKERBAZZAR.API.Controller.UserController (BAKERBAZZAR.API).
2024-11-15 17:06:04.793 +05:30  INF  Executing ObjectResult, writing value of type 'BAKERBAZZAR.API.Models.ApiResponse'.
2024-11-15 17:06:04.793 +05:30  INF  Executed action BAKERBAZZAR.API.Controller.UserController.MyOrders (BAKERBAZZAR.API) in 2.6223ms
2024-11-15 17:06:04.793 +05:30  INF  Executed endpoint 'BAKERBAZZAR.API.Controller.UserController.MyOrders (BAKERBAZZAR.API)'
2024-11-15 17:06:04.793 +05:30  INF  Request finished HTTP/1.1 GET http://localhost:5145/user/myorders?displayid=a8701061-246f-4f0a-b7db-cf788913b18d - - - 200 - application/json;+charset=utf-8 3.0217ms
2024-11-15 17:06:49.027 +05:30  INF  Request starting HTTP/1.1 GET http://localhost:5145/User/Category - -
2024-11-15 17:06:49.027 +05:30  INF  Request starting HTTP/1.1 GET http://localhost:5145/user/products?categoryid= - -
2024-11-15 17:06:49.028 +05:30  INF  CORS policy execution successful.
2024-11-15 17:06:49.028 +05:30  INF  CORS policy execution successful.
2024-11-15 17:06:49.028 +05:30  INF  Executing endpoint 'BAKERBAZZAR.API.Controller.UserController.Category (BAKERBAZZAR.API)'
2024-11-15 17:06:49.029 +05:30  INF  Executing endpoint 'BAKERBAZZAR.API.Controller.UserController.Products (BAKERBAZZAR.API)'
2024-11-15 17:06:49.029 +05:30  INF  Route matched with {action = "Category", controller = "User"}. Executing controller action with signature System.Threading.Tasks.Task`1[Microsoft.AspNetCore.Mvc.ActionResult`1[BAKERBAZZAR.API.Models.ApiResponse]] Category(System.String) on controller BAKERBAZZAR.API.Controller.UserController (BAKERBAZZAR.API).
2024-11-15 17:06:49.029 +05:30  INF  Route matched with {action = "Products", controller = "User"}. Executing controller action with signature System.Threading.Tasks.Task`1[Microsoft.AspNetCore.Mvc.ActionResult`1[BAKERBAZZAR.API.Models.ApiResponse]] Products(System.String, System.String) on controller BAKERBAZZAR.API.Controller.UserController (BAKERBAZZAR.API).
2024-11-15 17:06:49.036 +05:30  INF  Executing ObjectResult, writing value of type 'BAKERBAZZAR.API.Models.ApiResponse'.
2024-11-15 17:06:49.038 +05:30  INF  Executed action BAKERBAZZAR.API.Controller.UserController.Category (BAKERBAZZAR.API) in 8.2362ms
2024-11-15 17:06:49.038 +05:30  INF  Executed endpoint 'BAKERBAZZAR.API.Controller.UserController.Category (BAKERBAZZAR.API)'
2024-11-15 17:06:49.038 +05:30  INF  Request finished HTTP/1.1 GET http://localhost:5145/User/Category - - - 200 - application/json;+charset=utf-8 11.2704ms
2024-11-15 17:06:49.040 +05:30  INF  Request starting HTTP/1.1 GET http://localhost:5145/User/Category - -
2024-11-15 17:06:49.041 +05:30  INF  CORS policy execution successful.
2024-11-15 17:06:49.041 +05:30  INF  Executing endpoint 'BAKERBAZZAR.API.Controller.UserController.Category (BAKERBAZZAR.API)'
2024-11-15 17:06:49.041 +05:30  INF  Route matched with {action = "Category", controller = "User"}. Executing controller action with signature System.Threading.Tasks.Task`1[Microsoft.AspNetCore.Mvc.ActionResult`1[BAKERBAZZAR.API.Models.ApiResponse]] Category(System.String) on controller BAKERBAZZAR.API.Controller.UserController (BAKERBAZZAR.API).
2024-11-15 17:06:49.043 +05:30  INF  Executing ObjectResult, writing value of type 'BAKERBAZZAR.API.Models.ApiResponse'.
2024-11-15 17:06:49.043 +05:30  INF  Executed action BAKERBAZZAR.API.Controller.UserController.Category (BAKERBAZZAR.API) in 1.8179ms
2024-11-15 17:06:49.043 +05:30  INF  Executed endpoint 'BAKERBAZZAR.API.Controller.UserController.Category (BAKERBAZZAR.API)'
2024-11-15 17:06:49.043 +05:30  INF  Request finished HTTP/1.1 GET http://localhost:5145/User/Category - - - 200 - application/json;+charset=utf-8 2.3098ms
2024-11-15 17:06:49.044 +05:30  INF  Executing ObjectResult, writing value of type 'BAKERBAZZAR.API.Models.ApiResponse'.
2024-11-15 17:06:49.045 +05:30  INF  Executed action BAKERBAZZAR.API.Controller.UserController.Products (BAKERBAZZAR.API) in 15.3054ms
2024-11-15 17:06:49.045 +05:30  INF  Executed endpoint 'BAKERBAZZAR.API.Controller.UserController.Products (BAKERBAZZAR.API)'
2024-11-15 17:06:49.045 +05:30  INF  Request finished HTTP/1.1 GET http://localhost:5145/user/products?categoryid= - - - 200 - application/json;+charset=utf-8 17.4563ms
2024-11-15 17:06:49.047 +05:30  INF  Request starting HTTP/1.1 GET http://localhost:5145/user/products?categoryid= - -
2024-11-15 17:06:49.047 +05:30  INF  CORS policy execution successful.
2024-11-15 17:06:49.047 +05:30  INF  Executing endpoint 'BAKERBAZZAR.API.Controller.UserController.Products (BAKERBAZZAR.API)'
2024-11-15 17:06:49.047 +05:30  INF  Route matched with {action = "Products", controller = "User"}. Executing controller action with signature System.Threading.Tasks.Task`1[Microsoft.AspNetCore.Mvc.ActionResult`1[BAKERBAZZAR.API.Models.ApiResponse]] Products(System.String, System.String) on controller BAKERBAZZAR.API.Controller.UserController (BAKERBAZZAR.API).
2024-11-15 17:06:49.053 +05:30  INF  Executing ObjectResult, writing value of type 'BAKERBAZZAR.API.Models.ApiResponse'.
2024-11-15 17:06:49.055 +05:30  INF  Executed action BAKERBAZZAR.API.Controller.UserController.Products (BAKERBAZZAR.API) in 7.7131ms
2024-11-15 17:06:49.056 +05:30  INF  Executed endpoint 'BAKERBAZZAR.API.Controller.UserController.Products (BAKERBAZZAR.API)'
2024-11-15 17:06:49.056 +05:30  INF  Request finished HTTP/1.1 GET http://localhost:5145/user/products?categoryid= - - - 200 - application/json;+charset=utf-8 8.6333ms
2024-11-15 17:06:54.601 +05:30  INF  Request starting HTTP/1.1 OPTIONS http://localhost:5145/Authentication/Login - -
2024-11-15 17:06:54.601 +05:30  INF  CORS policy execution successful.
2024-11-15 17:06:54.601 +05:30  INF  Request finished HTTP/1.1 OPTIONS http://localhost:5145/Authentication/Login - - - 204 - - 0.2036ms
2024-11-15 17:06:54.602 +05:30  INF  Request starting HTTP/1.1 POST http://localhost:5145/Authentication/Login application/json 39
2024-11-15 17:06:54.603 +05:30  INF  CORS policy execution successful.
2024-11-15 17:06:54.603 +05:30  INF  Executing endpoint 'BAKERBAZZAR.API.Controller.AuthenticationController.VerifyUser (BAKERBAZZAR.API)'
2024-11-15 17:06:54.603 +05:30  INF  Route matched with {action = "VerifyUser", controller = "Authentication"}. Executing controller action with signature System.Threading.Tasks.Task`1[Microsoft.AspNetCore.Mvc.ActionResult`1[BAKERBAZZAR.API.Models.ApiResponse]] VerifyUser(BAKERBAZZAR.API.Models.IO_Templates.LoginRequest) on controller BAKERBAZZAR.API.Controller.AuthenticationController (BAKERBAZZAR.API).
2024-11-15 17:06:54.603 +05:30  INF  verify user execution start
2024-11-15 17:06:54.609 +05:30  INF  verify user execution end
2024-11-15 17:06:54.609 +05:30  INF  Executing ObjectResult, writing value of type 'BAKERBAZZAR.API.Models.ApiResponse'.
2024-11-15 17:06:54.609 +05:30  INF  Executed action BAKERBAZZAR.API.Controller.AuthenticationController.VerifyUser (BAKERBAZZAR.API) in 6.4972ms
2024-11-15 17:06:54.609 +05:30  INF  Executed endpoint 'BAKERBAZZAR.API.Controller.AuthenticationController.VerifyUser (BAKERBAZZAR.API)'
2024-11-15 17:06:54.609 +05:30  INF  Request finished HTTP/1.1 POST http://localhost:5145/Authentication/Login application/json 39 - 200 - application/json;+charset=utf-8 6.8786ms
2024-11-15 17:07:00.216 +05:30  INF  Request starting HTTP/1.1 OPTIONS http://localhost:5145/Authentication/Login - -
2024-11-15 17:07:00.216 +05:30  INF  CORS policy execution successful.
2024-11-15 17:07:00.216 +05:30  INF  Request finished HTTP/1.1 OPTIONS http://localhost:5145/Authentication/Login - - - 204 - - 0.2816ms
2024-11-15 17:07:00.217 +05:30  INF  Request starting HTTP/1.1 POST http://localhost:5145/Authentication/Login application/json 46
2024-11-15 17:07:00.217 +05:30  INF  CORS policy execution successful.
2024-11-15 17:07:00.217 +05:30  INF  Executing endpoint 'BAKERBAZZAR.API.Controller.AuthenticationController.VerifyUser (BAKERBAZZAR.API)'
2024-11-15 17:07:00.217 +05:30  INF  Route matched with {action = "VerifyUser", controller = "Authentication"}. Executing controller action with signature System.Threading.Tasks.Task`1[Microsoft.AspNetCore.Mvc.ActionResult`1[BAKERBAZZAR.API.Models.ApiResponse]] VerifyUser(BAKERBAZZAR.API.Models.IO_Templates.LoginRequest) on controller BAKERBAZZAR.API.Controller.AuthenticationController (BAKERBAZZAR.API).
2024-11-15 17:07:00.217 +05:30  INF  verify user execution start
2024-11-15 17:07:01.506 +05:30  INF  Request starting HTTP/1.1 POST http://localhost:5145/Authentication/Login application/json 46
2024-11-15 17:07:01.506 +05:30  INF  CORS policy execution successful.
2024-11-15 17:07:01.506 +05:30  INF  Executing endpoint 'BAKERBAZZAR.API.Controller.AuthenticationController.VerifyUser (BAKERBAZZAR.API)'
2024-11-15 17:07:01.506 +05:30  INF  Route matched with {action = "VerifyUser", controller = "Authentication"}. Executing controller action with signature System.Threading.Tasks.Task`1[Microsoft.AspNetCore.Mvc.ActionResult`1[BAKERBAZZAR.API.Models.ApiResponse]] VerifyUser(BAKERBAZZAR.API.Models.IO_Templates.LoginRequest) on controller BAKERBAZZAR.API.Controller.AuthenticationController (BAKERBAZZAR.API).
2024-11-15 17:07:01.506 +05:30  INF  verify user execution start
2024-11-15 17:07:02.204 +05:30  INF  verify user execution end
2024-11-15 17:07:02.205 +05:30  INF  Executing ObjectResult, writing value of type 'BAKERBAZZAR.API.Models.ApiResponse'.
2024-11-15 17:07:02.205 +05:30  INF  Executed action BAKERBAZZAR.API.Controller.AuthenticationController.VerifyUser (BAKERBAZZAR.API) in 1987.5984ms
2024-11-15 17:07:02.205 +05:30  INF  Executed endpoint 'BAKERBAZZAR.API.Controller.AuthenticationController.VerifyUser (BAKERBAZZAR.API)'
2024-11-15 17:07:02.205 +05:30  INF  Request finished HTTP/1.1 POST http://localhost:5145/Authentication/Login application/json 46 - 200 - application/json;+charset=utf-8 1987.8715ms
2024-11-15 17:07:02.205 +05:30  INF  verify user execution end
2024-11-15 17:07:02.205 +05:30  INF  Executing ObjectResult, writing value of type 'BAKERBAZZAR.API.Models.ApiResponse'.
2024-11-15 17:07:02.205 +05:30  INF  Executed action BAKERBAZZAR.API.Controller.AuthenticationController.VerifyUser (BAKERBAZZAR.API) in 698.5541ms
2024-11-15 17:07:02.205 +05:30  INF  Executed endpoint 'BAKERBAZZAR.API.Controller.AuthenticationController.VerifyUser (BAKERBAZZAR.API)'
2024-11-15 17:07:02.205 +05:30  INF  Request finished HTTP/1.1 POST http://localhost:5145/Authentication/Login application/json 46 - 200 - application/json;+charset=utf-8 698.8573ms
2024-11-15 17:07:10.663 +05:30  INF  Request starting HTTP/1.1 GET http://localhost:5145/User/CartDetails?displayid=f0e429a6-e86a-4692-9f7b-abcd14217b0a - -
2024-11-15 17:07:10.663 +05:30  INF  CORS policy execution successful.
2024-11-15 17:07:10.663 +05:30  INF  Executing endpoint 'BAKERBAZZAR.API.Controller.UserController.CartDetails (BAKERBAZZAR.API)'
2024-11-15 17:07:10.663 +05:30  INF  Route matched with {action = "CartDetails", controller = "User"}. Executing controller action with signature System.Threading.Tasks.Task`1[Microsoft.AspNetCore.Mvc.ActionResult`1[BAKERBAZZAR.API.Models.ApiResponse]] CartDetails(System.String) on controller BAKERBAZZAR.API.Controller.UserController (BAKERBAZZAR.API).
2024-11-15 17:07:10.683 +05:30  INF  Executing ObjectResult, writing value of type 'BAKERBAZZAR.API.Models.ApiResponse'.
2024-11-15 17:07:10.683 +05:30  INF  Executed action BAKERBAZZAR.API.Controller.UserController.CartDetails (BAKERBAZZAR.API) in 19.8486ms
2024-11-15 17:07:10.683 +05:30  INF  Executed endpoint 'BAKERBAZZAR.API.Controller.UserController.CartDetails (BAKERBAZZAR.API)'
2024-11-15 17:07:10.683 +05:30  INF  Request finished HTTP/1.1 GET http://localhost:5145/User/CartDetails?displayid=f0e429a6-e86a-4692-9f7b-abcd14217b0a - - - 200 - application/json;+charset=utf-8 20.2187ms
2024-11-15 17:07:10.684 +05:30  INF  Request starting HTTP/1.1 GET http://localhost:5145/User/CartDetails?displayid=f0e429a6-e86a-4692-9f7b-abcd14217b0a - -
2024-11-15 17:07:10.684 +05:30  INF  CORS policy execution successful.
2024-11-15 17:07:10.684 +05:30  INF  Executing endpoint 'BAKERBAZZAR.API.Controller.UserController.CartDetails (BAKERBAZZAR.API)'
2024-11-15 17:07:10.684 +05:30  INF  Route matched with {action = "CartDetails", controller = "User"}. Executing controller action with signature System.Threading.Tasks.Task`1[Microsoft.AspNetCore.Mvc.ActionResult`1[BAKERBAZZAR.API.Models.ApiResponse]] CartDetails(System.String) on controller BAKERBAZZAR.API.Controller.UserController (BAKERBAZZAR.API).
2024-11-15 17:07:10.685 +05:30  INF  Executing ObjectResult, writing value of type 'BAKERBAZZAR.API.Models.ApiResponse'.
2024-11-15 17:07:10.685 +05:30  INF  Executed action BAKERBAZZAR.API.Controller.UserController.CartDetails (BAKERBAZZAR.API) in 0.4995ms
2024-11-15 17:07:10.685 +05:30  INF  Executed endpoint 'BAKERBAZZAR.API.Controller.UserController.CartDetails (BAKERBAZZAR.API)'
2024-11-15 17:07:10.685 +05:30  INF  Request finished HTTP/1.1 GET http://localhost:5145/User/CartDetails?displayid=f0e429a6-e86a-4692-9f7b-abcd14217b0a - - - 200 - application/json;+charset=utf-8 0.7707ms
2024-11-15 17:07:11.891 +05:30  INF  Request starting HTTP/1.1 GET http://localhost:5145/user/myorders?displayid=a8701061-246f-4f0a-b7db-cf788913b18d - -
2024-11-15 17:07:11.891 +05:30  INF  CORS policy execution successful.
2024-11-15 17:07:11.891 +05:30  INF  Executing endpoint 'BAKERBAZZAR.API.Controller.UserController.MyOrders (BAKERBAZZAR.API)'
2024-11-15 17:07:11.892 +05:30  INF  Route matched with {action = "MyOrders", controller = "User"}. Executing controller action with signature System.Threading.Tasks.Task`1[Microsoft.AspNetCore.Mvc.ActionResult`1[BAKERBAZZAR.API.Models.ApiResponse]] MyOrders(System.String, System.String, System.String) on controller BAKERBAZZAR.API.Controller.UserController (BAKERBAZZAR.API).
2024-11-15 17:07:11.906 +05:30  INF  Executing ObjectResult, writing value of type 'BAKERBAZZAR.API.Models.ApiResponse'.
2024-11-15 17:07:11.906 +05:30  INF  Executed action BAKERBAZZAR.API.Controller.UserController.MyOrders (BAKERBAZZAR.API) in 14.487ms
2024-11-15 17:07:11.906 +05:30  INF  Executed endpoint 'BAKERBAZZAR.API.Controller.UserController.MyOrders (BAKERBAZZAR.API)'
2024-11-15 17:07:11.906 +05:30  INF  Request finished HTTP/1.1 GET http://localhost:5145/user/myorders?displayid=a8701061-246f-4f0a-b7db-cf788913b18d - - - 200 - application/json;+charset=utf-8 14.7937ms
2024-11-15 17:07:11.907 +05:30  INF  Request starting HTTP/1.1 GET http://localhost:5145/user/myorders?displayid=a8701061-246f-4f0a-b7db-cf788913b18d - -
2024-11-15 17:07:11.907 +05:30  INF  CORS policy execution successful.
2024-11-15 17:07:11.907 +05:30  INF  Executing endpoint 'BAKERBAZZAR.API.Controller.UserController.MyOrders (BAKERBAZZAR.API)'
2024-11-15 17:07:11.907 +05:30  INF  Route matched with {action = "MyOrders", controller = "User"}. Executing controller action with signature System.Threading.Tasks.Task`1[Microsoft.AspNetCore.Mvc.ActionResult`1[BAKERBAZZAR.API.Models.ApiResponse]] MyOrders(System.String, System.String, System.String) on controller BAKERBAZZAR.API.Controller.UserController (BAKERBAZZAR.API).
2024-11-15 17:07:11.909 +05:30  INF  Executing ObjectResult, writing value of type 'BAKERBAZZAR.API.Models.ApiResponse'.
2024-11-15 17:07:11.909 +05:30  INF  Executed action BAKERBAZZAR.API.Controller.UserController.MyOrders (BAKERBAZZAR.API) in 1.6773ms
2024-11-15 17:07:11.909 +05:30  INF  Executed endpoint 'BAKERBAZZAR.API.Controller.UserController.MyOrders (BAKERBAZZAR.API)'
2024-11-15 17:07:11.909 +05:30  INF  Request finished HTTP/1.1 GET http://localhost:5145/user/myorders?displayid=a8701061-246f-4f0a-b7db-cf788913b18d - - - 200 - application/json;+charset=utf-8 1.9526ms
2024-11-15 17:07:22.634 +05:30  INF  Request starting HTTP/1.1 OPTIONS http://localhost:5145/user/updateprofile - -
2024-11-15 17:07:22.634 +05:30  INF  CORS policy execution successful.
2024-11-15 17:07:22.634 +05:30  INF  Request finished HTTP/1.1 OPTIONS http://localhost:5145/user/updateprofile - - - 204 - - 0.1687ms
2024-11-15 17:07:22.635 +05:30  INF  Request starting HTTP/1.1 POST http://localhost:5145/user/updateprofile application/json 143
2024-11-15 17:07:22.635 +05:30  INF  CORS policy execution successful.
2024-11-15 17:07:22.635 +05:30  INF  Executing endpoint 'BAKERBAZZAR.API.Controller.UserController.UpdateProfile (BAKERBAZZAR.API)'
2024-11-15 17:07:22.635 +05:30  INF  Route matched with {action = "UpdateProfile", controller = "User"}. Executing controller action with signature System.Threading.Tasks.Task`1[Microsoft.AspNetCore.Mvc.ActionResult`1[BAKERBAZZAR.API.Models.ApiResponse]] UpdateProfile(BAKERBAZZAR.API.Entities.clsProfile) on controller BAKERBAZZAR.API.Controller.UserController (BAKERBAZZAR.API).
2024-11-15 17:07:22.638 +05:30  INF  Executing ObjectResult, writing value of type 'BAKERBAZZAR.API.Models.ApiResponse'.
2024-11-15 17:07:22.638 +05:30  INF  Executed action BAKERBAZZAR.API.Controller.UserController.UpdateProfile (BAKERBAZZAR.API) in 2.9051ms
2024-11-15 17:07:22.638 +05:30  INF  Executed endpoint 'BAKERBAZZAR.API.Controller.UserController.UpdateProfile (BAKERBAZZAR.API)'
2024-11-15 17:07:22.638 +05:30  INF  Request finished HTTP/1.1 POST http://localhost:5145/user/updateprofile application/json 143 - 200 - application/json;+charset=utf-8 3.1787ms
2024-11-15 17:07:25.967 +05:30  INF  Request starting HTTP/1.1 OPTIONS http://localhost:5145/Authentication/Login - -
2024-11-15 17:07:25.967 +05:30  INF  CORS policy execution successful.
2024-11-15 17:07:25.967 +05:30  INF  Request finished HTTP/1.1 OPTIONS http://localhost:5145/Authentication/Login - - - 204 - - 0.2429ms
2024-11-15 17:07:25.968 +05:30  INF  Request starting HTTP/1.1 POST http://localhost:5145/Authentication/Login application/json 43
2024-11-15 17:07:25.968 +05:30  INF  CORS policy execution successful.
2024-11-15 17:07:25.968 +05:30  INF  Executing endpoint 'BAKERBAZZAR.API.Controller.AuthenticationController.VerifyUser (BAKERBAZZAR.API)'
2024-11-15 17:07:25.968 +05:30  INF  Route matched with {action = "VerifyUser", controller = "Authentication"}. Executing controller action with signature System.Threading.Tasks.Task`1[Microsoft.AspNetCore.Mvc.ActionResult`1[BAKERBAZZAR.API.Models.ApiResponse]] VerifyUser(BAKERBAZZAR.API.Models.IO_Templates.LoginRequest) on controller BAKERBAZZAR.API.Controller.AuthenticationController (BAKERBAZZAR.API).
2024-11-15 17:07:25.969 +05:30  INF  verify user execution start
2024-11-15 17:07:25.970 +05:30  INF  verify user execution end
2024-11-15 17:07:25.970 +05:30  INF  Executing ObjectResult, writing value of type 'BAKERBAZZAR.API.Models.ApiResponse'.
2024-11-15 17:07:25.971 +05:30  INF  Executed action BAKERBAZZAR.API.Controller.AuthenticationController.VerifyUser (BAKERBAZZAR.API) in 2.121ms
2024-11-15 17:07:25.971 +05:30  INF  Executed endpoint 'BAKERBAZZAR.API.Controller.AuthenticationController.VerifyUser (BAKERBAZZAR.API)'
2024-11-15 17:07:25.971 +05:30  INF  Request finished HTTP/1.1 POST http://localhost:5145/Authentication/Login application/json 43 - 200 - application/json;+charset=utf-8 2.4181ms
2024-11-15 17:07:29.295 +05:30  INF  Request starting HTTP/1.1 GET http://localhost:5145/User/GetMyAddresses?displayid=a8701061-246f-4f0a-b7db-cf788913b18d - -
2024-11-15 17:07:29.296 +05:30  INF  CORS policy execution successful.
2024-11-15 17:07:29.296 +05:30  INF  Executing endpoint 'BAKERBAZZAR.API.Controller.UserController.GetAddress (BAKERBAZZAR.API)'
2024-11-15 17:07:29.296 +05:30  INF  Route matched with {action = "GetAddress", controller = "User"}. Executing controller action with signature System.Threading.Tasks.Task`1[Microsoft.AspNetCore.Mvc.ActionResult`1[BAKERBAZZAR.API.Models.ApiResponse]] GetAddress(System.String) on controller BAKERBAZZAR.API.Controller.UserController (BAKERBAZZAR.API).
2024-11-15 17:07:29.301 +05:30  INF  Executing ObjectResult, writing value of type 'BAKERBAZZAR.API.Models.ApiResponse'.
2024-11-15 17:07:29.301 +05:30  INF  Executed action BAKERBAZZAR.API.Controller.UserController.GetAddress (BAKERBAZZAR.API) in 5.4696ms
2024-11-15 17:07:29.301 +05:30  INF  Executed endpoint 'BAKERBAZZAR.API.Controller.UserController.GetAddress (BAKERBAZZAR.API)'
2024-11-15 17:07:29.301 +05:30  INF  Request finished HTTP/1.1 GET http://localhost:5145/User/GetMyAddresses?displayid=a8701061-246f-4f0a-b7db-cf788913b18d - - - 200 - application/json;+charset=utf-8 5.9209ms
2024-11-15 17:07:29.302 +05:30  INF  Request starting HTTP/1.1 GET http://localhost:5145/User/GetMyAddresses?displayid=a8701061-246f-4f0a-b7db-cf788913b18d - -
2024-11-15 17:07:29.302 +05:30  INF  CORS policy execution successful.
2024-11-15 17:07:29.302 +05:30  INF  Executing endpoint 'BAKERBAZZAR.API.Controller.UserController.GetAddress (BAKERBAZZAR.API)'
2024-11-15 17:07:29.302 +05:30  INF  Route matched with {action = "GetAddress", controller = "User"}. Executing controller action with signature System.Threading.Tasks.Task`1[Microsoft.AspNetCore.Mvc.ActionResult`1[BAKERBAZZAR.API.Models.ApiResponse]] GetAddress(System.String) on controller BAKERBAZZAR.API.Controller.UserController (BAKERBAZZAR.API).
2024-11-15 17:07:29.303 +05:30  INF  Executing ObjectResult, writing value of type 'BAKERBAZZAR.API.Models.ApiResponse'.
2024-11-15 17:07:29.303 +05:30  INF  Executed action BAKERBAZZAR.API.Controller.UserController.GetAddress (BAKERBAZZAR.API) in 0.8294ms
2024-11-15 17:07:29.303 +05:30  INF  Executed endpoint 'BAKERBAZZAR.API.Controller.UserController.GetAddress (BAKERBAZZAR.API)'
2024-11-15 17:07:29.303 +05:30  INF  Request finished HTTP/1.1 GET http://localhost:5145/User/GetMyAddresses?displayid=a8701061-246f-4f0a-b7db-cf788913b18d - - - 200 - application/json;+charset=utf-8 1.0995ms
2024-11-15 17:08:18.654 +05:30  INF  Request starting HTTP/1.1 OPTIONS http://localhost:5145/User/UpsetAddress - -
2024-11-15 17:08:18.654 +05:30  INF  CORS policy execution successful.
2024-11-15 17:08:18.654 +05:30  INF  Request finished HTTP/1.1 OPTIONS http://localhost:5145/User/UpsetAddress - - - 204 - - 0.2077ms
2024-11-15 17:08:18.655 +05:30  INF  Request starting HTTP/1.1 POST http://localhost:5145/User/UpsetAddress application/json 282
2024-11-15 17:08:18.655 +05:30  INF  CORS policy execution successful.
2024-11-15 17:08:18.655 +05:30  INF  Executing endpoint 'BAKERBAZZAR.API.Controller.UserController.UpsetAddress (BAKERBAZZAR.API)'
2024-11-15 17:08:18.655 +05:30  INF  Route matched with {action = "UpsetAddress", controller = "User"}. Executing controller action with signature System.Threading.Tasks.Task`1[Microsoft.AspNetCore.Mvc.ActionResult`1[BAKERBAZZAR.API.Models.ApiResponse]] UpsetAddress(BAKERBAZZAR.API.Models.IO_Templates.SetAddress) on controller BAKERBAZZAR.API.Controller.UserController (BAKERBAZZAR.API).
2024-11-15 17:08:18.666 +05:30  INF  Executing ObjectResult, writing value of type 'BAKERBAZZAR.API.Models.ApiResponse'.
2024-11-15 17:08:18.666 +05:30  INF  Executed action BAKERBAZZAR.API.Controller.UserController.UpsetAddress (BAKERBAZZAR.API) in 10.4735ms
2024-11-15 17:08:18.666 +05:30  INF  Executed endpoint 'BAKERBAZZAR.API.Controller.UserController.UpsetAddress (BAKERBAZZAR.API)'
2024-11-15 17:08:18.666 +05:30  INF  Request finished HTTP/1.1 POST http://localhost:5145/User/UpsetAddress application/json 282 - 200 - application/json;+charset=utf-8 10.8264ms
2024-11-15 17:08:18.683 +05:30  INF  Request starting HTTP/1.1 GET http://localhost:5145/User/GetMyAddresses?displayid=a8701061-246f-4f0a-b7db-cf788913b18d - -
2024-11-15 17:08:18.683 +05:30  INF  CORS policy execution successful.
2024-11-15 17:08:18.683 +05:30  INF  Executing endpoint 'BAKERBAZZAR.API.Controller.UserController.GetAddress (BAKERBAZZAR.API)'
2024-11-15 17:08:18.683 +05:30  INF  Route matched with {action = "GetAddress", controller = "User"}. Executing controller action with signature System.Threading.Tasks.Task`1[Microsoft.AspNetCore.Mvc.ActionResult`1[BAKERBAZZAR.API.Models.ApiResponse]] GetAddress(System.String) on controller BAKERBAZZAR.API.Controller.UserController (BAKERBAZZAR.API).
2024-11-15 17:08:18.693 +05:30  INF  Executing ObjectResult, writing value of type 'BAKERBAZZAR.API.Models.ApiResponse'.
2024-11-15 17:08:18.693 +05:30  INF  Executed action BAKERBAZZAR.API.Controller.UserController.GetAddress (BAKERBAZZAR.API) in 10.3328ms
2024-11-15 17:08:18.693 +05:30  INF  Executed endpoint 'BAKERBAZZAR.API.Controller.UserController.GetAddress (BAKERBAZZAR.API)'
2024-11-15 17:08:18.693 +05:30  INF  Request finished HTTP/1.1 GET http://localhost:5145/User/GetMyAddresses?displayid=a8701061-246f-4f0a-b7db-cf788913b18d - - - 200 - application/json;+charset=utf-8 10.6960ms
2024-11-15 17:08:18.694 +05:30  INF  Request starting HTTP/1.1 GET http://localhost:5145/User/GetMyAddresses?displayid=a8701061-246f-4f0a-b7db-cf788913b18d - -
2024-11-15 17:08:18.694 +05:30  INF  CORS policy execution successful.
2024-11-15 17:08:18.695 +05:30  INF  Executing endpoint 'BAKERBAZZAR.API.Controller.UserController.GetAddress (BAKERBAZZAR.API)'
2024-11-15 17:08:18.695 +05:30  INF  Route matched with {action = "GetAddress", controller = "User"}. Executing controller action with signature System.Threading.Tasks.Task`1[Microsoft.AspNetCore.Mvc.ActionResult`1[BAKERBAZZAR.API.Models.ApiResponse]] GetAddress(System.String) on controller BAKERBAZZAR.API.Controller.UserController (BAKERBAZZAR.API).
2024-11-15 17:08:18.695 +05:30  INF  Executing ObjectResult, writing value of type 'BAKERBAZZAR.API.Models.ApiResponse'.
2024-11-15 17:08:18.695 +05:30  INF  Executed action BAKERBAZZAR.API.Controller.UserController.GetAddress (BAKERBAZZAR.API) in 0.8797ms
2024-11-15 17:08:18.696 +05:30  INF  Executed endpoint 'BAKERBAZZAR.API.Controller.UserController.GetAddress (BAKERBAZZAR.API)'
2024-11-15 17:08:18.696 +05:30  INF  Request finished HTTP/1.1 GET http://localhost:5145/User/GetMyAddresses?displayid=a8701061-246f-4f0a-b7db-cf788913b18d - - - 200 - application/json;+charset=utf-8 1.2085ms
2024-11-15 17:08:29.551 +05:30  INF  Request starting HTTP/1.1 OPTIONS http://localhost:5145/user/changeaddress?displayid=a8701061-246f-4f0a-b7db-cf788913b18d&recordid=1043 - -
2024-11-15 17:08:29.551 +05:30  INF  CORS policy execution successful.
2024-11-15 17:08:29.551 +05:30  INF  Request finished HTTP/1.1 OPTIONS http://localhost:5145/user/changeaddress?displayid=a8701061-246f-4f0a-b7db-cf788913b18d&recordid=1043 - - - 204 - - 0.2449ms
2024-11-15 17:08:29.552 +05:30  INF  Request starting HTTP/1.1 PUT http://localhost:5145/user/changeaddress?displayid=a8701061-246f-4f0a-b7db-cf788913b18d&recordid=1043 - 0
2024-11-15 17:08:29.552 +05:30  INF  CORS policy execution successful.
2024-11-15 17:08:29.552 +05:30  INF  Executing endpoint 'BAKERBAZZAR.API.Controller.UserController.ChangeAddress (BAKERBAZZAR.API)'
2024-11-15 17:08:29.552 +05:30  INF  Route matched with {action = "ChangeAddress", controller = "User"}. Executing controller action with signature System.Threading.Tasks.Task`1[Microsoft.AspNetCore.Mvc.ActionResult`1[BAKERBAZZAR.API.Models.ApiResponse]] ChangeAddress(System.String, Int32) on controller BAKERBAZZAR.API.Controller.UserController (BAKERBAZZAR.API).
2024-11-15 17:08:29.556 +05:30  INF  Executing ObjectResult, writing value of type 'BAKERBAZZAR.API.Models.ApiResponse'.
2024-11-15 17:08:29.556 +05:30  INF  Executed action BAKERBAZZAR.API.Controller.UserController.ChangeAddress (BAKERBAZZAR.API) in 3.3416ms
2024-11-15 17:08:29.556 +05:30  INF  Executed endpoint 'BAKERBAZZAR.API.Controller.UserController.ChangeAddress (BAKERBAZZAR.API)'
2024-11-15 17:08:29.556 +05:30  INF  Request finished HTTP/1.1 PUT http://localhost:5145/user/changeaddress?displayid=a8701061-246f-4f0a-b7db-cf788913b18d&recordid=1043 - 0 - 200 - application/json;+charset=utf-8 3.6346ms
2024-11-15 17:08:40.385 +05:30  INF  Request starting HTTP/1.1 GET http://localhost:5145/user/myorders?displayid=a8701061-246f-4f0a-b7db-cf788913b18d - -
2024-11-15 17:08:40.385 +05:30  INF  CORS policy execution successful.
2024-11-15 17:08:40.386 +05:30  INF  Executing endpoint 'BAKERBAZZAR.API.Controller.UserController.MyOrders (BAKERBAZZAR.API)'
2024-11-15 17:08:40.386 +05:30  INF  Route matched with {action = "MyOrders", controller = "User"}. Executing controller action with signature System.Threading.Tasks.Task`1[Microsoft.AspNetCore.Mvc.ActionResult`1[BAKERBAZZAR.API.Models.ApiResponse]] MyOrders(System.String, System.String, System.String) on controller BAKERBAZZAR.API.Controller.UserController (BAKERBAZZAR.API).
2024-11-15 17:08:40.407 +05:30  INF  Executing ObjectResult, writing value of type 'BAKERBAZZAR.API.Models.ApiResponse'.
2024-11-15 17:08:40.407 +05:30  INF  Executed action BAKERBAZZAR.API.Controller.UserController.MyOrders (BAKERBAZZAR.API) in 21.3478ms
2024-11-15 17:08:40.407 +05:30  INF  Executed endpoint 'BAKERBAZZAR.API.Controller.UserController.MyOrders (BAKERBAZZAR.API)'
2024-11-15 17:08:40.407 +05:30  INF  Request finished HTTP/1.1 GET http://localhost:5145/user/myorders?displayid=a8701061-246f-4f0a-b7db-cf788913b18d - - - 200 - application/json;+charset=utf-8 21.6968ms
2024-11-15 17:08:40.408 +05:30  INF  Request starting HTTP/1.1 GET http://localhost:5145/user/myorders?displayid=a8701061-246f-4f0a-b7db-cf788913b18d - -
2024-11-15 17:08:40.408 +05:30  INF  CORS policy execution successful.
2024-11-15 17:08:40.408 +05:30  INF  Executing endpoint 'BAKERBAZZAR.API.Controller.UserController.MyOrders (BAKERBAZZAR.API)'
2024-11-15 17:08:40.408 +05:30  INF  Route matched with {action = "MyOrders", controller = "User"}. Executing controller action with signature System.Threading.Tasks.Task`1[Microsoft.AspNetCore.Mvc.ActionResult`1[BAKERBAZZAR.API.Models.ApiResponse]] MyOrders(System.String, System.String, System.String) on controller BAKERBAZZAR.API.Controller.UserController (BAKERBAZZAR.API).
2024-11-15 17:08:40.410 +05:30  INF  Executing ObjectResult, writing value of type 'BAKERBAZZAR.API.Models.ApiResponse'.
2024-11-15 17:08:40.410 +05:30  INF  Executed action BAKERBAZZAR.API.Controller.UserController.MyOrders (BAKERBAZZAR.API) in 1.6683ms
2024-11-15 17:08:40.410 +05:30  INF  Executed endpoint 'BAKERBAZZAR.API.Controller.UserController.MyOrders (BAKERBAZZAR.API)'
2024-11-15 17:08:40.410 +05:30  INF  Request finished HTTP/1.1 GET http://localhost:5145/user/myorders?displayid=a8701061-246f-4f0a-b7db-cf788913b18d - - - 200 - application/json;+charset=utf-8 2.0046ms
2024-11-15 17:08:48.015 +05:30  INF  Request starting HTTP/1.1 OPTIONS http://localhost:5145/User/AddToCart - -
2024-11-15 17:08:48.015 +05:30  INF  CORS policy execution successful.
2024-11-15 17:08:48.015 +05:30  INF  Request finished HTTP/1.1 OPTIONS http://localhost:5145/User/AddToCart - - - 204 - - 0.1723ms
2024-11-15 17:08:48.016 +05:30  INF  Request starting HTTP/1.1 POST http://localhost:5145/User/AddToCart application/json 140
2024-11-15 17:08:48.016 +05:30  INF  CORS policy execution successful.
2024-11-15 17:08:48.016 +05:30  INF  Executing endpoint 'BAKERBAZZAR.API.Controller.UserController.AddToCart (BAKERBAZZAR.API)'
2024-11-15 17:08:48.016 +05:30  INF  Route matched with {action = "AddToCart", controller = "User"}. Executing controller action with signature System.Threading.Tasks.Task`1[Microsoft.AspNetCore.Mvc.ActionResult`1[BAKERBAZZAR.API.Models.ApiResponse]] AddToCart(BAKERBAZZAR.API.Models.IO_Templates.AddToCartRequest) on controller BAKERBAZZAR.API.Controller.UserController (BAKERBAZZAR.API).
2024-11-15 17:08:48.038 +05:30  INF  Executing ObjectResult, writing value of type 'BAKERBAZZAR.API.Models.ApiResponse'.
2024-11-15 17:08:48.038 +05:30  INF  Executed action BAKERBAZZAR.API.Controller.UserController.AddToCart (BAKERBAZZAR.API) in 22.1266ms
2024-11-15 17:08:48.038 +05:30  INF  Executed endpoint 'BAKERBAZZAR.API.Controller.UserController.AddToCart (BAKERBAZZAR.API)'
2024-11-15 17:08:48.038 +05:30  INF  Request finished HTTP/1.1 POST http://localhost:5145/User/AddToCart application/json 140 - 200 - application/json;+charset=utf-8 22.3332ms
2024-11-15 17:08:50.401 +05:30  INF  Request starting HTTP/1.1 GET http://localhost:5145/User/CartDetails?displayid=741ef793-43bf-4f38-8bf3-bcb32790ddc1 - -
2024-11-15 17:08:50.402 +05:30  INF  CORS policy execution successful.
2024-11-15 17:08:50.402 +05:30  INF  Executing endpoint 'BAKERBAZZAR.API.Controller.UserController.CartDetails (BAKERBAZZAR.API)'
2024-11-15 17:08:50.402 +05:30  INF  Route matched with {action = "CartDetails", controller = "User"}. Executing controller action with signature System.Threading.Tasks.Task`1[Microsoft.AspNetCore.Mvc.ActionResult`1[BAKERBAZZAR.API.Models.ApiResponse]] CartDetails(System.String) on controller BAKERBAZZAR.API.Controller.UserController (BAKERBAZZAR.API).
2024-11-15 17:08:50.416 +05:30  INF  Executing ObjectResult, writing value of type 'BAKERBAZZAR.API.Models.ApiResponse'.
2024-11-15 17:08:50.416 +05:30  INF  Executed action BAKERBAZZAR.API.Controller.UserController.CartDetails (BAKERBAZZAR.API) in 14.6813ms
2024-11-15 17:08:50.416 +05:30  INF  Executed endpoint 'BAKERBAZZAR.API.Controller.UserController.CartDetails (BAKERBAZZAR.API)'
2024-11-15 17:08:50.417 +05:30  INF  Request finished HTTP/1.1 GET http://localhost:5145/User/CartDetails?displayid=741ef793-43bf-4f38-8bf3-bcb32790ddc1 - - - 200 - application/json;+charset=utf-8 15.1794ms
2024-11-15 17:08:50.417 +05:30  INF  Request starting HTTP/1.1 GET http://localhost:5145/User/CartDetails?displayid=741ef793-43bf-4f38-8bf3-bcb32790ddc1 - -
2024-11-15 17:08:50.417 +05:30  INF  CORS policy execution successful.
2024-11-15 17:08:50.418 +05:30  INF  Executing endpoint 'BAKERBAZZAR.API.Controller.UserController.CartDetails (BAKERBAZZAR.API)'
2024-11-15 17:08:50.418 +05:30  INF  Route matched with {action = "CartDetails", controller = "User"}. Executing controller action with signature System.Threading.Tasks.Task`1[Microsoft.AspNetCore.Mvc.ActionResult`1[BAKERBAZZAR.API.Models.ApiResponse]] CartDetails(System.String) on controller BAKERBAZZAR.API.Controller.UserController (BAKERBAZZAR.API).
2024-11-15 17:08:50.419 +05:30  INF  Executing ObjectResult, writing value of type 'BAKERBAZZAR.API.Models.ApiResponse'.
2024-11-15 17:08:50.419 +05:30  INF  Executed action BAKERBAZZAR.API.Controller.UserController.CartDetails (BAKERBAZZAR.API) in 1.7115ms
2024-11-15 17:08:50.419 +05:30  INF  Executed endpoint 'BAKERBAZZAR.API.Controller.UserController.CartDetails (BAKERBAZZAR.API)'
2024-11-15 17:08:50.419 +05:30  INF  Request finished HTTP/1.1 GET http://localhost:5145/User/CartDetails?displayid=741ef793-43bf-4f38-8bf3-bcb32790ddc1 - - - 200 - application/json;+charset=utf-8 1.9640ms
2024-11-15 17:08:50.422 +05:30  INF  Request starting HTTP/1.1 OPTIONS http://localhost:5145/user/updatecartitem?linerid=344&qty=1 - -
2024-11-15 17:08:50.422 +05:30  INF  CORS policy execution successful.
2024-11-15 17:08:50.422 +05:30  INF  Request finished HTTP/1.1 OPTIONS http://localhost:5145/user/updatecartitem?linerid=344&qty=1 - - - 204 - - 0.1766ms
2024-11-15 17:08:50.422 +05:30  INF  Request starting HTTP/1.1 OPTIONS http://localhost:5145/user/updatecartitem?linerid=344&qty=1 - -
2024-11-15 17:08:50.422 +05:30  INF  CORS policy execution successful.
2024-11-15 17:08:50.422 +05:30  INF  Request finished HTTP/1.1 OPTIONS http://localhost:5145/user/updatecartitem?linerid=344&qty=1 - - - 204 - - 0.0987ms
2024-11-15 17:08:50.423 +05:30  INF  Request starting HTTP/1.1 PUT http://localhost:5145/user/updatecartitem?linerid=344&qty=1 - 0
2024-11-15 17:08:50.423 +05:30  INF  CORS policy execution successful.
2024-11-15 17:08:50.423 +05:30  INF  Executing endpoint 'BAKERBAZZAR.API.Controller.UserController.UpdateCartItem (BAKERBAZZAR.API)'
2024-11-15 17:08:50.423 +05:30  INF  Route matched with {action = "UpdateCartItem", controller = "User"}. Executing controller action with signature System.Threading.Tasks.Task`1[Microsoft.AspNetCore.Mvc.ActionResult`1[BAKERBAZZAR.API.Models.ApiResponse]] UpdateCartItem(Int32, Int32) on controller BAKERBAZZAR.API.Controller.UserController (BAKERBAZZAR.API).
2024-11-15 17:08:50.423 +05:30  INF  Request starting HTTP/1.1 PUT http://localhost:5145/user/updatecartitem?linerid=344&qty=1 - 0
2024-11-15 17:08:50.423 +05:30  INF  CORS policy execution successful.
2024-11-15 17:08:50.423 +05:30  INF  Executing endpoint 'BAKERBAZZAR.API.Controller.UserController.UpdateCartItem (BAKERBAZZAR.API)'
2024-11-15 17:08:50.423 +05:30  INF  Route matched with {action = "UpdateCartItem", controller = "User"}. Executing controller action with signature System.Threading.Tasks.Task`1[Microsoft.AspNetCore.Mvc.ActionResult`1[BAKERBAZZAR.API.Models.ApiResponse]] UpdateCartItem(Int32, Int32) on controller BAKERBAZZAR.API.Controller.UserController (BAKERBAZZAR.API).
2024-11-15 17:08:50.424 +05:30  INF  Request starting HTTP/1.1 GET http://localhost:5145/User/CartDetails?displayid=741ef793-43bf-4f38-8bf3-bcb32790ddc1 - -
2024-11-15 17:08:50.424 +05:30  INF  CORS policy execution successful.
2024-11-15 17:08:50.424 +05:30  INF  Executing endpoint 'BAKERBAZZAR.API.Controller.UserController.CartDetails (BAKERBAZZAR.API)'
2024-11-15 17:08:50.424 +05:30  INF  Route matched with {action = "CartDetails", controller = "User"}. Executing controller action with signature System.Threading.Tasks.Task`1[Microsoft.AspNetCore.Mvc.ActionResult`1[BAKERBAZZAR.API.Models.ApiResponse]] CartDetails(System.String) on controller BAKERBAZZAR.API.Controller.UserController (BAKERBAZZAR.API).
2024-11-15 17:08:50.427 +05:30  INF  Executing ObjectResult, writing value of type 'BAKERBAZZAR.API.Models.ApiResponse'.
2024-11-15 17:08:50.427 +05:30  INF  Executed action BAKERBAZZAR.API.Controller.UserController.CartDetails (BAKERBAZZAR.API) in 2.9322ms
2024-11-15 17:08:50.427 +05:30  INF  Executed endpoint 'BAKERBAZZAR.API.Controller.UserController.CartDetails (BAKERBAZZAR.API)'
2024-11-15 17:08:50.427 +05:30  INF  Request finished HTTP/1.1 GET http://localhost:5145/User/CartDetails?displayid=741ef793-43bf-4f38-8bf3-bcb32790ddc1 - - - 200 - application/json;+charset=utf-8 3.3209ms
2024-11-15 17:08:50.429 +05:30  INF  Executing ObjectResult, writing value of type 'BAKERBAZZAR.API.Models.ApiResponse'.
2024-11-15 17:08:50.429 +05:30  INF  Executed action BAKERBAZZAR.API.Controller.UserController.UpdateCartItem (BAKERBAZZAR.API) in 6.039ms
2024-11-15 17:08:50.429 +05:30  INF  Executed endpoint 'BAKERBAZZAR.API.Controller.UserController.UpdateCartItem (BAKERBAZZAR.API)'
2024-11-15 17:08:50.429 +05:30  INF  Request finished HTTP/1.1 PUT http://localhost:5145/user/updatecartitem?linerid=344&qty=1 - 0 - 200 - application/json;+charset=utf-8 6.3489ms
2024-11-15 17:08:50.431 +05:30  INF  Executing ObjectResult, writing value of type 'BAKERBAZZAR.API.Models.ApiResponse'.
2024-11-15 17:08:50.431 +05:30  INF  Executed action BAKERBAZZAR.API.Controller.UserController.UpdateCartItem (BAKERBAZZAR.API) in 8.3644ms
2024-11-15 17:08:50.431 +05:30  INF  Executed endpoint 'BAKERBAZZAR.API.Controller.UserController.UpdateCartItem (BAKERBAZZAR.API)'
2024-11-15 17:08:50.431 +05:30  INF  Request finished HTTP/1.1 PUT http://localhost:5145/user/updatecartitem?linerid=344&qty=1 - 0 - 200 - application/json;+charset=utf-8 8.5452ms
2024-11-15 17:08:52.551 +05:30  INF  Request starting HTTP/1.1 OPTIONS http://localhost:5145/user/updatecartitem?linerid=344&qty=2 - -
2024-11-15 17:08:52.551 +05:30  INF  CORS policy execution successful.
2024-11-15 17:08:52.551 +05:30  INF  Request finished HTTP/1.1 OPTIONS http://localhost:5145/user/updatecartitem?linerid=344&qty=2 - - - 204 - - 0.1925ms
2024-11-15 17:08:52.552 +05:30  INF  Request starting HTTP/1.1 PUT http://localhost:5145/user/updatecartitem?linerid=344&qty=2 - 0
2024-11-15 17:08:52.552 +05:30  INF  CORS policy execution successful.
2024-11-15 17:08:52.552 +05:30  INF  Executing endpoint 'BAKERBAZZAR.API.Controller.UserController.UpdateCartItem (BAKERBAZZAR.API)'
2024-11-15 17:08:52.552 +05:30  INF  Route matched with {action = "UpdateCartItem", controller = "User"}. Executing controller action with signature System.Threading.Tasks.Task`1[Microsoft.AspNetCore.Mvc.ActionResult`1[BAKERBAZZAR.API.Models.ApiResponse]] UpdateCartItem(Int32, Int32) on controller BAKERBAZZAR.API.Controller.UserController (BAKERBAZZAR.API).
2024-11-15 17:08:52.555 +05:30  INF  Request starting HTTP/1.1 GET http://localhost:5145/User/CartDetails?displayid=741ef793-43bf-4f38-8bf3-bcb32790ddc1 - -
2024-11-15 17:08:52.556 +05:30  INF  CORS policy execution successful.
2024-11-15 17:08:52.556 +05:30  INF  Executing endpoint 'BAKERBAZZAR.API.Controller.UserController.CartDetails (BAKERBAZZAR.API)'
2024-11-15 17:08:52.556 +05:30  INF  Route matched with {action = "CartDetails", controller = "User"}. Executing controller action with signature System.Threading.Tasks.Task`1[Microsoft.AspNetCore.Mvc.ActionResult`1[BAKERBAZZAR.API.Models.ApiResponse]] CartDetails(System.String) on controller BAKERBAZZAR.API.Controller.UserController (BAKERBAZZAR.API).
2024-11-15 17:08:52.556 +05:30  INF  Executing ObjectResult, writing value of type 'BAKERBAZZAR.API.Models.ApiResponse'.
2024-11-15 17:08:52.556 +05:30  INF  Executed action BAKERBAZZAR.API.Controller.UserController.UpdateCartItem (BAKERBAZZAR.API) in 3.3625ms
2024-11-15 17:08:52.556 +05:30  INF  Executed endpoint 'BAKERBAZZAR.API.Controller.UserController.UpdateCartItem (BAKERBAZZAR.API)'
2024-11-15 17:08:52.556 +05:30  INF  Request finished HTTP/1.1 PUT http://localhost:5145/user/updatecartitem?linerid=344&qty=2 - 0 - 200 - application/json;+charset=utf-8 3.7266ms
2024-11-15 17:08:52.558 +05:30  INF  Executing ObjectResult, writing value of type 'BAKERBAZZAR.API.Models.ApiResponse'.
2024-11-15 17:08:52.558 +05:30  INF  Executed action BAKERBAZZAR.API.Controller.UserController.CartDetails (BAKERBAZZAR.API) in 2.4484ms
2024-11-15 17:08:52.558 +05:30  INF  Executed endpoint 'BAKERBAZZAR.API.Controller.UserController.CartDetails (BAKERBAZZAR.API)'
2024-11-15 17:08:52.558 +05:30  INF  Request finished HTTP/1.1 GET http://localhost:5145/User/CartDetails?displayid=741ef793-43bf-4f38-8bf3-bcb32790ddc1 - - - 200 - application/json;+charset=utf-8 2.8710ms
2024-11-15 17:08:52.772 +05:30  INF  Request starting HTTP/1.1 OPTIONS http://localhost:5145/user/updatecartitem?linerid=344&qty=3 - -
2024-11-15 17:08:52.772 +05:30  INF  CORS policy execution successful.
2024-11-15 17:08:52.772 +05:30  INF  Request finished HTTP/1.1 OPTIONS http://localhost:5145/user/updatecartitem?linerid=344&qty=3 - - - 204 - - 0.1517ms
2024-11-15 17:08:52.773 +05:30  INF  Request starting HTTP/1.1 PUT http://localhost:5145/user/updatecartitem?linerid=344&qty=3 - 0
2024-11-15 17:08:52.773 +05:30  INF  CORS policy execution successful.
2024-11-15 17:08:52.773 +05:30  INF  Executing endpoint 'BAKERBAZZAR.API.Controller.UserController.UpdateCartItem (BAKERBAZZAR.API)'
2024-11-15 17:08:52.773 +05:30  INF  Route matched with {action = "UpdateCartItem", controller = "User"}. Executing controller action with signature System.Threading.Tasks.Task`1[Microsoft.AspNetCore.Mvc.ActionResult`1[BAKERBAZZAR.API.Models.ApiResponse]] UpdateCartItem(Int32, Int32) on controller BAKERBAZZAR.API.Controller.UserController (BAKERBAZZAR.API).
2024-11-15 17:08:52.775 +05:30  INF  Executing ObjectResult, writing value of type 'BAKERBAZZAR.API.Models.ApiResponse'.
2024-11-15 17:08:52.775 +05:30  INF  Executed action BAKERBAZZAR.API.Controller.UserController.UpdateCartItem (BAKERBAZZAR.API) in 2.0874ms
2024-11-15 17:08:52.775 +05:30  INF  Executed endpoint 'BAKERBAZZAR.API.Controller.UserController.UpdateCartItem (BAKERBAZZAR.API)'
2024-11-15 17:08:52.775 +05:30  INF  Request finished HTTP/1.1 PUT http://localhost:5145/user/updatecartitem?linerid=344&qty=3 - 0 - 200 - application/json;+charset=utf-8 2.3373ms
2024-11-15 17:08:52.777 +05:30  INF  Request starting HTTP/1.1 GET http://localhost:5145/User/CartDetails?displayid=741ef793-43bf-4f38-8bf3-bcb32790ddc1 - -
2024-11-15 17:08:52.777 +05:30  INF  CORS policy execution successful.
2024-11-15 17:08:52.777 +05:30  INF  Executing endpoint 'BAKERBAZZAR.API.Controller.UserController.CartDetails (BAKERBAZZAR.API)'
2024-11-15 17:08:52.777 +05:30  INF  Route matched with {action = "CartDetails", controller = "User"}. Executing controller action with signature System.Threading.Tasks.Task`1[Microsoft.AspNetCore.Mvc.ActionResult`1[BAKERBAZZAR.API.Models.ApiResponse]] CartDetails(System.String) on controller BAKERBAZZAR.API.Controller.UserController (BAKERBAZZAR.API).
2024-11-15 17:08:52.778 +05:30  INF  Executing ObjectResult, writing value of type 'BAKERBAZZAR.API.Models.ApiResponse'.
2024-11-15 17:08:52.778 +05:30  INF  Executed action BAKERBAZZAR.API.Controller.UserController.CartDetails (BAKERBAZZAR.API) in 1.7148ms
2024-11-15 17:08:52.778 +05:30  INF  Executed endpoint 'BAKERBAZZAR.API.Controller.UserController.CartDetails (BAKERBAZZAR.API)'
2024-11-15 17:08:52.779 +05:30  INF  Request finished HTTP/1.1 GET http://localhost:5145/User/CartDetails?displayid=741ef793-43bf-4f38-8bf3-bcb32790ddc1 - - - 200 - application/json;+charset=utf-8 1.9922ms
2024-11-15 17:08:52.924 +05:30  INF  Request starting HTTP/1.1 OPTIONS http://localhost:5145/user/updatecartitem?linerid=344&qty=4 - -
2024-11-15 17:08:52.924 +05:30  INF  CORS policy execution successful.
2024-11-15 17:08:52.924 +05:30  INF  Request finished HTTP/1.1 OPTIONS http://localhost:5145/user/updatecartitem?linerid=344&qty=4 - - - 204 - - 0.1561ms
2024-11-15 17:08:52.925 +05:30  INF  Request starting HTTP/1.1 PUT http://localhost:5145/user/updatecartitem?linerid=344&qty=4 - 0
2024-11-15 17:08:52.925 +05:30  INF  CORS policy execution successful.
2024-11-15 17:08:52.925 +05:30  INF  Executing endpoint 'BAKERBAZZAR.API.Controller.UserController.UpdateCartItem (BAKERBAZZAR.API)'
2024-11-15 17:08:52.925 +05:30  INF  Route matched with {action = "UpdateCartItem", controller = "User"}. Executing controller action with signature System.Threading.Tasks.Task`1[Microsoft.AspNetCore.Mvc.ActionResult`1[BAKERBAZZAR.API.Models.ApiResponse]] UpdateCartItem(Int32, Int32) on controller BAKERBAZZAR.API.Controller.UserController (BAKERBAZZAR.API).
2024-11-15 17:08:52.928 +05:30  INF  Request starting HTTP/1.1 GET http://localhost:5145/User/CartDetails?displayid=741ef793-43bf-4f38-8bf3-bcb32790ddc1 - -
2024-11-15 17:08:52.928 +05:30  INF  CORS policy execution successful.
2024-11-15 17:08:52.928 +05:30  INF  Executing endpoint 'BAKERBAZZAR.API.Controller.UserController.CartDetails (BAKERBAZZAR.API)'
2024-11-15 17:08:52.928 +05:30  INF  Route matched with {action = "CartDetails", controller = "User"}. Executing controller action with signature System.Threading.Tasks.Task`1[Microsoft.AspNetCore.Mvc.ActionResult`1[BAKERBAZZAR.API.Models.ApiResponse]] CartDetails(System.String) on controller BAKERBAZZAR.API.Controller.UserController (BAKERBAZZAR.API).
2024-11-15 17:08:52.928 +05:30  INF  Executing ObjectResult, writing value of type 'BAKERBAZZAR.API.Models.ApiResponse'.
2024-11-15 17:08:52.928 +05:30  INF  Executed action BAKERBAZZAR.API.Controller.UserController.UpdateCartItem (BAKERBAZZAR.API) in 2.8639ms
2024-11-15 17:08:52.928 +05:30  INF  Executed endpoint 'BAKERBAZZAR.API.Controller.UserController.UpdateCartItem (BAKERBAZZAR.API)'
2024-11-15 17:08:52.928 +05:30  INF  Request finished HTTP/1.1 PUT http://localhost:5145/user/updatecartitem?linerid=344&qty=4 - 0 - 200 - application/json;+charset=utf-8 3.1193ms
2024-11-15 17:08:52.930 +05:30  INF  Executing ObjectResult, writing value of type 'BAKERBAZZAR.API.Models.ApiResponse'.
2024-11-15 17:08:52.930 +05:30  INF  Executed action BAKERBAZZAR.API.Controller.UserController.CartDetails (BAKERBAZZAR.API) in 1.8739ms
2024-11-15 17:08:52.930 +05:30  INF  Executed endpoint 'BAKERBAZZAR.API.Controller.UserController.CartDetails (BAKERBAZZAR.API)'
2024-11-15 17:08:52.930 +05:30  INF  Request finished HTTP/1.1 GET http://localhost:5145/User/CartDetails?displayid=741ef793-43bf-4f38-8bf3-bcb32790ddc1 - - - 200 - application/json;+charset=utf-8 2.1514ms
2024-11-15 17:08:53.139 +05:30  INF  Request starting HTTP/1.1 OPTIONS http://localhost:5145/user/updatecartitem?linerid=344&qty=5 - -
2024-11-15 17:08:53.139 +05:30  INF  CORS policy execution successful.
2024-11-15 17:08:53.139 +05:30  INF  Request finished HTTP/1.1 OPTIONS http://localhost:5145/user/updatecartitem?linerid=344&qty=5 - - - 204 - - 0.1674ms
2024-11-15 17:08:53.140 +05:30  INF  Request starting HTTP/1.1 PUT http://localhost:5145/user/updatecartitem?linerid=344&qty=5 - 0
2024-11-15 17:08:53.140 +05:30  INF  CORS policy execution successful.
2024-11-15 17:08:53.140 +05:30  INF  Executing endpoint 'BAKERBAZZAR.API.Controller.UserController.UpdateCartItem (BAKERBAZZAR.API)'
2024-11-15 17:08:53.140 +05:30  INF  Route matched with {action = "UpdateCartItem", controller = "User"}. Executing controller action with signature System.Threading.Tasks.Task`1[Microsoft.AspNetCore.Mvc.ActionResult`1[BAKERBAZZAR.API.Models.ApiResponse]] UpdateCartItem(Int32, Int32) on controller BAKERBAZZAR.API.Controller.UserController (BAKERBAZZAR.API).
2024-11-15 17:08:53.143 +05:30  INF  Request starting HTTP/1.1 GET http://localhost:5145/User/CartDetails?displayid=741ef793-43bf-4f38-8bf3-bcb32790ddc1 - -
2024-11-15 17:08:53.143 +05:30  INF  CORS policy execution successful.
2024-11-15 17:08:53.143 +05:30  INF  Executing endpoint 'BAKERBAZZAR.API.Controller.UserController.CartDetails (BAKERBAZZAR.API)'
2024-11-15 17:08:53.143 +05:30  INF  Route matched with {action = "CartDetails", controller = "User"}. Executing controller action with signature System.Threading.Tasks.Task`1[Microsoft.AspNetCore.Mvc.ActionResult`1[BAKERBAZZAR.API.Models.ApiResponse]] CartDetails(System.String) on controller BAKERBAZZAR.API.Controller.UserController (BAKERBAZZAR.API).
2024-11-15 17:08:53.143 +05:30  INF  Executing ObjectResult, writing value of type 'BAKERBAZZAR.API.Models.ApiResponse'.
2024-11-15 17:08:53.143 +05:30  INF  Executed action BAKERBAZZAR.API.Controller.UserController.UpdateCartItem (BAKERBAZZAR.API) in 3.0616ms
2024-11-15 17:08:53.143 +05:30  INF  Executed endpoint 'BAKERBAZZAR.API.Controller.UserController.UpdateCartItem (BAKERBAZZAR.API)'
2024-11-15 17:08:53.143 +05:30  INF  Request finished HTTP/1.1 PUT http://localhost:5145/user/updatecartitem?linerid=344&qty=5 - 0 - 200 - application/json;+charset=utf-8 3.3575ms
2024-11-15 17:08:53.144 +05:30  INF  Executing ObjectResult, writing value of type 'BAKERBAZZAR.API.Models.ApiResponse'.
2024-11-15 17:08:53.145 +05:30  INF  Executed action BAKERBAZZAR.API.Controller.UserController.CartDetails (BAKERBAZZAR.API) in 1.7443ms
2024-11-15 17:08:53.145 +05:30  INF  Executed endpoint 'BAKERBAZZAR.API.Controller.UserController.CartDetails (BAKERBAZZAR.API)'
2024-11-15 17:08:53.145 +05:30  INF  Request finished HTTP/1.1 GET http://localhost:5145/User/CartDetails?displayid=741ef793-43bf-4f38-8bf3-bcb32790ddc1 - - - 200 - application/json;+charset=utf-8 2.0405ms
2024-11-15 17:08:55.127 +05:30  INF  Request starting HTTP/1.1 PUT http://localhost:5145/user/updatecartitem?linerid=344&qty=4 - 0
2024-11-15 17:08:55.127 +05:30  INF  CORS policy execution successful.
2024-11-15 17:08:55.127 +05:30  INF  Executing endpoint 'BAKERBAZZAR.API.Controller.UserController.UpdateCartItem (BAKERBAZZAR.API)'
2024-11-15 17:08:55.127 +05:30  INF  Route matched with {action = "UpdateCartItem", controller = "User"}. Executing controller action with signature System.Threading.Tasks.Task`1[Microsoft.AspNetCore.Mvc.ActionResult`1[BAKERBAZZAR.API.Models.ApiResponse]] UpdateCartItem(Int32, Int32) on controller BAKERBAZZAR.API.Controller.UserController (BAKERBAZZAR.API).
2024-11-15 17:08:55.137 +05:30  INF  Request starting HTTP/1.1 GET http://localhost:5145/User/CartDetails?displayid=741ef793-43bf-4f38-8bf3-bcb32790ddc1 - -
2024-11-15 17:08:55.137 +05:30  INF  CORS policy execution successful.
2024-11-15 17:08:55.137 +05:30  INF  Executing endpoint 'BAKERBAZZAR.API.Controller.UserController.CartDetails (BAKERBAZZAR.API)'
2024-11-15 17:08:55.137 +05:30  INF  Route matched with {action = "CartDetails", controller = "User"}. Executing controller action with signature System.Threading.Tasks.Task`1[Microsoft.AspNetCore.Mvc.ActionResult`1[BAKERBAZZAR.API.Models.ApiResponse]] CartDetails(System.String) on controller BAKERBAZZAR.API.Controller.UserController (BAKERBAZZAR.API).
2024-11-15 17:08:55.139 +05:30  INF  Executing ObjectResult, writing value of type 'BAKERBAZZAR.API.Models.ApiResponse'.
2024-11-15 17:08:55.139 +05:30  INF  Executed action BAKERBAZZAR.API.Controller.UserController.UpdateCartItem (BAKERBAZZAR.API) in 12.4067ms
2024-11-15 17:08:55.139 +05:30  INF  Executed endpoint 'BAKERBAZZAR.API.Controller.UserController.UpdateCartItem (BAKERBAZZAR.API)'
2024-11-15 17:08:55.139 +05:30  INF  Executing ObjectResult, writing value of type 'BAKERBAZZAR.API.Models.ApiResponse'.
2024-11-15 17:08:55.139 +05:30  INF  Request finished HTTP/1.1 PUT http://localhost:5145/user/updatecartitem?linerid=344&qty=4 - 0 - 200 - application/json;+charset=utf-8 12.7116ms
2024-11-15 17:08:55.140 +05:30  INF  Executed action BAKERBAZZAR.API.Controller.UserController.CartDetails (BAKERBAZZAR.API) in 2.2928ms
2024-11-15 17:08:55.140 +05:30  INF  Executed endpoint 'BAKERBAZZAR.API.Controller.UserController.CartDetails (BAKERBAZZAR.API)'
2024-11-15 17:08:55.140 +05:30  INF  Request finished HTTP/1.1 GET http://localhost:5145/User/CartDetails?displayid=741ef793-43bf-4f38-8bf3-bcb32790ddc1 - - - 200 - application/json;+charset=utf-8 2.6877ms
2024-11-15 17:08:55.278 +05:30  INF  Request starting HTTP/1.1 PUT http://localhost:5145/user/updatecartitem?linerid=344&qty=3 - 0
2024-11-15 17:08:55.278 +05:30  INF  CORS policy execution successful.
2024-11-15 17:08:55.278 +05:30  INF  Executing endpoint 'BAKERBAZZAR.API.Controller.UserController.UpdateCartItem (BAKERBAZZAR.API)'
2024-11-15 17:08:55.278 +05:30  INF  Route matched with {action = "UpdateCartItem", controller = "User"}. Executing controller action with signature System.Threading.Tasks.Task`1[Microsoft.AspNetCore.Mvc.ActionResult`1[BAKERBAZZAR.API.Models.ApiResponse]] UpdateCartItem(Int32, Int32) on controller BAKERBAZZAR.API.Controller.UserController (BAKERBAZZAR.API).
2024-11-15 17:08:55.279 +05:30  INF  Executing ObjectResult, writing value of type 'BAKERBAZZAR.API.Models.ApiResponse'.
2024-11-15 17:08:55.280 +05:30  INF  Executed action BAKERBAZZAR.API.Controller.UserController.UpdateCartItem (BAKERBAZZAR.API) in 1.8215ms
2024-11-15 17:08:55.280 +05:30  INF  Executed endpoint 'BAKERBAZZAR.API.Controller.UserController.UpdateCartItem (BAKERBAZZAR.API)'
2024-11-15 17:08:55.280 +05:30  INF  Request finished HTTP/1.1 PUT http://localhost:5145/user/updatecartitem?linerid=344&qty=3 - 0 - 200 - application/json;+charset=utf-8 2.1834ms
2024-11-15 17:08:55.281 +05:30  INF  Request starting HTTP/1.1 GET http://localhost:5145/User/CartDetails?displayid=741ef793-43bf-4f38-8bf3-bcb32790ddc1 - -
2024-11-15 17:08:55.281 +05:30  INF  CORS policy execution successful.
2024-11-15 17:08:55.281 +05:30  INF  Executing endpoint 'BAKERBAZZAR.API.Controller.UserController.CartDetails (BAKERBAZZAR.API)'
2024-11-15 17:08:55.282 +05:30  INF  Route matched with {action = "CartDetails", controller = "User"}. Executing controller action with signature System.Threading.Tasks.Task`1[Microsoft.AspNetCore.Mvc.ActionResult`1[BAKERBAZZAR.API.Models.ApiResponse]] CartDetails(System.String) on controller BAKERBAZZAR.API.Controller.UserController (BAKERBAZZAR.API).
2024-11-15 17:08:55.283 +05:30  INF  Executing ObjectResult, writing value of type 'BAKERBAZZAR.API.Models.ApiResponse'.
2024-11-15 17:08:55.283 +05:30  INF  Executed action BAKERBAZZAR.API.Controller.UserController.CartDetails (BAKERBAZZAR.API) in 1.8937ms
2024-11-15 17:08:55.283 +05:30  INF  Executed endpoint 'BAKERBAZZAR.API.Controller.UserController.CartDetails (BAKERBAZZAR.API)'
2024-11-15 17:08:55.283 +05:30  INF  Request finished HTTP/1.1 GET http://localhost:5145/User/CartDetails?displayid=741ef793-43bf-4f38-8bf3-bcb32790ddc1 - - - 200 - application/json;+charset=utf-8 2.1719ms
2024-11-15 17:08:55.423 +05:30  INF  Request starting HTTP/1.1 PUT http://localhost:5145/user/updatecartitem?linerid=344&qty=2 - 0
2024-11-15 17:08:55.423 +05:30  INF  CORS policy execution successful.
2024-11-15 17:08:55.423 +05:30  INF  Executing endpoint 'BAKERBAZZAR.API.Controller.UserController.UpdateCartItem (BAKERBAZZAR.API)'
2024-11-15 17:08:55.423 +05:30  INF  Route matched with {action = "UpdateCartItem", controller = "User"}. Executing controller action with signature System.Threading.Tasks.Task`1[Microsoft.AspNetCore.Mvc.ActionResult`1[BAKERBAZZAR.API.Models.ApiResponse]] UpdateCartItem(Int32, Int32) on controller BAKERBAZZAR.API.Controller.UserController (BAKERBAZZAR.API).
2024-11-15 17:08:55.426 +05:30  INF  Executing ObjectResult, writing value of type 'BAKERBAZZAR.API.Models.ApiResponse'.
2024-11-15 17:08:55.426 +05:30  INF  Executed action BAKERBAZZAR.API.Controller.UserController.UpdateCartItem (BAKERBAZZAR.API) in 3.1983ms
2024-11-15 17:08:55.426 +05:30  INF  Executed endpoint 'BAKERBAZZAR.API.Controller.UserController.UpdateCartItem (BAKERBAZZAR.API)'
2024-11-15 17:08:55.426 +05:30  INF  Request finished HTTP/1.1 PUT http://localhost:5145/user/updatecartitem?linerid=344&qty=2 - 0 - 200 - application/json;+charset=utf-8 3.5574ms
2024-11-15 17:08:55.432 +05:30  INF  Request starting HTTP/1.1 GET http://localhost:5145/User/CartDetails?displayid=741ef793-43bf-4f38-8bf3-bcb32790ddc1 - -
2024-11-15 17:08:55.432 +05:30  INF  CORS policy execution successful.
2024-11-15 17:08:55.432 +05:30  INF  Executing endpoint 'BAKERBAZZAR.API.Controller.UserController.CartDetails (BAKERBAZZAR.API)'
2024-11-15 17:08:55.432 +05:30  INF  Route matched with {action = "CartDetails", controller = "User"}. Executing controller action with signature System.Threading.Tasks.Task`1[Microsoft.AspNetCore.Mvc.ActionResult`1[BAKERBAZZAR.API.Models.ApiResponse]] CartDetails(System.String) on controller BAKERBAZZAR.API.Controller.UserController (BAKERBAZZAR.API).
2024-11-15 17:08:55.434 +05:30  INF  Executing ObjectResult, writing value of type 'BAKERBAZZAR.API.Models.ApiResponse'.
2024-11-15 17:08:55.434 +05:30  INF  Executed action BAKERBAZZAR.API.Controller.UserController.CartDetails (BAKERBAZZAR.API) in 2.0336ms
2024-11-15 17:08:55.434 +05:30  INF  Executed endpoint 'BAKERBAZZAR.API.Controller.UserController.CartDetails (BAKERBAZZAR.API)'
2024-11-15 17:08:55.434 +05:30  INF  Request finished HTTP/1.1 GET http://localhost:5145/User/CartDetails?displayid=741ef793-43bf-4f38-8bf3-bcb32790ddc1 - - - 200 - application/json;+charset=utf-8 2.3562ms
2024-11-15 17:08:56.549 +05:30  INF  Request starting HTTP/1.1 PUT http://localhost:5145/user/updatecartitem?linerid=344&qty=3 - 0
2024-11-15 17:08:56.549 +05:30  INF  CORS policy execution successful.
2024-11-15 17:08:56.549 +05:30  INF  Executing endpoint 'BAKERBAZZAR.API.Controller.UserController.UpdateCartItem (BAKERBAZZAR.API)'
2024-11-15 17:08:56.549 +05:30  INF  Route matched with {action = "UpdateCartItem", controller = "User"}. Executing controller action with signature System.Threading.Tasks.Task`1[Microsoft.AspNetCore.Mvc.ActionResult`1[BAKERBAZZAR.API.Models.ApiResponse]] UpdateCartItem(Int32, Int32) on controller BAKERBAZZAR.API.Controller.UserController (BAKERBAZZAR.API).
2024-11-15 17:08:56.552 +05:30  INF  Executing ObjectResult, writing value of type 'BAKERBAZZAR.API.Models.ApiResponse'.
2024-11-15 17:08:56.552 +05:30  INF  Request starting HTTP/1.1 GET http://localhost:5145/User/CartDetails?displayid=741ef793-43bf-4f38-8bf3-bcb32790ddc1 - -
2024-11-15 17:08:56.552 +05:30  INF  Executed action BAKERBAZZAR.API.Controller.UserController.UpdateCartItem (BAKERBAZZAR.API) in 3.0445ms
2024-11-15 17:08:56.552 +05:30  INF  Executed endpoint 'BAKERBAZZAR.API.Controller.UserController.UpdateCartItem (BAKERBAZZAR.API)'
2024-11-15 17:08:56.552 +05:30  INF  CORS policy execution successful.
2024-11-15 17:08:56.552 +05:30  INF  Request finished HTTP/1.1 PUT http://localhost:5145/user/updatecartitem?linerid=344&qty=3 - 0 - 200 - application/json;+charset=utf-8 3.3375ms
2024-11-15 17:08:56.552 +05:30  INF  Executing endpoint 'BAKERBAZZAR.API.Controller.UserController.CartDetails (BAKERBAZZAR.API)'
2024-11-15 17:08:56.552 +05:30  INF  Route matched with {action = "CartDetails", controller = "User"}. Executing controller action with signature System.Threading.Tasks.Task`1[Microsoft.AspNetCore.Mvc.ActionResult`1[BAKERBAZZAR.API.Models.ApiResponse]] CartDetails(System.String) on controller BAKERBAZZAR.API.Controller.UserController (BAKERBAZZAR.API).
2024-11-15 17:08:56.554 +05:30  INF  Executing ObjectResult, writing value of type 'BAKERBAZZAR.API.Models.ApiResponse'.
2024-11-15 17:08:56.554 +05:30  INF  Executed action BAKERBAZZAR.API.Controller.UserController.CartDetails (BAKERBAZZAR.API) in 1.7363ms
2024-11-15 17:08:56.554 +05:30  INF  Executed endpoint 'BAKERBAZZAR.API.Controller.UserController.CartDetails (BAKERBAZZAR.API)'
2024-11-15 17:08:56.554 +05:30  INF  Request finished HTTP/1.1 GET http://localhost:5145/User/CartDetails?displayid=741ef793-43bf-4f38-8bf3-bcb32790ddc1 - - - 200 - application/json;+charset=utf-8 1.9858ms
2024-11-15 17:09:00.811 +05:30  INF  Request starting HTTP/1.1 OPTIONS http://localhost:5145/User/AddToCart - -
2024-11-15 17:09:00.811 +05:30  INF  CORS policy execution successful.
2024-11-15 17:09:00.811 +05:30  INF  Request finished HTTP/1.1 OPTIONS http://localhost:5145/User/AddToCart - - - 204 - - 0.1449ms
2024-11-15 17:09:00.812 +05:30  INF  Request starting HTTP/1.1 POST http://localhost:5145/User/AddToCart application/json 140
2024-11-15 17:09:00.812 +05:30  INF  CORS policy execution successful.
2024-11-15 17:09:00.812 +05:30  INF  Executing endpoint 'BAKERBAZZAR.API.Controller.UserController.AddToCart (BAKERBAZZAR.API)'
2024-11-15 17:09:00.812 +05:30  INF  Route matched with {action = "AddToCart", controller = "User"}. Executing controller action with signature System.Threading.Tasks.Task`1[Microsoft.AspNetCore.Mvc.ActionResult`1[BAKERBAZZAR.API.Models.ApiResponse]] AddToCart(BAKERBAZZAR.API.Models.IO_Templates.AddToCartRequest) on controller BAKERBAZZAR.API.Controller.UserController (BAKERBAZZAR.API).
2024-11-15 17:09:00.815 +05:30  INF  Executing ObjectResult, writing value of type 'BAKERBAZZAR.API.Models.ApiResponse'.
2024-11-15 17:09:00.815 +05:30  INF  Executed action BAKERBAZZAR.API.Controller.UserController.AddToCart (BAKERBAZZAR.API) in 2.9582ms
2024-11-15 17:09:00.815 +05:30  INF  Executed endpoint 'BAKERBAZZAR.API.Controller.UserController.AddToCart (BAKERBAZZAR.API)'
2024-11-15 17:09:00.815 +05:30  INF  Request finished HTTP/1.1 POST http://localhost:5145/User/AddToCart application/json 140 - 200 - application/json;+charset=utf-8 3.2188ms
2024-11-15 17:09:02.243 +05:30  INF  Request starting HTTP/1.1 GET http://localhost:5145/User/CartDetails?displayid=741ef793-43bf-4f38-8bf3-bcb32790ddc1 - -
2024-11-15 17:09:02.243 +05:30  INF  CORS policy execution successful.
2024-11-15 17:09:02.243 +05:30  INF  Executing endpoint 'BAKERBAZZAR.API.Controller.UserController.CartDetails (BAKERBAZZAR.API)'
2024-11-15 17:09:02.243 +05:30  INF  Route matched with {action = "CartDetails", controller = "User"}. Executing controller action with signature System.Threading.Tasks.Task`1[Microsoft.AspNetCore.Mvc.ActionResult`1[BAKERBAZZAR.API.Models.ApiResponse]] CartDetails(System.String) on controller BAKERBAZZAR.API.Controller.UserController (BAKERBAZZAR.API).
2024-11-15 17:09:02.246 +05:30  INF  Executing ObjectResult, writing value of type 'BAKERBAZZAR.API.Models.ApiResponse'.
2024-11-15 17:09:02.246 +05:30  INF  Executed action BAKERBAZZAR.API.Controller.UserController.CartDetails (BAKERBAZZAR.API) in 3.057ms
2024-11-15 17:09:02.247 +05:30  INF  Executed endpoint 'BAKERBAZZAR.API.Controller.UserController.CartDetails (BAKERBAZZAR.API)'
2024-11-15 17:09:02.247 +05:30  INF  Request finished HTTP/1.1 GET http://localhost:5145/User/CartDetails?displayid=741ef793-43bf-4f38-8bf3-bcb32790ddc1 - - - 200 - application/json;+charset=utf-8 3.8276ms
2024-11-15 17:09:02.250 +05:30  INF  Request starting HTTP/1.1 GET http://localhost:5145/User/CartDetails?displayid=741ef793-43bf-4f38-8bf3-bcb32790ddc1 - -
2024-11-15 17:09:02.251 +05:30  INF  CORS policy execution successful.
2024-11-15 17:09:02.251 +05:30  INF  Executing endpoint 'BAKERBAZZAR.API.Controller.UserController.CartDetails (BAKERBAZZAR.API)'
2024-11-15 17:09:02.251 +05:30  INF  Route matched with {action = "CartDetails", controller = "User"}. Executing controller action with signature System.Threading.Tasks.Task`1[Microsoft.AspNetCore.Mvc.ActionResult`1[BAKERBAZZAR.API.Models.ApiResponse]] CartDetails(System.String) on controller BAKERBAZZAR.API.Controller.UserController (BAKERBAZZAR.API).
2024-11-15 17:09:02.253 +05:30  INF  Executing ObjectResult, writing value of type 'BAKERBAZZAR.API.Models.ApiResponse'.
2024-11-15 17:09:02.253 +05:30  INF  Executed action BAKERBAZZAR.API.Controller.UserController.CartDetails (BAKERBAZZAR.API) in 2.7619ms
2024-11-15 17:09:02.253 +05:30  INF  Executed endpoint 'BAKERBAZZAR.API.Controller.UserController.CartDetails (BAKERBAZZAR.API)'
2024-11-15 17:09:02.254 +05:30  INF  Request finished HTTP/1.1 GET http://localhost:5145/User/CartDetails?displayid=741ef793-43bf-4f38-8bf3-bcb32790ddc1 - - - 200 - application/json;+charset=utf-8 3.1797ms
2024-11-15 17:09:02.259 +05:30  INF  Request starting HTTP/1.1 OPTIONS http://localhost:5145/user/updatecartitem?linerid=345&qty=1 - -
2024-11-15 17:09:02.259 +05:30  INF  CORS policy execution successful.
2024-11-15 17:09:02.259 +05:30  INF  Request finished HTTP/1.1 OPTIONS http://localhost:5145/user/updatecartitem?linerid=345&qty=1 - - - 204 - - 0.1722ms
2024-11-15 17:09:02.259 +05:30  INF  Request starting HTTP/1.1 OPTIONS http://localhost:5145/user/updatecartitem?linerid=344&qty=3 - -
2024-11-15 17:09:02.259 +05:30  INF  CORS policy execution successful.
2024-11-15 17:09:02.259 +05:30  INF  Request finished HTTP/1.1 OPTIONS http://localhost:5145/user/updatecartitem?linerid=344&qty=3 - - - 204 - - 0.0412ms
2024-11-15 17:09:02.259 +05:30  INF  Request starting HTTP/1.1 OPTIONS http://localhost:5145/user/updatecartitem?linerid=345&qty=1 - -
2024-11-15 17:09:02.260 +05:30  INF  CORS policy execution successful.
2024-11-15 17:09:02.260 +05:30  INF  Request finished HTTP/1.1 OPTIONS http://localhost:5145/user/updatecartitem?linerid=345&qty=1 - - - 204 - - 0.1134ms
2024-11-15 17:09:02.260 +05:30  INF  Request starting HTTP/1.1 OPTIONS http://localhost:5145/user/updatecartitem?linerid=344&qty=3 - -
2024-11-15 17:09:02.260 +05:30  INF  CORS policy execution successful.
2024-11-15 17:09:02.261 +05:30  INF  Request finished HTTP/1.1 OPTIONS http://localhost:5145/user/updatecartitem?linerid=344&qty=3 - - - 204 - - 0.1291ms
2024-11-15 17:09:02.261 +05:30  INF  Request starting HTTP/1.1 PUT http://localhost:5145/user/updatecartitem?linerid=345&qty=1 - 0
2024-11-15 17:09:02.261 +05:30  INF  CORS policy execution successful.
2024-11-15 17:09:02.261 +05:30  INF  Executing endpoint 'BAKERBAZZAR.API.Controller.UserController.UpdateCartItem (BAKERBAZZAR.API)'
2024-11-15 17:09:02.261 +05:30  INF  Route matched with {action = "UpdateCartItem", controller = "User"}. Executing controller action with signature System.Threading.Tasks.Task`1[Microsoft.AspNetCore.Mvc.ActionResult`1[BAKERBAZZAR.API.Models.ApiResponse]] UpdateCartItem(Int32, Int32) on controller BAKERBAZZAR.API.Controller.UserController (BAKERBAZZAR.API).
2024-11-15 17:09:02.261 +05:30  INF  Request starting HTTP/1.1 PUT http://localhost:5145/user/updatecartitem?linerid=345&qty=1 - 0
2024-11-15 17:09:02.261 +05:30  INF  CORS policy execution successful.
2024-11-15 17:09:02.261 +05:30  INF  Request starting HTTP/1.1 PUT http://localhost:5145/user/updatecartitem?linerid=344&qty=3 - 0
2024-11-15 17:09:02.261 +05:30  INF  CORS policy execution successful.
2024-11-15 17:09:02.261 +05:30  INF  Executing endpoint 'BAKERBAZZAR.API.Controller.UserController.UpdateCartItem (BAKERBAZZAR.API)'
2024-11-15 17:09:02.261 +05:30  INF  Executing endpoint 'BAKERBAZZAR.API.Controller.UserController.UpdateCartItem (BAKERBAZZAR.API)'
2024-11-15 17:09:02.262 +05:30  INF  Route matched with {action = "UpdateCartItem", controller = "User"}. Executing controller action with signature System.Threading.Tasks.Task`1[Microsoft.AspNetCore.Mvc.ActionResult`1[BAKERBAZZAR.API.Models.ApiResponse]] UpdateCartItem(Int32, Int32) on controller BAKERBAZZAR.API.Controller.UserController (BAKERBAZZAR.API).
2024-11-15 17:09:02.262 +05:30  INF  Route matched with {action = "UpdateCartItem", controller = "User"}. Executing controller action with signature System.Threading.Tasks.Task`1[Microsoft.AspNetCore.Mvc.ActionResult`1[BAKERBAZZAR.API.Models.ApiResponse]] UpdateCartItem(Int32, Int32) on controller BAKERBAZZAR.API.Controller.UserController (BAKERBAZZAR.API).
2024-11-15 17:09:02.262 +05:30  INF  Request starting HTTP/1.1 PUT http://localhost:5145/user/updatecartitem?linerid=344&qty=3 - 0
2024-11-15 17:09:02.262 +05:30  INF  CORS policy execution successful.
2024-11-15 17:09:02.262 +05:30  INF  Executing endpoint 'BAKERBAZZAR.API.Controller.UserController.UpdateCartItem (BAKERBAZZAR.API)'
2024-11-15 17:09:02.262 +05:30  INF  Route matched with {action = "UpdateCartItem", controller = "User"}. Executing controller action with signature System.Threading.Tasks.Task`1[Microsoft.AspNetCore.Mvc.ActionResult`1[BAKERBAZZAR.API.Models.ApiResponse]] UpdateCartItem(Int32, Int32) on controller BAKERBAZZAR.API.Controller.UserController (BAKERBAZZAR.API).
2024-11-15 17:09:02.263 +05:30  INF  Request starting HTTP/1.1 GET http://localhost:5145/User/CartDetails?displayid=741ef793-43bf-4f38-8bf3-bcb32790ddc1 - -
2024-11-15 17:09:02.264 +05:30  INF  CORS policy execution successful.
2024-11-15 17:09:02.264 +05:30  INF  Executing endpoint 'BAKERBAZZAR.API.Controller.UserController.CartDetails (BAKERBAZZAR.API)'
2024-11-15 17:09:02.264 +05:30  INF  Route matched with {action = "CartDetails", controller = "User"}. Executing controller action with signature System.Threading.Tasks.Task`1[Microsoft.AspNetCore.Mvc.ActionResult`1[BAKERBAZZAR.API.Models.ApiResponse]] CartDetails(System.String) on controller BAKERBAZZAR.API.Controller.UserController (BAKERBAZZAR.API).
2024-11-15 17:09:02.264 +05:30  INF  Executing ObjectResult, writing value of type 'BAKERBAZZAR.API.Models.ApiResponse'.
2024-11-15 17:09:02.264 +05:30  INF  Executed action BAKERBAZZAR.API.Controller.UserController.UpdateCartItem (BAKERBAZZAR.API) in 3.3629ms
2024-11-15 17:09:02.264 +05:30  INF  Executed endpoint 'BAKERBAZZAR.API.Controller.UserController.UpdateCartItem (BAKERBAZZAR.API)'
2024-11-15 17:09:02.264 +05:30  INF  Executing ObjectResult, writing value of type 'BAKERBAZZAR.API.Models.ApiResponse'.
2024-11-15 17:09:02.264 +05:30  INF  Executed action BAKERBAZZAR.API.Controller.UserController.UpdateCartItem (BAKERBAZZAR.API) in 2.7523ms
2024-11-15 17:09:02.264 +05:30  INF  Request finished HTTP/1.1 PUT http://localhost:5145/user/updatecartitem?linerid=345&qty=1 - 0 - 200 - application/json;+charset=utf-8 3.5810ms
2024-11-15 17:09:02.264 +05:30  INF  Executed endpoint 'BAKERBAZZAR.API.Controller.UserController.UpdateCartItem (BAKERBAZZAR.API)'
2024-11-15 17:09:02.264 +05:30  INF  Request finished HTTP/1.1 PUT http://localhost:5145/user/updatecartitem?linerid=344&qty=3 - 0 - 200 - application/json;+charset=utf-8 2.9054ms
2024-11-15 17:09:02.264 +05:30  INF  Executing ObjectResult, writing value of type 'BAKERBAZZAR.API.Models.ApiResponse'.
2024-11-15 17:09:02.265 +05:30  INF  Executed action BAKERBAZZAR.API.Controller.UserController.UpdateCartItem (BAKERBAZZAR.API) in 2.9898ms
2024-11-15 17:09:02.265 +05:30  INF  Executed endpoint 'BAKERBAZZAR.API.Controller.UserController.UpdateCartItem (BAKERBAZZAR.API)'
2024-11-15 17:09:02.265 +05:30  INF  Request finished HTTP/1.1 PUT http://localhost:5145/user/updatecartitem?linerid=345&qty=1 - 0 - 200 - application/json;+charset=utf-8 3.3127ms
2024-11-15 17:09:02.267 +05:30  INF  Executing ObjectResult, writing value of type 'BAKERBAZZAR.API.Models.ApiResponse'.
2024-11-15 17:09:02.267 +05:30  INF  Executed action BAKERBAZZAR.API.Controller.UserController.CartDetails (BAKERBAZZAR.API) in 3.2547ms
2024-11-15 17:09:02.267 +05:30  INF  Executed endpoint 'BAKERBAZZAR.API.Controller.UserController.CartDetails (BAKERBAZZAR.API)'
2024-11-15 17:09:02.267 +05:30  INF  Request finished HTTP/1.1 GET http://localhost:5145/User/CartDetails?displayid=741ef793-43bf-4f38-8bf3-bcb32790ddc1 - - - 200 - application/json;+charset=utf-8 3.7045ms
2024-11-15 17:09:02.271 +05:30  INF  Executing ObjectResult, writing value of type 'BAKERBAZZAR.API.Models.ApiResponse'.
2024-11-15 17:09:02.271 +05:30  INF  Executed action BAKERBAZZAR.API.Controller.UserController.UpdateCartItem (BAKERBAZZAR.API) in 9.339ms
2024-11-15 17:09:02.271 +05:30  INF  Executed endpoint 'BAKERBAZZAR.API.Controller.UserController.UpdateCartItem (BAKERBAZZAR.API)'
2024-11-15 17:09:02.271 +05:30  INF  Request finished HTTP/1.1 PUT http://localhost:5145/user/updatecartitem?linerid=344&qty=3 - 0 - 200 - application/json;+charset=utf-8 9.5972ms
2024-11-15 17:09:05.793 +05:30  INF  Request starting HTTP/1.1 OPTIONS http://localhost:5145/user/deletecartitem?cartdisplayid=741ef793-43bf-4f38-8bf3-bcb32790ddc1&cartrid=344 - -
2024-11-15 17:09:05.793 +05:30  INF  CORS policy execution successful.
2024-11-15 17:09:05.793 +05:30  INF  Request finished HTTP/1.1 OPTIONS http://localhost:5145/user/deletecartitem?cartdisplayid=741ef793-43bf-4f38-8bf3-bcb32790ddc1&cartrid=344 - - - 204 - - 0.1563ms
2024-11-15 17:09:05.794 +05:30  INF  Request starting HTTP/1.1 DELETE http://localhost:5145/user/deletecartitem?cartdisplayid=741ef793-43bf-4f38-8bf3-bcb32790ddc1&cartrid=344 - -
2024-11-15 17:09:05.794 +05:30  INF  CORS policy execution successful.
2024-11-15 17:09:05.794 +05:30  INF  Executing endpoint 'BAKERBAZZAR.API.Controller.UserController.DeleteCartItem (BAKERBAZZAR.API)'
2024-11-15 17:09:05.794 +05:30  INF  Route matched with {action = "DeleteCartItem", controller = "User"}. Executing controller action with signature System.Threading.Tasks.Task`1[Microsoft.AspNetCore.Mvc.ActionResult`1[BAKERBAZZAR.API.Models.ApiResponse]] DeleteCartItem(System.String, Int32) on controller BAKERBAZZAR.API.Controller.UserController (BAKERBAZZAR.API).
2024-11-15 17:09:05.799 +05:30  INF  Executing ObjectResult, writing value of type 'BAKERBAZZAR.API.Models.ApiResponse'.
2024-11-15 17:09:05.799 +05:30  INF  Executed action BAKERBAZZAR.API.Controller.UserController.DeleteCartItem (BAKERBAZZAR.API) in 5.7798ms
2024-11-15 17:09:05.800 +05:30  INF  Executed endpoint 'BAKERBAZZAR.API.Controller.UserController.DeleteCartItem (BAKERBAZZAR.API)'
2024-11-15 17:09:05.800 +05:30  INF  Request finished HTTP/1.1 DELETE http://localhost:5145/user/deletecartitem?cartdisplayid=741ef793-43bf-4f38-8bf3-bcb32790ddc1&cartrid=344 - - - 200 - application/json;+charset=utf-8 6.0008ms
2024-11-15 17:09:05.803 +05:30  INF  Request starting HTTP/1.1 GET http://localhost:5145/User/CartDetails?displayid=741ef793-43bf-4f38-8bf3-bcb32790ddc1 - -
2024-11-15 17:09:05.803 +05:30  INF  CORS policy execution successful.
2024-11-15 17:09:05.803 +05:30  INF  Executing endpoint 'BAKERBAZZAR.API.Controller.UserController.CartDetails (BAKERBAZZAR.API)'
2024-11-15 17:09:05.803 +05:30  INF  Route matched with {action = "CartDetails", controller = "User"}. Executing controller action with signature System.Threading.Tasks.Task`1[Microsoft.AspNetCore.Mvc.ActionResult`1[BAKERBAZZAR.API.Models.ApiResponse]] CartDetails(System.String) on controller BAKERBAZZAR.API.Controller.UserController (BAKERBAZZAR.API).
2024-11-15 17:09:05.805 +05:30  INF  Executing ObjectResult, writing value of type 'BAKERBAZZAR.API.Models.ApiResponse'.
2024-11-15 17:09:05.805 +05:30  INF  Executed action BAKERBAZZAR.API.Controller.UserController.CartDetails (BAKERBAZZAR.API) in 2.0511ms
2024-11-15 17:09:05.805 +05:30  INF  Executed endpoint 'BAKERBAZZAR.API.Controller.UserController.CartDetails (BAKERBAZZAR.API)'
2024-11-15 17:09:05.805 +05:30  INF  Request finished HTTP/1.1 GET http://localhost:5145/User/CartDetails?displayid=741ef793-43bf-4f38-8bf3-bcb32790ddc1 - - - 200 - application/json;+charset=utf-8 2.3387ms
2024-11-15 17:09:07.527 +05:30  INF  Request starting HTTP/1.1 OPTIONS http://localhost:5145/user/updatecartitem?linerid=345&qty=2 - -
2024-11-15 17:09:07.527 +05:30  INF  CORS policy execution successful.
2024-11-15 17:09:07.527 +05:30  INF  Request finished HTTP/1.1 OPTIONS http://localhost:5145/user/updatecartitem?linerid=345&qty=2 - - - 204 - - 0.1759ms
2024-11-15 17:09:07.528 +05:30  INF  Request starting HTTP/1.1 PUT http://localhost:5145/user/updatecartitem?linerid=345&qty=2 - 0
2024-11-15 17:09:07.528 +05:30  INF  CORS policy execution successful.
2024-11-15 17:09:07.528 +05:30  INF  Executing endpoint 'BAKERBAZZAR.API.Controller.UserController.UpdateCartItem (BAKERBAZZAR.API)'
2024-11-15 17:09:07.528 +05:30  INF  Route matched with {action = "UpdateCartItem", controller = "User"}. Executing controller action with signature System.Threading.Tasks.Task`1[Microsoft.AspNetCore.Mvc.ActionResult`1[BAKERBAZZAR.API.Models.ApiResponse]] UpdateCartItem(Int32, Int32) on controller BAKERBAZZAR.API.Controller.UserController (BAKERBAZZAR.API).
2024-11-15 17:09:07.531 +05:30  INF  Request starting HTTP/1.1 GET http://localhost:5145/User/CartDetails?displayid=741ef793-43bf-4f38-8bf3-bcb32790ddc1 - -
2024-11-15 17:09:07.531 +05:30  INF  CORS policy execution successful.
2024-11-15 17:09:07.531 +05:30  INF  Executing endpoint 'BAKERBAZZAR.API.Controller.UserController.CartDetails (BAKERBAZZAR.API)'
2024-11-15 17:09:07.531 +05:30  INF  Route matched with {action = "CartDetails", controller = "User"}. Executing controller action with signature System.Threading.Tasks.Task`1[Microsoft.AspNetCore.Mvc.ActionResult`1[BAKERBAZZAR.API.Models.ApiResponse]] CartDetails(System.String) on controller BAKERBAZZAR.API.Controller.UserController (BAKERBAZZAR.API).
2024-11-15 17:09:07.531 +05:30  INF  Executing ObjectResult, writing value of type 'BAKERBAZZAR.API.Models.ApiResponse'.
2024-11-15 17:09:07.531 +05:30  INF  Executed action BAKERBAZZAR.API.Controller.UserController.UpdateCartItem (BAKERBAZZAR.API) in 3.2341ms
2024-11-15 17:09:07.532 +05:30  INF  Executed endpoint 'BAKERBAZZAR.API.Controller.UserController.UpdateCartItem (BAKERBAZZAR.API)'
2024-11-15 17:09:07.532 +05:30  INF  Request finished HTTP/1.1 PUT http://localhost:5145/user/updatecartitem?linerid=345&qty=2 - 0 - 200 - application/json;+charset=utf-8 3.5486ms
2024-11-15 17:09:07.534 +05:30  INF  Executing ObjectResult, writing value of type 'BAKERBAZZAR.API.Models.ApiResponse'.
2024-11-15 17:09:07.534 +05:30  INF  Executed action BAKERBAZZAR.API.Controller.UserController.CartDetails (BAKERBAZZAR.API) in 2.3178ms
2024-11-15 17:09:07.534 +05:30  INF  Executed endpoint 'BAKERBAZZAR.API.Controller.UserController.CartDetails (BAKERBAZZAR.API)'
2024-11-15 17:09:07.534 +05:30  INF  Request finished HTTP/1.1 GET http://localhost:5145/User/CartDetails?displayid=741ef793-43bf-4f38-8bf3-bcb32790ddc1 - - - 200 - application/json;+charset=utf-8 2.7417ms
2024-11-15 17:09:07.743 +05:30  INF  Request starting HTTP/1.1 OPTIONS http://localhost:5145/user/updatecartitem?linerid=345&qty=3 - -
2024-11-15 17:09:07.743 +05:30  INF  CORS policy execution successful.
2024-11-15 17:09:07.743 +05:30  INF  Request finished HTTP/1.1 OPTIONS http://localhost:5145/user/updatecartitem?linerid=345&qty=3 - - - 204 - - 0.1992ms
2024-11-15 17:09:07.744 +05:30  INF  Request starting HTTP/1.1 PUT http://localhost:5145/user/updatecartitem?linerid=345&qty=3 - 0
2024-11-15 17:09:07.744 +05:30  INF  CORS policy execution successful.
2024-11-15 17:09:07.744 +05:30  INF  Executing endpoint 'BAKERBAZZAR.API.Controller.UserController.UpdateCartItem (BAKERBAZZAR.API)'
2024-11-15 17:09:07.744 +05:30  INF  Route matched with {action = "UpdateCartItem", controller = "User"}. Executing controller action with signature System.Threading.Tasks.Task`1[Microsoft.AspNetCore.Mvc.ActionResult`1[BAKERBAZZAR.API.Models.ApiResponse]] UpdateCartItem(Int32, Int32) on controller BAKERBAZZAR.API.Controller.UserController (BAKERBAZZAR.API).
2024-11-15 17:09:07.746 +05:30  INF  Request starting HTTP/1.1 GET http://localhost:5145/User/CartDetails?displayid=741ef793-43bf-4f38-8bf3-bcb32790ddc1 - -
2024-11-15 17:09:07.746 +05:30  INF  CORS policy execution successful.
2024-11-15 17:09:07.746 +05:30  INF  Executing endpoint 'BAKERBAZZAR.API.Controller.UserController.CartDetails (BAKERBAZZAR.API)'
2024-11-15 17:09:07.746 +05:30  INF  Route matched with {action = "CartDetails", controller = "User"}. Executing controller action with signature System.Threading.Tasks.Task`1[Microsoft.AspNetCore.Mvc.ActionResult`1[BAKERBAZZAR.API.Models.ApiResponse]] CartDetails(System.String) on controller BAKERBAZZAR.API.Controller.UserController (BAKERBAZZAR.API).
2024-11-15 17:09:07.747 +05:30  INF  Executing ObjectResult, writing value of type 'BAKERBAZZAR.API.Models.ApiResponse'.
2024-11-15 17:09:07.748 +05:30  INF  Executed action BAKERBAZZAR.API.Controller.UserController.UpdateCartItem (BAKERBAZZAR.API) in 3.0699ms
2024-11-15 17:09:07.748 +05:30  INF  Executed endpoint 'BAKERBAZZAR.API.Controller.UserController.UpdateCartItem (BAKERBAZZAR.API)'
2024-11-15 17:09:07.748 +05:30  INF  Request finished HTTP/1.1 PUT http://localhost:5145/user/updatecartitem?linerid=345&qty=3 - 0 - 200 - application/json;+charset=utf-8 3.4073ms
2024-11-15 17:09:07.748 +05:30  INF  Executing ObjectResult, writing value of type 'BAKERBAZZAR.API.Models.ApiResponse'.
2024-11-15 17:09:07.748 +05:30  INF  Executed action BAKERBAZZAR.API.Controller.UserController.CartDetails (BAKERBAZZAR.API) in 2.1631ms
2024-11-15 17:09:07.748 +05:30  INF  Executed endpoint 'BAKERBAZZAR.API.Controller.UserController.CartDetails (BAKERBAZZAR.API)'
2024-11-15 17:09:07.748 +05:30  INF  Request finished HTTP/1.1 GET http://localhost:5145/User/CartDetails?displayid=741ef793-43bf-4f38-8bf3-bcb32790ddc1 - - - 200 - application/json;+charset=utf-8 2.4364ms
2024-11-15 17:09:07.983 +05:30  INF  Request starting HTTP/1.1 OPTIONS http://localhost:5145/user/updatecartitem?linerid=345&qty=4 - -
2024-11-15 17:09:07.983 +05:30  INF  CORS policy execution successful.
2024-11-15 17:09:07.983 +05:30  INF  Request finished HTTP/1.1 OPTIONS http://localhost:5145/user/updatecartitem?linerid=345&qty=4 - - - 204 - - 0.1762ms
2024-11-15 17:09:07.984 +05:30  INF  Request starting HTTP/1.1 PUT http://localhost:5145/user/updatecartitem?linerid=345&qty=4 - 0
2024-11-15 17:09:07.984 +05:30  INF  CORS policy execution successful.
2024-11-15 17:09:07.984 +05:30  INF  Executing endpoint 'BAKERBAZZAR.API.Controller.UserController.UpdateCartItem (BAKERBAZZAR.API)'
2024-11-15 17:09:07.984 +05:30  INF  Route matched with {action = "UpdateCartItem", controller = "User"}. Executing controller action with signature System.Threading.Tasks.Task`1[Microsoft.AspNetCore.Mvc.ActionResult`1[BAKERBAZZAR.API.Models.ApiResponse]] UpdateCartItem(Int32, Int32) on controller BAKERBAZZAR.API.Controller.UserController (BAKERBAZZAR.API).
2024-11-15 17:09:07.986 +05:30  INF  Request starting HTTP/1.1 GET http://localhost:5145/User/CartDetails?displayid=741ef793-43bf-4f38-8bf3-bcb32790ddc1 - -
2024-11-15 17:09:07.986 +05:30  INF  CORS policy execution successful.
2024-11-15 17:09:07.986 +05:30  INF  Executing endpoint 'BAKERBAZZAR.API.Controller.UserController.CartDetails (BAKERBAZZAR.API)'
2024-11-15 17:09:07.986 +05:30  INF  Route matched with {action = "CartDetails", controller = "User"}. Executing controller action with signature System.Threading.Tasks.Task`1[Microsoft.AspNetCore.Mvc.ActionResult`1[BAKERBAZZAR.API.Models.ApiResponse]] CartDetails(System.String) on controller BAKERBAZZAR.API.Controller.UserController (BAKERBAZZAR.API).
2024-11-15 17:09:07.987 +05:30  INF  Executing ObjectResult, writing value of type 'BAKERBAZZAR.API.Models.ApiResponse'.
2024-11-15 17:09:07.987 +05:30  INF  Executed action BAKERBAZZAR.API.Controller.UserController.UpdateCartItem (BAKERBAZZAR.API) in 2.9169ms
2024-11-15 17:09:07.987 +05:30  INF  Executed endpoint 'BAKERBAZZAR.API.Controller.UserController.UpdateCartItem (BAKERBAZZAR.API)'
2024-11-15 17:09:07.987 +05:30  INF  Request finished HTTP/1.1 PUT http://localhost:5145/user/updatecartitem?linerid=345&qty=4 - 0 - 200 - application/json;+charset=utf-8 3.2378ms
2024-11-15 17:09:07.988 +05:30  INF  Executing ObjectResult, writing value of type 'BAKERBAZZAR.API.Models.ApiResponse'.
2024-11-15 17:09:07.988 +05:30  INF  Executed action BAKERBAZZAR.API.Controller.UserController.CartDetails (BAKERBAZZAR.API) in 1.8601ms
2024-11-15 17:09:07.988 +05:30  INF  Executed endpoint 'BAKERBAZZAR.API.Controller.UserController.CartDetails (BAKERBAZZAR.API)'
2024-11-15 17:09:07.988 +05:30  INF  Request finished HTTP/1.1 GET http://localhost:5145/User/CartDetails?displayid=741ef793-43bf-4f38-8bf3-bcb32790ddc1 - - - 200 - application/json;+charset=utf-8 2.1605ms
2024-11-15 17:09:08.197 +05:30  INF  Request starting HTTP/1.1 OPTIONS http://localhost:5145/user/updatecartitem?linerid=345&qty=5 - -
2024-11-15 17:09:08.197 +05:30  INF  CORS policy execution successful.
2024-11-15 17:09:08.197 +05:30  INF  Request finished HTTP/1.1 OPTIONS http://localhost:5145/user/updatecartitem?linerid=345&qty=5 - - - 204 - - 0.2473ms
2024-11-15 17:09:08.198 +05:30  INF  Request starting HTTP/1.1 PUT http://localhost:5145/user/updatecartitem?linerid=345&qty=5 - 0
2024-11-15 17:09:08.198 +05:30  INF  CORS policy execution successful.
2024-11-15 17:09:08.198 +05:30  INF  Executing endpoint 'BAKERBAZZAR.API.Controller.UserController.UpdateCartItem (BAKERBAZZAR.API)'
2024-11-15 17:09:08.198 +05:30  INF  Route matched with {action = "UpdateCartItem", controller = "User"}. Executing controller action with signature System.Threading.Tasks.Task`1[Microsoft.AspNetCore.Mvc.ActionResult`1[BAKERBAZZAR.API.Models.ApiResponse]] UpdateCartItem(Int32, Int32) on controller BAKERBAZZAR.API.Controller.UserController (BAKERBAZZAR.API).
2024-11-15 17:09:08.200 +05:30  INF  Request starting HTTP/1.1 GET http://localhost:5145/User/CartDetails?displayid=741ef793-43bf-4f38-8bf3-bcb32790ddc1 - -
2024-11-15 17:09:08.200 +05:30  INF  CORS policy execution successful.
2024-11-15 17:09:08.200 +05:30  INF  Executing endpoint 'BAKERBAZZAR.API.Controller.UserController.CartDetails (BAKERBAZZAR.API)'
2024-11-15 17:09:08.200 +05:30  INF  Route matched with {action = "CartDetails", controller = "User"}. Executing controller action with signature System.Threading.Tasks.Task`1[Microsoft.AspNetCore.Mvc.ActionResult`1[BAKERBAZZAR.API.Models.ApiResponse]] CartDetails(System.String) on controller BAKERBAZZAR.API.Controller.UserController (BAKERBAZZAR.API).
2024-11-15 17:09:08.200 +05:30  INF  Executing ObjectResult, writing value of type 'BAKERBAZZAR.API.Models.ApiResponse'.
2024-11-15 17:09:08.200 +05:30  INF  Executed action BAKERBAZZAR.API.Controller.UserController.UpdateCartItem (BAKERBAZZAR.API) in 2.5383ms
2024-11-15 17:09:08.200 +05:30  INF  Executed endpoint 'BAKERBAZZAR.API.Controller.UserController.UpdateCartItem (BAKERBAZZAR.API)'
2024-11-15 17:09:08.201 +05:30  INF  Request finished HTTP/1.1 PUT http://localhost:5145/user/updatecartitem?linerid=345&qty=5 - 0 - 200 - application/json;+charset=utf-8 2.8305ms
2024-11-15 17:09:08.201 +05:30  INF  Executing ObjectResult, writing value of type 'BAKERBAZZAR.API.Models.ApiResponse'.
2024-11-15 17:09:08.202 +05:30  INF  Executed action BAKERBAZZAR.API.Controller.UserController.CartDetails (BAKERBAZZAR.API) in 1.7061ms
2024-11-15 17:09:08.202 +05:30  INF  Executed endpoint 'BAKERBAZZAR.API.Controller.UserController.CartDetails (BAKERBAZZAR.API)'
2024-11-15 17:09:08.202 +05:30  INF  Request finished HTTP/1.1 GET http://localhost:5145/User/CartDetails?displayid=741ef793-43bf-4f38-8bf3-bcb32790ddc1 - - - 200 - application/json;+charset=utf-8 1.9562ms
2024-11-15 17:09:22.398 +05:30  INF  Request starting HTTP/1.1 GET http://localhost:5145/user/orderdetails?displayId=741ef793-43bf-4f38-8bf3-bcb32790ddc1&status=placeorder&addressid=1042 - -
2024-11-15 17:09:22.398 +05:30  INF  CORS policy execution successful.
2024-11-15 17:09:22.398 +05:30  INF  Executing endpoint 'BAKERBAZZAR.API.Controller.UserController.OrderDetails (BAKERBAZZAR.API)'
2024-11-15 17:09:22.398 +05:30  INF  Route matched with {action = "OrderDetails", controller = "User"}. Executing controller action with signature System.Threading.Tasks.Task`1[Microsoft.AspNetCore.Mvc.ActionResult`1[BAKERBAZZAR.API.Models.ApiResponse]] OrderDetails(System.String, System.String, Int32) on controller BAKERBAZZAR.API.Controller.UserController (BAKERBAZZAR.API).
2024-11-15 17:09:22.455 +05:30  INF  Executing ObjectResult, writing value of type 'BAKERBAZZAR.API.Models.ApiResponse'.
2024-11-15 17:09:22.455 +05:30  INF  Executed action BAKERBAZZAR.API.Controller.UserController.OrderDetails (BAKERBAZZAR.API) in 57.2742ms
2024-11-15 17:09:22.455 +05:30  INF  Executed endpoint 'BAKERBAZZAR.API.Controller.UserController.OrderDetails (BAKERBAZZAR.API)'
2024-11-15 17:09:22.455 +05:30  INF  Request finished HTTP/1.1 GET http://localhost:5145/user/orderdetails?displayId=741ef793-43bf-4f38-8bf3-bcb32790ddc1&status=placeorder&addressid=1042 - - - 200 - application/json;+charset=utf-8 57.6016ms
2024-11-15 17:09:24.132 +05:30  INF  Request starting HTTP/1.1 GET http://localhost:5145/user/myorders?displayid=a8701061-246f-4f0a-b7db-cf788913b18d - -
2024-11-15 17:09:24.133 +05:30  INF  CORS policy execution successful.
2024-11-15 17:09:24.133 +05:30  INF  Executing endpoint 'BAKERBAZZAR.API.Controller.UserController.MyOrders (BAKERBAZZAR.API)'
2024-11-15 17:09:24.133 +05:30  INF  Route matched with {action = "MyOrders", controller = "User"}. Executing controller action with signature System.Threading.Tasks.Task`1[Microsoft.AspNetCore.Mvc.ActionResult`1[BAKERBAZZAR.API.Models.ApiResponse]] MyOrders(System.String, System.String, System.String) on controller BAKERBAZZAR.API.Controller.UserController (BAKERBAZZAR.API).
2024-11-15 17:09:24.150 +05:30  INF  Executing ObjectResult, writing value of type 'BAKERBAZZAR.API.Models.ApiResponse'.
2024-11-15 17:09:24.150 +05:30  INF  Executed action BAKERBAZZAR.API.Controller.UserController.MyOrders (BAKERBAZZAR.API) in 17.7817ms
2024-11-15 17:09:24.151 +05:30  INF  Executed endpoint 'BAKERBAZZAR.API.Controller.UserController.MyOrders (BAKERBAZZAR.API)'
2024-11-15 17:09:24.151 +05:30  INF  Request finished HTTP/1.1 GET http://localhost:5145/user/myorders?displayid=a8701061-246f-4f0a-b7db-cf788913b18d - - - 200 - application/json;+charset=utf-8 18.0707ms
2024-11-15 17:09:24.152 +05:30  INF  Request starting HTTP/1.1 GET http://localhost:5145/user/myorders?displayid=a8701061-246f-4f0a-b7db-cf788913b18d - -
2024-11-15 17:09:24.152 +05:30  INF  CORS policy execution successful.
2024-11-15 17:09:24.152 +05:30  INF  Executing endpoint 'BAKERBAZZAR.API.Controller.UserController.MyOrders (BAKERBAZZAR.API)'
2024-11-15 17:09:24.152 +05:30  INF  Route matched with {action = "MyOrders", controller = "User"}. Executing controller action with signature System.Threading.Tasks.Task`1[Microsoft.AspNetCore.Mvc.ActionResult`1[BAKERBAZZAR.API.Models.ApiResponse]] MyOrders(System.String, System.String, System.String) on controller BAKERBAZZAR.API.Controller.UserController (BAKERBAZZAR.API).
2024-11-15 17:09:24.154 +05:30  INF  Executing ObjectResult, writing value of type 'BAKERBAZZAR.API.Models.ApiResponse'.
2024-11-15 17:09:24.154 +05:30  INF  Executed action BAKERBAZZAR.API.Controller.UserController.MyOrders (BAKERBAZZAR.API) in 1.9321ms
2024-11-15 17:09:24.154 +05:30  INF  Executed endpoint 'BAKERBAZZAR.API.Controller.UserController.MyOrders (BAKERBAZZAR.API)'
2024-11-15 17:09:24.154 +05:30  INF  Request finished HTTP/1.1 GET http://localhost:5145/user/myorders?displayid=a8701061-246f-4f0a-b7db-cf788913b18d - - - 200 - application/json;+charset=utf-8 2.2291ms
2024-11-15 17:09:34.962 +05:30  INF  Request starting HTTP/1.1 GET http://localhost:5145/user/myorders?displayid=a8701061-246f-4f0a-b7db-cf788913b18d - -
2024-11-15 17:09:34.962 +05:30  INF  CORS policy execution successful.
2024-11-15 17:09:34.962 +05:30  INF  Executing endpoint 'BAKERBAZZAR.API.Controller.UserController.MyOrders (BAKERBAZZAR.API)'
2024-11-15 17:09:34.962 +05:30  INF  Route matched with {action = "MyOrders", controller = "User"}. Executing controller action with signature System.Threading.Tasks.Task`1[Microsoft.AspNetCore.Mvc.ActionResult`1[BAKERBAZZAR.API.Models.ApiResponse]] MyOrders(System.String, System.String, System.String) on controller BAKERBAZZAR.API.Controller.UserController (BAKERBAZZAR.API).
2024-11-15 17:09:34.962 +05:30  INF  Request starting HTTP/1.1 GET http://localhost:5145/User/Category - -
2024-11-15 17:09:34.963 +05:30  INF  CORS policy execution successful.
2024-11-15 17:09:34.963 +05:30  INF  Executing endpoint 'BAKERBAZZAR.API.Controller.UserController.Category (BAKERBAZZAR.API)'
2024-11-15 17:09:34.963 +05:30  INF  Route matched with {action = "Category", controller = "User"}. Executing controller action with signature System.Threading.Tasks.Task`1[Microsoft.AspNetCore.Mvc.ActionResult`1[BAKERBAZZAR.API.Models.ApiResponse]] Category(System.String) on controller BAKERBAZZAR.API.Controller.UserController (BAKERBAZZAR.API).
2024-11-15 17:09:34.963 +05:30  INF  Request starting HTTP/1.1 GET http://localhost:5145/user/products?categoryid= - -
2024-11-15 17:09:34.963 +05:30  INF  CORS policy execution successful.
2024-11-15 17:09:34.963 +05:30  INF  Executing endpoint 'BAKERBAZZAR.API.Controller.UserController.Products (BAKERBAZZAR.API)'
2024-11-15 17:09:34.963 +05:30  INF  Route matched with {action = "Products", controller = "User"}. Executing controller action with signature System.Threading.Tasks.Task`1[Microsoft.AspNetCore.Mvc.ActionResult`1[BAKERBAZZAR.API.Models.ApiResponse]] Products(System.String, System.String) on controller BAKERBAZZAR.API.Controller.UserController (BAKERBAZZAR.API).
2024-11-15 17:09:34.965 +05:30  INF  Executing ObjectResult, writing value of type 'BAKERBAZZAR.API.Models.ApiResponse'.
2024-11-15 17:09:34.966 +05:30  INF  Executed action BAKERBAZZAR.API.Controller.UserController.MyOrders (BAKERBAZZAR.API) in 3.3184ms
2024-11-15 17:09:34.966 +05:30  INF  Executed endpoint 'BAKERBAZZAR.API.Controller.UserController.MyOrders (BAKERBAZZAR.API)'
2024-11-15 17:09:34.966 +05:30  INF  Request finished HTTP/1.1 GET http://localhost:5145/user/myorders?displayid=a8701061-246f-4f0a-b7db-cf788913b18d - - - 200 - application/json;+charset=utf-8 3.9578ms
2024-11-15 17:09:34.967 +05:30  INF  Request starting HTTP/1.1 GET http://localhost:5145/user/myorders?displayid=a8701061-246f-4f0a-b7db-cf788913b18d - -
2024-11-15 17:09:34.968 +05:30  INF  CORS policy execution successful.
2024-11-15 17:09:34.968 +05:30  INF  Executing endpoint 'BAKERBAZZAR.API.Controller.UserController.MyOrders (BAKERBAZZAR.API)'
2024-11-15 17:09:34.968 +05:30  INF  Route matched with {action = "MyOrders", controller = "User"}. Executing controller action with signature System.Threading.Tasks.Task`1[Microsoft.AspNetCore.Mvc.ActionResult`1[BAKERBAZZAR.API.Models.ApiResponse]] MyOrders(System.String, System.String, System.String) on controller BAKERBAZZAR.API.Controller.UserController (BAKERBAZZAR.API).
2024-11-15 17:09:34.973 +05:30  INF  Executing ObjectResult, writing value of type 'BAKERBAZZAR.API.Models.ApiResponse'.
2024-11-15 17:09:34.973 +05:30  INF  Executed action BAKERBAZZAR.API.Controller.UserController.MyOrders (BAKERBAZZAR.API) in 4.9654ms
2024-11-15 17:09:34.973 +05:30  INF  Executed endpoint 'BAKERBAZZAR.API.Controller.UserController.MyOrders (BAKERBAZZAR.API)'
2024-11-15 17:09:34.973 +05:30  INF  Request finished HTTP/1.1 GET http://localhost:5145/user/myorders?displayid=a8701061-246f-4f0a-b7db-cf788913b18d - - - 200 - application/json;+charset=utf-8 5.5052ms
2024-11-15 17:09:34.974 +05:30  INF  Executing ObjectResult, writing value of type 'BAKERBAZZAR.API.Models.ApiResponse'.
2024-11-15 17:09:34.974 +05:30  INF  Executed action BAKERBAZZAR.API.Controller.UserController.Category (BAKERBAZZAR.API) in 11.4715ms
2024-11-15 17:09:34.974 +05:30  INF  Executed endpoint 'BAKERBAZZAR.API.Controller.UserController.Category (BAKERBAZZAR.API)'
2024-11-15 17:09:34.974 +05:30  INF  Request finished HTTP/1.1 GET http://localhost:5145/User/Category - - - 200 - application/json;+charset=utf-8 11.8228ms
2024-11-15 17:09:34.975 +05:30  INF  Request starting HTTP/1.1 GET http://localhost:5145/User/Category - -
2024-11-15 17:09:34.975 +05:30  INF  CORS policy execution successful.
2024-11-15 17:09:34.975 +05:30  INF  Executing endpoint 'BAKERBAZZAR.API.Controller.UserController.Category (BAKERBAZZAR.API)'
2024-11-15 17:09:34.975 +05:30  INF  Route matched with {action = "Category", controller = "User"}. Executing controller action with signature System.Threading.Tasks.Task`1[Microsoft.AspNetCore.Mvc.ActionResult`1[BAKERBAZZAR.API.Models.ApiResponse]] Category(System.String) on controller BAKERBAZZAR.API.Controller.UserController (BAKERBAZZAR.API).
2024-11-15 17:09:34.977 +05:30  INF  Executing ObjectResult, writing value of type 'BAKERBAZZAR.API.Models.ApiResponse'.
2024-11-15 17:09:34.977 +05:30  INF  Executed action BAKERBAZZAR.API.Controller.UserController.Category (BAKERBAZZAR.API) in 1.3407ms
2024-11-15 17:09:34.977 +05:30  INF  Executed endpoint 'BAKERBAZZAR.API.Controller.UserController.Category (BAKERBAZZAR.API)'
2024-11-15 17:09:34.977 +05:30  INF  Request finished HTTP/1.1 GET http://localhost:5145/User/Category - - - 200 - application/json;+charset=utf-8 1.6084ms
2024-11-15 17:09:34.978 +05:30  INF  Executing ObjectResult, writing value of type 'BAKERBAZZAR.API.Models.ApiResponse'.
2024-11-15 17:09:34.978 +05:30  INF  Executed action BAKERBAZZAR.API.Controller.UserController.Products (BAKERBAZZAR.API) in 15.1509ms
2024-11-15 17:09:34.978 +05:30  INF  Executed endpoint 'BAKERBAZZAR.API.Controller.UserController.Products (BAKERBAZZAR.API)'
2024-11-15 17:09:34.978 +05:30  INF  Request finished HTTP/1.1 GET http://localhost:5145/user/products?categoryid= - - - 200 - application/json;+charset=utf-8 15.4484ms
2024-11-15 17:09:34.982 +05:30  INF  Request starting HTTP/1.1 GET http://localhost:5145/user/products?categoryid= - -
2024-11-15 17:09:34.982 +05:30  INF  CORS policy execution successful.
2024-11-15 17:09:34.982 +05:30  INF  Executing endpoint 'BAKERBAZZAR.API.Controller.UserController.Products (BAKERBAZZAR.API)'
2024-11-15 17:09:34.982 +05:30  INF  Route matched with {action = "Products", controller = "User"}. Executing controller action with signature System.Threading.Tasks.Task`1[Microsoft.AspNetCore.Mvc.ActionResult`1[BAKERBAZZAR.API.Models.ApiResponse]] Products(System.String, System.String) on controller BAKERBAZZAR.API.Controller.UserController (BAKERBAZZAR.API).
2024-11-15 17:09:34.984 +05:30  INF  Executing ObjectResult, writing value of type 'BAKERBAZZAR.API.Models.ApiResponse'.
2024-11-15 17:09:34.985 +05:30  INF  Executed action BAKERBAZZAR.API.Controller.UserController.Products (BAKERBAZZAR.API) in 3.1541ms
2024-11-15 17:09:34.985 +05:30  INF  Executed endpoint 'BAKERBAZZAR.API.Controller.UserController.Products (BAKERBAZZAR.API)'
2024-11-15 17:09:34.985 +05:30  INF  Request finished HTTP/1.1 GET http://localhost:5145/user/products?categoryid= - - - 200 - application/json;+charset=utf-8 3.5231ms
2024-11-15 17:09:42.125 +05:30  INF  Request starting HTTP/1.1 GET http://localhost:5145/User/CartDetails?displayid=741ef793-43bf-4f38-8bf3-bcb32790ddc1 - -
2024-11-15 17:09:42.125 +05:30  INF  CORS policy execution successful.
2024-11-15 17:09:42.125 +05:30  INF  Executing endpoint 'BAKERBAZZAR.API.Controller.UserController.CartDetails (BAKERBAZZAR.API)'
2024-11-15 17:09:42.125 +05:30  INF  Route matched with {action = "CartDetails", controller = "User"}. Executing controller action with signature System.Threading.Tasks.Task`1[Microsoft.AspNetCore.Mvc.ActionResult`1[BAKERBAZZAR.API.Models.ApiResponse]] CartDetails(System.String) on controller BAKERBAZZAR.API.Controller.UserController (BAKERBAZZAR.API).
2024-11-15 17:09:42.133 +05:30  INF  Executing ObjectResult, writing value of type 'BAKERBAZZAR.API.Models.ApiResponse'.
2024-11-15 17:09:42.133 +05:30  INF  Executed action BAKERBAZZAR.API.Controller.UserController.CartDetails (BAKERBAZZAR.API) in 7.828ms
2024-11-15 17:09:42.133 +05:30  INF  Executed endpoint 'BAKERBAZZAR.API.Controller.UserController.CartDetails (BAKERBAZZAR.API)'
2024-11-15 17:09:42.133 +05:30  INF  Request finished HTTP/1.1 GET http://localhost:5145/User/CartDetails?displayid=741ef793-43bf-4f38-8bf3-bcb32790ddc1 - - - 200 - application/json;+charset=utf-8 8.1846ms
2024-11-15 17:09:42.134 +05:30  INF  Request starting HTTP/1.1 GET http://localhost:5145/User/CartDetails?displayid=741ef793-43bf-4f38-8bf3-bcb32790ddc1 - -
2024-11-15 17:09:42.135 +05:30  INF  CORS policy execution successful.
2024-11-15 17:09:42.135 +05:30  INF  Executing endpoint 'BAKERBAZZAR.API.Controller.UserController.CartDetails (BAKERBAZZAR.API)'
2024-11-15 17:09:42.135 +05:30  INF  Route matched with {action = "CartDetails", controller = "User"}. Executing controller action with signature System.Threading.Tasks.Task`1[Microsoft.AspNetCore.Mvc.ActionResult`1[BAKERBAZZAR.API.Models.ApiResponse]] CartDetails(System.String) on controller BAKERBAZZAR.API.Controller.UserController (BAKERBAZZAR.API).
2024-11-15 17:09:42.136 +05:30  INF  Executing ObjectResult, writing value of type 'BAKERBAZZAR.API.Models.ApiResponse'.
2024-11-15 17:09:42.136 +05:30  INF  Executed action BAKERBAZZAR.API.Controller.UserController.CartDetails (BAKERBAZZAR.API) in 1.2095ms
2024-11-15 17:09:42.136 +05:30  INF  Executed endpoint 'BAKERBAZZAR.API.Controller.UserController.CartDetails (BAKERBAZZAR.API)'
2024-11-15 17:09:42.136 +05:30  INF  Request finished HTTP/1.1 GET http://localhost:5145/User/CartDetails?displayid=741ef793-43bf-4f38-8bf3-bcb32790ddc1 - - - 200 - application/json;+charset=utf-8 1.8049ms
2024-11-15 17:09:48.185 +05:30  INF  Request starting HTTP/1.1 GET http://localhost:5145/User/Category - -
2024-11-15 17:09:48.186 +05:30  INF  CORS policy execution successful.
2024-11-15 17:09:48.186 +05:30  INF  Executing endpoint 'BAKERBAZZAR.API.Controller.UserController.Category (BAKERBAZZAR.API)'
2024-11-15 17:09:48.186 +05:30  INF  Route matched with {action = "Category", controller = "User"}. Executing controller action with signature System.Threading.Tasks.Task`1[Microsoft.AspNetCore.Mvc.ActionResult`1[BAKERBAZZAR.API.Models.ApiResponse]] Category(System.String) on controller BAKERBAZZAR.API.Controller.UserController (BAKERBAZZAR.API).
2024-11-15 17:09:48.187 +05:30  INF  Request starting HTTP/1.1 GET http://localhost:5145/user/products?categoryid= - -
2024-11-15 17:09:48.188 +05:30  INF  CORS policy execution successful.
2024-11-15 17:09:48.188 +05:30  INF  Executing endpoint 'BAKERBAZZAR.API.Controller.UserController.Products (BAKERBAZZAR.API)'
2024-11-15 17:09:48.189 +05:30  INF  Route matched with {action = "Products", controller = "User"}. Executing controller action with signature System.Threading.Tasks.Task`1[Microsoft.AspNetCore.Mvc.ActionResult`1[BAKERBAZZAR.API.Models.ApiResponse]] Products(System.String, System.String) on controller BAKERBAZZAR.API.Controller.UserController (BAKERBAZZAR.API).
2024-11-15 17:09:48.192 +05:30  INF  Executing ObjectResult, writing value of type 'BAKERBAZZAR.API.Models.ApiResponse'.
2024-11-15 17:09:48.193 +05:30  INF  Executed action BAKERBAZZAR.API.Controller.UserController.Category (BAKERBAZZAR.API) in 6.698ms
2024-11-15 17:09:48.193 +05:30  INF  Executed endpoint 'BAKERBAZZAR.API.Controller.UserController.Category (BAKERBAZZAR.API)'
2024-11-15 17:09:48.193 +05:30  INF  Request finished HTTP/1.1 GET http://localhost:5145/User/Category - - - 200 - application/json;+charset=utf-8 7.3214ms
2024-11-15 17:09:48.194 +05:30  INF  Request starting HTTP/1.1 GET http://localhost:5145/User/Category - -
2024-11-15 17:09:48.194 +05:30  INF  CORS policy execution successful.
2024-11-15 17:09:48.194 +05:30  INF  Executing endpoint 'BAKERBAZZAR.API.Controller.UserController.Category (BAKERBAZZAR.API)'
2024-11-15 17:09:48.194 +05:30  INF  Route matched with {action = "Category", controller = "User"}. Executing controller action with signature System.Threading.Tasks.Task`1[Microsoft.AspNetCore.Mvc.ActionResult`1[BAKERBAZZAR.API.Models.ApiResponse]] Category(System.String) on controller BAKERBAZZAR.API.Controller.UserController (BAKERBAZZAR.API).
2024-11-15 17:09:48.196 +05:30  INF  Executing ObjectResult, writing value of type 'BAKERBAZZAR.API.Models.ApiResponse'.
2024-11-15 17:09:48.196 +05:30  INF  Executing ObjectResult, writing value of type 'BAKERBAZZAR.API.Models.ApiResponse'.
2024-11-15 17:09:48.196 +05:30  INF  Executed action BAKERBAZZAR.API.Controller.UserController.Category (BAKERBAZZAR.API) in 1.664ms
2024-11-15 17:09:48.196 +05:30  INF  Executed endpoint 'BAKERBAZZAR.API.Controller.UserController.Category (BAKERBAZZAR.API)'
2024-11-15 17:09:48.196 +05:30  INF  Request finished HTTP/1.1 GET http://localhost:5145/User/Category - - - 200 - application/json;+charset=utf-8 2.1387ms
2024-11-15 17:09:48.196 +05:30  INF  Executed action BAKERBAZZAR.API.Controller.UserController.Products (BAKERBAZZAR.API) in 7.299ms
2024-11-15 17:09:48.196 +05:30  INF  Executed endpoint 'BAKERBAZZAR.API.Controller.UserController.Products (BAKERBAZZAR.API)'
2024-11-15 17:09:48.196 +05:30  INF  Request finished HTTP/1.1 GET http://localhost:5145/user/products?categoryid= - - - 200 - application/json;+charset=utf-8 8.9872ms
2024-11-15 17:09:48.201 +05:30  INF  Request starting HTTP/1.1 GET http://localhost:5145/user/products?categoryid= - -
2024-11-15 17:09:48.201 +05:30  INF  CORS policy execution successful.
2024-11-15 17:09:48.201 +05:30  INF  Executing endpoint 'BAKERBAZZAR.API.Controller.UserController.Products (BAKERBAZZAR.API)'
2024-11-15 17:09:48.201 +05:30  INF  Route matched with {action = "Products", controller = "User"}. Executing controller action with signature System.Threading.Tasks.Task`1[Microsoft.AspNetCore.Mvc.ActionResult`1[BAKERBAZZAR.API.Models.ApiResponse]] Products(System.String, System.String) on controller BAKERBAZZAR.API.Controller.UserController (BAKERBAZZAR.API).
2024-11-15 17:09:48.205 +05:30  INF  Executing ObjectResult, writing value of type 'BAKERBAZZAR.API.Models.ApiResponse'.
2024-11-15 17:09:48.206 +05:30  INF  Executed action BAKERBAZZAR.API.Controller.UserController.Products (BAKERBAZZAR.API) in 4.6606ms
2024-11-15 17:09:48.206 +05:30  INF  Executed endpoint 'BAKERBAZZAR.API.Controller.UserController.Products (BAKERBAZZAR.API)'
2024-11-15 17:09:48.206 +05:30  INF  Request finished HTTP/1.1 GET http://localhost:5145/user/products?categoryid= - - - 200 - application/json;+charset=utf-8 5.0635ms
2024-11-15 17:10:12.098 +05:30  INF  Request starting HTTP/1.1 OPTIONS http://localhost:5145/Authentication/Login - -
2024-11-15 17:10:12.098 +05:30  INF  CORS policy execution successful.
2024-11-15 17:10:12.098 +05:30  INF  Request finished HTTP/1.1 OPTIONS http://localhost:5145/Authentication/Login - - - 204 - - 0.2536ms
2024-11-15 17:10:12.099 +05:30  INF  Request starting HTTP/1.1 POST http://localhost:5145/Authentication/Login application/json 46
2024-11-15 17:10:12.099 +05:30  INF  CORS policy execution successful.
2024-11-15 17:10:12.099 +05:30  INF  Executing endpoint 'BAKERBAZZAR.API.Controller.AuthenticationController.VerifyUser (BAKERBAZZAR.API)'
2024-11-15 17:10:12.099 +05:30  INF  Route matched with {action = "VerifyUser", controller = "Authentication"}. Executing controller action with signature System.Threading.Tasks.Task`1[Microsoft.AspNetCore.Mvc.ActionResult`1[BAKERBAZZAR.API.Models.ApiResponse]] VerifyUser(BAKERBAZZAR.API.Models.IO_Templates.LoginRequest) on controller BAKERBAZZAR.API.Controller.AuthenticationController (BAKERBAZZAR.API).
2024-11-15 17:10:12.099 +05:30  INF  verify user execution start
2024-11-15 17:10:12.106 +05:30  INF  verify user execution end
2024-11-15 17:10:12.106 +05:30  INF  Executing ObjectResult, writing value of type 'BAKERBAZZAR.API.Models.ApiResponse'.
2024-11-15 17:10:12.106 +05:30  INF  Executed action BAKERBAZZAR.API.Controller.AuthenticationController.VerifyUser (BAKERBAZZAR.API) in 6.9842ms
2024-11-15 17:10:12.106 +05:30  INF  Executed endpoint 'BAKERBAZZAR.API.Controller.AuthenticationController.VerifyUser (BAKERBAZZAR.API)'
2024-11-15 17:10:12.106 +05:30  INF  Request finished HTTP/1.1 POST http://localhost:5145/Authentication/Login application/json 46 - 200 - application/json;+charset=utf-8 7.2391ms
2024-11-15 17:10:15.811 +05:30  INF  Request starting HTTP/1.1 POST http://localhost:5145/Authentication/Login application/json 43
2024-11-15 17:10:15.812 +05:30  INF  CORS policy execution successful.
2024-11-15 17:10:15.812 +05:30  INF  Executing endpoint 'BAKERBAZZAR.API.Controller.AuthenticationController.VerifyUser (BAKERBAZZAR.API)'
2024-11-15 17:10:15.812 +05:30  INF  Route matched with {action = "VerifyUser", controller = "Authentication"}. Executing controller action with signature System.Threading.Tasks.Task`1[Microsoft.AspNetCore.Mvc.ActionResult`1[BAKERBAZZAR.API.Models.ApiResponse]] VerifyUser(BAKERBAZZAR.API.Models.IO_Templates.LoginRequest) on controller BAKERBAZZAR.API.Controller.AuthenticationController (BAKERBAZZAR.API).
2024-11-15 17:10:15.812 +05:30  INF  verify user execution start
2024-11-15 17:10:15.839 +05:30  INF  verify user execution end
2024-11-15 17:10:15.839 +05:30  INF  Executing ObjectResult, writing value of type 'BAKERBAZZAR.API.Models.ApiResponse'.
2024-11-15 17:10:15.839 +05:30  INF  Executed action BAKERBAZZAR.API.Controller.AuthenticationController.VerifyUser (BAKERBAZZAR.API) in 27.4909ms
2024-11-15 17:10:15.839 +05:30  INF  Executed endpoint 'BAKERBAZZAR.API.Controller.AuthenticationController.VerifyUser (BAKERBAZZAR.API)'
2024-11-15 17:10:15.839 +05:30  INF  Request finished HTTP/1.1 POST http://localhost:5145/Authentication/Login application/json 43 - 200 - application/json;+charset=utf-8 27.9386ms
2024-11-15 17:10:26.448 +05:30  INF  Request starting HTTP/1.1 GET http://localhost:5145/user/products?categoryid=3e85ca1f-91c2-42f2-9b05-bd920051c25e - -
2024-11-15 17:10:26.448 +05:30  INF  CORS policy execution successful.
2024-11-15 17:10:26.448 +05:30  INF  Executing endpoint 'BAKERBAZZAR.API.Controller.UserController.Products (BAKERBAZZAR.API)'
2024-11-15 17:10:26.448 +05:30  INF  Route matched with {action = "Products", controller = "User"}. Executing controller action with signature System.Threading.Tasks.Task`1[Microsoft.AspNetCore.Mvc.ActionResult`1[BAKERBAZZAR.API.Models.ApiResponse]] Products(System.String, System.String) on controller BAKERBAZZAR.API.Controller.UserController (BAKERBAZZAR.API).
2024-11-15 17:10:26.471 +05:30  INF  Executing ObjectResult, writing value of type 'BAKERBAZZAR.API.Models.ApiResponse'.
2024-11-15 17:10:26.471 +05:30  INF  Executed action BAKERBAZZAR.API.Controller.UserController.Products (BAKERBAZZAR.API) in 23.1537ms
2024-11-15 17:10:26.471 +05:30  INF  Executed endpoint 'BAKERBAZZAR.API.Controller.UserController.Products (BAKERBAZZAR.API)'
2024-11-15 17:10:26.471 +05:30  INF  Request finished HTTP/1.1 GET http://localhost:5145/user/products?categoryid=3e85ca1f-91c2-42f2-9b05-bd920051c25e - - - 200 - application/json;+charset=utf-8 23.6973ms
2024-11-15 17:10:54.860 +05:30  INF  Request starting HTTP/1.1 OPTIONS http://localhost:5145/User/AddToCart - -
2024-11-15 17:10:54.860 +05:30  INF  CORS policy execution successful.
2024-11-15 17:10:54.860 +05:30  INF  Request finished HTTP/1.1 OPTIONS http://localhost:5145/User/AddToCart - - - 204 - - 0.2238ms
2024-11-15 17:10:54.861 +05:30  INF  Request starting HTTP/1.1 POST http://localhost:5145/User/AddToCart application/json 140
2024-11-15 17:10:54.861 +05:30  INF  CORS policy execution successful.
2024-11-15 17:10:54.861 +05:30  INF  Executing endpoint 'BAKERBAZZAR.API.Controller.UserController.AddToCart (BAKERBAZZAR.API)'
2024-11-15 17:10:54.861 +05:30  INF  Route matched with {action = "AddToCart", controller = "User"}. Executing controller action with signature System.Threading.Tasks.Task`1[Microsoft.AspNetCore.Mvc.ActionResult`1[BAKERBAZZAR.API.Models.ApiResponse]] AddToCart(BAKERBAZZAR.API.Models.IO_Templates.AddToCartRequest) on controller BAKERBAZZAR.API.Controller.UserController (BAKERBAZZAR.API).
2024-11-15 17:10:54.877 +05:30  INF  Executing ObjectResult, writing value of type 'BAKERBAZZAR.API.Models.ApiResponse'.
2024-11-15 17:10:54.878 +05:30  INF  Executed action BAKERBAZZAR.API.Controller.UserController.AddToCart (BAKERBAZZAR.API) in 16.6604ms
2024-11-15 17:10:54.878 +05:30  INF  Executed endpoint 'BAKERBAZZAR.API.Controller.UserController.AddToCart (BAKERBAZZAR.API)'
2024-11-15 17:10:54.878 +05:30  INF  Request finished HTTP/1.1 POST http://localhost:5145/User/AddToCart application/json 140 - 200 - application/json;+charset=utf-8 16.9276ms
2024-11-15 17:10:57.001 +05:30  INF  Request starting HTTP/1.1 POST http://localhost:5145/User/AddToCart application/json 140
2024-11-15 17:10:57.001 +05:30  INF  CORS policy execution successful.
2024-11-15 17:10:57.001 +05:30  INF  Executing endpoint 'BAKERBAZZAR.API.Controller.UserController.AddToCart (BAKERBAZZAR.API)'
2024-11-15 17:10:57.001 +05:30  INF  Route matched with {action = "AddToCart", controller = "User"}. Executing controller action with signature System.Threading.Tasks.Task`1[Microsoft.AspNetCore.Mvc.ActionResult`1[BAKERBAZZAR.API.Models.ApiResponse]] AddToCart(BAKERBAZZAR.API.Models.IO_Templates.AddToCartRequest) on controller BAKERBAZZAR.API.Controller.UserController (BAKERBAZZAR.API).
2024-11-15 17:10:57.004 +05:30  INF  Executing ObjectResult, writing value of type 'BAKERBAZZAR.API.Models.ApiResponse'.
2024-11-15 17:10:57.004 +05:30  INF  Executed action BAKERBAZZAR.API.Controller.UserController.AddToCart (BAKERBAZZAR.API) in 3.0592ms
2024-11-15 17:10:57.004 +05:30  INF  Executed endpoint 'BAKERBAZZAR.API.Controller.UserController.AddToCart (BAKERBAZZAR.API)'
2024-11-15 17:10:57.004 +05:30  INF  Request finished HTTP/1.1 POST http://localhost:5145/User/AddToCart application/json 140 - 200 - application/json;+charset=utf-8 3.4191ms
2024-11-15 17:10:58.266 +05:30  INF  Request starting HTTP/1.1 GET http://localhost:5145/User/CartDetails?displayid=d87f3cbb-bda6-4686-ad58-47f776601207 - -
2024-11-15 17:10:58.267 +05:30  INF  CORS policy execution successful.
2024-11-15 17:10:58.267 +05:30  INF  Executing endpoint 'BAKERBAZZAR.API.Controller.UserController.CartDetails (BAKERBAZZAR.API)'
2024-11-15 17:10:58.267 +05:30  INF  Route matched with {action = "CartDetails", controller = "User"}. Executing controller action with signature System.Threading.Tasks.Task`1[Microsoft.AspNetCore.Mvc.ActionResult`1[BAKERBAZZAR.API.Models.ApiResponse]] CartDetails(System.String) on controller BAKERBAZZAR.API.Controller.UserController (BAKERBAZZAR.API).
2024-11-15 17:10:58.290 +05:30  INF  Executing ObjectResult, writing value of type 'BAKERBAZZAR.API.Models.ApiResponse'.
2024-11-15 17:10:58.290 +05:30  INF  Executed action BAKERBAZZAR.API.Controller.UserController.CartDetails (BAKERBAZZAR.API) in 23.397ms
2024-11-15 17:10:58.290 +05:30  INF  Executed endpoint 'BAKERBAZZAR.API.Controller.UserController.CartDetails (BAKERBAZZAR.API)'
2024-11-15 17:10:58.290 +05:30  INF  Request finished HTTP/1.1 GET http://localhost:5145/User/CartDetails?displayid=d87f3cbb-bda6-4686-ad58-47f776601207 - - - 200 - application/json;+charset=utf-8 23.7317ms
2024-11-15 17:10:58.291 +05:30  INF  Request starting HTTP/1.1 GET http://localhost:5145/User/CartDetails?displayid=d87f3cbb-bda6-4686-ad58-47f776601207 - -
2024-11-15 17:10:58.291 +05:30  INF  CORS policy execution successful.
2024-11-15 17:10:58.291 +05:30  INF  Executing endpoint 'BAKERBAZZAR.API.Controller.UserController.CartDetails (BAKERBAZZAR.API)'
2024-11-15 17:10:58.291 +05:30  INF  Route matched with {action = "CartDetails", controller = "User"}. Executing controller action with signature System.Threading.Tasks.Task`1[Microsoft.AspNetCore.Mvc.ActionResult`1[BAKERBAZZAR.API.Models.ApiResponse]] CartDetails(System.String) on controller BAKERBAZZAR.API.Controller.UserController (BAKERBAZZAR.API).
2024-11-15 17:10:58.293 +05:30  INF  Executing ObjectResult, writing value of type 'BAKERBAZZAR.API.Models.ApiResponse'.
2024-11-15 17:10:58.293 +05:30  INF  Executed action BAKERBAZZAR.API.Controller.UserController.CartDetails (BAKERBAZZAR.API) in 1.9753ms
2024-11-15 17:10:58.293 +05:30  INF  Executed endpoint 'BAKERBAZZAR.API.Controller.UserController.CartDetails (BAKERBAZZAR.API)'
2024-11-15 17:10:58.293 +05:30  INF  Request finished HTTP/1.1 GET http://localhost:5145/User/CartDetails?displayid=d87f3cbb-bda6-4686-ad58-47f776601207 - - - 200 - application/json;+charset=utf-8 2.3147ms
2024-11-15 17:10:58.297 +05:30  INF  Request starting HTTP/1.1 OPTIONS http://localhost:5145/user/updatecartitem?linerid=346&qty=1 - -
2024-11-15 17:10:58.297 +05:30  INF  CORS policy execution successful.
2024-11-15 17:10:58.297 +05:30  INF  Request finished HTTP/1.1 OPTIONS http://localhost:5145/user/updatecartitem?linerid=346&qty=1 - - - 204 - - 0.2429ms
2024-11-15 17:10:58.297 +05:30  INF  Request starting HTTP/1.1 OPTIONS http://localhost:5145/user/updatecartitem?linerid=347&qty=1 - -
2024-11-15 17:10:58.297 +05:30  INF  CORS policy execution successful.
2024-11-15 17:10:58.297 +05:30  INF  Request finished HTTP/1.1 OPTIONS http://localhost:5145/user/updatecartitem?linerid=347&qty=1 - - - 204 - - 0.1480ms
2024-11-15 17:10:58.298 +05:30  INF  Request starting HTTP/1.1 OPTIONS http://localhost:5145/user/updatecartitem?linerid=346&qty=1 - -
2024-11-15 17:10:58.298 +05:30  INF  Request starting HTTP/1.1 PUT http://localhost:5145/user/updatecartitem?linerid=346&qty=1 - 0
2024-11-15 17:10:58.298 +05:30  INF  CORS policy execution successful.
2024-11-15 17:10:58.298 +05:30  INF  CORS policy execution successful.
2024-11-15 17:10:58.298 +05:30  INF  Request finished HTTP/1.1 OPTIONS http://localhost:5145/user/updatecartitem?linerid=346&qty=1 - - - 204 - - 0.1312ms
2024-11-15 17:10:58.299 +05:30  INF  Executing endpoint 'BAKERBAZZAR.API.Controller.UserController.UpdateCartItem (BAKERBAZZAR.API)'
2024-11-15 17:10:58.299 +05:30  INF  Route matched with {action = "UpdateCartItem", controller = "User"}. Executing controller action with signature System.Threading.Tasks.Task`1[Microsoft.AspNetCore.Mvc.ActionResult`1[BAKERBAZZAR.API.Models.ApiResponse]] UpdateCartItem(Int32, Int32) on controller BAKERBAZZAR.API.Controller.UserController (BAKERBAZZAR.API).
2024-11-15 17:10:58.299 +05:30  INF  Request starting HTTP/1.1 PUT http://localhost:5145/user/updatecartitem?linerid=347&qty=1 - 0
2024-11-15 17:10:58.299 +05:30  INF  Request starting HTTP/1.1 OPTIONS http://localhost:5145/user/updatecartitem?linerid=347&qty=1 - -
2024-11-15 17:10:58.299 +05:30  INF  CORS policy execution successful.
2024-11-15 17:10:58.299 +05:30  INF  CORS policy execution successful.
2024-11-15 17:10:58.299 +05:30  INF  Executing endpoint 'BAKERBAZZAR.API.Controller.UserController.UpdateCartItem (BAKERBAZZAR.API)'
2024-11-15 17:10:58.299 +05:30  INF  Request finished HTTP/1.1 OPTIONS http://localhost:5145/user/updatecartitem?linerid=347&qty=1 - - - 204 - - 0.1117ms
2024-11-15 17:10:58.299 +05:30  INF  Route matched with {action = "UpdateCartItem", controller = "User"}. Executing controller action with signature System.Threading.Tasks.Task`1[Microsoft.AspNetCore.Mvc.ActionResult`1[BAKERBAZZAR.API.Models.ApiResponse]] UpdateCartItem(Int32, Int32) on controller BAKERBAZZAR.API.Controller.UserController (BAKERBAZZAR.API).
2024-11-15 17:10:58.299 +05:30  INF  Request starting HTTP/1.1 PUT http://localhost:5145/user/updatecartitem?linerid=346&qty=1 - 0
2024-11-15 17:10:58.300 +05:30  INF  CORS policy execution successful.
2024-11-15 17:10:58.300 +05:30  INF  Executing endpoint 'BAKERBAZZAR.API.Controller.UserController.UpdateCartItem (BAKERBAZZAR.API)'
2024-11-15 17:10:58.300 +05:30  INF  Route matched with {action = "UpdateCartItem", controller = "User"}. Executing controller action with signature System.Threading.Tasks.Task`1[Microsoft.AspNetCore.Mvc.ActionResult`1[BAKERBAZZAR.API.Models.ApiResponse]] UpdateCartItem(Int32, Int32) on controller BAKERBAZZAR.API.Controller.UserController (BAKERBAZZAR.API).
2024-11-15 17:10:58.300 +05:30  INF  Request starting HTTP/1.1 PUT http://localhost:5145/user/updatecartitem?linerid=347&qty=1 - 0
2024-11-15 17:10:58.300 +05:30  INF  CORS policy execution successful.
2024-11-15 17:10:58.300 +05:30  INF  Executing endpoint 'BAKERBAZZAR.API.Controller.UserController.UpdateCartItem (BAKERBAZZAR.API)'
2024-11-15 17:10:58.300 +05:30  INF  Route matched with {action = "UpdateCartItem", controller = "User"}. Executing controller action with signature System.Threading.Tasks.Task`1[Microsoft.AspNetCore.Mvc.ActionResult`1[BAKERBAZZAR.API.Models.ApiResponse]] UpdateCartItem(Int32, Int32) on controller BAKERBAZZAR.API.Controller.UserController (BAKERBAZZAR.API).
2024-11-15 17:10:58.307 +05:30  INF  Request starting HTTP/1.1 GET http://localhost:5145/User/CartDetails?displayid=d87f3cbb-bda6-4686-ad58-47f776601207 - -
2024-11-15 17:10:58.307 +05:30  INF  Executing ObjectResult, writing value of type 'BAKERBAZZAR.API.Models.ApiResponse'.
2024-11-15 17:10:58.307 +05:30  INF  CORS policy execution successful.
2024-11-15 17:10:58.307 +05:30  INF  Executed action BAKERBAZZAR.API.Controller.UserController.UpdateCartItem (BAKERBAZZAR.API) in 6.8788ms
2024-11-15 17:10:58.307 +05:30  INF  Executed endpoint 'BAKERBAZZAR.API.Controller.UserController.UpdateCartItem (BAKERBAZZAR.API)'
2024-11-15 17:10:58.307 +05:30  INF  Executing endpoint 'BAKERBAZZAR.API.Controller.UserController.CartDetails (BAKERBAZZAR.API)'
2024-11-15 17:10:58.307 +05:30  INF  Request finished HTTP/1.1 PUT http://localhost:5145/user/updatecartitem?linerid=347&qty=1 - 0 - 200 - application/json;+charset=utf-8 7.1267ms
2024-11-15 17:10:58.307 +05:30  INF  Route matched with {action = "CartDetails", controller = "User"}. Executing controller action with signature System.Threading.Tasks.Task`1[Microsoft.AspNetCore.Mvc.ActionResult`1[BAKERBAZZAR.API.Models.ApiResponse]] CartDetails(System.String) on controller BAKERBAZZAR.API.Controller.UserController (BAKERBAZZAR.API).
2024-11-15 17:10:58.307 +05:30  INF  Executing ObjectResult, writing value of type 'BAKERBAZZAR.API.Models.ApiResponse'.
2024-11-15 17:10:58.307 +05:30  INF  Executed action BAKERBAZZAR.API.Controller.UserController.UpdateCartItem (BAKERBAZZAR.API) in 8.1984ms
2024-11-15 17:10:58.307 +05:30  INF  Executed endpoint 'BAKERBAZZAR.API.Controller.UserController.UpdateCartItem (BAKERBAZZAR.API)'
2024-11-15 17:10:58.307 +05:30  INF  Executing ObjectResult, writing value of type 'BAKERBAZZAR.API.Models.ApiResponse'.
2024-11-15 17:10:58.307 +05:30  INF  Request finished HTTP/1.1 PUT http://localhost:5145/user/updatecartitem?linerid=347&qty=1 - 0 - 200 - application/json;+charset=utf-8 8.4688ms
2024-11-15 17:10:58.307 +05:30  INF  Executed action BAKERBAZZAR.API.Controller.UserController.UpdateCartItem (BAKERBAZZAR.API) in 7.479ms
2024-11-15 17:10:58.307 +05:30  INF  Executed endpoint 'BAKERBAZZAR.API.Controller.UserController.UpdateCartItem (BAKERBAZZAR.API)'
2024-11-15 17:10:58.307 +05:30  INF  Request finished HTTP/1.1 PUT http://localhost:5145/user/updatecartitem?linerid=346&qty=1 - 0 - 200 - application/json;+charset=utf-8 7.8042ms
2024-11-15 17:10:58.307 +05:30  INF  Executing ObjectResult, writing value of type 'BAKERBAZZAR.API.Models.ApiResponse'.
2024-11-15 17:10:58.307 +05:30  INF  Executed action BAKERBAZZAR.API.Controller.UserController.UpdateCartItem (BAKERBAZZAR.API) in 8.8052ms
2024-11-15 17:10:58.307 +05:30  INF  Executed endpoint 'BAKERBAZZAR.API.Controller.UserController.UpdateCartItem (BAKERBAZZAR.API)'
2024-11-15 17:10:58.307 +05:30  INF  Request finished HTTP/1.1 PUT http://localhost:5145/user/updatecartitem?linerid=346&qty=1 - 0 - 200 - application/json;+charset=utf-8 9.0385ms
2024-11-15 17:10:58.309 +05:30  INF  Executing ObjectResult, writing value of type 'BAKERBAZZAR.API.Models.ApiResponse'.
2024-11-15 17:10:58.309 +05:30  INF  Executed action BAKERBAZZAR.API.Controller.UserController.CartDetails (BAKERBAZZAR.API) in 2.504ms
2024-11-15 17:10:58.309 +05:30  INF  Executed endpoint 'BAKERBAZZAR.API.Controller.UserController.CartDetails (BAKERBAZZAR.API)'
2024-11-15 17:10:58.310 +05:30  INF  Request finished HTTP/1.1 GET http://localhost:5145/User/CartDetails?displayid=d87f3cbb-bda6-4686-ad58-47f776601207 - - - 200 - application/json;+charset=utf-8 2.8662ms
2024-11-15 17:10:59.915 +05:30  INF  Request starting HTTP/1.1 OPTIONS http://localhost:5145/user/updatecartitem?linerid=346&qty=2 - -
2024-11-15 17:10:59.915 +05:30  INF  CORS policy execution successful.
2024-11-15 17:10:59.915 +05:30  INF  Request finished HTTP/1.1 OPTIONS http://localhost:5145/user/updatecartitem?linerid=346&qty=2 - - - 204 - - 0.2173ms
2024-11-15 17:10:59.916 +05:30  INF  Request starting HTTP/1.1 PUT http://localhost:5145/user/updatecartitem?linerid=346&qty=2 - 0
2024-11-15 17:10:59.916 +05:30  INF  CORS policy execution successful.
2024-11-15 17:10:59.916 +05:30  INF  Executing endpoint 'BAKERBAZZAR.API.Controller.UserController.UpdateCartItem (BAKERBAZZAR.API)'
2024-11-15 17:10:59.916 +05:30  INF  Route matched with {action = "UpdateCartItem", controller = "User"}. Executing controller action with signature System.Threading.Tasks.Task`1[Microsoft.AspNetCore.Mvc.ActionResult`1[BAKERBAZZAR.API.Models.ApiResponse]] UpdateCartItem(Int32, Int32) on controller BAKERBAZZAR.API.Controller.UserController (BAKERBAZZAR.API).
2024-11-15 17:10:59.919 +05:30  INF  Executing ObjectResult, writing value of type 'BAKERBAZZAR.API.Models.ApiResponse'.
2024-11-15 17:10:59.919 +05:30  INF  Executed action BAKERBAZZAR.API.Controller.UserController.UpdateCartItem (BAKERBAZZAR.API) in 2.9883ms
2024-11-15 17:10:59.919 +05:30  INF  Executed endpoint 'BAKERBAZZAR.API.Controller.UserController.UpdateCartItem (BAKERBAZZAR.API)'
2024-11-15 17:10:59.919 +05:30  INF  Request starting HTTP/1.1 GET http://localhost:5145/User/CartDetails?displayid=d87f3cbb-bda6-4686-ad58-47f776601207 - -
2024-11-15 17:10:59.919 +05:30  INF  Request finished HTTP/1.1 PUT http://localhost:5145/user/updatecartitem?linerid=346&qty=2 - 0 - 200 - application/json;+charset=utf-8 3.2909ms
2024-11-15 17:10:59.919 +05:30  INF  CORS policy execution successful.
2024-11-15 17:10:59.919 +05:30  INF  Executing endpoint 'BAKERBAZZAR.API.Controller.UserController.CartDetails (BAKERBAZZAR.API)'
2024-11-15 17:10:59.919 +05:30  INF  Route matched with {action = "CartDetails", controller = "User"}. Executing controller action with signature System.Threading.Tasks.Task`1[Microsoft.AspNetCore.Mvc.ActionResult`1[BAKERBAZZAR.API.Models.ApiResponse]] CartDetails(System.String) on controller BAKERBAZZAR.API.Controller.UserController (BAKERBAZZAR.API).
2024-11-15 17:10:59.922 +05:30  INF  Executing ObjectResult, writing value of type 'BAKERBAZZAR.API.Models.ApiResponse'.
2024-11-15 17:10:59.922 +05:30  INF  Executed action BAKERBAZZAR.API.Controller.UserController.CartDetails (BAKERBAZZAR.API) in 2.2805ms
2024-11-15 17:10:59.922 +05:30  INF  Executed endpoint 'BAKERBAZZAR.API.Controller.UserController.CartDetails (BAKERBAZZAR.API)'
2024-11-15 17:10:59.922 +05:30  INF  Request finished HTTP/1.1 GET http://localhost:5145/User/CartDetails?displayid=d87f3cbb-bda6-4686-ad58-47f776601207 - - - 200 - application/json;+charset=utf-8 2.6061ms
2024-11-15 17:11:00.062 +05:30  INF  Request starting HTTP/1.1 OPTIONS http://localhost:5145/user/updatecartitem?linerid=346&qty=3 - -
2024-11-15 17:11:00.062 +05:30  INF  CORS policy execution successful.
2024-11-15 17:11:00.062 +05:30  INF  Request finished HTTP/1.1 OPTIONS http://localhost:5145/user/updatecartitem?linerid=346&qty=3 - - - 204 - - 0.1628ms
2024-11-15 17:11:00.063 +05:30  INF  Request starting HTTP/1.1 PUT http://localhost:5145/user/updatecartitem?linerid=346&qty=3 - 0
2024-11-15 17:11:00.063 +05:30  INF  CORS policy execution successful.
2024-11-15 17:11:00.063 +05:30  INF  Executing endpoint 'BAKERBAZZAR.API.Controller.UserController.UpdateCartItem (BAKERBAZZAR.API)'
2024-11-15 17:11:00.063 +05:30  INF  Route matched with {action = "UpdateCartItem", controller = "User"}. Executing controller action with signature System.Threading.Tasks.Task`1[Microsoft.AspNetCore.Mvc.ActionResult`1[BAKERBAZZAR.API.Models.ApiResponse]] UpdateCartItem(Int32, Int32) on controller BAKERBAZZAR.API.Controller.UserController (BAKERBAZZAR.API).
2024-11-15 17:11:00.066 +05:30  INF  Request starting HTTP/1.1 GET http://localhost:5145/User/CartDetails?displayid=d87f3cbb-bda6-4686-ad58-47f776601207 - -
2024-11-15 17:11:00.066 +05:30  INF  Executing ObjectResult, writing value of type 'BAKERBAZZAR.API.Models.ApiResponse'.
2024-11-15 17:11:00.066 +05:30  INF  CORS policy execution successful.
2024-11-15 17:11:00.066 +05:30  INF  Executed action BAKERBAZZAR.API.Controller.UserController.UpdateCartItem (BAKERBAZZAR.API) in 3.0425ms
2024-11-15 17:11:00.066 +05:30  INF  Executed endpoint 'BAKERBAZZAR.API.Controller.UserController.UpdateCartItem (BAKERBAZZAR.API)'
2024-11-15 17:11:00.066 +05:30  INF  Executing endpoint 'BAKERBAZZAR.API.Controller.UserController.CartDetails (BAKERBAZZAR.API)'
2024-11-15 17:11:00.066 +05:30  INF  Request finished HTTP/1.1 PUT http://localhost:5145/user/updatecartitem?linerid=346&qty=3 - 0 - 200 - application/json;+charset=utf-8 3.2903ms
2024-11-15 17:11:00.066 +05:30  INF  Route matched with {action = "CartDetails", controller = "User"}. Executing controller action with signature System.Threading.Tasks.Task`1[Microsoft.AspNetCore.Mvc.ActionResult`1[BAKERBAZZAR.API.Models.ApiResponse]] CartDetails(System.String) on controller BAKERBAZZAR.API.Controller.UserController (BAKERBAZZAR.API).
2024-11-15 17:11:00.068 +05:30  INF  Executing ObjectResult, writing value of type 'BAKERBAZZAR.API.Models.ApiResponse'.
2024-11-15 17:11:00.068 +05:30  INF  Executed action BAKERBAZZAR.API.Controller.UserController.CartDetails (BAKERBAZZAR.API) in 1.7871ms
2024-11-15 17:11:00.068 +05:30  INF  Executed endpoint 'BAKERBAZZAR.API.Controller.UserController.CartDetails (BAKERBAZZAR.API)'
2024-11-15 17:11:00.068 +05:30  INF  Request finished HTTP/1.1 GET http://localhost:5145/User/CartDetails?displayid=d87f3cbb-bda6-4686-ad58-47f776601207 - - - 200 - application/json;+charset=utf-8 2.0996ms
2024-11-15 17:11:00.200 +05:30  INF  Request starting HTTP/1.1 OPTIONS http://localhost:5145/user/updatecartitem?linerid=346&qty=4 - -
2024-11-15 17:11:00.200 +05:30  INF  CORS policy execution successful.
2024-11-15 17:11:00.200 +05:30  INF  Request finished HTTP/1.1 OPTIONS http://localhost:5145/user/updatecartitem?linerid=346&qty=4 - - - 204 - - 0.1613ms
2024-11-15 17:11:00.201 +05:30  INF  Request starting HTTP/1.1 PUT http://localhost:5145/user/updatecartitem?linerid=346&qty=4 - 0
2024-11-15 17:11:00.201 +05:30  INF  CORS policy execution successful.
2024-11-15 17:11:00.201 +05:30  INF  Executing endpoint 'BAKERBAZZAR.API.Controller.UserController.UpdateCartItem (BAKERBAZZAR.API)'
2024-11-15 17:11:00.201 +05:30  INF  Route matched with {action = "UpdateCartItem", controller = "User"}. Executing controller action with signature System.Threading.Tasks.Task`1[Microsoft.AspNetCore.Mvc.ActionResult`1[BAKERBAZZAR.API.Models.ApiResponse]] UpdateCartItem(Int32, Int32) on controller BAKERBAZZAR.API.Controller.UserController (BAKERBAZZAR.API).
2024-11-15 17:11:00.204 +05:30  INF  Executing ObjectResult, writing value of type 'BAKERBAZZAR.API.Models.ApiResponse'.
2024-11-15 17:11:00.204 +05:30  INF  Executed action BAKERBAZZAR.API.Controller.UserController.UpdateCartItem (BAKERBAZZAR.API) in 3.2177ms
2024-11-15 17:11:00.205 +05:30  INF  Executed endpoint 'BAKERBAZZAR.API.Controller.UserController.UpdateCartItem (BAKERBAZZAR.API)'
2024-11-15 17:11:00.205 +05:30  INF  Request finished HTTP/1.1 PUT http://localhost:5145/user/updatecartitem?linerid=346&qty=4 - 0 - 200 - application/json;+charset=utf-8 3.6022ms
2024-11-15 17:11:00.205 +05:30  INF  Request starting HTTP/1.1 GET http://localhost:5145/User/CartDetails?displayid=d87f3cbb-bda6-4686-ad58-47f776601207 - -
2024-11-15 17:11:00.205 +05:30  INF  CORS policy execution successful.
2024-11-15 17:11:00.205 +05:30  INF  Executing endpoint 'BAKERBAZZAR.API.Controller.UserController.CartDetails (BAKERBAZZAR.API)'
2024-11-15 17:11:00.205 +05:30  INF  Route matched with {action = "CartDetails", controller = "User"}. Executing controller action with signature System.Threading.Tasks.Task`1[Microsoft.AspNetCore.Mvc.ActionResult`1[BAKERBAZZAR.API.Models.ApiResponse]] CartDetails(System.String) on controller BAKERBAZZAR.API.Controller.UserController (BAKERBAZZAR.API).
2024-11-15 17:11:00.207 +05:30  INF  Executing ObjectResult, writing value of type 'BAKERBAZZAR.API.Models.ApiResponse'.
2024-11-15 17:11:00.207 +05:30  INF  Executed action BAKERBAZZAR.API.Controller.UserController.CartDetails (BAKERBAZZAR.API) in 1.725ms
2024-11-15 17:11:00.207 +05:30  INF  Executed endpoint 'BAKERBAZZAR.API.Controller.UserController.CartDetails (BAKERBAZZAR.API)'
2024-11-15 17:11:00.207 +05:30  INF  Request finished HTTP/1.1 GET http://localhost:5145/User/CartDetails?displayid=d87f3cbb-bda6-4686-ad58-47f776601207 - - - 200 - application/json;+charset=utf-8 1.9813ms
2024-11-15 17:11:00.296 +05:30  INF  Request starting HTTP/1.1 OPTIONS http://localhost:5145/user/updatecartitem?linerid=346&qty=5 - -
2024-11-15 17:11:00.297 +05:30  INF  CORS policy execution successful.
2024-11-15 17:11:00.297 +05:30  INF  Request finished HTTP/1.1 OPTIONS http://localhost:5145/user/updatecartitem?linerid=346&qty=5 - - - 204 - - 0.1654ms
2024-11-15 17:11:00.297 +05:30  INF  Request starting HTTP/1.1 PUT http://localhost:5145/user/updatecartitem?linerid=346&qty=5 - 0
2024-11-15 17:11:00.297 +05:30  INF  CORS policy execution successful.
2024-11-15 17:11:00.297 +05:30  INF  Executing endpoint 'BAKERBAZZAR.API.Controller.UserController.UpdateCartItem (BAKERBAZZAR.API)'
2024-11-15 17:11:00.298 +05:30  INF  Route matched with {action = "UpdateCartItem", controller = "User"}. Executing controller action with signature System.Threading.Tasks.Task`1[Microsoft.AspNetCore.Mvc.ActionResult`1[BAKERBAZZAR.API.Models.ApiResponse]] UpdateCartItem(Int32, Int32) on controller BAKERBAZZAR.API.Controller.UserController (BAKERBAZZAR.API).
2024-11-15 17:11:00.300 +05:30  INF  Executing ObjectResult, writing value of type 'BAKERBAZZAR.API.Models.ApiResponse'.
2024-11-15 17:11:00.301 +05:30  INF  Executed action BAKERBAZZAR.API.Controller.UserController.UpdateCartItem (BAKERBAZZAR.API) in 3.0413ms
2024-11-15 17:11:00.301 +05:30  INF  Executed endpoint 'BAKERBAZZAR.API.Controller.UserController.UpdateCartItem (BAKERBAZZAR.API)'
2024-11-15 17:11:00.301 +05:30  INF  Request finished HTTP/1.1 PUT http://localhost:5145/user/updatecartitem?linerid=346&qty=5 - 0 - 200 - application/json;+charset=utf-8 3.2654ms
2024-11-15 17:11:00.301 +05:30  INF  Request starting HTTP/1.1 GET http://localhost:5145/User/CartDetails?displayid=d87f3cbb-bda6-4686-ad58-47f776601207 - -
2024-11-15 17:11:00.302 +05:30  INF  CORS policy execution successful.
2024-11-15 17:11:00.302 +05:30  INF  Executing endpoint 'BAKERBAZZAR.API.Controller.UserController.CartDetails (BAKERBAZZAR.API)'
2024-11-15 17:11:00.302 +05:30  INF  Route matched with {action = "CartDetails", controller = "User"}. Executing controller action with signature System.Threading.Tasks.Task`1[Microsoft.AspNetCore.Mvc.ActionResult`1[BAKERBAZZAR.API.Models.ApiResponse]] CartDetails(System.String) on controller BAKERBAZZAR.API.Controller.UserController (BAKERBAZZAR.API).
2024-11-15 17:11:00.303 +05:30  INF  Executing ObjectResult, writing value of type 'BAKERBAZZAR.API.Models.ApiResponse'.
2024-11-15 17:11:00.304 +05:30  INF  Executed action BAKERBAZZAR.API.Controller.UserController.CartDetails (BAKERBAZZAR.API) in 1.9251ms
2024-11-15 17:11:00.304 +05:30  INF  Executed endpoint 'BAKERBAZZAR.API.Controller.UserController.CartDetails (BAKERBAZZAR.API)'
2024-11-15 17:11:00.304 +05:30  INF  Request finished HTTP/1.1 GET http://localhost:5145/User/CartDetails?displayid=d87f3cbb-bda6-4686-ad58-47f776601207 - - - 200 - application/json;+charset=utf-8 2.1927ms
2024-11-15 17:11:00.512 +05:30  INF  Request starting HTTP/1.1 OPTIONS http://localhost:5145/user/updatecartitem?linerid=346&qty=6 - -
2024-11-15 17:11:00.513 +05:30  INF  CORS policy execution successful.
2024-11-15 17:11:00.513 +05:30  INF  Request finished HTTP/1.1 OPTIONS http://localhost:5145/user/updatecartitem?linerid=346&qty=6 - - - 204 - - 0.2514ms
2024-11-15 17:11:00.513 +05:30  INF  Request starting HTTP/1.1 PUT http://localhost:5145/user/updatecartitem?linerid=346&qty=6 - 0
2024-11-15 17:11:00.514 +05:30  INF  CORS policy execution successful.
2024-11-15 17:11:00.514 +05:30  INF  Executing endpoint 'BAKERBAZZAR.API.Controller.UserController.UpdateCartItem (BAKERBAZZAR.API)'
2024-11-15 17:11:00.514 +05:30  INF  Route matched with {action = "UpdateCartItem", controller = "User"}. Executing controller action with signature System.Threading.Tasks.Task`1[Microsoft.AspNetCore.Mvc.ActionResult`1[BAKERBAZZAR.API.Models.ApiResponse]] UpdateCartItem(Int32, Int32) on controller BAKERBAZZAR.API.Controller.UserController (BAKERBAZZAR.API).
2024-11-15 17:11:00.516 +05:30  INF  Request starting HTTP/1.1 GET http://localhost:5145/User/CartDetails?displayid=d87f3cbb-bda6-4686-ad58-47f776601207 - -
2024-11-15 17:11:00.516 +05:30  INF  CORS policy execution successful.
2024-11-15 17:11:00.516 +05:30  INF  Executing endpoint 'BAKERBAZZAR.API.Controller.UserController.CartDetails (BAKERBAZZAR.API)'
2024-11-15 17:11:00.516 +05:30  INF  Route matched with {action = "CartDetails", controller = "User"}. Executing controller action with signature System.Threading.Tasks.Task`1[Microsoft.AspNetCore.Mvc.ActionResult`1[BAKERBAZZAR.API.Models.ApiResponse]] CartDetails(System.String) on controller BAKERBAZZAR.API.Controller.UserController (BAKERBAZZAR.API).
2024-11-15 17:11:00.516 +05:30  INF  Executing ObjectResult, writing value of type 'BAKERBAZZAR.API.Models.ApiResponse'.
2024-11-15 17:11:00.516 +05:30  INF  Executed action BAKERBAZZAR.API.Controller.UserController.UpdateCartItem (BAKERBAZZAR.API) in 2.8631ms
2024-11-15 17:11:00.517 +05:30  INF  Executed endpoint 'BAKERBAZZAR.API.Controller.UserController.UpdateCartItem (BAKERBAZZAR.API)'
2024-11-15 17:11:00.517 +05:30  INF  Request finished HTTP/1.1 PUT http://localhost:5145/user/updatecartitem?linerid=346&qty=6 - 0 - 200 - application/json;+charset=utf-8 3.1110ms
2024-11-15 17:11:00.518 +05:30  INF  Executing ObjectResult, writing value of type 'BAKERBAZZAR.API.Models.ApiResponse'.
2024-11-15 17:11:00.518 +05:30  INF  Executed action BAKERBAZZAR.API.Controller.UserController.CartDetails (BAKERBAZZAR.API) in 2.2803ms
2024-11-15 17:11:00.518 +05:30  INF  Executed endpoint 'BAKERBAZZAR.API.Controller.UserController.CartDetails (BAKERBAZZAR.API)'
2024-11-15 17:11:00.518 +05:30  INF  Request finished HTTP/1.1 GET http://localhost:5145/User/CartDetails?displayid=d87f3cbb-bda6-4686-ad58-47f776601207 - - - 200 - application/json;+charset=utf-8 2.5752ms
2024-11-15 17:11:01.380 +05:30  INF  Request starting HTTP/1.1 PUT http://localhost:5145/user/updatecartitem?linerid=346&qty=5 - 0
2024-11-15 17:11:01.380 +05:30  INF  CORS policy execution successful.
2024-11-15 17:11:01.380 +05:30  INF  Executing endpoint 'BAKERBAZZAR.API.Controller.UserController.UpdateCartItem (BAKERBAZZAR.API)'
2024-11-15 17:11:01.380 +05:30  INF  Route matched with {action = "UpdateCartItem", controller = "User"}. Executing controller action with signature System.Threading.Tasks.Task`1[Microsoft.AspNetCore.Mvc.ActionResult`1[BAKERBAZZAR.API.Models.ApiResponse]] UpdateCartItem(Int32, Int32) on controller BAKERBAZZAR.API.Controller.UserController (BAKERBAZZAR.API).
2024-11-15 17:11:01.383 +05:30  INF  Executing ObjectResult, writing value of type 'BAKERBAZZAR.API.Models.ApiResponse'.
2024-11-15 17:11:01.383 +05:30  INF  Executed action BAKERBAZZAR.API.Controller.UserController.UpdateCartItem (BAKERBAZZAR.API) in 2.9044ms
2024-11-15 17:11:01.383 +05:30  INF  Executed endpoint 'BAKERBAZZAR.API.Controller.UserController.UpdateCartItem (BAKERBAZZAR.API)'
2024-11-15 17:11:01.383 +05:30  INF  Request finished HTTP/1.1 PUT http://localhost:5145/user/updatecartitem?linerid=346&qty=5 - 0 - 200 - application/json;+charset=utf-8 3.1834ms
2024-11-15 17:11:01.384 +05:30  INF  Request starting HTTP/1.1 GET http://localhost:5145/User/CartDetails?displayid=d87f3cbb-bda6-4686-ad58-47f776601207 - -
2024-11-15 17:11:01.384 +05:30  INF  CORS policy execution successful.
2024-11-15 17:11:01.384 +05:30  INF  Executing endpoint 'BAKERBAZZAR.API.Controller.UserController.CartDetails (BAKERBAZZAR.API)'
2024-11-15 17:11:01.384 +05:30  INF  Route matched with {action = "CartDetails", controller = "User"}. Executing controller action with signature System.Threading.Tasks.Task`1[Microsoft.AspNetCore.Mvc.ActionResult`1[BAKERBAZZAR.API.Models.ApiResponse]] CartDetails(System.String) on controller BAKERBAZZAR.API.Controller.UserController (BAKERBAZZAR.API).
2024-11-15 17:11:01.386 +05:30  INF  Executing ObjectResult, writing value of type 'BAKERBAZZAR.API.Models.ApiResponse'.
2024-11-15 17:11:01.386 +05:30  INF  Executed action BAKERBAZZAR.API.Controller.UserController.CartDetails (BAKERBAZZAR.API) in 1.868ms
2024-11-15 17:11:01.386 +05:30  INF  Executed endpoint 'BAKERBAZZAR.API.Controller.UserController.CartDetails (BAKERBAZZAR.API)'
2024-11-15 17:11:01.386 +05:30  INF  Request finished HTTP/1.1 GET http://localhost:5145/User/CartDetails?displayid=d87f3cbb-bda6-4686-ad58-47f776601207 - - - 200 - application/json;+charset=utf-8 2.1606ms
2024-11-15 17:11:01.511 +05:30  INF  Request starting HTTP/1.1 PUT http://localhost:5145/user/updatecartitem?linerid=346&qty=4 - 0
2024-11-15 17:11:01.511 +05:30  INF  CORS policy execution successful.
2024-11-15 17:11:01.511 +05:30  INF  Executing endpoint 'BAKERBAZZAR.API.Controller.UserController.UpdateCartItem (BAKERBAZZAR.API)'
2024-11-15 17:11:01.511 +05:30  INF  Route matched with {action = "UpdateCartItem", controller = "User"}. Executing controller action with signature System.Threading.Tasks.Task`1[Microsoft.AspNetCore.Mvc.ActionResult`1[BAKERBAZZAR.API.Models.ApiResponse]] UpdateCartItem(Int32, Int32) on controller BAKERBAZZAR.API.Controller.UserController (BAKERBAZZAR.API).
2024-11-15 17:11:01.514 +05:30  INF  Executing ObjectResult, writing value of type 'BAKERBAZZAR.API.Models.ApiResponse'.
2024-11-15 17:11:01.514 +05:30  INF  Executed action BAKERBAZZAR.API.Controller.UserController.UpdateCartItem (BAKERBAZZAR.API) in 2.6479ms
2024-11-15 17:11:01.514 +05:30  INF  Executed endpoint 'BAKERBAZZAR.API.Controller.UserController.UpdateCartItem (BAKERBAZZAR.API)'
2024-11-15 17:11:01.514 +05:30  INF  Request finished HTTP/1.1 PUT http://localhost:5145/user/updatecartitem?linerid=346&qty=4 - 0 - 200 - application/json;+charset=utf-8 3.0026ms
2024-11-15 17:11:01.515 +05:30  INF  Request starting HTTP/1.1 GET http://localhost:5145/User/CartDetails?displayid=d87f3cbb-bda6-4686-ad58-47f776601207 - -
2024-11-15 17:11:01.515 +05:30  INF  CORS policy execution successful.
2024-11-15 17:11:01.516 +05:30  INF  Executing endpoint 'BAKERBAZZAR.API.Controller.UserController.CartDetails (BAKERBAZZAR.API)'
2024-11-15 17:11:01.516 +05:30  INF  Route matched with {action = "CartDetails", controller = "User"}. Executing controller action with signature System.Threading.Tasks.Task`1[Microsoft.AspNetCore.Mvc.ActionResult`1[BAKERBAZZAR.API.Models.ApiResponse]] CartDetails(System.String) on controller BAKERBAZZAR.API.Controller.UserController (BAKERBAZZAR.API).
2024-11-15 17:11:01.517 +05:30  INF  Executing ObjectResult, writing value of type 'BAKERBAZZAR.API.Models.ApiResponse'.
2024-11-15 17:11:01.517 +05:30  INF  Executed action BAKERBAZZAR.API.Controller.UserController.CartDetails (BAKERBAZZAR.API) in 1.8166ms
2024-11-15 17:11:01.517 +05:30  INF  Executed endpoint 'BAKERBAZZAR.API.Controller.UserController.CartDetails (BAKERBAZZAR.API)'
2024-11-15 17:11:01.517 +05:30  INF  Request finished HTTP/1.1 GET http://localhost:5145/User/CartDetails?displayid=d87f3cbb-bda6-4686-ad58-47f776601207 - - - 200 - application/json;+charset=utf-8 2.1188ms
2024-11-15 17:11:01.669 +05:30  INF  Request starting HTTP/1.1 PUT http://localhost:5145/user/updatecartitem?linerid=346&qty=3 - 0
2024-11-15 17:11:01.669 +05:30  INF  CORS policy execution successful.
2024-11-15 17:11:01.669 +05:30  INF  Executing endpoint 'BAKERBAZZAR.API.Controller.UserController.UpdateCartItem (BAKERBAZZAR.API)'
2024-11-15 17:11:01.669 +05:30  INF  Route matched with {action = "UpdateCartItem", controller = "User"}. Executing controller action with signature System.Threading.Tasks.Task`1[Microsoft.AspNetCore.Mvc.ActionResult`1[BAKERBAZZAR.API.Models.ApiResponse]] UpdateCartItem(Int32, Int32) on controller BAKERBAZZAR.API.Controller.UserController (BAKERBAZZAR.API).
2024-11-15 17:11:01.672 +05:30  INF  Executing ObjectResult, writing value of type 'BAKERBAZZAR.API.Models.ApiResponse'.
2024-11-15 17:11:01.672 +05:30  INF  Executed action BAKERBAZZAR.API.Controller.UserController.UpdateCartItem (BAKERBAZZAR.API) in 2.9709ms
2024-11-15 17:11:01.672 +05:30  INF  Executed endpoint 'BAKERBAZZAR.API.Controller.UserController.UpdateCartItem (BAKERBAZZAR.API)'
2024-11-15 17:11:01.672 +05:30  INF  Request finished HTTP/1.1 PUT http://localhost:5145/user/updatecartitem?linerid=346&qty=3 - 0 - 200 - application/json;+charset=utf-8 3.3450ms
2024-11-15 17:11:01.680 +05:30  INF  Request starting HTTP/1.1 GET http://localhost:5145/User/CartDetails?displayid=d87f3cbb-bda6-4686-ad58-47f776601207 - -
2024-11-15 17:11:01.680 +05:30  INF  CORS policy execution successful.
2024-11-15 17:11:01.680 +05:30  INF  Executing endpoint 'BAKERBAZZAR.API.Controller.UserController.CartDetails (BAKERBAZZAR.API)'
2024-11-15 17:11:01.680 +05:30  INF  Route matched with {action = "CartDetails", controller = "User"}. Executing controller action with signature System.Threading.Tasks.Task`1[Microsoft.AspNetCore.Mvc.ActionResult`1[BAKERBAZZAR.API.Models.ApiResponse]] CartDetails(System.String) on controller BAKERBAZZAR.API.Controller.UserController (BAKERBAZZAR.API).
2024-11-15 17:11:01.682 +05:30  INF  Executing ObjectResult, writing value of type 'BAKERBAZZAR.API.Models.ApiResponse'.
2024-11-15 17:11:01.682 +05:30  INF  Executed action BAKERBAZZAR.API.Controller.UserController.CartDetails (BAKERBAZZAR.API) in 1.8849ms
2024-11-15 17:11:01.682 +05:30  INF  Executed endpoint 'BAKERBAZZAR.API.Controller.UserController.CartDetails (BAKERBAZZAR.API)'
2024-11-15 17:11:01.682 +05:30  INF  Request finished HTTP/1.1 GET http://localhost:5145/User/CartDetails?displayid=d87f3cbb-bda6-4686-ad58-47f776601207 - - - 200 - application/json;+charset=utf-8 2.2016ms
2024-11-15 17:11:03.066 +05:30  INF  Request starting HTTP/1.1 OPTIONS http://localhost:5145/user/updatecartitem?linerid=347&qty=2 - -
2024-11-15 17:11:03.066 +05:30  INF  CORS policy execution successful.
2024-11-15 17:11:03.066 +05:30  INF  Request finished HTTP/1.1 OPTIONS http://localhost:5145/user/updatecartitem?linerid=347&qty=2 - - - 204 - - 0.1971ms
2024-11-15 17:11:03.067 +05:30  INF  Request starting HTTP/1.1 PUT http://localhost:5145/user/updatecartitem?linerid=347&qty=2 - 0
2024-11-15 17:11:03.067 +05:30  INF  CORS policy execution successful.
2024-11-15 17:11:03.067 +05:30  INF  Executing endpoint 'BAKERBAZZAR.API.Controller.UserController.UpdateCartItem (BAKERBAZZAR.API)'
2024-11-15 17:11:03.067 +05:30  INF  Route matched with {action = "UpdateCartItem", controller = "User"}. Executing controller action with signature System.Threading.Tasks.Task`1[Microsoft.AspNetCore.Mvc.ActionResult`1[BAKERBAZZAR.API.Models.ApiResponse]] UpdateCartItem(Int32, Int32) on controller BAKERBAZZAR.API.Controller.UserController (BAKERBAZZAR.API).
2024-11-15 17:11:03.070 +05:30  INF  Executing ObjectResult, writing value of type 'BAKERBAZZAR.API.Models.ApiResponse'.
2024-11-15 17:11:03.071 +05:30  INF  Executed action BAKERBAZZAR.API.Controller.UserController.UpdateCartItem (BAKERBAZZAR.API) in 3.1316ms
2024-11-15 17:11:03.071 +05:30  INF  Executed endpoint 'BAKERBAZZAR.API.Controller.UserController.UpdateCartItem (BAKERBAZZAR.API)'
2024-11-15 17:11:03.071 +05:30  INF  Request finished HTTP/1.1 PUT http://localhost:5145/user/updatecartitem?linerid=347&qty=2 - 0 - 200 - application/json;+charset=utf-8 3.3980ms
2024-11-15 17:11:03.071 +05:30  INF  Request starting HTTP/1.1 GET http://localhost:5145/User/CartDetails?displayid=d87f3cbb-bda6-4686-ad58-47f776601207 - -
2024-11-15 17:11:03.071 +05:30  INF  CORS policy execution successful.
2024-11-15 17:11:03.071 +05:30  INF  Executing endpoint 'BAKERBAZZAR.API.Controller.UserController.CartDetails (BAKERBAZZAR.API)'
2024-11-15 17:11:03.071 +05:30  INF  Route matched with {action = "CartDetails", controller = "User"}. Executing controller action with signature System.Threading.Tasks.Task`1[Microsoft.AspNetCore.Mvc.ActionResult`1[BAKERBAZZAR.API.Models.ApiResponse]] CartDetails(System.String) on controller BAKERBAZZAR.API.Controller.UserController (BAKERBAZZAR.API).
2024-11-15 17:11:03.073 +05:30  INF  Executing ObjectResult, writing value of type 'BAKERBAZZAR.API.Models.ApiResponse'.
2024-11-15 17:11:03.073 +05:30  INF  Executed action BAKERBAZZAR.API.Controller.UserController.CartDetails (BAKERBAZZAR.API) in 1.829ms
2024-11-15 17:11:03.073 +05:30  INF  Executed endpoint 'BAKERBAZZAR.API.Controller.UserController.CartDetails (BAKERBAZZAR.API)'
2024-11-15 17:11:03.073 +05:30  INF  Request finished HTTP/1.1 GET http://localhost:5145/User/CartDetails?displayid=d87f3cbb-bda6-4686-ad58-47f776601207 - - - 200 - application/json;+charset=utf-8 2.0348ms
2024-11-15 17:11:03.337 +05:30  INF  Request starting HTTP/1.1 OPTIONS http://localhost:5145/user/updatecartitem?linerid=347&qty=3 - -
2024-11-15 17:11:03.337 +05:30  INF  CORS policy execution successful.
2024-11-15 17:11:03.337 +05:30  INF  Request finished HTTP/1.1 OPTIONS http://localhost:5145/user/updatecartitem?linerid=347&qty=3 - - - 204 - - 0.2152ms
2024-11-15 17:11:03.338 +05:30  INF  Request starting HTTP/1.1 PUT http://localhost:5145/user/updatecartitem?linerid=347&qty=3 - 0
2024-11-15 17:11:03.338 +05:30  INF  CORS policy execution successful.
2024-11-15 17:11:03.338 +05:30  INF  Executing endpoint 'BAKERBAZZAR.API.Controller.UserController.UpdateCartItem (BAKERBAZZAR.API)'
2024-11-15 17:11:03.338 +05:30  INF  Route matched with {action = "UpdateCartItem", controller = "User"}. Executing controller action with signature System.Threading.Tasks.Task`1[Microsoft.AspNetCore.Mvc.ActionResult`1[BAKERBAZZAR.API.Models.ApiResponse]] UpdateCartItem(Int32, Int32) on controller BAKERBAZZAR.API.Controller.UserController (BAKERBAZZAR.API).
2024-11-15 17:11:03.340 +05:30  INF  Request starting HTTP/1.1 GET http://localhost:5145/User/CartDetails?displayid=d87f3cbb-bda6-4686-ad58-47f776601207 - -
2024-11-15 17:11:03.340 +05:30  INF  CORS policy execution successful.
2024-11-15 17:11:03.340 +05:30  INF  Executing endpoint 'BAKERBAZZAR.API.Controller.UserController.CartDetails (BAKERBAZZAR.API)'
2024-11-15 17:11:03.340 +05:30  INF  Route matched with {action = "CartDetails", controller = "User"}. Executing controller action with signature System.Threading.Tasks.Task`1[Microsoft.AspNetCore.Mvc.ActionResult`1[BAKERBAZZAR.API.Models.ApiResponse]] CartDetails(System.String) on controller BAKERBAZZAR.API.Controller.UserController (BAKERBAZZAR.API).
2024-11-15 17:11:03.341 +05:30  INF  Executing ObjectResult, writing value of type 'BAKERBAZZAR.API.Models.ApiResponse'.
2024-11-15 17:11:03.341 +05:30  INF  Executed action BAKERBAZZAR.API.Controller.UserController.UpdateCartItem (BAKERBAZZAR.API) in 2.7311ms
2024-11-15 17:11:03.341 +05:30  INF  Executed endpoint 'BAKERBAZZAR.API.Controller.UserController.UpdateCartItem (BAKERBAZZAR.API)'
2024-11-15 17:11:03.341 +05:30  INF  Request finished HTTP/1.1 PUT http://localhost:5145/user/updatecartitem?linerid=347&qty=3 - 0 - 200 - application/json;+charset=utf-8 3.0579ms
2024-11-15 17:11:03.342 +05:30  INF  Executing ObjectResult, writing value of type 'BAKERBAZZAR.API.Models.ApiResponse'.
2024-11-15 17:11:03.342 +05:30  INF  Executed action BAKERBAZZAR.API.Controller.UserController.CartDetails (BAKERBAZZAR.API) in 1.89ms
2024-11-15 17:11:03.342 +05:30  INF  Executed endpoint 'BAKERBAZZAR.API.Controller.UserController.CartDetails (BAKERBAZZAR.API)'
2024-11-15 17:11:03.342 +05:30  INF  Request finished HTTP/1.1 GET http://localhost:5145/User/CartDetails?displayid=d87f3cbb-bda6-4686-ad58-47f776601207 - - - 200 - application/json;+charset=utf-8 2.1464ms
2024-11-15 17:11:03.675 +05:30  INF  Request starting HTTP/1.1 OPTIONS http://localhost:5145/user/updatecartitem?linerid=347&qty=4 - -
2024-11-15 17:11:03.675 +05:30  INF  CORS policy execution successful.
2024-11-15 17:11:03.675 +05:30  INF  Request finished HTTP/1.1 OPTIONS http://localhost:5145/user/updatecartitem?linerid=347&qty=4 - - - 204 - - 0.1822ms
2024-11-15 17:11:03.676 +05:30  INF  Request starting HTTP/1.1 PUT http://localhost:5145/user/updatecartitem?linerid=347&qty=4 - 0
2024-11-15 17:11:03.676 +05:30  INF  CORS policy execution successful.
2024-11-15 17:11:03.676 +05:30  INF  Executing endpoint 'BAKERBAZZAR.API.Controller.UserController.UpdateCartItem (BAKERBAZZAR.API)'
2024-11-15 17:11:03.676 +05:30  INF  Route matched with {action = "UpdateCartItem", controller = "User"}. Executing controller action with signature System.Threading.Tasks.Task`1[Microsoft.AspNetCore.Mvc.ActionResult`1[BAKERBAZZAR.API.Models.ApiResponse]] UpdateCartItem(Int32, Int32) on controller BAKERBAZZAR.API.Controller.UserController (BAKERBAZZAR.API).
2024-11-15 17:11:03.679 +05:30  INF  Request starting HTTP/1.1 GET http://localhost:5145/User/CartDetails?displayid=d87f3cbb-bda6-4686-ad58-47f776601207 - -
2024-11-15 17:11:03.679 +05:30  INF  CORS policy execution successful.
2024-11-15 17:11:03.679 +05:30  INF  Executing endpoint 'BAKERBAZZAR.API.Controller.UserController.CartDetails (BAKERBAZZAR.API)'
2024-11-15 17:11:03.679 +05:30  INF  Route matched with {action = "CartDetails", controller = "User"}. Executing controller action with signature System.Threading.Tasks.Task`1[Microsoft.AspNetCore.Mvc.ActionResult`1[BAKERBAZZAR.API.Models.ApiResponse]] CartDetails(System.String) on controller BAKERBAZZAR.API.Controller.UserController (BAKERBAZZAR.API).
2024-11-15 17:11:03.679 +05:30  INF  Executing ObjectResult, writing value of type 'BAKERBAZZAR.API.Models.ApiResponse'.
2024-11-15 17:11:03.680 +05:30  INF  Executed action BAKERBAZZAR.API.Controller.UserController.UpdateCartItem (BAKERBAZZAR.API) in 3.5227ms
2024-11-15 17:11:03.680 +05:30  INF  Executed endpoint 'BAKERBAZZAR.API.Controller.UserController.UpdateCartItem (BAKERBAZZAR.API)'
2024-11-15 17:11:03.680 +05:30  INF  Request finished HTTP/1.1 PUT http://localhost:5145/user/updatecartitem?linerid=347&qty=4 - 0 - 200 - application/json;+charset=utf-8 3.8491ms
2024-11-15 17:11:03.681 +05:30  INF  Executing ObjectResult, writing value of type 'BAKERBAZZAR.API.Models.ApiResponse'.
2024-11-15 17:11:03.681 +05:30  INF  Executed action BAKERBAZZAR.API.Controller.UserController.CartDetails (BAKERBAZZAR.API) in 1.8473ms
2024-11-15 17:11:03.681 +05:30  INF  Executed endpoint 'BAKERBAZZAR.API.Controller.UserController.CartDetails (BAKERBAZZAR.API)'
2024-11-15 17:11:03.681 +05:30  INF  Request finished HTTP/1.1 GET http://localhost:5145/User/CartDetails?displayid=d87f3cbb-bda6-4686-ad58-47f776601207 - - - 200 - application/json;+charset=utf-8 2.1342ms
2024-11-15 17:11:04.629 +05:30  INF  Request starting HTTP/1.1 PUT http://localhost:5145/user/updatecartitem?linerid=346&qty=2 - 0
2024-11-15 17:11:04.629 +05:30  INF  CORS policy execution successful.
2024-11-15 17:11:04.629 +05:30  INF  Executing endpoint 'BAKERBAZZAR.API.Controller.UserController.UpdateCartItem (BAKERBAZZAR.API)'
2024-11-15 17:11:04.629 +05:30  INF  Route matched with {action = "UpdateCartItem", controller = "User"}. Executing controller action with signature System.Threading.Tasks.Task`1[Microsoft.AspNetCore.Mvc.ActionResult`1[BAKERBAZZAR.API.Models.ApiResponse]] UpdateCartItem(Int32, Int32) on controller BAKERBAZZAR.API.Controller.UserController (BAKERBAZZAR.API).
2024-11-15 17:11:04.632 +05:30  INF  Executing ObjectResult, writing value of type 'BAKERBAZZAR.API.Models.ApiResponse'.
2024-11-15 17:11:04.632 +05:30  INF  Executed action BAKERBAZZAR.API.Controller.UserController.UpdateCartItem (BAKERBAZZAR.API) in 3.1602ms
2024-11-15 17:11:04.632 +05:30  INF  Executed endpoint 'BAKERBAZZAR.API.Controller.UserController.UpdateCartItem (BAKERBAZZAR.API)'
2024-11-15 17:11:04.632 +05:30  INF  Request finished HTTP/1.1 PUT http://localhost:5145/user/updatecartitem?linerid=346&qty=2 - 0 - 200 - application/json;+charset=utf-8 3.4696ms
2024-11-15 17:11:04.633 +05:30  INF  Request starting HTTP/1.1 GET http://localhost:5145/User/CartDetails?displayid=d87f3cbb-bda6-4686-ad58-47f776601207 - -
2024-11-15 17:11:04.633 +05:30  INF  CORS policy execution successful.
2024-11-15 17:11:04.633 +05:30  INF  Executing endpoint 'BAKERBAZZAR.API.Controller.UserController.CartDetails (BAKERBAZZAR.API)'
2024-11-15 17:11:04.633 +05:30  INF  Route matched with {action = "CartDetails", controller = "User"}. Executing controller action with signature System.Threading.Tasks.Task`1[Microsoft.AspNetCore.Mvc.ActionResult`1[BAKERBAZZAR.API.Models.ApiResponse]] CartDetails(System.String) on controller BAKERBAZZAR.API.Controller.UserController (BAKERBAZZAR.API).
2024-11-15 17:11:04.635 +05:30  INF  Executing ObjectResult, writing value of type 'BAKERBAZZAR.API.Models.ApiResponse'.
2024-11-15 17:11:04.635 +05:30  INF  Executed action BAKERBAZZAR.API.Controller.UserController.CartDetails (BAKERBAZZAR.API) in 1.8612ms
2024-11-15 17:11:04.635 +05:30  INF  Executed endpoint 'BAKERBAZZAR.API.Controller.UserController.CartDetails (BAKERBAZZAR.API)'
2024-11-15 17:11:04.635 +05:30  INF  Request finished HTTP/1.1 GET http://localhost:5145/User/CartDetails?displayid=d87f3cbb-bda6-4686-ad58-47f776601207 - - - 200 - application/json;+charset=utf-8 2.1304ms
2024-11-15 17:11:04.843 +05:30  INF  Request starting HTTP/1.1 OPTIONS http://localhost:5145/user/updatecartitem?linerid=346&qty=1 - -
2024-11-15 17:11:04.844 +05:30  INF  CORS policy execution successful.
2024-11-15 17:11:04.844 +05:30  INF  Request finished HTTP/1.1 OPTIONS http://localhost:5145/user/updatecartitem?linerid=346&qty=1 - - - 204 - - 0.1617ms
2024-11-15 17:11:04.845 +05:30  INF  Request starting HTTP/1.1 PUT http://localhost:5145/user/updatecartitem?linerid=346&qty=1 - 0
2024-11-15 17:11:04.845 +05:30  INF  CORS policy execution successful.
2024-11-15 17:11:04.845 +05:30  INF  Executing endpoint 'BAKERBAZZAR.API.Controller.UserController.UpdateCartItem (BAKERBAZZAR.API)'
2024-11-15 17:11:04.845 +05:30  INF  Route matched with {action = "UpdateCartItem", controller = "User"}. Executing controller action with signature System.Threading.Tasks.Task`1[Microsoft.AspNetCore.Mvc.ActionResult`1[BAKERBAZZAR.API.Models.ApiResponse]] UpdateCartItem(Int32, Int32) on controller BAKERBAZZAR.API.Controller.UserController (BAKERBAZZAR.API).
2024-11-15 17:11:04.848 +05:30  INF  Request starting HTTP/1.1 GET http://localhost:5145/User/CartDetails?displayid=d87f3cbb-bda6-4686-ad58-47f776601207 - -
2024-11-15 17:11:04.848 +05:30  INF  CORS policy execution successful.
2024-11-15 17:11:04.848 +05:30  INF  Executing endpoint 'BAKERBAZZAR.API.Controller.UserController.CartDetails (BAKERBAZZAR.API)'
2024-11-15 17:11:04.848 +05:30  INF  Route matched with {action = "CartDetails", controller = "User"}. Executing controller action with signature System.Threading.Tasks.Task`1[Microsoft.AspNetCore.Mvc.ActionResult`1[BAKERBAZZAR.API.Models.ApiResponse]] CartDetails(System.String) on controller BAKERBAZZAR.API.Controller.UserController (BAKERBAZZAR.API).
2024-11-15 17:11:04.848 +05:30  INF  Executing ObjectResult, writing value of type 'BAKERBAZZAR.API.Models.ApiResponse'.
2024-11-15 17:11:04.848 +05:30  INF  Executed action BAKERBAZZAR.API.Controller.UserController.UpdateCartItem (BAKERBAZZAR.API) in 3.045ms
2024-11-15 17:11:04.848 +05:30  INF  Executed endpoint 'BAKERBAZZAR.API.Controller.UserController.UpdateCartItem (BAKERBAZZAR.API)'
2024-11-15 17:11:04.848 +05:30  INF  Request finished HTTP/1.1 PUT http://localhost:5145/user/updatecartitem?linerid=346&qty=1 - 0 - 200 - application/json;+charset=utf-8 3.5615ms
2024-11-15 17:11:04.850 +05:30  INF  Executing ObjectResult, writing value of type 'BAKERBAZZAR.API.Models.ApiResponse'.
2024-11-15 17:11:04.850 +05:30  INF  Executed action BAKERBAZZAR.API.Controller.UserController.CartDetails (BAKERBAZZAR.API) in 2.2289ms
2024-11-15 17:11:04.850 +05:30  INF  Executed endpoint 'BAKERBAZZAR.API.Controller.UserController.CartDetails (BAKERBAZZAR.API)'
2024-11-15 17:11:04.850 +05:30  INF  Request finished HTTP/1.1 GET http://localhost:5145/User/CartDetails?displayid=d87f3cbb-bda6-4686-ad58-47f776601207 - - - 200 - application/json;+charset=utf-8 2.5265ms
2024-11-15 17:11:12.256 +05:30  INF  Request starting HTTP/1.1 GET http://localhost:5145/User/CartDetails?displayid=d87f3cbb-bda6-4686-ad58-47f776601207 - -
2024-11-15 17:11:12.256 +05:30  INF  CORS policy execution successful.
2024-11-15 17:11:12.256 +05:30  INF  Executing endpoint 'BAKERBAZZAR.API.Controller.UserController.CartDetails (BAKERBAZZAR.API)'
2024-11-15 17:11:12.256 +05:30  INF  Route matched with {action = "CartDetails", controller = "User"}. Executing controller action with signature System.Threading.Tasks.Task`1[Microsoft.AspNetCore.Mvc.ActionResult`1[BAKERBAZZAR.API.Models.ApiResponse]] CartDetails(System.String) on controller BAKERBAZZAR.API.Controller.UserController (BAKERBAZZAR.API).
2024-11-15 17:11:12.259 +05:30  INF  Executing ObjectResult, writing value of type 'BAKERBAZZAR.API.Models.ApiResponse'.
2024-11-15 17:11:12.259 +05:30  INF  Executed action BAKERBAZZAR.API.Controller.UserController.CartDetails (BAKERBAZZAR.API) in 3.5259ms
2024-11-15 17:11:12.259 +05:30  INF  Executed endpoint 'BAKERBAZZAR.API.Controller.UserController.CartDetails (BAKERBAZZAR.API)'
2024-11-15 17:11:12.259 +05:30  INF  Request finished HTTP/1.1 GET http://localhost:5145/User/CartDetails?displayid=d87f3cbb-bda6-4686-ad58-47f776601207 - - - 200 - application/json;+charset=utf-8 3.8249ms
2024-11-15 17:11:12.260 +05:30  INF  Request starting HTTP/1.1 GET http://localhost:5145/User/CartDetails?displayid=d87f3cbb-bda6-4686-ad58-47f776601207 - -
2024-11-15 17:11:12.260 +05:30  INF  CORS policy execution successful.
2024-11-15 17:11:12.260 +05:30  INF  Executing endpoint 'BAKERBAZZAR.API.Controller.UserController.CartDetails (BAKERBAZZAR.API)'
2024-11-15 17:11:12.261 +05:30  INF  Route matched with {action = "CartDetails", controller = "User"}. Executing controller action with signature System.Threading.Tasks.Task`1[Microsoft.AspNetCore.Mvc.ActionResult`1[BAKERBAZZAR.API.Models.ApiResponse]] CartDetails(System.String) on controller BAKERBAZZAR.API.Controller.UserController (BAKERBAZZAR.API).
2024-11-15 17:11:12.263 +05:30  INF  Executing ObjectResult, writing value of type 'BAKERBAZZAR.API.Models.ApiResponse'.
2024-11-15 17:11:12.263 +05:30  INF  Executed action BAKERBAZZAR.API.Controller.UserController.CartDetails (BAKERBAZZAR.API) in 2.8265ms
2024-11-15 17:11:12.263 +05:30  INF  Executed endpoint 'BAKERBAZZAR.API.Controller.UserController.CartDetails (BAKERBAZZAR.API)'
2024-11-15 17:11:12.263 +05:30  INF  Request finished HTTP/1.1 GET http://localhost:5145/User/CartDetails?displayid=d87f3cbb-bda6-4686-ad58-47f776601207 - - - 200 - application/json;+charset=utf-8 3.1581ms
2024-11-15 17:11:12.276 +05:30  INF  Request starting HTTP/1.1 OPTIONS http://localhost:5145/user/updatecartitem?linerid=346&qty=1 - -
2024-11-15 17:11:12.277 +05:30  INF  CORS policy execution successful.
2024-11-15 17:11:12.278 +05:30  INF  Request finished HTTP/1.1 OPTIONS http://localhost:5145/user/updatecartitem?linerid=346&qty=1 - - - 204 - - 2.4393ms
2024-11-15 17:11:12.278 +05:30  INF  Request starting HTTP/1.1 OPTIONS http://localhost:5145/user/updatecartitem?linerid=347&qty=4 - -
2024-11-15 17:11:12.278 +05:30  INF  CORS policy execution successful.
2024-11-15 17:11:12.278 +05:30  INF  Request finished HTTP/1.1 OPTIONS http://localhost:5145/user/updatecartitem?linerid=347&qty=4 - - - 204 - - 0.1422ms
2024-11-15 17:11:12.280 +05:30  INF  Request starting HTTP/1.1 OPTIONS http://localhost:5145/user/updatecartitem?linerid=346&qty=1 - -
2024-11-15 17:11:12.280 +05:30  INF  Request starting HTTP/1.1 PUT http://localhost:5145/user/updatecartitem?linerid=346&qty=1 - 0
2024-11-15 17:11:12.280 +05:30  INF  CORS policy execution successful.
2024-11-15 17:11:12.280 +05:30  INF  CORS policy execution successful.
2024-11-15 17:11:12.281 +05:30  INF  Request finished HTTP/1.1 OPTIONS http://localhost:5145/user/updatecartitem?linerid=346&qty=1 - - - 204 - - 0.2196ms
2024-11-15 17:11:12.281 +05:30  INF  Request starting HTTP/1.1 PUT http://localhost:5145/user/updatecartitem?linerid=347&qty=4 - 0
2024-11-15 17:11:12.281 +05:30  INF  Executing endpoint 'BAKERBAZZAR.API.Controller.UserController.UpdateCartItem (BAKERBAZZAR.API)'
2024-11-15 17:11:12.281 +05:30  INF  CORS policy execution successful.
2024-11-15 17:11:12.281 +05:30  INF  Request starting HTTP/1.1 OPTIONS http://localhost:5145/user/updatecartitem?linerid=347&qty=4 - -
2024-11-15 17:11:12.281 +05:30  INF  CORS policy execution successful.
2024-11-15 17:11:12.281 +05:30  INF  Executing endpoint 'BAKERBAZZAR.API.Controller.UserController.UpdateCartItem (BAKERBAZZAR.API)'
2024-11-15 17:11:12.281 +05:30  INF  Route matched with {action = "UpdateCartItem", controller = "User"}. Executing controller action with signature System.Threading.Tasks.Task`1[Microsoft.AspNetCore.Mvc.ActionResult`1[BAKERBAZZAR.API.Models.ApiResponse]] UpdateCartItem(Int32, Int32) on controller BAKERBAZZAR.API.Controller.UserController (BAKERBAZZAR.API).
2024-11-15 17:11:12.281 +05:30  INF  Request finished HTTP/1.1 OPTIONS http://localhost:5145/user/updatecartitem?linerid=347&qty=4 - - - 204 - - 0.2262ms
2024-11-15 17:11:12.281 +05:30  INF  Route matched with {action = "UpdateCartItem", controller = "User"}. Executing controller action with signature System.Threading.Tasks.Task`1[Microsoft.AspNetCore.Mvc.ActionResult`1[BAKERBAZZAR.API.Models.ApiResponse]] UpdateCartItem(Int32, Int32) on controller BAKERBAZZAR.API.Controller.UserController (BAKERBAZZAR.API).
2024-11-15 17:11:12.285 +05:30  INF  Request starting HTTP/1.1 PUT http://localhost:5145/user/updatecartitem?linerid=347&qty=4 - 0
2024-11-15 17:11:12.285 +05:30  INF  Request starting HTTP/1.1 PUT http://localhost:5145/user/updatecartitem?linerid=346&qty=1 - 0
2024-11-15 17:11:12.285 +05:30  INF  CORS policy execution successful.
2024-11-15 17:11:12.285 +05:30  INF  Executing endpoint 'BAKERBAZZAR.API.Controller.UserController.UpdateCartItem (BAKERBAZZAR.API)'
2024-11-15 17:11:12.285 +05:30  INF  Route matched with {action = "UpdateCartItem", controller = "User"}. Executing controller action with signature System.Threading.Tasks.Task`1[Microsoft.AspNetCore.Mvc.ActionResult`1[BAKERBAZZAR.API.Models.ApiResponse]] UpdateCartItem(Int32, Int32) on controller BAKERBAZZAR.API.Controller.UserController (BAKERBAZZAR.API).
2024-11-15 17:11:12.286 +05:30  INF  CORS policy execution successful.
2024-11-15 17:11:12.287 +05:30  INF  Executing endpoint 'BAKERBAZZAR.API.Controller.UserController.UpdateCartItem (BAKERBAZZAR.API)'
2024-11-15 17:11:12.288 +05:30  INF  Route matched with {action = "UpdateCartItem", controller = "User"}. Executing controller action with signature System.Threading.Tasks.Task`1[Microsoft.AspNetCore.Mvc.ActionResult`1[BAKERBAZZAR.API.Models.ApiResponse]] UpdateCartItem(Int32, Int32) on controller BAKERBAZZAR.API.Controller.UserController (BAKERBAZZAR.API).
2024-11-15 17:11:12.289 +05:30  INF  Executing ObjectResult, writing value of type 'BAKERBAZZAR.API.Models.ApiResponse'.
2024-11-15 17:11:12.289 +05:30  INF  Executed action BAKERBAZZAR.API.Controller.UserController.UpdateCartItem (BAKERBAZZAR.API) in 7.5055ms
2024-11-15 17:11:12.289 +05:30  INF  Executed endpoint 'BAKERBAZZAR.API.Controller.UserController.UpdateCartItem (BAKERBAZZAR.API)'
2024-11-15 17:11:12.289 +05:30  INF  Request finished HTTP/1.1 PUT http://localhost:5145/user/updatecartitem?linerid=347&qty=4 - 0 - 200 - application/json;+charset=utf-8 8.2069ms
2024-11-15 17:11:12.290 +05:30  INF  Executing ObjectResult, writing value of type 'BAKERBAZZAR.API.Models.ApiResponse'.
2024-11-15 17:11:12.290 +05:30  INF  Executed action BAKERBAZZAR.API.Controller.UserController.UpdateCartItem (BAKERBAZZAR.API) in 8.651ms
2024-11-15 17:11:12.290 +05:30  INF  Executed endpoint 'BAKERBAZZAR.API.Controller.UserController.UpdateCartItem (BAKERBAZZAR.API)'
2024-11-15 17:11:12.290 +05:30  INF  Request finished HTTP/1.1 PUT http://localhost:5145/user/updatecartitem?linerid=346&qty=1 - 0 - 200 - application/json;+charset=utf-8 9.7566ms
2024-11-15 17:11:12.291 +05:30  INF  Executing ObjectResult, writing value of type 'BAKERBAZZAR.API.Models.ApiResponse'.
2024-11-15 17:11:12.291 +05:30  INF  Executed action BAKERBAZZAR.API.Controller.UserController.UpdateCartItem (BAKERBAZZAR.API) in 5.5418ms
2024-11-15 17:11:12.291 +05:30  INF  Executed endpoint 'BAKERBAZZAR.API.Controller.UserController.UpdateCartItem (BAKERBAZZAR.API)'
2024-11-15 17:11:12.291 +05:30  INF  Request finished HTTP/1.1 PUT http://localhost:5145/user/updatecartitem?linerid=347&qty=4 - 0 - 200 - application/json;+charset=utf-8 6.2694ms
2024-11-15 17:11:12.292 +05:30  INF  Executing ObjectResult, writing value of type 'BAKERBAZZAR.API.Models.ApiResponse'.
2024-11-15 17:11:12.292 +05:30  INF  Executed action BAKERBAZZAR.API.Controller.UserController.UpdateCartItem (BAKERBAZZAR.API) in 3.8706ms
2024-11-15 17:11:12.292 +05:30  INF  Executed endpoint 'BAKERBAZZAR.API.Controller.UserController.UpdateCartItem (BAKERBAZZAR.API)'
2024-11-15 17:11:12.292 +05:30  INF  Request finished HTTP/1.1 PUT http://localhost:5145/user/updatecartitem?linerid=346&qty=1 - 0 - 200 - application/json;+charset=utf-8 7.4003ms
2024-11-15 17:11:12.298 +05:30  INF  Request starting HTTP/1.1 GET http://localhost:5145/User/CartDetails?displayid=d87f3cbb-bda6-4686-ad58-47f776601207 - -
2024-11-15 17:11:12.298 +05:30  INF  CORS policy execution successful.
2024-11-15 17:11:12.298 +05:30  INF  Executing endpoint 'BAKERBAZZAR.API.Controller.UserController.CartDetails (BAKERBAZZAR.API)'
2024-11-15 17:11:12.298 +05:30  INF  Route matched with {action = "CartDetails", controller = "User"}. Executing controller action with signature System.Threading.Tasks.Task`1[Microsoft.AspNetCore.Mvc.ActionResult`1[BAKERBAZZAR.API.Models.ApiResponse]] CartDetails(System.String) on controller BAKERBAZZAR.API.Controller.UserController (BAKERBAZZAR.API).
2024-11-15 17:11:12.301 +05:30  INF  Executing ObjectResult, writing value of type 'BAKERBAZZAR.API.Models.ApiResponse'.
2024-11-15 17:11:12.302 +05:30  INF  Executed action BAKERBAZZAR.API.Controller.UserController.CartDetails (BAKERBAZZAR.API) in 3.6237ms
2024-11-15 17:11:12.302 +05:30  INF  Executed endpoint 'BAKERBAZZAR.API.Controller.UserController.CartDetails (BAKERBAZZAR.API)'
2024-11-15 17:11:12.302 +05:30  INF  Request finished HTTP/1.1 GET http://localhost:5145/User/CartDetails?displayid=d87f3cbb-bda6-4686-ad58-47f776601207 - - - 200 - application/json;+charset=utf-8 3.9595ms
2024-11-15 17:11:15.617 +05:30  INF  Request starting HTTP/1.1 OPTIONS http://localhost:5145/user/deletecartitem?cartdisplayid=d87f3cbb-bda6-4686-ad58-47f776601207&cartrid=346 - -
2024-11-15 17:11:15.617 +05:30  INF  CORS policy execution successful.
2024-11-15 17:11:15.617 +05:30  INF  Request finished HTTP/1.1 OPTIONS http://localhost:5145/user/deletecartitem?cartdisplayid=d87f3cbb-bda6-4686-ad58-47f776601207&cartrid=346 - - - 204 - - 0.2203ms
2024-11-15 17:11:15.620 +05:30  INF  Request starting HTTP/1.1 DELETE http://localhost:5145/user/deletecartitem?cartdisplayid=d87f3cbb-bda6-4686-ad58-47f776601207&cartrid=346 - -
2024-11-15 17:11:15.620 +05:30  INF  CORS policy execution successful.
2024-11-15 17:11:15.620 +05:30  INF  Executing endpoint 'BAKERBAZZAR.API.Controller.UserController.DeleteCartItem (BAKERBAZZAR.API)'
2024-11-15 17:11:15.620 +05:30  INF  Route matched with {action = "DeleteCartItem", controller = "User"}. Executing controller action with signature System.Threading.Tasks.Task`1[Microsoft.AspNetCore.Mvc.ActionResult`1[BAKERBAZZAR.API.Models.ApiResponse]] DeleteCartItem(System.String, Int32) on controller BAKERBAZZAR.API.Controller.UserController (BAKERBAZZAR.API).
2024-11-15 17:11:15.625 +05:30  INF  Executing ObjectResult, writing value of type 'BAKERBAZZAR.API.Models.ApiResponse'.
2024-11-15 17:11:15.625 +05:30  INF  Executed action BAKERBAZZAR.API.Controller.UserController.DeleteCartItem (BAKERBAZZAR.API) in 5.0368ms
2024-11-15 17:11:15.625 +05:30  INF  Executed endpoint 'BAKERBAZZAR.API.Controller.UserController.DeleteCartItem (BAKERBAZZAR.API)'
2024-11-15 17:11:15.625 +05:30  INF  Request finished HTTP/1.1 DELETE http://localhost:5145/user/deletecartitem?cartdisplayid=d87f3cbb-bda6-4686-ad58-47f776601207&cartrid=346 - - - 200 - application/json;+charset=utf-8 5.4893ms
2024-11-15 17:11:15.630 +05:30  INF  Request starting HTTP/1.1 GET http://localhost:5145/User/CartDetails?displayid=d87f3cbb-bda6-4686-ad58-47f776601207 - -
2024-11-15 17:11:15.631 +05:30  INF  CORS policy execution successful.
2024-11-15 17:11:15.631 +05:30  INF  Executing endpoint 'BAKERBAZZAR.API.Controller.UserController.CartDetails (BAKERBAZZAR.API)'
2024-11-15 17:11:15.631 +05:30  INF  Route matched with {action = "CartDetails", controller = "User"}. Executing controller action with signature System.Threading.Tasks.Task`1[Microsoft.AspNetCore.Mvc.ActionResult`1[BAKERBAZZAR.API.Models.ApiResponse]] CartDetails(System.String) on controller BAKERBAZZAR.API.Controller.UserController (BAKERBAZZAR.API).
2024-11-15 17:11:15.634 +05:30  INF  Executing ObjectResult, writing value of type 'BAKERBAZZAR.API.Models.ApiResponse'.
2024-11-15 17:11:15.634 +05:30  INF  Executed action BAKERBAZZAR.API.Controller.UserController.CartDetails (BAKERBAZZAR.API) in 3.5092ms
2024-11-15 17:11:15.635 +05:30  INF  Executed endpoint 'BAKERBAZZAR.API.Controller.UserController.CartDetails (BAKERBAZZAR.API)'
2024-11-15 17:11:15.635 +05:30  INF  Request finished HTTP/1.1 GET http://localhost:5145/User/CartDetails?displayid=d87f3cbb-bda6-4686-ad58-47f776601207 - - - 200 - application/json;+charset=utf-8 4.1816ms
2024-11-15 17:11:22.100 +05:30  INF  Request starting HTTP/1.1 GET http://localhost:5145/user/myorders?displayid=a8701061-246f-4f0a-b7db-cf788913b18d - -
2024-11-15 17:11:22.102 +05:30  INF  CORS policy execution successful.
2024-11-15 17:11:22.102 +05:30  INF  Executing endpoint 'BAKERBAZZAR.API.Controller.UserController.MyOrders (BAKERBAZZAR.API)'
2024-11-15 17:11:22.102 +05:30  INF  Route matched with {action = "MyOrders", controller = "User"}. Executing controller action with signature System.Threading.Tasks.Task`1[Microsoft.AspNetCore.Mvc.ActionResult`1[BAKERBAZZAR.API.Models.ApiResponse]] MyOrders(System.String, System.String, System.String) on controller BAKERBAZZAR.API.Controller.UserController (BAKERBAZZAR.API).
2024-11-15 17:11:22.144 +05:30  INF  Executing ObjectResult, writing value of type 'BAKERBAZZAR.API.Models.ApiResponse'.
2024-11-15 17:11:22.144 +05:30  INF  Executed action BAKERBAZZAR.API.Controller.UserController.MyOrders (BAKERBAZZAR.API) in 41.3251ms
2024-11-15 17:11:22.144 +05:30  INF  Executed endpoint 'BAKERBAZZAR.API.Controller.UserController.MyOrders (BAKERBAZZAR.API)'
2024-11-15 17:11:22.144 +05:30  INF  Request finished HTTP/1.1 GET http://localhost:5145/user/myorders?displayid=a8701061-246f-4f0a-b7db-cf788913b18d - - - 200 - application/json;+charset=utf-8 43.5240ms
2024-11-15 17:11:22.145 +05:30  INF  Request starting HTTP/1.1 GET http://localhost:5145/user/myorders?displayid=a8701061-246f-4f0a-b7db-cf788913b18d - -
2024-11-15 17:11:22.146 +05:30  INF  CORS policy execution successful.
2024-11-15 17:11:22.146 +05:30  INF  Executing endpoint 'BAKERBAZZAR.API.Controller.UserController.MyOrders (BAKERBAZZAR.API)'
2024-11-15 17:11:22.146 +05:30  INF  Route matched with {action = "MyOrders", controller = "User"}. Executing controller action with signature System.Threading.Tasks.Task`1[Microsoft.AspNetCore.Mvc.ActionResult`1[BAKERBAZZAR.API.Models.ApiResponse]] MyOrders(System.String, System.String, System.String) on controller BAKERBAZZAR.API.Controller.UserController (BAKERBAZZAR.API).
2024-11-15 17:11:22.147 +05:30  INF  Executing ObjectResult, writing value of type 'BAKERBAZZAR.API.Models.ApiResponse'.
2024-11-15 17:11:22.148 +05:30  INF  Executed action BAKERBAZZAR.API.Controller.UserController.MyOrders (BAKERBAZZAR.API) in 1.8749ms
2024-11-15 17:11:22.148 +05:30  INF  Executed endpoint 'BAKERBAZZAR.API.Controller.UserController.MyOrders (BAKERBAZZAR.API)'
2024-11-15 17:11:22.148 +05:30  INF  Request finished HTTP/1.1 GET http://localhost:5145/user/myorders?displayid=a8701061-246f-4f0a-b7db-cf788913b18d - - - 200 - application/json;+charset=utf-8 2.2460ms
2024-11-15 17:11:26.381 +05:30  INF  Request starting HTTP/1.1 GET http://localhost:5145/User/CartDetails?displayid=d87f3cbb-bda6-4686-ad58-47f776601207 - -
2024-11-15 17:11:26.382 +05:30  INF  CORS policy execution successful.
2024-11-15 17:11:26.382 +05:30  INF  Executing endpoint 'BAKERBAZZAR.API.Controller.UserController.CartDetails (BAKERBAZZAR.API)'
2024-11-15 17:11:26.382 +05:30  INF  Route matched with {action = "CartDetails", controller = "User"}. Executing controller action with signature System.Threading.Tasks.Task`1[Microsoft.AspNetCore.Mvc.ActionResult`1[BAKERBAZZAR.API.Models.ApiResponse]] CartDetails(System.String) on controller BAKERBAZZAR.API.Controller.UserController (BAKERBAZZAR.API).
2024-11-15 17:11:26.838 +05:30  INF  Executing ObjectResult, writing value of type 'BAKERBAZZAR.API.Models.ApiResponse'.
2024-11-15 17:11:26.838 +05:30  INF  Executed action BAKERBAZZAR.API.Controller.UserController.CartDetails (BAKERBAZZAR.API) in 455.4124ms
2024-11-15 17:11:26.838 +05:30  INF  Executed endpoint 'BAKERBAZZAR.API.Controller.UserController.CartDetails (BAKERBAZZAR.API)'
2024-11-15 17:11:26.838 +05:30  INF  Request finished HTTP/1.1 GET http://localhost:5145/User/CartDetails?displayid=d87f3cbb-bda6-4686-ad58-47f776601207 - - - 200 - application/json;+charset=utf-8 457.1543ms
2024-11-15 17:11:26.839 +05:30  INF  Request starting HTTP/1.1 GET http://localhost:5145/User/CartDetails?displayid=d87f3cbb-bda6-4686-ad58-47f776601207 - -
2024-11-15 17:11:26.839 +05:30  INF  CORS policy execution successful.
2024-11-15 17:11:26.840 +05:30  INF  Executing endpoint 'BAKERBAZZAR.API.Controller.UserController.CartDetails (BAKERBAZZAR.API)'
2024-11-15 17:11:26.840 +05:30  INF  Route matched with {action = "CartDetails", controller = "User"}. Executing controller action with signature System.Threading.Tasks.Task`1[Microsoft.AspNetCore.Mvc.ActionResult`1[BAKERBAZZAR.API.Models.ApiResponse]] CartDetails(System.String) on controller BAKERBAZZAR.API.Controller.UserController (BAKERBAZZAR.API).
2024-11-15 17:11:26.842 +05:30  INF  Executing ObjectResult, writing value of type 'BAKERBAZZAR.API.Models.ApiResponse'.
2024-11-15 17:11:26.842 +05:30  INF  Executed action BAKERBAZZAR.API.Controller.UserController.CartDetails (BAKERBAZZAR.API) in 2.741ms
2024-11-15 17:11:26.842 +05:30  INF  Executed endpoint 'BAKERBAZZAR.API.Controller.UserController.CartDetails (BAKERBAZZAR.API)'
2024-11-15 17:11:26.843 +05:30  INF  Request finished HTTP/1.1 GET http://localhost:5145/User/CartDetails?displayid=d87f3cbb-bda6-4686-ad58-47f776601207 - - - 200 - application/json;+charset=utf-8 3.2210ms
2024-11-15 17:11:26.845 +05:30  INF  Request starting HTTP/1.1 OPTIONS http://localhost:5145/user/updatecartitem?linerid=347&qty=4 - -
2024-11-15 17:11:26.845 +05:30  INF  CORS policy execution successful.
2024-11-15 17:11:26.845 +05:30  INF  Request starting HTTP/1.1 OPTIONS http://localhost:5145/user/updatecartitem?linerid=347&qty=4 - -
2024-11-15 17:11:26.845 +05:30  INF  CORS policy execution successful.
2024-11-15 17:11:26.845 +05:30  INF  Request finished HTTP/1.1 OPTIONS http://localhost:5145/user/updatecartitem?linerid=347&qty=4 - - - 204 - - 0.2480ms
2024-11-15 17:11:26.845 +05:30  INF  Request finished HTTP/1.1 OPTIONS http://localhost:5145/user/updatecartitem?linerid=347&qty=4 - - - 204 - - 0.1826ms
2024-11-15 17:11:26.846 +05:30  INF  Request starting HTTP/1.1 PUT http://localhost:5145/user/updatecartitem?linerid=347&qty=4 - 0
2024-11-15 17:11:26.846 +05:30  INF  Request starting HTTP/1.1 PUT http://localhost:5145/user/updatecartitem?linerid=347&qty=4 - 0
2024-11-15 17:11:26.846 +05:30  INF  CORS policy execution successful.
2024-11-15 17:11:26.846 +05:30  INF  CORS policy execution successful.
2024-11-15 17:11:26.846 +05:30  INF  Executing endpoint 'BAKERBAZZAR.API.Controller.UserController.UpdateCartItem (BAKERBAZZAR.API)'
2024-11-15 17:11:26.846 +05:30  INF  Executing endpoint 'BAKERBAZZAR.API.Controller.UserController.UpdateCartItem (BAKERBAZZAR.API)'
2024-11-15 17:11:26.846 +05:30  INF  Route matched with {action = "UpdateCartItem", controller = "User"}. Executing controller action with signature System.Threading.Tasks.Task`1[Microsoft.AspNetCore.Mvc.ActionResult`1[BAKERBAZZAR.API.Models.ApiResponse]] UpdateCartItem(Int32, Int32) on controller BAKERBAZZAR.API.Controller.UserController (BAKERBAZZAR.API).
2024-11-15 17:11:26.846 +05:30  INF  Route matched with {action = "UpdateCartItem", controller = "User"}. Executing controller action with signature System.Threading.Tasks.Task`1[Microsoft.AspNetCore.Mvc.ActionResult`1[BAKERBAZZAR.API.Models.ApiResponse]] UpdateCartItem(Int32, Int32) on controller BAKERBAZZAR.API.Controller.UserController (BAKERBAZZAR.API).
2024-11-15 17:11:26.850 +05:30  INF  Request starting HTTP/1.1 GET http://localhost:5145/User/CartDetails?displayid=d87f3cbb-bda6-4686-ad58-47f776601207 - -
2024-11-15 17:11:26.850 +05:30  INF  CORS policy execution successful.
2024-11-15 17:11:26.850 +05:30  INF  Executing endpoint 'BAKERBAZZAR.API.Controller.UserController.CartDetails (BAKERBAZZAR.API)'
2024-11-15 17:11:26.850 +05:30  INF  Route matched with {action = "CartDetails", controller = "User"}. Executing controller action with signature System.Threading.Tasks.Task`1[Microsoft.AspNetCore.Mvc.ActionResult`1[BAKERBAZZAR.API.Models.ApiResponse]] CartDetails(System.String) on controller BAKERBAZZAR.API.Controller.UserController (BAKERBAZZAR.API).
2024-11-15 17:11:26.853 +05:30  INF  Executing ObjectResult, writing value of type 'BAKERBAZZAR.API.Models.ApiResponse'.
2024-11-15 17:11:26.853 +05:30  INF  Executed action BAKERBAZZAR.API.Controller.UserController.CartDetails (BAKERBAZZAR.API) in 2.6776ms
2024-11-15 17:11:26.853 +05:30  INF  Executed endpoint 'BAKERBAZZAR.API.Controller.UserController.CartDetails (BAKERBAZZAR.API)'
2024-11-15 17:11:26.853 +05:30  INF  Request finished HTTP/1.1 GET http://localhost:5145/User/CartDetails?displayid=d87f3cbb-bda6-4686-ad58-47f776601207 - - - 200 - application/json;+charset=utf-8 3.1591ms
2024-11-15 17:11:26.861 +05:30  INF  Executing ObjectResult, writing value of type 'BAKERBAZZAR.API.Models.ApiResponse'.
2024-11-15 17:11:26.861 +05:30  INF  Executing ObjectResult, writing value of type 'BAKERBAZZAR.API.Models.ApiResponse'.
2024-11-15 17:11:26.862 +05:30  INF  Executed action BAKERBAZZAR.API.Controller.UserController.UpdateCartItem (BAKERBAZZAR.API) in 15.2028ms
2024-11-15 17:11:26.862 +05:30  INF  Executed action BAKERBAZZAR.API.Controller.UserController.UpdateCartItem (BAKERBAZZAR.API) in 15.197ms
2024-11-15 17:11:26.862 +05:30  INF  Executed endpoint 'BAKERBAZZAR.API.Controller.UserController.UpdateCartItem (BAKERBAZZAR.API)'
2024-11-15 17:11:26.862 +05:30  INF  Executed endpoint 'BAKERBAZZAR.API.Controller.UserController.UpdateCartItem (BAKERBAZZAR.API)'
2024-11-15 17:11:26.862 +05:30  INF  Request finished HTTP/1.1 PUT http://localhost:5145/user/updatecartitem?linerid=347&qty=4 - 0 - 200 - application/json;+charset=utf-8 15.4621ms
2024-11-15 17:11:26.862 +05:30  INF  Request finished HTTP/1.1 PUT http://localhost:5145/user/updatecartitem?linerid=347&qty=4 - 0 - 200 - application/json;+charset=utf-8 15.4515ms
2024-11-15 17:13:39.405 +05:30  INF  Request starting HTTP/1.1 GET http://localhost:5145/user/orderdetails?displayId=d87f3cbb-bda6-4686-ad58-47f776601207&status=placeorder&addressid=1043 - -
2024-11-15 17:13:39.406 +05:30  INF  CORS policy execution successful.
2024-11-15 17:13:39.406 +05:30  INF  Executing endpoint 'BAKERBAZZAR.API.Controller.UserController.OrderDetails (BAKERBAZZAR.API)'
2024-11-15 17:13:39.406 +05:30  INF  Route matched with {action = "OrderDetails", controller = "User"}. Executing controller action with signature System.Threading.Tasks.Task`1[Microsoft.AspNetCore.Mvc.ActionResult`1[BAKERBAZZAR.API.Models.ApiResponse]] OrderDetails(System.String, System.String, Int32) on controller BAKERBAZZAR.API.Controller.UserController (BAKERBAZZAR.API).
2024-11-15 17:13:39.464 +05:30  INF  Executing ObjectResult, writing value of type 'BAKERBAZZAR.API.Models.ApiResponse'.
2024-11-15 17:13:39.464 +05:30  INF  Executed action BAKERBAZZAR.API.Controller.UserController.OrderDetails (BAKERBAZZAR.API) in 58.5216ms
2024-11-15 17:13:39.464 +05:30  INF  Executed endpoint 'BAKERBAZZAR.API.Controller.UserController.OrderDetails (BAKERBAZZAR.API)'
2024-11-15 17:13:39.464 +05:30  INF  Request finished HTTP/1.1 GET http://localhost:5145/user/orderdetails?displayId=d87f3cbb-bda6-4686-ad58-47f776601207&status=placeorder&addressid=1043 - - - 200 - application/json;+charset=utf-8 59.0227ms
2024-11-15 17:13:41.081 +05:30  INF  Request starting HTTP/1.1 GET http://localhost:5145/user/myorders?displayid=a8701061-246f-4f0a-b7db-cf788913b18d - -
2024-11-15 17:13:41.082 +05:30  INF  CORS policy execution successful.
2024-11-15 17:13:41.082 +05:30  INF  Executing endpoint 'BAKERBAZZAR.API.Controller.UserController.MyOrders (BAKERBAZZAR.API)'
2024-11-15 17:13:41.082 +05:30  INF  Route matched with {action = "MyOrders", controller = "User"}. Executing controller action with signature System.Threading.Tasks.Task`1[Microsoft.AspNetCore.Mvc.ActionResult`1[BAKERBAZZAR.API.Models.ApiResponse]] MyOrders(System.String, System.String, System.String) on controller BAKERBAZZAR.API.Controller.UserController (BAKERBAZZAR.API).
2024-11-15 17:13:41.108 +05:30  INF  Executing ObjectResult, writing value of type 'BAKERBAZZAR.API.Models.ApiResponse'.
2024-11-15 17:13:41.108 +05:30  INF  Executed action BAKERBAZZAR.API.Controller.UserController.MyOrders (BAKERBAZZAR.API) in 25.9205ms
2024-11-15 17:13:41.108 +05:30  INF  Executed endpoint 'BAKERBAZZAR.API.Controller.UserController.MyOrders (BAKERBAZZAR.API)'
2024-11-15 17:13:41.108 +05:30  INF  Request finished HTTP/1.1 GET http://localhost:5145/user/myorders?displayid=a8701061-246f-4f0a-b7db-cf788913b18d - - - 200 - application/json;+charset=utf-8 27.1625ms
2024-11-15 17:13:41.110 +05:30  INF  Request starting HTTP/1.1 GET http://localhost:5145/user/myorders?displayid=a8701061-246f-4f0a-b7db-cf788913b18d - -
2024-11-15 17:13:41.110 +05:30  INF  CORS policy execution successful.
2024-11-15 17:13:41.110 +05:30  INF  Executing endpoint 'BAKERBAZZAR.API.Controller.UserController.MyOrders (BAKERBAZZAR.API)'
2024-11-15 17:13:41.110 +05:30  INF  Route matched with {action = "MyOrders", controller = "User"}. Executing controller action with signature System.Threading.Tasks.Task`1[Microsoft.AspNetCore.Mvc.ActionResult`1[BAKERBAZZAR.API.Models.ApiResponse]] MyOrders(System.String, System.String, System.String) on controller BAKERBAZZAR.API.Controller.UserController (BAKERBAZZAR.API).
2024-11-15 17:13:41.113 +05:30  INF  Executing ObjectResult, writing value of type 'BAKERBAZZAR.API.Models.ApiResponse'.
2024-11-15 17:13:41.113 +05:30  INF  Executed action BAKERBAZZAR.API.Controller.UserController.MyOrders (BAKERBAZZAR.API) in 2.6718ms
2024-11-15 17:13:41.113 +05:30  INF  Executed endpoint 'BAKERBAZZAR.API.Controller.UserController.MyOrders (BAKERBAZZAR.API)'
2024-11-15 17:13:41.113 +05:30  INF  Request finished HTTP/1.1 GET http://localhost:5145/user/myorders?displayid=a8701061-246f-4f0a-b7db-cf788913b18d - - - 200 - application/json;+charset=utf-8 3.1366ms
2024-11-15 17:13:45.675 +05:30  INF  Request starting HTTP/1.1 GET http://localhost:5145/User/GetMyAddresses?displayid=a8701061-246f-4f0a-b7db-cf788913b18d - -
2024-11-15 17:13:45.675 +05:30  INF  CORS policy execution successful.
2024-11-15 17:13:45.675 +05:30  INF  Executing endpoint 'BAKERBAZZAR.API.Controller.UserController.GetAddress (BAKERBAZZAR.API)'
2024-11-15 17:13:45.675 +05:30  INF  Route matched with {action = "GetAddress", controller = "User"}. Executing controller action with signature System.Threading.Tasks.Task`1[Microsoft.AspNetCore.Mvc.ActionResult`1[BAKERBAZZAR.API.Models.ApiResponse]] GetAddress(System.String) on controller BAKERBAZZAR.API.Controller.UserController (BAKERBAZZAR.API).
2024-11-15 17:13:45.679 +05:30  INF  Executing ObjectResult, writing value of type 'BAKERBAZZAR.API.Models.ApiResponse'.
2024-11-15 17:13:45.679 +05:30  INF  Executed action BAKERBAZZAR.API.Controller.UserController.GetAddress (BAKERBAZZAR.API) in 3.6855ms
2024-11-15 17:13:45.679 +05:30  INF  Executed endpoint 'BAKERBAZZAR.API.Controller.UserController.GetAddress (BAKERBAZZAR.API)'
2024-11-15 17:13:45.679 +05:30  INF  Request finished HTTP/1.1 GET http://localhost:5145/User/GetMyAddresses?displayid=a8701061-246f-4f0a-b7db-cf788913b18d - - - 200 - application/json;+charset=utf-8 4.2445ms
2024-11-15 17:13:45.680 +05:30  INF  Request starting HTTP/1.1 GET http://localhost:5145/User/GetMyAddresses?displayid=a8701061-246f-4f0a-b7db-cf788913b18d - -
2024-11-15 17:13:45.680 +05:30  INF  CORS policy execution successful.
2024-11-15 17:13:45.680 +05:30  INF  Executing endpoint 'BAKERBAZZAR.API.Controller.UserController.GetAddress (BAKERBAZZAR.API)'
2024-11-15 17:13:45.680 +05:30  INF  Route matched with {action = "GetAddress", controller = "User"}. Executing controller action with signature System.Threading.Tasks.Task`1[Microsoft.AspNetCore.Mvc.ActionResult`1[BAKERBAZZAR.API.Models.ApiResponse]] GetAddress(System.String) on controller BAKERBAZZAR.API.Controller.UserController (BAKERBAZZAR.API).
2024-11-15 17:13:45.681 +05:30  INF  Executing ObjectResult, writing value of type 'BAKERBAZZAR.API.Models.ApiResponse'.
2024-11-15 17:13:45.681 +05:30  INF  Executed action BAKERBAZZAR.API.Controller.UserController.GetAddress (BAKERBAZZAR.API) in 0.7775ms
2024-11-15 17:13:45.681 +05:30  INF  Executed endpoint 'BAKERBAZZAR.API.Controller.UserController.GetAddress (BAKERBAZZAR.API)'
2024-11-15 17:13:45.681 +05:30  INF  Request finished HTTP/1.1 GET http://localhost:5145/User/GetMyAddresses?displayid=a8701061-246f-4f0a-b7db-cf788913b18d - - - 200 - application/json;+charset=utf-8 1.0496ms
2024-11-15 17:14:01.049 +05:30  INF  Request starting HTTP/1.1 OPTIONS http://localhost:5145/User/UpsetAddress - -
2024-11-15 17:14:01.049 +05:30  INF  CORS policy execution successful.
2024-11-15 17:14:01.050 +05:30  INF  Request finished HTTP/1.1 OPTIONS http://localhost:5145/User/UpsetAddress - - - 204 - - 0.1936ms
2024-11-15 17:14:01.050 +05:30  INF  Request starting HTTP/1.1 POST http://localhost:5145/User/UpsetAddress application/json 282
2024-11-15 17:14:01.050 +05:30  INF  CORS policy execution successful.
2024-11-15 17:14:01.050 +05:30  INF  Executing endpoint 'BAKERBAZZAR.API.Controller.UserController.UpsetAddress (BAKERBAZZAR.API)'
2024-11-15 17:14:01.050 +05:30  INF  Route matched with {action = "UpsetAddress", controller = "User"}. Executing controller action with signature System.Threading.Tasks.Task`1[Microsoft.AspNetCore.Mvc.ActionResult`1[BAKERBAZZAR.API.Models.ApiResponse]] UpsetAddress(BAKERBAZZAR.API.Models.IO_Templates.SetAddress) on controller BAKERBAZZAR.API.Controller.UserController (BAKERBAZZAR.API).
2024-11-15 17:14:01.055 +05:30  INF  Executing ObjectResult, writing value of type 'BAKERBAZZAR.API.Models.ApiResponse'.
2024-11-15 17:14:01.056 +05:30  INF  Executed action BAKERBAZZAR.API.Controller.UserController.UpsetAddress (BAKERBAZZAR.API) in 5.0208ms
2024-11-15 17:14:01.056 +05:30  INF  Executed endpoint 'BAKERBAZZAR.API.Controller.UserController.UpsetAddress (BAKERBAZZAR.API)'
2024-11-15 17:14:01.056 +05:30  INF  Request finished HTTP/1.1 POST http://localhost:5145/User/UpsetAddress application/json 282 - 200 - application/json;+charset=utf-8 5.3442ms
2024-11-15 17:14:01.078 +05:30  INF  Request starting HTTP/1.1 GET http://localhost:5145/User/GetMyAddresses?displayid=a8701061-246f-4f0a-b7db-cf788913b18d - -
2024-11-15 17:14:01.078 +05:30  INF  CORS policy execution successful.
2024-11-15 17:14:01.078 +05:30  INF  Executing endpoint 'BAKERBAZZAR.API.Controller.UserController.GetAddress (BAKERBAZZAR.API)'
2024-11-15 17:14:01.078 +05:30  INF  Route matched with {action = "GetAddress", controller = "User"}. Executing controller action with signature System.Threading.Tasks.Task`1[Microsoft.AspNetCore.Mvc.ActionResult`1[BAKERBAZZAR.API.Models.ApiResponse]] GetAddress(System.String) on controller BAKERBAZZAR.API.Controller.UserController (BAKERBAZZAR.API).
2024-11-15 17:14:01.080 +05:30  INF  Executing ObjectResult, writing value of type 'BAKERBAZZAR.API.Models.ApiResponse'.
2024-11-15 17:14:01.080 +05:30  INF  Executed action BAKERBAZZAR.API.Controller.UserController.GetAddress (BAKERBAZZAR.API) in 1.8666ms
2024-11-15 17:14:01.080 +05:30  INF  Executed endpoint 'BAKERBAZZAR.API.Controller.UserController.GetAddress (BAKERBAZZAR.API)'
2024-11-15 17:14:01.080 +05:30  INF  Request finished HTTP/1.1 GET http://localhost:5145/User/GetMyAddresses?displayid=a8701061-246f-4f0a-b7db-cf788913b18d - - - 200 - application/json;+charset=utf-8 2.3957ms
2024-11-15 17:14:01.085 +05:30  INF  Request starting HTTP/1.1 GET http://localhost:5145/User/GetMyAddresses?displayid=a8701061-246f-4f0a-b7db-cf788913b18d - -
2024-11-15 17:14:01.086 +05:30  INF  CORS policy execution successful.
2024-11-15 17:14:01.086 +05:30  INF  Executing endpoint 'BAKERBAZZAR.API.Controller.UserController.GetAddress (BAKERBAZZAR.API)'
2024-11-15 17:14:01.086 +05:30  INF  Route matched with {action = "GetAddress", controller = "User"}. Executing controller action with signature System.Threading.Tasks.Task`1[Microsoft.AspNetCore.Mvc.ActionResult`1[BAKERBAZZAR.API.Models.ApiResponse]] GetAddress(System.String) on controller BAKERBAZZAR.API.Controller.UserController (BAKERBAZZAR.API).
2024-11-15 17:14:01.090 +05:30  INF  Executing ObjectResult, writing value of type 'BAKERBAZZAR.API.Models.ApiResponse'.
2024-11-15 17:14:01.090 +05:30  INF  Executed action BAKERBAZZAR.API.Controller.UserController.GetAddress (BAKERBAZZAR.API) in 3.8644ms
2024-11-15 17:14:01.090 +05:30  INF  Executed endpoint 'BAKERBAZZAR.API.Controller.UserController.GetAddress (BAKERBAZZAR.API)'
2024-11-15 17:14:01.090 +05:30  INF  Request finished HTTP/1.1 GET http://localhost:5145/User/GetMyAddresses?displayid=a8701061-246f-4f0a-b7db-cf788913b18d - - - 200 - application/json;+charset=utf-8 4.8016ms
2024-11-15 17:14:06.117 +05:30  INF  Request starting HTTP/1.1 OPTIONS http://localhost:5145/user/changeaddress?displayid=a8701061-246f-4f0a-b7db-cf788913b18d&recordid=1044 - -
2024-11-15 17:14:06.117 +05:30  INF  CORS policy execution successful.
2024-11-15 17:14:06.117 +05:30  INF  Request finished HTTP/1.1 OPTIONS http://localhost:5145/user/changeaddress?displayid=a8701061-246f-4f0a-b7db-cf788913b18d&recordid=1044 - - - 204 - - 0.1594ms
2024-11-15 17:14:06.117 +05:30  INF  Request starting HTTP/1.1 PUT http://localhost:5145/user/changeaddress?displayid=a8701061-246f-4f0a-b7db-cf788913b18d&recordid=1044 - 0
2024-11-15 17:14:06.118 +05:30  INF  CORS policy execution successful.
2024-11-15 17:14:06.118 +05:30  INF  Executing endpoint 'BAKERBAZZAR.API.Controller.UserController.ChangeAddress (BAKERBAZZAR.API)'
2024-11-15 17:14:06.118 +05:30  INF  Route matched with {action = "ChangeAddress", controller = "User"}. Executing controller action with signature System.Threading.Tasks.Task`1[Microsoft.AspNetCore.Mvc.ActionResult`1[BAKERBAZZAR.API.Models.ApiResponse]] ChangeAddress(System.String, Int32) on controller BAKERBAZZAR.API.Controller.UserController (BAKERBAZZAR.API).
2024-11-15 17:14:06.121 +05:30  INF  Executing ObjectResult, writing value of type 'BAKERBAZZAR.API.Models.ApiResponse'.
2024-11-15 17:14:06.121 +05:30  INF  Executed action BAKERBAZZAR.API.Controller.UserController.ChangeAddress (BAKERBAZZAR.API) in 3.1833ms
2024-11-15 17:14:06.121 +05:30  INF  Executed endpoint 'BAKERBAZZAR.API.Controller.UserController.ChangeAddress (BAKERBAZZAR.API)'
2024-11-15 17:14:06.121 +05:30  INF  Request finished HTTP/1.1 PUT http://localhost:5145/user/changeaddress?displayid=a8701061-246f-4f0a-b7db-cf788913b18d&recordid=1044 - 0 - 200 - application/json;+charset=utf-8 3.4210ms
2024-11-15 17:14:21.456 +05:30  INF  Request starting HTTP/1.1 OPTIONS http://localhost:5145/user/updateprofile - -
2024-11-15 17:14:21.456 +05:30  INF  CORS policy execution successful.
2024-11-15 17:14:21.456 +05:30  INF  Request finished HTTP/1.1 OPTIONS http://localhost:5145/user/updateprofile - - - 204 - - 0.2240ms
2024-11-15 17:14:21.457 +05:30  INF  Request starting HTTP/1.1 POST http://localhost:5145/user/updateprofile application/json 146
2024-11-15 17:14:21.458 +05:30  INF  CORS policy execution successful.
2024-11-15 17:14:21.458 +05:30  INF  Executing endpoint 'BAKERBAZZAR.API.Controller.UserController.UpdateProfile (BAKERBAZZAR.API)'
2024-11-15 17:14:21.458 +05:30  INF  Route matched with {action = "UpdateProfile", controller = "User"}. Executing controller action with signature System.Threading.Tasks.Task`1[Microsoft.AspNetCore.Mvc.ActionResult`1[BAKERBAZZAR.API.Models.ApiResponse]] UpdateProfile(BAKERBAZZAR.API.Entities.clsProfile) on controller BAKERBAZZAR.API.Controller.UserController (BAKERBAZZAR.API).
2024-11-15 17:14:21.461 +05:30  INF  Executing ObjectResult, writing value of type 'BAKERBAZZAR.API.Models.ApiResponse'.
2024-11-15 17:14:21.461 +05:30  INF  Executed action BAKERBAZZAR.API.Controller.UserController.UpdateProfile (BAKERBAZZAR.API) in 3.7312ms
2024-11-15 17:14:21.461 +05:30  INF  Executed endpoint 'BAKERBAZZAR.API.Controller.UserController.UpdateProfile (BAKERBAZZAR.API)'
2024-11-15 17:14:21.461 +05:30  INF  Request finished HTTP/1.1 POST http://localhost:5145/user/updateprofile application/json 146 - 200 - application/json;+charset=utf-8 4.0338ms
2024-11-15 17:14:23.817 +05:30  INF  Request starting HTTP/1.1 OPTIONS http://localhost:5145/Authentication/Login - -
2024-11-15 17:14:23.817 +05:30  INF  CORS policy execution successful.
2024-11-15 17:14:23.817 +05:30  INF  Request finished HTTP/1.1 OPTIONS http://localhost:5145/Authentication/Login - - - 204 - - 0.2518ms
2024-11-15 17:14:23.818 +05:30  INF  Request starting HTTP/1.1 POST http://localhost:5145/Authentication/Login application/json 43
2024-11-15 17:14:23.818 +05:30  INF  CORS policy execution successful.
2024-11-15 17:14:23.818 +05:30  INF  Executing endpoint 'BAKERBAZZAR.API.Controller.AuthenticationController.VerifyUser (BAKERBAZZAR.API)'
2024-11-15 17:14:23.819 +05:30  INF  Route matched with {action = "VerifyUser", controller = "Authentication"}. Executing controller action with signature System.Threading.Tasks.Task`1[Microsoft.AspNetCore.Mvc.ActionResult`1[BAKERBAZZAR.API.Models.ApiResponse]] VerifyUser(BAKERBAZZAR.API.Models.IO_Templates.LoginRequest) on controller BAKERBAZZAR.API.Controller.AuthenticationController (BAKERBAZZAR.API).
2024-11-15 17:14:23.819 +05:30  INF  verify user execution start
2024-11-15 17:14:23.824 +05:30  INF  verify user execution end
2024-11-15 17:14:23.824 +05:30  INF  Executing ObjectResult, writing value of type 'BAKERBAZZAR.API.Models.ApiResponse'.
2024-11-15 17:14:23.824 +05:30  INF  Executed action BAKERBAZZAR.API.Controller.AuthenticationController.VerifyUser (BAKERBAZZAR.API) in 5.4718ms
2024-11-15 17:14:23.824 +05:30  INF  Executed endpoint 'BAKERBAZZAR.API.Controller.AuthenticationController.VerifyUser (BAKERBAZZAR.API)'
2024-11-15 17:14:23.824 +05:30  INF  Request finished HTTP/1.1 POST http://localhost:5145/Authentication/Login application/json 43 - 200 - application/json;+charset=utf-8 5.7347ms
2024-11-15 17:14:34.427 +05:30  INF  Request starting HTTP/1.1 OPTIONS http://localhost:5145/Authentication/Login - -
2024-11-15 17:14:34.427 +05:30  INF  CORS policy execution successful.
2024-11-15 17:14:34.427 +05:30  INF  Request finished HTTP/1.1 OPTIONS http://localhost:5145/Authentication/Login - - - 204 - - 0.1560ms
2024-11-15 17:14:34.428 +05:30  INF  Request starting HTTP/1.1 POST http://localhost:5145/Authentication/Login application/json 46
2024-11-15 17:14:34.428 +05:30  INF  CORS policy execution successful.
2024-11-15 17:14:34.428 +05:30  INF  Executing endpoint 'BAKERBAZZAR.API.Controller.AuthenticationController.VerifyUser (BAKERBAZZAR.API)'
2024-11-15 17:14:34.428 +05:30  INF  Route matched with {action = "VerifyUser", controller = "Authentication"}. Executing controller action with signature System.Threading.Tasks.Task`1[Microsoft.AspNetCore.Mvc.ActionResult`1[BAKERBAZZAR.API.Models.ApiResponse]] VerifyUser(BAKERBAZZAR.API.Models.IO_Templates.LoginRequest) on controller BAKERBAZZAR.API.Controller.AuthenticationController (BAKERBAZZAR.API).
2024-11-15 17:14:34.428 +05:30  INF  verify user execution start
2024-11-15 17:14:34.441 +05:30  INF  verify user execution end
2024-11-15 17:14:34.441 +05:30  INF  Executing ObjectResult, writing value of type 'BAKERBAZZAR.API.Models.ApiResponse'.
2024-11-15 17:14:34.441 +05:30  INF  Executed action BAKERBAZZAR.API.Controller.AuthenticationController.VerifyUser (BAKERBAZZAR.API) in 13.066ms
2024-11-15 17:14:34.441 +05:30  INF  Executed endpoint 'BAKERBAZZAR.API.Controller.AuthenticationController.VerifyUser (BAKERBAZZAR.API)'
2024-11-15 17:14:34.441 +05:30  INF  Request finished HTTP/1.1 POST http://localhost:5145/Authentication/Login application/json 46 - 200 - application/json;+charset=utf-8 13.3356ms
2024-11-15 17:14:47.020 +05:30  INF  Request starting HTTP/1.1 GET http://localhost:5145/user/myorders?displayid=a8701061-246f-4f0a-b7db-cf788913b18d - -
2024-11-15 17:14:47.021 +05:30  INF  CORS policy execution successful.
2024-11-15 17:14:47.021 +05:30  INF  Executing endpoint 'BAKERBAZZAR.API.Controller.UserController.MyOrders (BAKERBAZZAR.API)'
2024-11-15 17:14:47.021 +05:30  INF  Route matched with {action = "MyOrders", controller = "User"}. Executing controller action with signature System.Threading.Tasks.Task`1[Microsoft.AspNetCore.Mvc.ActionResult`1[BAKERBAZZAR.API.Models.ApiResponse]] MyOrders(System.String, System.String, System.String) on controller BAKERBAZZAR.API.Controller.UserController (BAKERBAZZAR.API).
2024-11-15 17:14:47.057 +05:30  INF  Executing ObjectResult, writing value of type 'BAKERBAZZAR.API.Models.ApiResponse'.
2024-11-15 17:14:47.058 +05:30  INF  Executed action BAKERBAZZAR.API.Controller.UserController.MyOrders (BAKERBAZZAR.API) in 36.8219ms
2024-11-15 17:14:47.058 +05:30  INF  Executed endpoint 'BAKERBAZZAR.API.Controller.UserController.MyOrders (BAKERBAZZAR.API)'
2024-11-15 17:14:47.058 +05:30  INF  Request finished HTTP/1.1 GET http://localhost:5145/user/myorders?displayid=a8701061-246f-4f0a-b7db-cf788913b18d - - - 200 - application/json;+charset=utf-8 37.1901ms
2024-11-15 17:14:47.059 +05:30  INF  Request starting HTTP/1.1 GET http://localhost:5145/user/myorders?displayid=a8701061-246f-4f0a-b7db-cf788913b18d - -
2024-11-15 17:14:47.059 +05:30  INF  CORS policy execution successful.
2024-11-15 17:14:47.059 +05:30  INF  Executing endpoint 'BAKERBAZZAR.API.Controller.UserController.MyOrders (BAKERBAZZAR.API)'
2024-11-15 17:14:47.059 +05:30  INF  Route matched with {action = "MyOrders", controller = "User"}. Executing controller action with signature System.Threading.Tasks.Task`1[Microsoft.AspNetCore.Mvc.ActionResult`1[BAKERBAZZAR.API.Models.ApiResponse]] MyOrders(System.String, System.String, System.String) on controller BAKERBAZZAR.API.Controller.UserController (BAKERBAZZAR.API).
2024-11-15 17:14:47.061 +05:30  INF  Executing ObjectResult, writing value of type 'BAKERBAZZAR.API.Models.ApiResponse'.
2024-11-15 17:14:47.061 +05:30  INF  Executed action BAKERBAZZAR.API.Controller.UserController.MyOrders (BAKERBAZZAR.API) in 1.6853ms
2024-11-15 17:14:47.061 +05:30  INF  Executed endpoint 'BAKERBAZZAR.API.Controller.UserController.MyOrders (BAKERBAZZAR.API)'
2024-11-15 17:14:47.061 +05:30  INF  Request finished HTTP/1.1 GET http://localhost:5145/user/myorders?displayid=a8701061-246f-4f0a-b7db-cf788913b18d - - - 200 - application/json;+charset=utf-8 1.9667ms
2024-11-15 17:14:50.761 +05:30  INF  Request starting HTTP/1.1 GET http://localhost:5145/User/GetMyAddresses?displayid=a8701061-246f-4f0a-b7db-cf788913b18d - -
2024-11-15 17:14:50.761 +05:30  INF  CORS policy execution successful.
2024-11-15 17:14:50.761 +05:30  INF  Executing endpoint 'BAKERBAZZAR.API.Controller.UserController.GetAddress (BAKERBAZZAR.API)'
2024-11-15 17:14:50.761 +05:30  INF  Route matched with {action = "GetAddress", controller = "User"}. Executing controller action with signature System.Threading.Tasks.Task`1[Microsoft.AspNetCore.Mvc.ActionResult`1[BAKERBAZZAR.API.Models.ApiResponse]] GetAddress(System.String) on controller BAKERBAZZAR.API.Controller.UserController (BAKERBAZZAR.API).
2024-11-15 17:14:50.764 +05:30  INF  Executing ObjectResult, writing value of type 'BAKERBAZZAR.API.Models.ApiResponse'.
2024-11-15 17:14:50.765 +05:30  INF  Executed action BAKERBAZZAR.API.Controller.UserController.GetAddress (BAKERBAZZAR.API) in 3.7581ms
2024-11-15 17:14:50.765 +05:30  INF  Executed endpoint 'BAKERBAZZAR.API.Controller.UserController.GetAddress (BAKERBAZZAR.API)'
2024-11-15 17:14:50.765 +05:30  INF  Request finished HTTP/1.1 GET http://localhost:5145/User/GetMyAddresses?displayid=a8701061-246f-4f0a-b7db-cf788913b18d - - - 200 - application/json;+charset=utf-8 4.1177ms
2024-11-15 17:14:50.766 +05:30  INF  Request starting HTTP/1.1 GET http://localhost:5145/User/GetMyAddresses?displayid=a8701061-246f-4f0a-b7db-cf788913b18d - -
2024-11-15 17:14:50.766 +05:30  INF  CORS policy execution successful.
2024-11-15 17:14:50.766 +05:30  INF  Executing endpoint 'BAKERBAZZAR.API.Controller.UserController.GetAddress (BAKERBAZZAR.API)'
2024-11-15 17:14:50.766 +05:30  INF  Route matched with {action = "GetAddress", controller = "User"}. Executing controller action with signature System.Threading.Tasks.Task`1[Microsoft.AspNetCore.Mvc.ActionResult`1[BAKERBAZZAR.API.Models.ApiResponse]] GetAddress(System.String) on controller BAKERBAZZAR.API.Controller.UserController (BAKERBAZZAR.API).
2024-11-15 17:14:50.767 +05:30  INF  Executing ObjectResult, writing value of type 'BAKERBAZZAR.API.Models.ApiResponse'.
2024-11-15 17:14:50.767 +05:30  INF  Executed action BAKERBAZZAR.API.Controller.UserController.GetAddress (BAKERBAZZAR.API) in 0.9437ms
2024-11-15 17:14:50.767 +05:30  INF  Executed endpoint 'BAKERBAZZAR.API.Controller.UserController.GetAddress (BAKERBAZZAR.API)'
2024-11-15 17:14:50.767 +05:30  INF  Request finished HTTP/1.1 GET http://localhost:5145/User/GetMyAddresses?displayid=a8701061-246f-4f0a-b7db-cf788913b18d - - - 200 - application/json;+charset=utf-8 1.1914ms
2024-11-15 17:15:21.785 +05:30  INF  Request starting HTTP/1.1 OPTIONS http://localhost:5145/User/AddToCart - -
2024-11-15 17:15:21.786 +05:30  INF  CORS policy execution successful.
2024-11-15 17:15:21.786 +05:30  INF  Request finished HTTP/1.1 OPTIONS http://localhost:5145/User/AddToCart - - - 204 - - 0.1584ms
2024-11-15 17:15:21.786 +05:30  INF  Request starting HTTP/1.1 POST http://localhost:5145/User/AddToCart application/json 140
2024-11-15 17:15:21.786 +05:30  INF  CORS policy execution successful.
2024-11-15 17:15:21.786 +05:30  INF  Executing endpoint 'BAKERBAZZAR.API.Controller.UserController.AddToCart (BAKERBAZZAR.API)'
2024-11-15 17:15:21.786 +05:30  INF  Route matched with {action = "AddToCart", controller = "User"}. Executing controller action with signature System.Threading.Tasks.Task`1[Microsoft.AspNetCore.Mvc.ActionResult`1[BAKERBAZZAR.API.Models.ApiResponse]] AddToCart(BAKERBAZZAR.API.Models.IO_Templates.AddToCartRequest) on controller BAKERBAZZAR.API.Controller.UserController (BAKERBAZZAR.API).
2024-11-15 17:15:21.809 +05:30  INF  Executing ObjectResult, writing value of type 'BAKERBAZZAR.API.Models.ApiResponse'.
2024-11-15 17:15:21.809 +05:30  INF  Executed action BAKERBAZZAR.API.Controller.UserController.AddToCart (BAKERBAZZAR.API) in 22.5806ms
2024-11-15 17:15:21.809 +05:30  INF  Executed endpoint 'BAKERBAZZAR.API.Controller.UserController.AddToCart (BAKERBAZZAR.API)'
2024-11-15 17:15:21.809 +05:30  INF  Request finished HTTP/1.1 POST http://localhost:5145/User/AddToCart application/json 140 - 200 - application/json;+charset=utf-8 22.8387ms
2024-11-15 17:15:22.916 +05:30  INF  Request starting HTTP/1.1 GET http://localhost:5145/User/CartDetails?displayid=7a43610a-fad7-458b-92db-1d26615e4b06 - -
2024-11-15 17:15:22.916 +05:30  INF  CORS policy execution successful.
2024-11-15 17:15:22.916 +05:30  INF  Executing endpoint 'BAKERBAZZAR.API.Controller.UserController.CartDetails (BAKERBAZZAR.API)'
2024-11-15 17:15:22.916 +05:30  INF  Route matched with {action = "CartDetails", controller = "User"}. Executing controller action with signature System.Threading.Tasks.Task`1[Microsoft.AspNetCore.Mvc.ActionResult`1[BAKERBAZZAR.API.Models.ApiResponse]] CartDetails(System.String) on controller BAKERBAZZAR.API.Controller.UserController (BAKERBAZZAR.API).
2024-11-15 17:15:22.938 +05:30  INF  Executing ObjectResult, writing value of type 'BAKERBAZZAR.API.Models.ApiResponse'.
2024-11-15 17:15:22.938 +05:30  INF  Executed action BAKERBAZZAR.API.Controller.UserController.CartDetails (BAKERBAZZAR.API) in 21.8687ms
2024-11-15 17:15:22.938 +05:30  INF  Executed endpoint 'BAKERBAZZAR.API.Controller.UserController.CartDetails (BAKERBAZZAR.API)'
2024-11-15 17:15:22.938 +05:30  INF  Request finished HTTP/1.1 GET http://localhost:5145/User/CartDetails?displayid=7a43610a-fad7-458b-92db-1d26615e4b06 - - - 200 - application/json;+charset=utf-8 22.6663ms
2024-11-15 17:15:22.940 +05:30  INF  Request starting HTTP/1.1 GET http://localhost:5145/User/CartDetails?displayid=7a43610a-fad7-458b-92db-1d26615e4b06 - -
2024-11-15 17:15:22.941 +05:30  INF  CORS policy execution successful.
2024-11-15 17:15:22.941 +05:30  INF  Executing endpoint 'BAKERBAZZAR.API.Controller.UserController.CartDetails (BAKERBAZZAR.API)'
2024-11-15 17:15:22.941 +05:30  INF  Route matched with {action = "CartDetails", controller = "User"}. Executing controller action with signature System.Threading.Tasks.Task`1[Microsoft.AspNetCore.Mvc.ActionResult`1[BAKERBAZZAR.API.Models.ApiResponse]] CartDetails(System.String) on controller BAKERBAZZAR.API.Controller.UserController (BAKERBAZZAR.API).
2024-11-15 17:15:22.944 +05:30  INF  Executing ObjectResult, writing value of type 'BAKERBAZZAR.API.Models.ApiResponse'.
2024-11-15 17:15:22.944 +05:30  INF  Executed action BAKERBAZZAR.API.Controller.UserController.CartDetails (BAKERBAZZAR.API) in 3.492ms
2024-11-15 17:15:22.945 +05:30  INF  Executed endpoint 'BAKERBAZZAR.API.Controller.UserController.CartDetails (BAKERBAZZAR.API)'
2024-11-15 17:15:22.945 +05:30  INF  Request finished HTTP/1.1 GET http://localhost:5145/User/CartDetails?displayid=7a43610a-fad7-458b-92db-1d26615e4b06 - - - 200 - application/json;+charset=utf-8 4.2712ms
2024-11-15 17:15:22.947 +05:30  INF  Request starting HTTP/1.1 OPTIONS http://localhost:5145/user/updatecartitem?linerid=348&qty=1 - -
2024-11-15 17:15:22.947 +05:30  INF  CORS policy execution successful.
2024-11-15 17:15:22.947 +05:30  INF  Request finished HTTP/1.1 OPTIONS http://localhost:5145/user/updatecartitem?linerid=348&qty=1 - - - 204 - - 0.1415ms
2024-11-15 17:15:22.947 +05:30  INF  Request starting HTTP/1.1 OPTIONS http://localhost:5145/user/updatecartitem?linerid=348&qty=1 - -
2024-11-15 17:15:22.947 +05:30  INF  CORS policy execution successful.
2024-11-15 17:15:22.947 +05:30  INF  Request finished HTTP/1.1 OPTIONS http://localhost:5145/user/updatecartitem?linerid=348&qty=1 - - - 204 - - 0.0768ms
2024-11-15 17:15:22.948 +05:30  INF  Request starting HTTP/1.1 PUT http://localhost:5145/user/updatecartitem?linerid=348&qty=1 - 0
2024-11-15 17:15:22.948 +05:30  INF  CORS policy execution successful.
2024-11-15 17:15:22.948 +05:30  INF  Executing endpoint 'BAKERBAZZAR.API.Controller.UserController.UpdateCartItem (BAKERBAZZAR.API)'
2024-11-15 17:15:22.948 +05:30  INF  Route matched with {action = "UpdateCartItem", controller = "User"}. Executing controller action with signature System.Threading.Tasks.Task`1[Microsoft.AspNetCore.Mvc.ActionResult`1[BAKERBAZZAR.API.Models.ApiResponse]] UpdateCartItem(Int32, Int32) on controller BAKERBAZZAR.API.Controller.UserController (BAKERBAZZAR.API).
2024-11-15 17:15:22.948 +05:30  INF  Request starting HTTP/1.1 PUT http://localhost:5145/user/updatecartitem?linerid=348&qty=1 - 0
2024-11-15 17:15:22.948 +05:30  INF  CORS policy execution successful.
2024-11-15 17:15:22.948 +05:30  INF  Executing endpoint 'BAKERBAZZAR.API.Controller.UserController.UpdateCartItem (BAKERBAZZAR.API)'
2024-11-15 17:15:22.948 +05:30  INF  Route matched with {action = "UpdateCartItem", controller = "User"}. Executing controller action with signature System.Threading.Tasks.Task`1[Microsoft.AspNetCore.Mvc.ActionResult`1[BAKERBAZZAR.API.Models.ApiResponse]] UpdateCartItem(Int32, Int32) on controller BAKERBAZZAR.API.Controller.UserController (BAKERBAZZAR.API).
2024-11-15 17:15:22.949 +05:30  INF  Request starting HTTP/1.1 GET http://localhost:5145/User/CartDetails?displayid=7a43610a-fad7-458b-92db-1d26615e4b06 - -
2024-11-15 17:15:22.949 +05:30  INF  CORS policy execution successful.
2024-11-15 17:15:22.949 +05:30  INF  Executing endpoint 'BAKERBAZZAR.API.Controller.UserController.CartDetails (BAKERBAZZAR.API)'
2024-11-15 17:15:22.949 +05:30  INF  Route matched with {action = "CartDetails", controller = "User"}. Executing controller action with signature System.Threading.Tasks.Task`1[Microsoft.AspNetCore.Mvc.ActionResult`1[BAKERBAZZAR.API.Models.ApiResponse]] CartDetails(System.String) on controller BAKERBAZZAR.API.Controller.UserController (BAKERBAZZAR.API).
2024-11-15 17:15:22.952 +05:30  INF  Executing ObjectResult, writing value of type 'BAKERBAZZAR.API.Models.ApiResponse'.
2024-11-15 17:15:22.952 +05:30  INF  Executed action BAKERBAZZAR.API.Controller.UserController.CartDetails (BAKERBAZZAR.API) in 2.4508ms
2024-11-15 17:15:22.952 +05:30  INF  Executed endpoint 'BAKERBAZZAR.API.Controller.UserController.CartDetails (BAKERBAZZAR.API)'
2024-11-15 17:15:22.952 +05:30  INF  Request finished HTTP/1.1 GET http://localhost:5145/User/CartDetails?displayid=7a43610a-fad7-458b-92db-1d26615e4b06 - - - 200 - application/json;+charset=utf-8 2.8148ms
2024-11-15 17:15:22.956 +05:30  INF  Executing ObjectResult, writing value of type 'BAKERBAZZAR.API.Models.ApiResponse'.
2024-11-15 17:15:22.956 +05:30  INF  Executing ObjectResult, writing value of type 'BAKERBAZZAR.API.Models.ApiResponse'.
2024-11-15 17:15:22.956 +05:30  INF  Executed action BAKERBAZZAR.API.Controller.UserController.UpdateCartItem (BAKERBAZZAR.API) in 8.0179ms
2024-11-15 17:15:22.956 +05:30  INF  Executed action BAKERBAZZAR.API.Controller.UserController.UpdateCartItem (BAKERBAZZAR.API) in 7.8742ms
2024-11-15 17:15:22.956 +05:30  INF  Executed endpoint 'BAKERBAZZAR.API.Controller.UserController.UpdateCartItem (BAKERBAZZAR.API)'
2024-11-15 17:15:22.956 +05:30  INF  Executed endpoint 'BAKERBAZZAR.API.Controller.UserController.UpdateCartItem (BAKERBAZZAR.API)'
2024-11-15 17:15:22.956 +05:30  INF  Request finished HTTP/1.1 PUT http://localhost:5145/user/updatecartitem?linerid=348&qty=1 - 0 - 200 - application/json;+charset=utf-8 8.1417ms
2024-11-15 17:15:22.956 +05:30  INF  Request finished HTTP/1.1 PUT http://localhost:5145/user/updatecartitem?linerid=348&qty=1 - 0 - 200 - application/json;+charset=utf-8 8.3824ms
2024-11-15 17:15:27.452 +05:30  INF  Request starting HTTP/1.1 GET http://localhost:5145/user/orderdetails?displayId=7a43610a-fad7-458b-92db-1d26615e4b06&status=placeorder&addressid=1044 - -
2024-11-15 17:15:27.452 +05:30  INF  CORS policy execution successful.
2024-11-15 17:15:27.452 +05:30  INF  Executing endpoint 'BAKERBAZZAR.API.Controller.UserController.OrderDetails (BAKERBAZZAR.API)'
2024-11-15 17:15:27.452 +05:30  INF  Route matched with {action = "OrderDetails", controller = "User"}. Executing controller action with signature System.Threading.Tasks.Task`1[Microsoft.AspNetCore.Mvc.ActionResult`1[BAKERBAZZAR.API.Models.ApiResponse]] OrderDetails(System.String, System.String, Int32) on controller BAKERBAZZAR.API.Controller.UserController (BAKERBAZZAR.API).
2024-11-15 17:15:27.489 +05:30  INF  Executing ObjectResult, writing value of type 'BAKERBAZZAR.API.Models.ApiResponse'.
2024-11-15 17:15:27.490 +05:30  INF  Executed action BAKERBAZZAR.API.Controller.UserController.OrderDetails (BAKERBAZZAR.API) in 37.5151ms
2024-11-15 17:15:27.490 +05:30  INF  Executed endpoint 'BAKERBAZZAR.API.Controller.UserController.OrderDetails (BAKERBAZZAR.API)'
2024-11-15 17:15:27.490 +05:30  INF  Request finished HTTP/1.1 GET http://localhost:5145/user/orderdetails?displayId=7a43610a-fad7-458b-92db-1d26615e4b06&status=placeorder&addressid=1044 - - - 200 - application/json;+charset=utf-8 37.7760ms
2024-11-15 17:15:46.419 +05:30  INF  Request starting HTTP/1.1 GET http://localhost:5145/User/Category - -
2024-11-15 17:15:46.419 +05:30  INF  CORS policy execution successful.
2024-11-15 17:15:46.419 +05:30  INF  Executing endpoint 'BAKERBAZZAR.API.Controller.UserController.Category (BAKERBAZZAR.API)'
2024-11-15 17:15:46.419 +05:30  INF  Route matched with {action = "Category", controller = "User"}. Executing controller action with signature System.Threading.Tasks.Task`1[Microsoft.AspNetCore.Mvc.ActionResult`1[BAKERBAZZAR.API.Models.ApiResponse]] Category(System.String) on controller BAKERBAZZAR.API.Controller.UserController (BAKERBAZZAR.API).
2024-11-15 17:15:46.420 +05:30  INF  Request starting HTTP/1.1 GET http://localhost:5145/user/products?categoryid= - -
2024-11-15 17:15:46.421 +05:30  INF  CORS policy execution successful.
2024-11-15 17:15:46.421 +05:30  INF  Executing endpoint 'BAKERBAZZAR.API.Controller.UserController.Products (BAKERBAZZAR.API)'
2024-11-15 17:15:46.421 +05:30  INF  Route matched with {action = "Products", controller = "User"}. Executing controller action with signature System.Threading.Tasks.Task`1[Microsoft.AspNetCore.Mvc.ActionResult`1[BAKERBAZZAR.API.Models.ApiResponse]] Products(System.String, System.String) on controller BAKERBAZZAR.API.Controller.UserController (BAKERBAZZAR.API).
2024-11-15 17:15:46.442 +05:30  INF  Executing ObjectResult, writing value of type 'BAKERBAZZAR.API.Models.ApiResponse'.
2024-11-15 17:15:46.443 +05:30  INF  Executed action BAKERBAZZAR.API.Controller.UserController.Category (BAKERBAZZAR.API) in 23.2593ms
2024-11-15 17:15:46.443 +05:30  INF  Executed endpoint 'BAKERBAZZAR.API.Controller.UserController.Category (BAKERBAZZAR.API)'
2024-11-15 17:15:46.443 +05:30  INF  Request finished HTTP/1.1 GET http://localhost:5145/User/Category - - - 200 - application/json;+charset=utf-8 23.8380ms
2024-11-15 17:15:46.444 +05:30  INF  Executing ObjectResult, writing value of type 'BAKERBAZZAR.API.Models.ApiResponse'.
2024-11-15 17:15:46.444 +05:30  INF  Request starting HTTP/1.1 GET http://localhost:5145/User/Category - -
2024-11-15 17:15:46.444 +05:30  INF  CORS policy execution successful.
2024-11-15 17:15:46.444 +05:30  INF  Executing endpoint 'BAKERBAZZAR.API.Controller.UserController.Category (BAKERBAZZAR.API)'
2024-11-15 17:15:46.444 +05:30  INF  Route matched with {action = "Category", controller = "User"}. Executing controller action with signature System.Threading.Tasks.Task`1[Microsoft.AspNetCore.Mvc.ActionResult`1[BAKERBAZZAR.API.Models.ApiResponse]] Category(System.String) on controller BAKERBAZZAR.API.Controller.UserController (BAKERBAZZAR.API).
2024-11-15 17:15:46.445 +05:30  INF  Executed action BAKERBAZZAR.API.Controller.UserController.Products (BAKERBAZZAR.API) in 23.715ms
2024-11-15 17:15:46.445 +05:30  INF  Executed endpoint 'BAKERBAZZAR.API.Controller.UserController.Products (BAKERBAZZAR.API)'
2024-11-15 17:15:46.445 +05:30  INF  Request finished HTTP/1.1 GET http://localhost:5145/user/products?categoryid= - - - 200 - application/json;+charset=utf-8 24.4610ms
2024-11-15 17:15:46.447 +05:30  INF  Executing ObjectResult, writing value of type 'BAKERBAZZAR.API.Models.ApiResponse'.
2024-11-15 17:15:46.447 +05:30  INF  Executed action BAKERBAZZAR.API.Controller.UserController.Category (BAKERBAZZAR.API) in 2.577ms
2024-11-15 17:15:46.447 +05:30  INF  Executed endpoint 'BAKERBAZZAR.API.Controller.UserController.Category (BAKERBAZZAR.API)'
2024-11-15 17:15:46.447 +05:30  INF  Request finished HTTP/1.1 GET http://localhost:5145/User/Category - - - 200 - application/json;+charset=utf-8 3.0030ms
2024-11-15 17:15:46.447 +05:30  INF  Request starting HTTP/1.1 GET http://localhost:5145/user/products?categoryid= - -
2024-11-15 17:15:46.447 +05:30  INF  CORS policy execution successful.
2024-11-15 17:15:46.447 +05:30  INF  Executing endpoint 'BAKERBAZZAR.API.Controller.UserController.Products (BAKERBAZZAR.API)'
2024-11-15 17:15:46.447 +05:30  INF  Route matched with {action = "Products", controller = "User"}. Executing controller action with signature System.Threading.Tasks.Task`1[Microsoft.AspNetCore.Mvc.ActionResult`1[BAKERBAZZAR.API.Models.ApiResponse]] Products(System.String, System.String) on controller BAKERBAZZAR.API.Controller.UserController (BAKERBAZZAR.API).
2024-11-15 17:15:46.451 +05:30  INF  Executing ObjectResult, writing value of type 'BAKERBAZZAR.API.Models.ApiResponse'.
2024-11-15 17:15:46.452 +05:30  INF  Executed action BAKERBAZZAR.API.Controller.UserController.Products (BAKERBAZZAR.API) in 4.2861ms
2024-11-15 17:15:46.452 +05:30  INF  Executed endpoint 'BAKERBAZZAR.API.Controller.UserController.Products (BAKERBAZZAR.API)'
2024-11-15 17:15:46.452 +05:30  INF  Request finished HTTP/1.1 GET http://localhost:5145/user/products?categoryid= - - - 200 - application/json;+charset=utf-8 4.7886ms
2024-11-15 17:15:46.781 +05:30  INF  Request starting HTTP/1.1 GET http://localhost:5145/User/Category - -
2024-11-15 17:15:46.782 +05:30  INF  CORS policy execution successful.
2024-11-15 17:15:46.782 +05:30  INF  Executing endpoint 'BAKERBAZZAR.API.Controller.UserController.Category (BAKERBAZZAR.API)'
2024-11-15 17:15:46.782 +05:30  INF  Route matched with {action = "Category", controller = "User"}. Executing controller action with signature System.Threading.Tasks.Task`1[Microsoft.AspNetCore.Mvc.ActionResult`1[BAKERBAZZAR.API.Models.ApiResponse]] Category(System.String) on controller BAKERBAZZAR.API.Controller.UserController (BAKERBAZZAR.API).
2024-11-15 17:15:46.782 +05:30  INF  Request starting HTTP/1.1 GET http://localhost:5145/user/products?categoryid= - -
2024-11-15 17:15:46.782 +05:30  INF  CORS policy execution successful.
2024-11-15 17:15:46.782 +05:30  INF  Executing endpoint 'BAKERBAZZAR.API.Controller.UserController.Products (BAKERBAZZAR.API)'
2024-11-15 17:15:46.782 +05:30  INF  Route matched with {action = "Products", controller = "User"}. Executing controller action with signature System.Threading.Tasks.Task`1[Microsoft.AspNetCore.Mvc.ActionResult`1[BAKERBAZZAR.API.Models.ApiResponse]] Products(System.String, System.String) on controller BAKERBAZZAR.API.Controller.UserController (BAKERBAZZAR.API).
2024-11-15 17:15:46.802 +05:30  INF  Executing ObjectResult, writing value of type 'BAKERBAZZAR.API.Models.ApiResponse'.
2024-11-15 17:15:46.802 +05:30  INF  Executed action BAKERBAZZAR.API.Controller.UserController.Category (BAKERBAZZAR.API) in 20.5063ms
2024-11-15 17:15:46.802 +05:30  INF  Executed endpoint 'BAKERBAZZAR.API.Controller.UserController.Category (BAKERBAZZAR.API)'
2024-11-15 17:15:46.802 +05:30  INF  Request finished HTTP/1.1 GET http://localhost:5145/User/Category - - - 200 - application/json;+charset=utf-8 21.0641ms
2024-11-15 17:15:46.804 +05:30  INF  Request starting HTTP/1.1 GET http://localhost:5145/User/Category - -
2024-11-15 17:15:46.804 +05:30  INF  CORS policy execution successful.
2024-11-15 17:15:46.804 +05:30  INF  Executing endpoint 'BAKERBAZZAR.API.Controller.UserController.Category (BAKERBAZZAR.API)'
2024-11-15 17:15:46.804 +05:30  INF  Route matched with {action = "Category", controller = "User"}. Executing controller action with signature System.Threading.Tasks.Task`1[Microsoft.AspNetCore.Mvc.ActionResult`1[BAKERBAZZAR.API.Models.ApiResponse]] Category(System.String) on controller BAKERBAZZAR.API.Controller.UserController (BAKERBAZZAR.API).
2024-11-15 17:15:46.806 +05:30  INF  Executing ObjectResult, writing value of type 'BAKERBAZZAR.API.Models.ApiResponse'.
2024-11-15 17:15:46.807 +05:30  INF  Executed action BAKERBAZZAR.API.Controller.UserController.Products (BAKERBAZZAR.API) in 25.0772ms
2024-11-15 17:15:46.807 +05:30  INF  Executed endpoint 'BAKERBAZZAR.API.Controller.UserController.Products (BAKERBAZZAR.API)'
2024-11-15 17:15:46.807 +05:30  INF  Request finished HTTP/1.1 GET http://localhost:5145/user/products?categoryid= - - - 200 - application/json;+charset=utf-8 25.5682ms
2024-11-15 17:15:46.810 +05:30  INF  Request starting HTTP/1.1 GET http://localhost:5145/user/products?categoryid= - -
2024-11-15 17:15:46.811 +05:30  INF  CORS policy execution successful.
2024-11-15 17:15:46.811 +05:30  INF  Executing endpoint 'BAKERBAZZAR.API.Controller.UserController.Products (BAKERBAZZAR.API)'
2024-11-15 17:15:46.811 +05:30  INF  Route matched with {action = "Products", controller = "User"}. Executing controller action with signature System.Threading.Tasks.Task`1[Microsoft.AspNetCore.Mvc.ActionResult`1[BAKERBAZZAR.API.Models.ApiResponse]] Products(System.String, System.String) on controller BAKERBAZZAR.API.Controller.UserController (BAKERBAZZAR.API).
2024-11-15 17:15:46.823 +05:30  INF  Executing ObjectResult, writing value of type 'BAKERBAZZAR.API.Models.ApiResponse'.
2024-11-15 17:15:46.823 +05:30  INF  Executed action BAKERBAZZAR.API.Controller.UserController.Category (BAKERBAZZAR.API) in 19.1562ms
2024-11-15 17:15:46.823 +05:30  INF  Executed endpoint 'BAKERBAZZAR.API.Controller.UserController.Category (BAKERBAZZAR.API)'
2024-11-15 17:15:46.823 +05:30  INF  Request finished HTTP/1.1 GET http://localhost:5145/User/Category - - - 200 - application/json;+charset=utf-8 19.6486ms
2024-11-15 17:15:46.831 +05:30  INF  Executing ObjectResult, writing value of type 'BAKERBAZZAR.API.Models.ApiResponse'.
2024-11-15 17:15:46.832 +05:30  INF  Executed action BAKERBAZZAR.API.Controller.UserController.Products (BAKERBAZZAR.API) in 20.5705ms
2024-11-15 17:15:46.832 +05:30  INF  Executed endpoint 'BAKERBAZZAR.API.Controller.UserController.Products (BAKERBAZZAR.API)'
2024-11-15 17:15:46.832 +05:30  INF  Request finished HTTP/1.1 GET http://localhost:5145/user/products?categoryid= - - - 200 - application/json;+charset=utf-8 22.2913ms
2024-11-15 17:15:53.947 +05:30  INF  Request starting HTTP/1.1 GET http://localhost:5145/user/myorders?displayid=a8701061-246f-4f0a-b7db-cf788913b18d - -
2024-11-15 17:15:53.948 +05:30  INF  CORS policy execution successful.
2024-11-15 17:15:53.948 +05:30  INF  Executing endpoint 'BAKERBAZZAR.API.Controller.UserController.MyOrders (BAKERBAZZAR.API)'
2024-11-15 17:15:53.948 +05:30  INF  Route matched with {action = "MyOrders", controller = "User"}. Executing controller action with signature System.Threading.Tasks.Task`1[Microsoft.AspNetCore.Mvc.ActionResult`1[BAKERBAZZAR.API.Models.ApiResponse]] MyOrders(System.String, System.String, System.String) on controller BAKERBAZZAR.API.Controller.UserController (BAKERBAZZAR.API).
2024-11-15 17:15:53.978 +05:30  INF  Executing ObjectResult, writing value of type 'BAKERBAZZAR.API.Models.ApiResponse'.
2024-11-15 17:15:53.978 +05:30  INF  Executed action BAKERBAZZAR.API.Controller.UserController.MyOrders (BAKERBAZZAR.API) in 29.5238ms
2024-11-15 17:15:53.978 +05:30  INF  Executed endpoint 'BAKERBAZZAR.API.Controller.UserController.MyOrders (BAKERBAZZAR.API)'
2024-11-15 17:15:53.978 +05:30  INF  Request finished HTTP/1.1 GET http://localhost:5145/user/myorders?displayid=a8701061-246f-4f0a-b7db-cf788913b18d - - - 200 - application/json;+charset=utf-8 31.1415ms
2024-11-15 17:15:53.979 +05:30  INF  Request starting HTTP/1.1 GET http://localhost:5145/user/myorders?displayid=a8701061-246f-4f0a-b7db-cf788913b18d - -
2024-11-15 17:15:53.979 +05:30  INF  CORS policy execution successful.
2024-11-15 17:15:53.979 +05:30  INF  Executing endpoint 'BAKERBAZZAR.API.Controller.UserController.MyOrders (BAKERBAZZAR.API)'
2024-11-15 17:15:53.979 +05:30  INF  Route matched with {action = "MyOrders", controller = "User"}. Executing controller action with signature System.Threading.Tasks.Task`1[Microsoft.AspNetCore.Mvc.ActionResult`1[BAKERBAZZAR.API.Models.ApiResponse]] MyOrders(System.String, System.String, System.String) on controller BAKERBAZZAR.API.Controller.UserController (BAKERBAZZAR.API).
2024-11-15 17:15:53.982 +05:30  INF  Executing ObjectResult, writing value of type 'BAKERBAZZAR.API.Models.ApiResponse'.
2024-11-15 17:15:53.982 +05:30  INF  Executed action BAKERBAZZAR.API.Controller.UserController.MyOrders (BAKERBAZZAR.API) in 2.5426ms
2024-11-15 17:15:53.982 +05:30  INF  Executed endpoint 'BAKERBAZZAR.API.Controller.UserController.MyOrders (BAKERBAZZAR.API)'
2024-11-15 17:15:53.982 +05:30  INF  Request finished HTTP/1.1 GET http://localhost:5145/user/myorders?displayid=a8701061-246f-4f0a-b7db-cf788913b18d - - - 200 - application/json;+charset=utf-8 2.8728ms
2024-11-15 17:15:55.259 +05:30  INF  Request starting HTTP/1.1 GET http://localhost:5145/user/orderdetails?displayid=d87f3cbb-bda6-4686-ad58-47f776601207 - -
2024-11-15 17:15:55.259 +05:30  INF  CORS policy execution successful.
2024-11-15 17:15:55.259 +05:30  INF  Executing endpoint 'BAKERBAZZAR.API.Controller.UserController.OrderDetails (BAKERBAZZAR.API)'
2024-11-15 17:15:55.259 +05:30  INF  Route matched with {action = "OrderDetails", controller = "User"}. Executing controller action with signature System.Threading.Tasks.Task`1[Microsoft.AspNetCore.Mvc.ActionResult`1[BAKERBAZZAR.API.Models.ApiResponse]] OrderDetails(System.String, System.String, Int32) on controller BAKERBAZZAR.API.Controller.UserController (BAKERBAZZAR.API).
2024-11-15 17:15:55.287 +05:30  INF  Executing ObjectResult, writing value of type 'BAKERBAZZAR.API.Models.ApiResponse'.
2024-11-15 17:15:55.288 +05:30  INF  Executed action BAKERBAZZAR.API.Controller.UserController.OrderDetails (BAKERBAZZAR.API) in 28.3138ms
2024-11-15 17:15:55.288 +05:30  INF  Executed endpoint 'BAKERBAZZAR.API.Controller.UserController.OrderDetails (BAKERBAZZAR.API)'
2024-11-15 17:15:55.288 +05:30  INF  Request finished HTTP/1.1 GET http://localhost:5145/user/orderdetails?displayid=d87f3cbb-bda6-4686-ad58-47f776601207 - - - 200 - application/json;+charset=utf-8 28.6236ms
2024-11-15 17:16:01.349 +05:30  INF  Request starting HTTP/1.1 GET http://localhost:5145/user/myorders?displayid=a8701061-246f-4f0a-b7db-cf788913b18d - -
2024-11-15 17:16:01.349 +05:30  INF  CORS policy execution successful.
2024-11-15 17:16:01.349 +05:30  INF  Executing endpoint 'BAKERBAZZAR.API.Controller.UserController.MyOrders (BAKERBAZZAR.API)'
2024-11-15 17:16:01.349 +05:30  INF  Route matched with {action = "MyOrders", controller = "User"}. Executing controller action with signature System.Threading.Tasks.Task`1[Microsoft.AspNetCore.Mvc.ActionResult`1[BAKERBAZZAR.API.Models.ApiResponse]] MyOrders(System.String, System.String, System.String) on controller BAKERBAZZAR.API.Controller.UserController (BAKERBAZZAR.API).
2024-11-15 17:16:01.351 +05:30  INF  Executing ObjectResult, writing value of type 'BAKERBAZZAR.API.Models.ApiResponse'.
2024-11-15 17:16:01.352 +05:30  INF  Executed action BAKERBAZZAR.API.Controller.UserController.MyOrders (BAKERBAZZAR.API) in 2.5195ms
2024-11-15 17:16:01.352 +05:30  INF  Executed endpoint 'BAKERBAZZAR.API.Controller.UserController.MyOrders (BAKERBAZZAR.API)'
2024-11-15 17:16:01.352 +05:30  INF  Request finished HTTP/1.1 GET http://localhost:5145/user/myorders?displayid=a8701061-246f-4f0a-b7db-cf788913b18d - - - 200 - application/json;+charset=utf-8 2.8009ms
2024-11-15 17:16:01.352 +05:30  INF  Request starting HTTP/1.1 GET http://localhost:5145/user/myorders?displayid=a8701061-246f-4f0a-b7db-cf788913b18d - -
2024-11-15 17:16:01.353 +05:30  INF  CORS policy execution successful.
2024-11-15 17:16:01.353 +05:30  INF  Executing endpoint 'BAKERBAZZAR.API.Controller.UserController.MyOrders (BAKERBAZZAR.API)'
2024-11-15 17:16:01.353 +05:30  INF  Route matched with {action = "MyOrders", controller = "User"}. Executing controller action with signature System.Threading.Tasks.Task`1[Microsoft.AspNetCore.Mvc.ActionResult`1[BAKERBAZZAR.API.Models.ApiResponse]] MyOrders(System.String, System.String, System.String) on controller BAKERBAZZAR.API.Controller.UserController (BAKERBAZZAR.API).
2024-11-15 17:16:01.354 +05:30  INF  Executing ObjectResult, writing value of type 'BAKERBAZZAR.API.Models.ApiResponse'.
2024-11-15 17:16:01.355 +05:30  INF  Executed action BAKERBAZZAR.API.Controller.UserController.MyOrders (BAKERBAZZAR.API) in 2.0851ms
2024-11-15 17:16:01.355 +05:30  INF  Executed endpoint 'BAKERBAZZAR.API.Controller.UserController.MyOrders (BAKERBAZZAR.API)'
2024-11-15 17:16:01.355 +05:30  INF  Request finished HTTP/1.1 GET http://localhost:5145/user/myorders?displayid=a8701061-246f-4f0a-b7db-cf788913b18d - - - 200 - application/json;+charset=utf-8 2.3863ms
2024-11-15 17:16:16.191 +05:30  INF  Request starting HTTP/1.1 OPTIONS http://localhost:5145/User/AddToCart - -
2024-11-15 17:16:16.191 +05:30  INF  CORS policy execution successful.
2024-11-15 17:16:16.191 +05:30  INF  Request finished HTTP/1.1 OPTIONS http://localhost:5145/User/AddToCart - - - 204 - - 0.1521ms
2024-11-15 17:16:16.192 +05:30  INF  Request starting HTTP/1.1 POST http://localhost:5145/User/AddToCart application/json 140
2024-11-15 17:16:16.192 +05:30  INF  CORS policy execution successful.
2024-11-15 17:16:16.192 +05:30  INF  Executing endpoint 'BAKERBAZZAR.API.Controller.UserController.AddToCart (BAKERBAZZAR.API)'
2024-11-15 17:16:16.192 +05:30  INF  Route matched with {action = "AddToCart", controller = "User"}. Executing controller action with signature System.Threading.Tasks.Task`1[Microsoft.AspNetCore.Mvc.ActionResult`1[BAKERBAZZAR.API.Models.ApiResponse]] AddToCart(BAKERBAZZAR.API.Models.IO_Templates.AddToCartRequest) on controller BAKERBAZZAR.API.Controller.UserController (BAKERBAZZAR.API).
2024-11-15 17:16:16.201 +05:30  INF  Executing ObjectResult, writing value of type 'BAKERBAZZAR.API.Models.ApiResponse'.
2024-11-15 17:16:16.201 +05:30  INF  Executed action BAKERBAZZAR.API.Controller.UserController.AddToCart (BAKERBAZZAR.API) in 9.0445ms
2024-11-15 17:16:16.201 +05:30  INF  Executed endpoint 'BAKERBAZZAR.API.Controller.UserController.AddToCart (BAKERBAZZAR.API)'
2024-11-15 17:16:16.201 +05:30  INF  Request finished HTTP/1.1 POST http://localhost:5145/User/AddToCart application/json 140 - 200 - application/json;+charset=utf-8 9.2843ms
2024-11-15 17:16:17.313 +05:30  INF  Request starting HTTP/1.1 GET http://localhost:5145/User/CartDetails?displayid=7a43610a-fad7-458b-92db-1d26615e4b06 - -
2024-11-15 17:16:17.313 +05:30  INF  CORS policy execution successful.
2024-11-15 17:16:17.313 +05:30  INF  Executing endpoint 'BAKERBAZZAR.API.Controller.UserController.CartDetails (BAKERBAZZAR.API)'
2024-11-15 17:16:17.313 +05:30  INF  Route matched with {action = "CartDetails", controller = "User"}. Executing controller action with signature System.Threading.Tasks.Task`1[Microsoft.AspNetCore.Mvc.ActionResult`1[BAKERBAZZAR.API.Models.ApiResponse]] CartDetails(System.String) on controller BAKERBAZZAR.API.Controller.UserController (BAKERBAZZAR.API).
2024-11-15 17:16:17.328 +05:30  INF  Executing ObjectResult, writing value of type 'BAKERBAZZAR.API.Models.ApiResponse'.
2024-11-15 17:16:17.329 +05:30  INF  Executed action BAKERBAZZAR.API.Controller.UserController.CartDetails (BAKERBAZZAR.API) in 15.0167ms
2024-11-15 17:16:17.329 +05:30  INF  Executed endpoint 'BAKERBAZZAR.API.Controller.UserController.CartDetails (BAKERBAZZAR.API)'
2024-11-15 17:16:17.329 +05:30  INF  Request finished HTTP/1.1 GET http://localhost:5145/User/CartDetails?displayid=7a43610a-fad7-458b-92db-1d26615e4b06 - - - 200 - application/json;+charset=utf-8 15.5365ms
2024-11-15 17:16:17.331 +05:30  INF  Request starting HTTP/1.1 GET http://localhost:5145/User/CartDetails?displayid=7a43610a-fad7-458b-92db-1d26615e4b06 - -
2024-11-15 17:16:17.331 +05:30  INF  CORS policy execution successful.
2024-11-15 17:16:17.331 +05:30  INF  Executing endpoint 'BAKERBAZZAR.API.Controller.UserController.CartDetails (BAKERBAZZAR.API)'
2024-11-15 17:16:17.331 +05:30  INF  Route matched with {action = "CartDetails", controller = "User"}. Executing controller action with signature System.Threading.Tasks.Task`1[Microsoft.AspNetCore.Mvc.ActionResult`1[BAKERBAZZAR.API.Models.ApiResponse]] CartDetails(System.String) on controller BAKERBAZZAR.API.Controller.UserController (BAKERBAZZAR.API).
2024-11-15 17:16:17.332 +05:30  INF  Executing ObjectResult, writing value of type 'BAKERBAZZAR.API.Models.ApiResponse'.
2024-11-15 17:16:17.332 +05:30  INF  Executed action BAKERBAZZAR.API.Controller.UserController.CartDetails (BAKERBAZZAR.API) in 0.5751ms
2024-11-15 17:16:17.332 +05:30  INF  Executed endpoint 'BAKERBAZZAR.API.Controller.UserController.CartDetails (BAKERBAZZAR.API)'
2024-11-15 17:16:17.332 +05:30  INF  Request finished HTTP/1.1 GET http://localhost:5145/User/CartDetails?displayid=7a43610a-fad7-458b-92db-1d26615e4b06 - - - 200 - application/json;+charset=utf-8 0.8757ms
2024-11-15 17:21:22.925 +05:30  INF  Request starting HTTP/1.1 OPTIONS http://localhost:5145/User/AddToCart - -
2024-11-15 17:21:22.926 +05:30  INF  CORS policy execution successful.
2024-11-15 17:21:22.926 +05:30  INF  Request finished HTTP/1.1 OPTIONS http://localhost:5145/User/AddToCart - - - 204 - - 0.2186ms
2024-11-15 17:21:22.926 +05:30  INF  Request starting HTTP/1.1 POST http://localhost:5145/User/AddToCart application/json 140
2024-11-15 17:21:22.926 +05:30  INF  CORS policy execution successful.
2024-11-15 17:21:22.926 +05:30  INF  Executing endpoint 'BAKERBAZZAR.API.Controller.UserController.AddToCart (BAKERBAZZAR.API)'
2024-11-15 17:21:22.927 +05:30  INF  Route matched with {action = "AddToCart", controller = "User"}. Executing controller action with signature System.Threading.Tasks.Task`1[Microsoft.AspNetCore.Mvc.ActionResult`1[BAKERBAZZAR.API.Models.ApiResponse]] AddToCart(BAKERBAZZAR.API.Models.IO_Templates.AddToCartRequest) on controller BAKERBAZZAR.API.Controller.UserController (BAKERBAZZAR.API).
2024-11-15 17:21:22.945 +05:30  INF  Executing ObjectResult, writing value of type 'BAKERBAZZAR.API.Models.ApiResponse'.
2024-11-15 17:21:22.945 +05:30  INF  Executed action BAKERBAZZAR.API.Controller.UserController.AddToCart (BAKERBAZZAR.API) in 18.1751ms
2024-11-15 17:21:22.945 +05:30  INF  Executed endpoint 'BAKERBAZZAR.API.Controller.UserController.AddToCart (BAKERBAZZAR.API)'
2024-11-15 17:21:22.945 +05:30  INF  Request finished HTTP/1.1 POST http://localhost:5145/User/AddToCart application/json 140 - 200 - application/json;+charset=utf-8 18.5054ms
2024-11-15 17:21:24.572 +05:30  INF  Request starting HTTP/1.1 GET http://localhost:5145/User/CartDetails?displayid=7a43610a-fad7-458b-92db-1d26615e4b06 - -
2024-11-15 17:21:24.572 +05:30  INF  CORS policy execution successful.
2024-11-15 17:21:24.572 +05:30  INF  Executing endpoint 'BAKERBAZZAR.API.Controller.UserController.CartDetails (BAKERBAZZAR.API)'
2024-11-15 17:21:24.572 +05:30  INF  Route matched with {action = "CartDetails", controller = "User"}. Executing controller action with signature System.Threading.Tasks.Task`1[Microsoft.AspNetCore.Mvc.ActionResult`1[BAKERBAZZAR.API.Models.ApiResponse]] CartDetails(System.String) on controller BAKERBAZZAR.API.Controller.UserController (BAKERBAZZAR.API).
2024-11-15 17:21:24.592 +05:30  INF  Executing ObjectResult, writing value of type 'BAKERBAZZAR.API.Models.ApiResponse'.
2024-11-15 17:21:24.593 +05:30  INF  Executed action BAKERBAZZAR.API.Controller.UserController.CartDetails (BAKERBAZZAR.API) in 20.5789ms
2024-11-15 17:21:24.593 +05:30  INF  Executed endpoint 'BAKERBAZZAR.API.Controller.UserController.CartDetails (BAKERBAZZAR.API)'
2024-11-15 17:21:24.593 +05:30  INF  Request finished HTTP/1.1 GET http://localhost:5145/User/CartDetails?displayid=7a43610a-fad7-458b-92db-1d26615e4b06 - - - 200 - application/json;+charset=utf-8 21.0441ms
2024-11-15 17:21:24.595 +05:30  INF  Request starting HTTP/1.1 GET http://localhost:5145/User/CartDetails?displayid=7a43610a-fad7-458b-92db-1d26615e4b06 - -
2024-11-15 17:21:24.595 +05:30  INF  CORS policy execution successful.
2024-11-15 17:21:24.595 +05:30  INF  Executing endpoint 'BAKERBAZZAR.API.Controller.UserController.CartDetails (BAKERBAZZAR.API)'
2024-11-15 17:21:24.595 +05:30  INF  Route matched with {action = "CartDetails", controller = "User"}. Executing controller action with signature System.Threading.Tasks.Task`1[Microsoft.AspNetCore.Mvc.ActionResult`1[BAKERBAZZAR.API.Models.ApiResponse]] CartDetails(System.String) on controller BAKERBAZZAR.API.Controller.UserController (BAKERBAZZAR.API).
2024-11-15 17:21:24.597 +05:30  INF  Executing ObjectResult, writing value of type 'BAKERBAZZAR.API.Models.ApiResponse'.
2024-11-15 17:21:24.597 +05:30  INF  Executed action BAKERBAZZAR.API.Controller.UserController.CartDetails (BAKERBAZZAR.API) in 1.5215ms
2024-11-15 17:21:24.597 +05:30  INF  Executed endpoint 'BAKERBAZZAR.API.Controller.UserController.CartDetails (BAKERBAZZAR.API)'
2024-11-15 17:21:24.597 +05:30  INF  Request finished HTTP/1.1 GET http://localhost:5145/User/CartDetails?displayid=7a43610a-fad7-458b-92db-1d26615e4b06 - - - 200 - application/json;+charset=utf-8 1.9838ms
2024-11-15 17:21:30.252 +05:30  INF  Request starting HTTP/1.1 GET http://localhost:5145/User/Category - -
2024-11-15 17:21:30.252 +05:30  INF  CORS policy execution successful.
2024-11-15 17:21:30.252 +05:30  INF  Executing endpoint 'BAKERBAZZAR.API.Controller.UserController.Category (BAKERBAZZAR.API)'
2024-11-15 17:21:30.252 +05:30  INF  Route matched with {action = "Category", controller = "User"}. Executing controller action with signature System.Threading.Tasks.Task`1[Microsoft.AspNetCore.Mvc.ActionResult`1[BAKERBAZZAR.API.Models.ApiResponse]] Category(System.String) on controller BAKERBAZZAR.API.Controller.UserController (BAKERBAZZAR.API).
2024-11-15 17:21:30.254 +05:30  INF  Request starting HTTP/1.1 GET http://localhost:5145/user/products?categoryid= - -
2024-11-15 17:21:30.254 +05:30  INF  CORS policy execution successful.
2024-11-15 17:21:30.254 +05:30  INF  Executing endpoint 'BAKERBAZZAR.API.Controller.UserController.Products (BAKERBAZZAR.API)'
2024-11-15 17:21:30.254 +05:30  INF  Route matched with {action = "Products", controller = "User"}. Executing controller action with signature System.Threading.Tasks.Task`1[Microsoft.AspNetCore.Mvc.ActionResult`1[BAKERBAZZAR.API.Models.ApiResponse]] Products(System.String, System.String) on controller BAKERBAZZAR.API.Controller.UserController (BAKERBAZZAR.API).
2024-11-15 17:21:30.268 +05:30  INF  Executing ObjectResult, writing value of type 'BAKERBAZZAR.API.Models.ApiResponse'.
2024-11-15 17:21:30.268 +05:30  INF  Executed action BAKERBAZZAR.API.Controller.UserController.Category (BAKERBAZZAR.API) in 16.0488ms
2024-11-15 17:21:30.269 +05:30  INF  Executed endpoint 'BAKERBAZZAR.API.Controller.UserController.Category (BAKERBAZZAR.API)'
2024-11-15 17:21:30.269 +05:30  INF  Request finished HTTP/1.1 GET http://localhost:5145/User/Category - - - 200 - application/json;+charset=utf-8 16.7477ms
2024-11-15 17:21:30.270 +05:30  INF  Request starting HTTP/1.1 GET http://localhost:5145/User/Category - -
2024-11-15 17:21:30.270 +05:30  INF  CORS policy execution successful.
2024-11-15 17:21:30.270 +05:30  INF  Executing endpoint 'BAKERBAZZAR.API.Controller.UserController.Category (BAKERBAZZAR.API)'
2024-11-15 17:21:30.270 +05:30  INF  Route matched with {action = "Category", controller = "User"}. Executing controller action with signature System.Threading.Tasks.Task`1[Microsoft.AspNetCore.Mvc.ActionResult`1[BAKERBAZZAR.API.Models.ApiResponse]] Category(System.String) on controller BAKERBAZZAR.API.Controller.UserController (BAKERBAZZAR.API).
2024-11-15 17:21:30.272 +05:30  INF  Executing ObjectResult, writing value of type 'BAKERBAZZAR.API.Models.ApiResponse'.
2024-11-15 17:21:30.272 +05:30  INF  Executed action BAKERBAZZAR.API.Controller.UserController.Category (BAKERBAZZAR.API) in 1.4644ms
2024-11-15 17:21:30.272 +05:30  INF  Executed endpoint 'BAKERBAZZAR.API.Controller.UserController.Category (BAKERBAZZAR.API)'
2024-11-15 17:21:30.272 +05:30  INF  Request finished HTTP/1.1 GET http://localhost:5145/User/Category - - - 200 - application/json;+charset=utf-8 1.9112ms
2024-11-15 17:21:30.280 +05:30  INF  Executing ObjectResult, writing value of type 'BAKERBAZZAR.API.Models.ApiResponse'.
2024-11-15 17:21:30.281 +05:30  INF  Executed action BAKERBAZZAR.API.Controller.UserController.Products (BAKERBAZZAR.API) in 26.3698ms
2024-11-15 17:21:30.281 +05:30  INF  Executed endpoint 'BAKERBAZZAR.API.Controller.UserController.Products (BAKERBAZZAR.API)'
2024-11-15 17:21:30.281 +05:30  INF  Request finished HTTP/1.1 GET http://localhost:5145/user/products?categoryid= - - - 200 - application/json;+charset=utf-8 27.0804ms
2024-11-15 17:21:30.283 +05:30  INF  Request starting HTTP/1.1 GET http://localhost:5145/user/products?categoryid= - -
2024-11-15 17:21:30.284 +05:30  INF  CORS policy execution successful.
2024-11-15 17:21:30.284 +05:30  INF  Executing endpoint 'BAKERBAZZAR.API.Controller.UserController.Products (BAKERBAZZAR.API)'
2024-11-15 17:21:30.284 +05:30  INF  Route matched with {action = "Products", controller = "User"}. Executing controller action with signature System.Threading.Tasks.Task`1[Microsoft.AspNetCore.Mvc.ActionResult`1[BAKERBAZZAR.API.Models.ApiResponse]] Products(System.String, System.String) on controller BAKERBAZZAR.API.Controller.UserController (BAKERBAZZAR.API).
2024-11-15 17:21:30.287 +05:30  INF  Executing ObjectResult, writing value of type 'BAKERBAZZAR.API.Models.ApiResponse'.
2024-11-15 17:21:30.288 +05:30  INF  Executed action BAKERBAZZAR.API.Controller.UserController.Products (BAKERBAZZAR.API) in 4.3406ms
2024-11-15 17:21:30.288 +05:30  INF  Executed endpoint 'BAKERBAZZAR.API.Controller.UserController.Products (BAKERBAZZAR.API)'
2024-11-15 17:21:30.288 +05:30  INF  Request finished HTTP/1.1 GET http://localhost:5145/user/products?categoryid= - - - 200 - application/json;+charset=utf-8 4.8080ms
2024-11-15 17:21:31.768 +05:30  INF  Request starting HTTP/1.1 OPTIONS http://localhost:5145/Authentication/Login - -
2024-11-15 17:21:31.768 +05:30  INF  CORS policy execution successful.
2024-11-15 17:21:31.768 +05:30  INF  Request finished HTTP/1.1 OPTIONS http://localhost:5145/Authentication/Login - - - 204 - - 0.2508ms
2024-11-15 17:21:31.769 +05:30  INF  Request starting HTTP/1.1 POST http://localhost:5145/Authentication/Login application/json 46
2024-11-15 17:21:31.769 +05:30  INF  CORS policy execution successful.
2024-11-15 17:21:31.769 +05:30  INF  Executing endpoint 'BAKERBAZZAR.API.Controller.AuthenticationController.VerifyUser (BAKERBAZZAR.API)'
2024-11-15 17:21:31.769 +05:30  INF  Route matched with {action = "VerifyUser", controller = "Authentication"}. Executing controller action with signature System.Threading.Tasks.Task`1[Microsoft.AspNetCore.Mvc.ActionResult`1[BAKERBAZZAR.API.Models.ApiResponse]] VerifyUser(BAKERBAZZAR.API.Models.IO_Templates.LoginRequest) on controller BAKERBAZZAR.API.Controller.AuthenticationController (BAKERBAZZAR.API).
2024-11-15 17:21:31.770 +05:30  INF  verify user execution start
2024-11-15 17:21:31.791 +05:30  INF  verify user execution end
2024-11-15 17:21:31.791 +05:30  INF  Executing ObjectResult, writing value of type 'BAKERBAZZAR.API.Models.ApiResponse'.
2024-11-15 17:21:31.791 +05:30  INF  Executed action BAKERBAZZAR.API.Controller.AuthenticationController.VerifyUser (BAKERBAZZAR.API) in 21.9147ms
2024-11-15 17:21:31.791 +05:30  INF  Executed endpoint 'BAKERBAZZAR.API.Controller.AuthenticationController.VerifyUser (BAKERBAZZAR.API)'
2024-11-15 17:21:31.791 +05:30  INF  Request finished HTTP/1.1 POST http://localhost:5145/Authentication/Login application/json 46 - 200 - application/json;+charset=utf-8 22.2852ms
2024-11-15 17:21:33.061 +05:30  INF  Request starting HTTP/1.1 GET http://localhost:5145/user/products?categoryid=17d0c86e-148c-42e5-8a35-e4f7fe3b9aa7 - -
2024-11-15 17:21:33.061 +05:30  INF  CORS policy execution successful.
2024-11-15 17:21:33.061 +05:30  INF  Executing endpoint 'BAKERBAZZAR.API.Controller.UserController.Products (BAKERBAZZAR.API)'
2024-11-15 17:21:33.061 +05:30  INF  Route matched with {action = "Products", controller = "User"}. Executing controller action with signature System.Threading.Tasks.Task`1[Microsoft.AspNetCore.Mvc.ActionResult`1[BAKERBAZZAR.API.Models.ApiResponse]] Products(System.String, System.String) on controller BAKERBAZZAR.API.Controller.UserController (BAKERBAZZAR.API).
2024-11-15 17:21:33.068 +05:30  INF  Executing ObjectResult, writing value of type 'BAKERBAZZAR.API.Models.ApiResponse'.
2024-11-15 17:21:33.068 +05:30  INF  Executed action BAKERBAZZAR.API.Controller.UserController.Products (BAKERBAZZAR.API) in 7.4399ms
2024-11-15 17:21:33.069 +05:30  INF  Executed endpoint 'BAKERBAZZAR.API.Controller.UserController.Products (BAKERBAZZAR.API)'
2024-11-15 17:21:33.069 +05:30  INF  Request finished HTTP/1.1 GET http://localhost:5145/user/products?categoryid=17d0c86e-148c-42e5-8a35-e4f7fe3b9aa7 - - - 200 - application/json;+charset=utf-8 7.8842ms
2024-11-15 17:21:34.028 +05:30  INF  Request starting HTTP/1.1 OPTIONS http://localhost:5145/User/AddToCart - -
2024-11-15 17:21:34.028 +05:30  INF  CORS policy execution successful.
2024-11-15 17:21:34.028 +05:30  INF  Request finished HTTP/1.1 OPTIONS http://localhost:5145/User/AddToCart - - - 204 - - 0.1817ms
2024-11-15 17:21:34.029 +05:30  INF  Request starting HTTP/1.1 POST http://localhost:5145/User/AddToCart application/json 140
2024-11-15 17:21:34.029 +05:30  INF  CORS policy execution successful.
2024-11-15 17:21:34.029 +05:30  INF  Executing endpoint 'BAKERBAZZAR.API.Controller.UserController.AddToCart (BAKERBAZZAR.API)'
2024-11-15 17:21:34.029 +05:30  INF  Route matched with {action = "AddToCart", controller = "User"}. Executing controller action with signature System.Threading.Tasks.Task`1[Microsoft.AspNetCore.Mvc.ActionResult`1[BAKERBAZZAR.API.Models.ApiResponse]] AddToCart(BAKERBAZZAR.API.Models.IO_Templates.AddToCartRequest) on controller BAKERBAZZAR.API.Controller.UserController (BAKERBAZZAR.API).
2024-11-15 17:21:34.040 +05:30  INF  Executing ObjectResult, writing value of type 'BAKERBAZZAR.API.Models.ApiResponse'.
2024-11-15 17:21:34.040 +05:30  INF  Executed action BAKERBAZZAR.API.Controller.UserController.AddToCart (BAKERBAZZAR.API) in 11.4187ms
2024-11-15 17:21:34.040 +05:30  INF  Executed endpoint 'BAKERBAZZAR.API.Controller.UserController.AddToCart (BAKERBAZZAR.API)'
2024-11-15 17:21:34.040 +05:30  INF  Request finished HTTP/1.1 POST http://localhost:5145/User/AddToCart application/json 140 - 200 - application/json;+charset=utf-8 11.6292ms
2024-11-15 17:21:35.171 +05:30  INF  Request starting HTTP/1.1 GET http://localhost:5145/User/CartDetails?displayid=44f1c507-2fe8-440a-b8e8-2c8f1295799f - -
2024-11-15 17:21:35.172 +05:30  INF  CORS policy execution successful.
2024-11-15 17:21:35.172 +05:30  INF  Executing endpoint 'BAKERBAZZAR.API.Controller.UserController.CartDetails (BAKERBAZZAR.API)'
2024-11-15 17:21:35.172 +05:30  INF  Route matched with {action = "CartDetails", controller = "User"}. Executing controller action with signature System.Threading.Tasks.Task`1[Microsoft.AspNetCore.Mvc.ActionResult`1[BAKERBAZZAR.API.Models.ApiResponse]] CartDetails(System.String) on controller BAKERBAZZAR.API.Controller.UserController (BAKERBAZZAR.API).
2024-11-15 17:21:35.193 +05:30  INF  Executing ObjectResult, writing value of type 'BAKERBAZZAR.API.Models.ApiResponse'.
2024-11-15 17:21:35.193 +05:30  INF  Executed action BAKERBAZZAR.API.Controller.UserController.CartDetails (BAKERBAZZAR.API) in 20.4869ms
2024-11-15 17:21:35.193 +05:30  INF  Executed endpoint 'BAKERBAZZAR.API.Controller.UserController.CartDetails (BAKERBAZZAR.API)'
2024-11-15 17:21:35.193 +05:30  INF  Request finished HTTP/1.1 GET http://localhost:5145/User/CartDetails?displayid=44f1c507-2fe8-440a-b8e8-2c8f1295799f - - - 200 - application/json;+charset=utf-8 21.5460ms
2024-11-15 17:21:35.195 +05:30  INF  Request starting HTTP/1.1 GET http://localhost:5145/User/CartDetails?displayid=44f1c507-2fe8-440a-b8e8-2c8f1295799f - -
2024-11-15 17:21:35.195 +05:30  INF  CORS policy execution successful.
2024-11-15 17:21:35.195 +05:30  INF  Executing endpoint 'BAKERBAZZAR.API.Controller.UserController.CartDetails (BAKERBAZZAR.API)'
2024-11-15 17:21:35.195 +05:30  INF  Route matched with {action = "CartDetails", controller = "User"}. Executing controller action with signature System.Threading.Tasks.Task`1[Microsoft.AspNetCore.Mvc.ActionResult`1[BAKERBAZZAR.API.Models.ApiResponse]] CartDetails(System.String) on controller BAKERBAZZAR.API.Controller.UserController (BAKERBAZZAR.API).
2024-11-15 17:21:35.199 +05:30  INF  Executing ObjectResult, writing value of type 'BAKERBAZZAR.API.Models.ApiResponse'.
2024-11-15 17:21:35.199 +05:30  INF  Executed action BAKERBAZZAR.API.Controller.UserController.CartDetails (BAKERBAZZAR.API) in 3.7203ms
2024-11-15 17:21:35.199 +05:30  INF  Executed endpoint 'BAKERBAZZAR.API.Controller.UserController.CartDetails (BAKERBAZZAR.API)'
2024-11-15 17:21:35.199 +05:30  INF  Request finished HTTP/1.1 GET http://localhost:5145/User/CartDetails?displayid=44f1c507-2fe8-440a-b8e8-2c8f1295799f - - - 200 - application/json;+charset=utf-8 4.3627ms
2024-11-15 17:21:35.203 +05:30  INF  Request starting HTTP/1.1 OPTIONS http://localhost:5145/user/updatecartitem?linerid=349&qty=1 - -
2024-11-15 17:21:35.203 +05:30  INF  CORS policy execution successful.
2024-11-15 17:21:35.203 +05:30  INF  Request finished HTTP/1.1 OPTIONS http://localhost:5145/user/updatecartitem?linerid=349&qty=1 - - - 204 - - 0.2111ms
2024-11-15 17:21:35.203 +05:30  INF  Request starting HTTP/1.1 OPTIONS http://localhost:5145/user/updatecartitem?linerid=349&qty=1 - -
2024-11-15 17:21:35.203 +05:30  INF  CORS policy execution successful.
2024-11-15 17:21:35.203 +05:30  INF  Request finished HTTP/1.1 OPTIONS http://localhost:5145/user/updatecartitem?linerid=349&qty=1 - - - 204 - - 0.1590ms
2024-11-15 17:21:35.205 +05:30  INF  Request starting HTTP/1.1 PUT http://localhost:5145/user/updatecartitem?linerid=349&qty=1 - 0
2024-11-15 17:21:35.205 +05:30  INF  CORS policy execution successful.
2024-11-15 17:21:35.205 +05:30  INF  Executing endpoint 'BAKERBAZZAR.API.Controller.UserController.UpdateCartItem (BAKERBAZZAR.API)'
2024-11-15 17:21:35.205 +05:30  INF  Route matched with {action = "UpdateCartItem", controller = "User"}. Executing controller action with signature System.Threading.Tasks.Task`1[Microsoft.AspNetCore.Mvc.ActionResult`1[BAKERBAZZAR.API.Models.ApiResponse]] UpdateCartItem(Int32, Int32) on controller BAKERBAZZAR.API.Controller.UserController (BAKERBAZZAR.API).
2024-11-15 17:21:35.205 +05:30  INF  Request starting HTTP/1.1 PUT http://localhost:5145/user/updatecartitem?linerid=349&qty=1 - 0
2024-11-15 17:21:35.205 +05:30  INF  CORS policy execution successful.
2024-11-15 17:21:35.205 +05:30  INF  Executing endpoint 'BAKERBAZZAR.API.Controller.UserController.UpdateCartItem (BAKERBAZZAR.API)'
2024-11-15 17:21:35.205 +05:30  INF  Route matched with {action = "UpdateCartItem", controller = "User"}. Executing controller action with signature System.Threading.Tasks.Task`1[Microsoft.AspNetCore.Mvc.ActionResult`1[BAKERBAZZAR.API.Models.ApiResponse]] UpdateCartItem(Int32, Int32) on controller BAKERBAZZAR.API.Controller.UserController (BAKERBAZZAR.API).
2024-11-15 17:21:35.213 +05:30  INF  Executing ObjectResult, writing value of type 'BAKERBAZZAR.API.Models.ApiResponse'.
2024-11-15 17:21:35.213 +05:30  INF  Executing ObjectResult, writing value of type 'BAKERBAZZAR.API.Models.ApiResponse'.
2024-11-15 17:21:35.213 +05:30  INF  Executed action BAKERBAZZAR.API.Controller.UserController.UpdateCartItem (BAKERBAZZAR.API) in 7.5763ms
2024-11-15 17:21:35.213 +05:30  INF  Executed endpoint 'BAKERBAZZAR.API.Controller.UserController.UpdateCartItem (BAKERBAZZAR.API)'
2024-11-15 17:21:35.213 +05:30  INF  Executed action BAKERBAZZAR.API.Controller.UserController.UpdateCartItem (BAKERBAZZAR.API) in 7.5621ms
2024-11-15 17:21:35.213 +05:30  INF  Executed endpoint 'BAKERBAZZAR.API.Controller.UserController.UpdateCartItem (BAKERBAZZAR.API)'
2024-11-15 17:21:35.213 +05:30  INF  Request finished HTTP/1.1 PUT http://localhost:5145/user/updatecartitem?linerid=349&qty=1 - 0 - 200 - application/json;+charset=utf-8 8.0883ms
2024-11-15 17:21:35.213 +05:30  INF  Request finished HTTP/1.1 PUT http://localhost:5145/user/updatecartitem?linerid=349&qty=1 - 0 - 200 - application/json;+charset=utf-8 7.7462ms
2024-11-15 17:21:35.213 +05:30  INF  Request starting HTTP/1.1 GET http://localhost:5145/User/CartDetails?displayid=44f1c507-2fe8-440a-b8e8-2c8f1295799f - -
2024-11-15 17:21:35.213 +05:30  INF  CORS policy execution successful.
2024-11-15 17:21:35.214 +05:30  INF  Executing endpoint 'BAKERBAZZAR.API.Controller.UserController.CartDetails (BAKERBAZZAR.API)'
2024-11-15 17:21:35.214 +05:30  INF  Route matched with {action = "CartDetails", controller = "User"}. Executing controller action with signature System.Threading.Tasks.Task`1[Microsoft.AspNetCore.Mvc.ActionResult`1[BAKERBAZZAR.API.Models.ApiResponse]] CartDetails(System.String) on controller BAKERBAZZAR.API.Controller.UserController (BAKERBAZZAR.API).
2024-11-15 17:21:35.216 +05:30  INF  Executing ObjectResult, writing value of type 'BAKERBAZZAR.API.Models.ApiResponse'.
2024-11-15 17:21:35.216 +05:30  INF  Executed action BAKERBAZZAR.API.Controller.UserController.CartDetails (BAKERBAZZAR.API) in 2.5066ms
2024-11-15 17:21:35.216 +05:30  INF  Executed endpoint 'BAKERBAZZAR.API.Controller.UserController.CartDetails (BAKERBAZZAR.API)'
2024-11-15 17:21:35.216 +05:30  INF  Request finished HTTP/1.1 GET http://localhost:5145/User/CartDetails?displayid=44f1c507-2fe8-440a-b8e8-2c8f1295799f - - - 200 - application/json;+charset=utf-8 2.7910ms
2024-11-15 17:21:37.094 +05:30  INF  Request starting HTTP/1.1 GET http://localhost:5145/user/orderdetails?displayId=44f1c507-2fe8-440a-b8e8-2c8f1295799f&status=placeorder&addressid=1044 - -
2024-11-15 17:21:37.094 +05:30  INF  CORS policy execution successful.
2024-11-15 17:21:37.094 +05:30  INF  Executing endpoint 'BAKERBAZZAR.API.Controller.UserController.OrderDetails (BAKERBAZZAR.API)'
2024-11-15 17:21:37.094 +05:30  INF  Route matched with {action = "OrderDetails", controller = "User"}. Executing controller action with signature System.Threading.Tasks.Task`1[Microsoft.AspNetCore.Mvc.ActionResult`1[BAKERBAZZAR.API.Models.ApiResponse]] OrderDetails(System.String, System.String, Int32) on controller BAKERBAZZAR.API.Controller.UserController (BAKERBAZZAR.API).
2024-11-15 17:21:37.124 +05:30  INF  Executing ObjectResult, writing value of type 'BAKERBAZZAR.API.Models.ApiResponse'.
2024-11-15 17:21:37.125 +05:30  INF  Executed action BAKERBAZZAR.API.Controller.UserController.OrderDetails (BAKERBAZZAR.API) in 30.4707ms
2024-11-15 17:21:37.125 +05:30  INF  Executed endpoint 'BAKERBAZZAR.API.Controller.UserController.OrderDetails (BAKERBAZZAR.API)'
2024-11-15 17:21:37.125 +05:30  INF  Request finished HTTP/1.1 GET http://localhost:5145/user/orderdetails?displayId=44f1c507-2fe8-440a-b8e8-2c8f1295799f&status=placeorder&addressid=1044 - - - 200 - application/json;+charset=utf-8 30.7933ms
2024-11-15 17:21:38.350 +05:30  INF  Request starting HTTP/1.1 GET http://localhost:5145/user/myorders?displayid=a8701061-246f-4f0a-b7db-cf788913b18d - -
2024-11-15 17:21:38.351 +05:30  INF  CORS policy execution successful.
2024-11-15 17:21:38.351 +05:30  INF  Executing endpoint 'BAKERBAZZAR.API.Controller.UserController.MyOrders (BAKERBAZZAR.API)'
2024-11-15 17:21:38.351 +05:30  INF  Route matched with {action = "MyOrders", controller = "User"}. Executing controller action with signature System.Threading.Tasks.Task`1[Microsoft.AspNetCore.Mvc.ActionResult`1[BAKERBAZZAR.API.Models.ApiResponse]] MyOrders(System.String, System.String, System.String) on controller BAKERBAZZAR.API.Controller.UserController (BAKERBAZZAR.API).
2024-11-15 17:21:38.369 +05:30  INF  Executing ObjectResult, writing value of type 'BAKERBAZZAR.API.Models.ApiResponse'.
2024-11-15 17:21:38.369 +05:30  INF  Executed action BAKERBAZZAR.API.Controller.UserController.MyOrders (BAKERBAZZAR.API) in 17.9041ms
2024-11-15 17:21:38.369 +05:30  INF  Executed endpoint 'BAKERBAZZAR.API.Controller.UserController.MyOrders (BAKERBAZZAR.API)'
2024-11-15 17:21:38.369 +05:30  INF  Request finished HTTP/1.1 GET http://localhost:5145/user/myorders?displayid=a8701061-246f-4f0a-b7db-cf788913b18d - - - 200 - application/json;+charset=utf-8 18.3249ms
2024-11-15 17:21:38.370 +05:30  INF  Request starting HTTP/1.1 GET http://localhost:5145/user/myorders?displayid=a8701061-246f-4f0a-b7db-cf788913b18d - -
2024-11-15 17:21:38.370 +05:30  INF  CORS policy execution successful.
2024-11-15 17:21:38.370 +05:30  INF  Executing endpoint 'BAKERBAZZAR.API.Controller.UserController.MyOrders (BAKERBAZZAR.API)'
2024-11-15 17:21:38.370 +05:30  INF  Route matched with {action = "MyOrders", controller = "User"}. Executing controller action with signature System.Threading.Tasks.Task`1[Microsoft.AspNetCore.Mvc.ActionResult`1[BAKERBAZZAR.API.Models.ApiResponse]] MyOrders(System.String, System.String, System.String) on controller BAKERBAZZAR.API.Controller.UserController (BAKERBAZZAR.API).
2024-11-15 17:21:38.372 +05:30  INF  Executing ObjectResult, writing value of type 'BAKERBAZZAR.API.Models.ApiResponse'.
2024-11-15 17:21:38.372 +05:30  INF  Executed action BAKERBAZZAR.API.Controller.UserController.MyOrders (BAKERBAZZAR.API) in 1.8477ms
2024-11-15 17:21:38.372 +05:30  INF  Executed endpoint 'BAKERBAZZAR.API.Controller.UserController.MyOrders (BAKERBAZZAR.API)'
2024-11-15 17:21:38.372 +05:30  INF  Request finished HTTP/1.1 GET http://localhost:5145/user/myorders?displayid=a8701061-246f-4f0a-b7db-cf788913b18d - - - 200 - application/json;+charset=utf-8 2.1092ms
2024-11-15 17:21:39.237 +05:30  INF  Request starting HTTP/1.1 GET http://localhost:5145/User/CartDetails?displayid=44f1c507-2fe8-440a-b8e8-2c8f1295799f - -
2024-11-15 17:21:39.237 +05:30  INF  CORS policy execution successful.
2024-11-15 17:21:39.237 +05:30  INF  Executing endpoint 'BAKERBAZZAR.API.Controller.UserController.CartDetails (BAKERBAZZAR.API)'
2024-11-15 17:21:39.237 +05:30  INF  Route matched with {action = "CartDetails", controller = "User"}. Executing controller action with signature System.Threading.Tasks.Task`1[Microsoft.AspNetCore.Mvc.ActionResult`1[BAKERBAZZAR.API.Models.ApiResponse]] CartDetails(System.String) on controller BAKERBAZZAR.API.Controller.UserController (BAKERBAZZAR.API).
2024-11-15 17:21:39.238 +05:30  INF  Executing ObjectResult, writing value of type 'BAKERBAZZAR.API.Models.ApiResponse'.
2024-11-15 17:21:39.238 +05:30  INF  Executed action BAKERBAZZAR.API.Controller.UserController.CartDetails (BAKERBAZZAR.API) in 0.871ms
2024-11-15 17:21:39.238 +05:30  INF  Executed endpoint 'BAKERBAZZAR.API.Controller.UserController.CartDetails (BAKERBAZZAR.API)'
2024-11-15 17:21:39.238 +05:30  INF  Request finished HTTP/1.1 GET http://localhost:5145/User/CartDetails?displayid=44f1c507-2fe8-440a-b8e8-2c8f1295799f - - - 200 - application/json;+charset=utf-8 1.2139ms
2024-11-15 17:21:39.242 +05:30  INF  Request starting HTTP/1.1 GET http://localhost:5145/User/CartDetails?displayid=44f1c507-2fe8-440a-b8e8-2c8f1295799f - -
2024-11-15 17:21:39.242 +05:30  INF  CORS policy execution successful.
2024-11-15 17:21:39.242 +05:30  INF  Executing endpoint 'BAKERBAZZAR.API.Controller.UserController.CartDetails (BAKERBAZZAR.API)'
2024-11-15 17:21:39.242 +05:30  INF  Route matched with {action = "CartDetails", controller = "User"}. Executing controller action with signature System.Threading.Tasks.Task`1[Microsoft.AspNetCore.Mvc.ActionResult`1[BAKERBAZZAR.API.Models.ApiResponse]] CartDetails(System.String) on controller BAKERBAZZAR.API.Controller.UserController (BAKERBAZZAR.API).
2024-11-15 17:21:39.243 +05:30  INF  Executing ObjectResult, writing value of type 'BAKERBAZZAR.API.Models.ApiResponse'.
2024-11-15 17:21:39.243 +05:30  INF  Executed action BAKERBAZZAR.API.Controller.UserController.CartDetails (BAKERBAZZAR.API) in 0.7911ms
2024-11-15 17:21:39.243 +05:30  INF  Executed endpoint 'BAKERBAZZAR.API.Controller.UserController.CartDetails (BAKERBAZZAR.API)'
2024-11-15 17:21:39.243 +05:30  INF  Request finished HTTP/1.1 GET http://localhost:5145/User/CartDetails?displayid=44f1c507-2fe8-440a-b8e8-2c8f1295799f - - - 200 - application/json;+charset=utf-8 1.2365ms
2024-11-15 17:21:40.604 +05:30  INF  Request starting HTTP/1.1 GET http://localhost:5145/user/myorders?displayid=a8701061-246f-4f0a-b7db-cf788913b18d - -
2024-11-15 17:21:40.604 +05:30  INF  CORS policy execution successful.
2024-11-15 17:21:40.604 +05:30  INF  Executing endpoint 'BAKERBAZZAR.API.Controller.UserController.MyOrders (BAKERBAZZAR.API)'
2024-11-15 17:21:40.604 +05:30  INF  Route matched with {action = "MyOrders", controller = "User"}. Executing controller action with signature System.Threading.Tasks.Task`1[Microsoft.AspNetCore.Mvc.ActionResult`1[BAKERBAZZAR.API.Models.ApiResponse]] MyOrders(System.String, System.String, System.String) on controller BAKERBAZZAR.API.Controller.UserController (BAKERBAZZAR.API).
2024-11-15 17:21:40.606 +05:30  INF  Executing ObjectResult, writing value of type 'BAKERBAZZAR.API.Models.ApiResponse'.
2024-11-15 17:21:40.606 +05:30  INF  Executed action BAKERBAZZAR.API.Controller.UserController.MyOrders (BAKERBAZZAR.API) in 2.3971ms
2024-11-15 17:21:40.606 +05:30  INF  Executed endpoint 'BAKERBAZZAR.API.Controller.UserController.MyOrders (BAKERBAZZAR.API)'
2024-11-15 17:21:40.606 +05:30  INF  Request finished HTTP/1.1 GET http://localhost:5145/user/myorders?displayid=a8701061-246f-4f0a-b7db-cf788913b18d - - - 200 - application/json;+charset=utf-8 2.7054ms
2024-11-15 17:21:40.608 +05:30  INF  Request starting HTTP/1.1 GET http://localhost:5145/user/myorders?displayid=a8701061-246f-4f0a-b7db-cf788913b18d - -
2024-11-15 17:21:40.608 +05:30  INF  CORS policy execution successful.
2024-11-15 17:21:40.608 +05:30  INF  Executing endpoint 'BAKERBAZZAR.API.Controller.UserController.MyOrders (BAKERBAZZAR.API)'
2024-11-15 17:21:40.608 +05:30  INF  Route matched with {action = "MyOrders", controller = "User"}. Executing controller action with signature System.Threading.Tasks.Task`1[Microsoft.AspNetCore.Mvc.ActionResult`1[BAKERBAZZAR.API.Models.ApiResponse]] MyOrders(System.String, System.String, System.String) on controller BAKERBAZZAR.API.Controller.UserController (BAKERBAZZAR.API).
2024-11-15 17:21:40.610 +05:30  INF  Executing ObjectResult, writing value of type 'BAKERBAZZAR.API.Models.ApiResponse'.
2024-11-15 17:21:40.610 +05:30  INF  Executed action BAKERBAZZAR.API.Controller.UserController.MyOrders (BAKERBAZZAR.API) in 2.1662ms
2024-11-15 17:21:40.610 +05:30  INF  Executed endpoint 'BAKERBAZZAR.API.Controller.UserController.MyOrders (BAKERBAZZAR.API)'
2024-11-15 17:21:40.610 +05:30  INF  Request finished HTTP/1.1 GET http://localhost:5145/user/myorders?displayid=a8701061-246f-4f0a-b7db-cf788913b18d - - - 200 - application/json;+charset=utf-8 2.5205ms
2024-11-15 17:21:42.145 +05:30  INF  Request starting HTTP/1.1 GET http://localhost:5145/user/orderdetails?displayid=44f1c507-2fe8-440a-b8e8-2c8f1295799f - -
2024-11-15 17:21:42.145 +05:30  INF  CORS policy execution successful.
2024-11-15 17:21:42.145 +05:30  INF  Executing endpoint 'BAKERBAZZAR.API.Controller.UserController.OrderDetails (BAKERBAZZAR.API)'
2024-11-15 17:21:42.145 +05:30  INF  Route matched with {action = "OrderDetails", controller = "User"}. Executing controller action with signature System.Threading.Tasks.Task`1[Microsoft.AspNetCore.Mvc.ActionResult`1[BAKERBAZZAR.API.Models.ApiResponse]] OrderDetails(System.String, System.String, Int32) on controller BAKERBAZZAR.API.Controller.UserController (BAKERBAZZAR.API).
2024-11-15 17:21:42.147 +05:30  INF  Executing ObjectResult, writing value of type 'BAKERBAZZAR.API.Models.ApiResponse'.
2024-11-15 17:21:42.147 +05:30  INF  Executed action BAKERBAZZAR.API.Controller.UserController.OrderDetails (BAKERBAZZAR.API) in 2.3373ms
2024-11-15 17:21:42.147 +05:30  INF  Executed endpoint 'BAKERBAZZAR.API.Controller.UserController.OrderDetails (BAKERBAZZAR.API)'
2024-11-15 17:21:42.147 +05:30  INF  Request finished HTTP/1.1 GET http://localhost:5145/user/orderdetails?displayid=44f1c507-2fe8-440a-b8e8-2c8f1295799f - - - 200 - application/json;+charset=utf-8 2.8809ms
2024-11-15 17:21:56.514 +05:30  INF  Request starting HTTP/1.1 GET http://localhost:5145/User/Category - -
2024-11-15 17:21:56.514 +05:30  INF  CORS policy execution successful.
2024-11-15 17:21:56.514 +05:30  INF  Executing endpoint 'BAKERBAZZAR.API.Controller.UserController.Category (BAKERBAZZAR.API)'
2024-11-15 17:21:56.515 +05:30  INF  Route matched with {action = "Category", controller = "User"}. Executing controller action with signature System.Threading.Tasks.Task`1[Microsoft.AspNetCore.Mvc.ActionResult`1[BAKERBAZZAR.API.Models.ApiResponse]] Category(System.String) on controller BAKERBAZZAR.API.Controller.UserController (BAKERBAZZAR.API).
2024-11-15 17:21:56.515 +05:30  INF  Request starting HTTP/1.1 GET http://localhost:5145/user/products?categoryid= - -
2024-11-15 17:21:56.515 +05:30  INF  CORS policy execution successful.
2024-11-15 17:21:56.515 +05:30  INF  Executing endpoint 'BAKERBAZZAR.API.Controller.UserController.Products (BAKERBAZZAR.API)'
2024-11-15 17:21:56.515 +05:30  INF  Route matched with {action = "Products", controller = "User"}. Executing controller action with signature System.Threading.Tasks.Task`1[Microsoft.AspNetCore.Mvc.ActionResult`1[BAKERBAZZAR.API.Models.ApiResponse]] Products(System.String, System.String) on controller BAKERBAZZAR.API.Controller.UserController (BAKERBAZZAR.API).
2024-11-15 17:21:56.519 +05:30  INF  Executing ObjectResult, writing value of type 'BAKERBAZZAR.API.Models.ApiResponse'.
2024-11-15 17:21:56.519 +05:30  INF  Executed action BAKERBAZZAR.API.Controller.UserController.Category (BAKERBAZZAR.API) in 4.1437ms
2024-11-15 17:21:56.519 +05:30  INF  Executed endpoint 'BAKERBAZZAR.API.Controller.UserController.Category (BAKERBAZZAR.API)'
2024-11-15 17:21:56.519 +05:30  INF  Request finished HTTP/1.1 GET http://localhost:5145/User/Category - - - 200 - application/json;+charset=utf-8 4.8177ms
2024-11-15 17:21:56.523 +05:30  INF  Request starting HTTP/1.1 GET http://localhost:5145/User/Category - -
2024-11-15 17:21:56.523 +05:30  INF  CORS policy execution successful.
2024-11-15 17:21:56.523 +05:30  INF  Executing endpoint 'BAKERBAZZAR.API.Controller.UserController.Category (BAKERBAZZAR.API)'
2024-11-15 17:21:56.523 +05:30  INF  Route matched with {action = "Category", controller = "User"}. Executing controller action with signature System.Threading.Tasks.Task`1[Microsoft.AspNetCore.Mvc.ActionResult`1[BAKERBAZZAR.API.Models.ApiResponse]] Category(System.String) on controller BAKERBAZZAR.API.Controller.UserController (BAKERBAZZAR.API).
2024-11-15 17:21:56.524 +05:30  INF  Executing ObjectResult, writing value of type 'BAKERBAZZAR.API.Models.ApiResponse'.
2024-11-15 17:21:56.525 +05:30  INF  Executed action BAKERBAZZAR.API.Controller.UserController.Products (BAKERBAZZAR.API) in 8.1875ms
2024-11-15 17:21:56.525 +05:30  INF  Executed endpoint 'BAKERBAZZAR.API.Controller.UserController.Products (BAKERBAZZAR.API)'
2024-11-15 17:21:56.525 +05:30  INF  Request finished HTTP/1.1 GET http://localhost:5145/user/products?categoryid= - - - 200 - application/json;+charset=utf-8 10.4737ms
2024-11-15 17:21:56.526 +05:30  INF  Executing ObjectResult, writing value of type 'BAKERBAZZAR.API.Models.ApiResponse'.
2024-11-15 17:21:56.526 +05:30  INF  Executed action BAKERBAZZAR.API.Controller.UserController.Category (BAKERBAZZAR.API) in 3.1442ms
2024-11-15 17:21:56.526 +05:30  INF  Executed endpoint 'BAKERBAZZAR.API.Controller.UserController.Category (BAKERBAZZAR.API)'
2024-11-15 17:21:56.526 +05:30  INF  Request finished HTTP/1.1 GET http://localhost:5145/User/Category - - - 200 - application/json;+charset=utf-8 3.6863ms
2024-11-15 17:21:56.531 +05:30  INF  Request starting HTTP/1.1 GET http://localhost:5145/user/products?categoryid= - -
2024-11-15 17:21:56.531 +05:30  INF  CORS policy execution successful.
2024-11-15 17:21:56.531 +05:30  INF  Executing endpoint 'BAKERBAZZAR.API.Controller.UserController.Products (BAKERBAZZAR.API)'
2024-11-15 17:21:56.532 +05:30  INF  Route matched with {action = "Products", controller = "User"}. Executing controller action with signature System.Threading.Tasks.Task`1[Microsoft.AspNetCore.Mvc.ActionResult`1[BAKERBAZZAR.API.Models.ApiResponse]] Products(System.String, System.String) on controller BAKERBAZZAR.API.Controller.UserController (BAKERBAZZAR.API).
2024-11-15 17:21:56.536 +05:30  INF  Executing ObjectResult, writing value of type 'BAKERBAZZAR.API.Models.ApiResponse'.
2024-11-15 17:21:56.537 +05:30  INF  Executed action BAKERBAZZAR.API.Controller.UserController.Products (BAKERBAZZAR.API) in 5.7038ms
2024-11-15 17:21:56.538 +05:30  INF  Executed endpoint 'BAKERBAZZAR.API.Controller.UserController.Products (BAKERBAZZAR.API)'
2024-11-15 17:21:56.538 +05:30  INF  Request finished HTTP/1.1 GET http://localhost:5145/user/products?categoryid= - - - 200 - application/json;+charset=utf-8 6.3776ms
2024-11-15 17:21:57.903 +05:30  INF  Request starting HTTP/1.1 OPTIONS http://localhost:5145/Authentication/Login - -
2024-11-15 17:21:57.903 +05:30  INF  CORS policy execution successful.
2024-11-15 17:21:57.903 +05:30  INF  Request finished HTTP/1.1 OPTIONS http://localhost:5145/Authentication/Login - - - 204 - - 0.1714ms
2024-11-15 17:21:57.904 +05:30  INF  Request starting HTTP/1.1 POST http://localhost:5145/Authentication/Login application/json 46
2024-11-15 17:21:57.904 +05:30  INF  CORS policy execution successful.
2024-11-15 17:21:57.904 +05:30  INF  Executing endpoint 'BAKERBAZZAR.API.Controller.AuthenticationController.VerifyUser (BAKERBAZZAR.API)'
2024-11-15 17:21:57.904 +05:30  INF  Route matched with {action = "VerifyUser", controller = "Authentication"}. Executing controller action with signature System.Threading.Tasks.Task`1[Microsoft.AspNetCore.Mvc.ActionResult`1[BAKERBAZZAR.API.Models.ApiResponse]] VerifyUser(BAKERBAZZAR.API.Models.IO_Templates.LoginRequest) on controller BAKERBAZZAR.API.Controller.AuthenticationController (BAKERBAZZAR.API).
2024-11-15 17:21:57.904 +05:30  INF  verify user execution start
2024-11-15 17:21:57.906 +05:30  INF  verify user execution end
2024-11-15 17:21:57.906 +05:30  INF  Executing ObjectResult, writing value of type 'BAKERBAZZAR.API.Models.ApiResponse'.
2024-11-15 17:21:57.906 +05:30  INF  Executed action BAKERBAZZAR.API.Controller.AuthenticationController.VerifyUser (BAKERBAZZAR.API) in 2.1491ms
2024-11-15 17:21:57.906 +05:30  INF  Executed endpoint 'BAKERBAZZAR.API.Controller.AuthenticationController.VerifyUser (BAKERBAZZAR.API)'
2024-11-15 17:21:57.906 +05:30  INF  Request finished HTTP/1.1 POST http://localhost:5145/Authentication/Login application/json 46 - 200 - application/json;+charset=utf-8 2.4175ms
2024-11-15 17:27:56.486 +05:30  INF  Request starting HTTP/1.1 GET http://localhost:5145/user/products?categoryid=f1ec08a4-7940-4976-96ed-ff9066286f67 - -
2024-11-15 17:27:56.487 +05:30  INF  CORS policy execution successful.
2024-11-15 17:27:56.487 +05:30  INF  Executing endpoint 'BAKERBAZZAR.API.Controller.UserController.Products (BAKERBAZZAR.API)'
2024-11-15 17:27:56.487 +05:30  INF  Route matched with {action = "Products", controller = "User"}. Executing controller action with signature System.Threading.Tasks.Task`1[Microsoft.AspNetCore.Mvc.ActionResult`1[BAKERBAZZAR.API.Models.ApiResponse]] Products(System.String, System.String) on controller BAKERBAZZAR.API.Controller.UserController (BAKERBAZZAR.API).
2024-11-15 17:27:56.529 +05:30  INF  Executing ObjectResult, writing value of type 'BAKERBAZZAR.API.Models.ApiResponse'.
2024-11-15 17:27:56.529 +05:30  INF  Executed action BAKERBAZZAR.API.Controller.UserController.Products (BAKERBAZZAR.API) in 42.388ms
2024-11-15 17:27:56.529 +05:30  INF  Executed endpoint 'BAKERBAZZAR.API.Controller.UserController.Products (BAKERBAZZAR.API)'
2024-11-15 17:27:56.529 +05:30  INF  Request finished HTTP/1.1 GET http://localhost:5145/user/products?categoryid=f1ec08a4-7940-4976-96ed-ff9066286f67 - - - 200 - application/json;+charset=utf-8 43.0316ms
2024-11-15 17:27:57.545 +05:30  INF  Request starting HTTP/1.1 OPTIONS http://localhost:5145/User/AddToCart - -
2024-11-15 17:27:57.545 +05:30  INF  CORS policy execution successful.
2024-11-15 17:27:57.546 +05:30  INF  Request finished HTTP/1.1 OPTIONS http://localhost:5145/User/AddToCart - - - 204 - - 0.2397ms
2024-11-15 17:27:57.547 +05:30  INF  Request starting HTTP/1.1 POST http://localhost:5145/User/AddToCart application/json 140
2024-11-15 17:27:57.547 +05:30  INF  CORS policy execution successful.
2024-11-15 17:27:57.547 +05:30  INF  Executing endpoint 'BAKERBAZZAR.API.Controller.UserController.AddToCart (BAKERBAZZAR.API)'
2024-11-15 17:27:57.547 +05:30  INF  Route matched with {action = "AddToCart", controller = "User"}. Executing controller action with signature System.Threading.Tasks.Task`1[Microsoft.AspNetCore.Mvc.ActionResult`1[BAKERBAZZAR.API.Models.ApiResponse]] AddToCart(BAKERBAZZAR.API.Models.IO_Templates.AddToCartRequest) on controller BAKERBAZZAR.API.Controller.UserController (BAKERBAZZAR.API).
2024-11-15 17:27:57.569 +05:30  INF  Executing ObjectResult, writing value of type 'BAKERBAZZAR.API.Models.ApiResponse'.
2024-11-15 17:27:57.569 +05:30  INF  Executed action BAKERBAZZAR.API.Controller.UserController.AddToCart (BAKERBAZZAR.API) in 21.8567ms
2024-11-15 17:27:57.569 +05:30  INF  Executed endpoint 'BAKERBAZZAR.API.Controller.UserController.AddToCart (BAKERBAZZAR.API)'
2024-11-15 17:27:57.569 +05:30  INF  Request finished HTTP/1.1 POST http://localhost:5145/User/AddToCart application/json 140 - 200 - application/json;+charset=utf-8 22.1899ms
2024-11-15 17:27:58.331 +05:30  INF  Request starting HTTP/1.1 POST http://localhost:5145/User/AddToCart application/json 140
2024-11-15 17:27:58.331 +05:30  INF  CORS policy execution successful.
2024-11-15 17:27:58.331 +05:30  INF  Executing endpoint 'BAKERBAZZAR.API.Controller.UserController.AddToCart (BAKERBAZZAR.API)'
2024-11-15 17:27:58.331 +05:30  INF  Route matched with {action = "AddToCart", controller = "User"}. Executing controller action with signature System.Threading.Tasks.Task`1[Microsoft.AspNetCore.Mvc.ActionResult`1[BAKERBAZZAR.API.Models.ApiResponse]] AddToCart(BAKERBAZZAR.API.Models.IO_Templates.AddToCartRequest) on controller BAKERBAZZAR.API.Controller.UserController (BAKERBAZZAR.API).
2024-11-15 17:27:58.332 +05:30  INF  Executing ObjectResult, writing value of type 'BAKERBAZZAR.API.Models.ApiResponse'.
2024-11-15 17:27:58.333 +05:30  INF  Executed action BAKERBAZZAR.API.Controller.UserController.AddToCart (BAKERBAZZAR.API) in 1.7311ms
2024-11-15 17:27:58.333 +05:30  INF  Executed endpoint 'BAKERBAZZAR.API.Controller.UserController.AddToCart (BAKERBAZZAR.API)'
2024-11-15 17:27:58.333 +05:30  INF  Request finished HTTP/1.1 POST http://localhost:5145/User/AddToCart application/json 140 - 200 - application/json;+charset=utf-8 2.0788ms
2024-11-15 17:27:59.599 +05:30  INF  Request starting HTTP/1.1 GET http://localhost:5145/User/CartDetails?displayid=cc7460b0-afef-4490-8d67-bd98f78704de - -
2024-11-15 17:27:59.599 +05:30  INF  CORS policy execution successful.
2024-11-15 17:27:59.599 +05:30  INF  Executing endpoint 'BAKERBAZZAR.API.Controller.UserController.CartDetails (BAKERBAZZAR.API)'
2024-11-15 17:27:59.600 +05:30  INF  Route matched with {action = "CartDetails", controller = "User"}. Executing controller action with signature System.Threading.Tasks.Task`1[Microsoft.AspNetCore.Mvc.ActionResult`1[BAKERBAZZAR.API.Models.ApiResponse]] CartDetails(System.String) on controller BAKERBAZZAR.API.Controller.UserController (BAKERBAZZAR.API).
2024-11-15 17:27:59.616 +05:30  INF  Executing ObjectResult, writing value of type 'BAKERBAZZAR.API.Models.ApiResponse'.
2024-11-15 17:27:59.617 +05:30  INF  Executed action BAKERBAZZAR.API.Controller.UserController.CartDetails (BAKERBAZZAR.API) in 16.8964ms
2024-11-15 17:27:59.617 +05:30  INF  Executed endpoint 'BAKERBAZZAR.API.Controller.UserController.CartDetails (BAKERBAZZAR.API)'
2024-11-15 17:27:59.617 +05:30  INF  Request finished HTTP/1.1 GET http://localhost:5145/User/CartDetails?displayid=cc7460b0-afef-4490-8d67-bd98f78704de - - - 200 - application/json;+charset=utf-8 17.4242ms
2024-11-15 17:27:59.618 +05:30  INF  Request starting HTTP/1.1 GET http://localhost:5145/User/CartDetails?displayid=cc7460b0-afef-4490-8d67-bd98f78704de - -
2024-11-15 17:27:59.618 +05:30  INF  CORS policy execution successful.
2024-11-15 17:27:59.618 +05:30  INF  Executing endpoint 'BAKERBAZZAR.API.Controller.UserController.CartDetails (BAKERBAZZAR.API)'
2024-11-15 17:27:59.618 +05:30  INF  Route matched with {action = "CartDetails", controller = "User"}. Executing controller action with signature System.Threading.Tasks.Task`1[Microsoft.AspNetCore.Mvc.ActionResult`1[BAKERBAZZAR.API.Models.ApiResponse]] CartDetails(System.String) on controller BAKERBAZZAR.API.Controller.UserController (BAKERBAZZAR.API).
2024-11-15 17:27:59.620 +05:30  INF  Executing ObjectResult, writing value of type 'BAKERBAZZAR.API.Models.ApiResponse'.
2024-11-15 17:27:59.620 +05:30  INF  Executed action BAKERBAZZAR.API.Controller.UserController.CartDetails (BAKERBAZZAR.API) in 1.9842ms
2024-11-15 17:27:59.620 +05:30  INF  Executed endpoint 'BAKERBAZZAR.API.Controller.UserController.CartDetails (BAKERBAZZAR.API)'
2024-11-15 17:27:59.620 +05:30  INF  Request finished HTTP/1.1 GET http://localhost:5145/User/CartDetails?displayid=cc7460b0-afef-4490-8d67-bd98f78704de - - - 200 - application/json;+charset=utf-8 2.2721ms
2024-11-15 17:27:59.623 +05:30  INF  Request starting HTTP/1.1 OPTIONS http://localhost:5145/user/updatecartitem?linerid=350&qty=1 - -
2024-11-15 17:27:59.623 +05:30  INF  CORS policy execution successful.
2024-11-15 17:27:59.623 +05:30  INF  Request finished HTTP/1.1 OPTIONS http://localhost:5145/user/updatecartitem?linerid=350&qty=1 - - - 204 - - 0.3209ms
2024-11-15 17:27:59.626 +05:30  INF  Request starting HTTP/1.1 PUT http://localhost:5145/user/updatecartitem?linerid=350&qty=1 - 0
2024-11-15 17:27:59.626 +05:30  INF  CORS policy execution successful.
2024-11-15 17:27:59.626 +05:30  INF  Executing endpoint 'BAKERBAZZAR.API.Controller.UserController.UpdateCartItem (BAKERBAZZAR.API)'
2024-11-15 17:27:59.626 +05:30  INF  Request starting HTTP/1.1 OPTIONS http://localhost:5145/user/updatecartitem?linerid=351&qty=1 - -
2024-11-15 17:27:59.626 +05:30  INF  CORS policy execution successful.
2024-11-15 17:27:59.626 +05:30  INF  Route matched with {action = "UpdateCartItem", controller = "User"}. Executing controller action with signature System.Threading.Tasks.Task`1[Microsoft.AspNetCore.Mvc.ActionResult`1[BAKERBAZZAR.API.Models.ApiResponse]] UpdateCartItem(Int32, Int32) on controller BAKERBAZZAR.API.Controller.UserController (BAKERBAZZAR.API).
2024-11-15 17:27:59.626 +05:30  INF  Request finished HTTP/1.1 OPTIONS http://localhost:5145/user/updatecartitem?linerid=351&qty=1 - - - 204 - - 0.2198ms
2024-11-15 17:27:59.627 +05:30  INF  Request starting HTTP/1.1 OPTIONS http://localhost:5145/user/updatecartitem?linerid=351&qty=1 - -
2024-11-15 17:27:59.627 +05:30  INF  Request starting HTTP/1.1 PUT http://localhost:5145/user/updatecartitem?linerid=350&qty=1 - 0
2024-11-15 17:27:59.627 +05:30  INF  CORS policy execution successful.
2024-11-15 17:27:59.627 +05:30  INF  CORS policy execution successful.
2024-11-15 17:27:59.627 +05:30  INF  Request finished HTTP/1.1 OPTIONS http://localhost:5145/user/updatecartitem?linerid=351&qty=1 - - - 204 - - 0.1163ms
2024-11-15 17:27:59.627 +05:30  INF  Executing endpoint 'BAKERBAZZAR.API.Controller.UserController.UpdateCartItem (BAKERBAZZAR.API)'
2024-11-15 17:27:59.627 +05:30  INF  Route matched with {action = "UpdateCartItem", controller = "User"}. Executing controller action with signature System.Threading.Tasks.Task`1[Microsoft.AspNetCore.Mvc.ActionResult`1[BAKERBAZZAR.API.Models.ApiResponse]] UpdateCartItem(Int32, Int32) on controller BAKERBAZZAR.API.Controller.UserController (BAKERBAZZAR.API).
2024-11-15 17:27:59.628 +05:30  INF  Request starting HTTP/1.1 PUT http://localhost:5145/user/updatecartitem?linerid=351&qty=1 - 0
2024-11-15 17:27:59.628 +05:30  INF  CORS policy execution successful.
2024-11-15 17:27:59.628 +05:30  INF  Executing endpoint 'BAKERBAZZAR.API.Controller.UserController.UpdateCartItem (BAKERBAZZAR.API)'
2024-11-15 17:27:59.628 +05:30  INF  Route matched with {action = "UpdateCartItem", controller = "User"}. Executing controller action with signature System.Threading.Tasks.Task`1[Microsoft.AspNetCore.Mvc.ActionResult`1[BAKERBAZZAR.API.Models.ApiResponse]] UpdateCartItem(Int32, Int32) on controller BAKERBAZZAR.API.Controller.UserController (BAKERBAZZAR.API).
2024-11-15 17:27:59.628 +05:30  INF  Request starting HTTP/1.1 PUT http://localhost:5145/user/updatecartitem?linerid=351&qty=1 - 0
2024-11-15 17:27:59.629 +05:30  INF  CORS policy execution successful.
2024-11-15 17:27:59.629 +05:30  INF  Executing endpoint 'BAKERBAZZAR.API.Controller.UserController.UpdateCartItem (BAKERBAZZAR.API)'
2024-11-15 17:27:59.629 +05:30  INF  Route matched with {action = "UpdateCartItem", controller = "User"}. Executing controller action with signature System.Threading.Tasks.Task`1[Microsoft.AspNetCore.Mvc.ActionResult`1[BAKERBAZZAR.API.Models.ApiResponse]] UpdateCartItem(Int32, Int32) on controller BAKERBAZZAR.API.Controller.UserController (BAKERBAZZAR.API).
2024-11-15 17:27:59.636 +05:30  INF  Executing ObjectResult, writing value of type 'BAKERBAZZAR.API.Models.ApiResponse'.
2024-11-15 17:27:59.637 +05:30  INF  Executing ObjectResult, writing value of type 'BAKERBAZZAR.API.Models.ApiResponse'.
2024-11-15 17:27:59.637 +05:30  INF  Executed action BAKERBAZZAR.API.Controller.UserController.UpdateCartItem (BAKERBAZZAR.API) in 10.405ms
2024-11-15 17:27:59.637 +05:30  INF  Executed action BAKERBAZZAR.API.Controller.UserController.UpdateCartItem (BAKERBAZZAR.API) in 9.7237ms
2024-11-15 17:27:59.637 +05:30  INF  Executed endpoint 'BAKERBAZZAR.API.Controller.UserController.UpdateCartItem (BAKERBAZZAR.API)'
2024-11-15 17:27:59.637 +05:30  INF  Executed endpoint 'BAKERBAZZAR.API.Controller.UserController.UpdateCartItem (BAKERBAZZAR.API)'
2024-11-15 17:27:59.637 +05:30  INF  Request finished HTTP/1.1 PUT http://localhost:5145/user/updatecartitem?linerid=350&qty=1 - 0 - 200 - application/json;+charset=utf-8 10.1138ms
2024-11-15 17:27:59.637 +05:30  INF  Request finished HTTP/1.1 PUT http://localhost:5145/user/updatecartitem?linerid=350&qty=1 - 0 - 200 - application/json;+charset=utf-8 10.9144ms
2024-11-15 17:27:59.637 +05:30  INF  Request starting HTTP/1.1 GET http://localhost:5145/User/CartDetails?displayid=cc7460b0-afef-4490-8d67-bd98f78704de - -
2024-11-15 17:27:59.637 +05:30  INF  CORS policy execution successful.
2024-11-15 17:27:59.637 +05:30  INF  Executing endpoint 'BAKERBAZZAR.API.Controller.UserController.CartDetails (BAKERBAZZAR.API)'
2024-11-15 17:27:59.637 +05:30  INF  Route matched with {action = "CartDetails", controller = "User"}. Executing controller action with signature System.Threading.Tasks.Task`1[Microsoft.AspNetCore.Mvc.ActionResult`1[BAKERBAZZAR.API.Models.ApiResponse]] CartDetails(System.String) on controller BAKERBAZZAR.API.Controller.UserController (BAKERBAZZAR.API).
2024-11-15 17:27:59.638 +05:30  INF  Executing ObjectResult, writing value of type 'BAKERBAZZAR.API.Models.ApiResponse'.
2024-11-15 17:27:59.638 +05:30  INF  Executed action BAKERBAZZAR.API.Controller.UserController.UpdateCartItem (BAKERBAZZAR.API) in 8.9391ms
2024-11-15 17:27:59.638 +05:30  INF  Executed endpoint 'BAKERBAZZAR.API.Controller.UserController.UpdateCartItem (BAKERBAZZAR.API)'
2024-11-15 17:27:59.638 +05:30  INF  Request finished HTTP/1.1 PUT http://localhost:5145/user/updatecartitem?linerid=351&qty=1 - 0 - 200 - application/json;+charset=utf-8 9.3496ms
2024-11-15 17:27:59.639 +05:30  INF  Executing ObjectResult, writing value of type 'BAKERBAZZAR.API.Models.ApiResponse'.
2024-11-15 17:27:59.639 +05:30  INF  Executed action BAKERBAZZAR.API.Controller.UserController.UpdateCartItem (BAKERBAZZAR.API) in 10.8606ms
2024-11-15 17:27:59.639 +05:30  INF  Executed endpoint 'BAKERBAZZAR.API.Controller.UserController.UpdateCartItem (BAKERBAZZAR.API)'
2024-11-15 17:27:59.639 +05:30  INF  Request finished HTTP/1.1 PUT http://localhost:5145/user/updatecartitem?linerid=351&qty=1 - 0 - 200 - application/json;+charset=utf-8 11.2127ms
2024-11-15 17:27:59.640 +05:30  INF  Executing ObjectResult, writing value of type 'BAKERBAZZAR.API.Models.ApiResponse'.
2024-11-15 17:27:59.640 +05:30  INF  Executed action BAKERBAZZAR.API.Controller.UserController.CartDetails (BAKERBAZZAR.API) in 3.0438ms
2024-11-15 17:27:59.641 +05:30  INF  Executed endpoint 'BAKERBAZZAR.API.Controller.UserController.CartDetails (BAKERBAZZAR.API)'
2024-11-15 17:27:59.641 +05:30  INF  Request finished HTTP/1.1 GET http://localhost:5145/User/CartDetails?displayid=cc7460b0-afef-4490-8d67-bd98f78704de - - - 200 - application/json;+charset=utf-8 3.3552ms
2024-11-15 17:28:01.649 +05:30  INF  Request starting HTTP/1.1 GET http://localhost:5145/user/orderdetails?displayId=cc7460b0-afef-4490-8d67-bd98f78704de&status=placeorder&addressid=1044 - -
2024-11-15 17:28:01.649 +05:30  INF  CORS policy execution successful.
2024-11-15 17:28:01.649 +05:30  INF  Executing endpoint 'BAKERBAZZAR.API.Controller.UserController.OrderDetails (BAKERBAZZAR.API)'
2024-11-15 17:28:01.649 +05:30  INF  Route matched with {action = "OrderDetails", controller = "User"}. Executing controller action with signature System.Threading.Tasks.Task`1[Microsoft.AspNetCore.Mvc.ActionResult`1[BAKERBAZZAR.API.Models.ApiResponse]] OrderDetails(System.String, System.String, Int32) on controller BAKERBAZZAR.API.Controller.UserController (BAKERBAZZAR.API).
2024-11-15 17:28:01.682 +05:30  INF  Executing ObjectResult, writing value of type 'BAKERBAZZAR.API.Models.ApiResponse'.
2024-11-15 17:28:01.682 +05:30  INF  Executed action BAKERBAZZAR.API.Controller.UserController.OrderDetails (BAKERBAZZAR.API) in 33.3789ms
2024-11-15 17:28:01.682 +05:30  INF  Executed endpoint 'BAKERBAZZAR.API.Controller.UserController.OrderDetails (BAKERBAZZAR.API)'
2024-11-15 17:28:01.682 +05:30  INF  Request finished HTTP/1.1 GET http://localhost:5145/user/orderdetails?displayId=cc7460b0-afef-4490-8d67-bd98f78704de&status=placeorder&addressid=1044 - - - 200 - application/json;+charset=utf-8 33.6500ms
2024-11-15 17:29:49.581 +05:30  INF  Request starting HTTP/1.1 GET http://localhost:5145/User/Category - -
2024-11-15 17:29:49.581 +05:30  INF  CORS policy execution successful.
2024-11-15 17:29:49.581 +05:30  INF  Executing endpoint 'BAKERBAZZAR.API.Controller.UserController.Category (BAKERBAZZAR.API)'
2024-11-15 17:29:49.581 +05:30  INF  Request starting HTTP/1.1 GET http://localhost:5145/user/products?categoryid= - -
2024-11-15 17:29:49.581 +05:30  INF  CORS policy execution successful.
2024-11-15 17:29:49.581 +05:30  INF  Route matched with {action = "Category", controller = "User"}. Executing controller action with signature System.Threading.Tasks.Task`1[Microsoft.AspNetCore.Mvc.ActionResult`1[BAKERBAZZAR.API.Models.ApiResponse]] Category(System.String) on controller BAKERBAZZAR.API.Controller.UserController (BAKERBAZZAR.API).
2024-11-15 17:29:49.581 +05:30  INF  Executing endpoint 'BAKERBAZZAR.API.Controller.UserController.Products (BAKERBAZZAR.API)'
2024-11-15 17:29:49.581 +05:30  INF  Route matched with {action = "Products", controller = "User"}. Executing controller action with signature System.Threading.Tasks.Task`1[Microsoft.AspNetCore.Mvc.ActionResult`1[BAKERBAZZAR.API.Models.ApiResponse]] Products(System.String, System.String) on controller BAKERBAZZAR.API.Controller.UserController (BAKERBAZZAR.API).
2024-11-15 17:29:49.607 +05:30  INF  Executing ObjectResult, writing value of type 'BAKERBAZZAR.API.Models.ApiResponse'.
2024-11-15 17:29:49.607 +05:30  INF  Executed action BAKERBAZZAR.API.Controller.UserController.Category (BAKERBAZZAR.API) in 25.9819ms
2024-11-15 17:29:49.608 +05:30  INF  Executed endpoint 'BAKERBAZZAR.API.Controller.UserController.Category (BAKERBAZZAR.API)'
2024-11-15 17:29:49.608 +05:30  INF  Request finished HTTP/1.1 GET http://localhost:5145/User/Category - - - 200 - application/json;+charset=utf-8 26.7412ms
2024-11-15 17:29:49.609 +05:30  INF  Executing ObjectResult, writing value of type 'BAKERBAZZAR.API.Models.ApiResponse'.
2024-11-15 17:29:49.609 +05:30  INF  Request starting HTTP/1.1 GET http://localhost:5145/User/Category - -
2024-11-15 17:29:49.609 +05:30  INF  CORS policy execution successful.
2024-11-15 17:29:49.609 +05:30  INF  Executing endpoint 'BAKERBAZZAR.API.Controller.UserController.Category (BAKERBAZZAR.API)'
2024-11-15 17:29:49.609 +05:30  INF  Executed action BAKERBAZZAR.API.Controller.UserController.Products (BAKERBAZZAR.API) in 27.8005ms
2024-11-15 17:29:49.609 +05:30  INF  Executed endpoint 'BAKERBAZZAR.API.Controller.UserController.Products (BAKERBAZZAR.API)'
2024-11-15 17:29:49.609 +05:30  INF  Route matched with {action = "Category", controller = "User"}. Executing controller action with signature System.Threading.Tasks.Task`1[Microsoft.AspNetCore.Mvc.ActionResult`1[BAKERBAZZAR.API.Models.ApiResponse]] Category(System.String) on controller BAKERBAZZAR.API.Controller.UserController (BAKERBAZZAR.API).
2024-11-15 17:29:49.609 +05:30  INF  Request finished HTTP/1.1 GET http://localhost:5145/user/products?categoryid= - - - 200 - application/json;+charset=utf-8 28.1099ms
2024-11-15 17:29:49.611 +05:30  INF  Executing ObjectResult, writing value of type 'BAKERBAZZAR.API.Models.ApiResponse'.
2024-11-15 17:29:49.612 +05:30  INF  Executed action BAKERBAZZAR.API.Controller.UserController.Category (BAKERBAZZAR.API) in 2.4479ms
2024-11-15 17:29:49.612 +05:30  INF  Executed endpoint 'BAKERBAZZAR.API.Controller.UserController.Category (BAKERBAZZAR.API)'
2024-11-15 17:29:49.612 +05:30  INF  Request finished HTTP/1.1 GET http://localhost:5145/User/Category - - - 200 - application/json;+charset=utf-8 2.9817ms
2024-11-15 17:29:49.612 +05:30  INF  Request starting HTTP/1.1 GET http://localhost:5145/user/products?categoryid= - -
2024-11-15 17:29:49.612 +05:30  INF  CORS policy execution successful.
2024-11-15 17:29:49.612 +05:30  INF  Executing endpoint 'BAKERBAZZAR.API.Controller.UserController.Products (BAKERBAZZAR.API)'
2024-11-15 17:29:49.613 +05:30  INF  Route matched with {action = "Products", controller = "User"}. Executing controller action with signature System.Threading.Tasks.Task`1[Microsoft.AspNetCore.Mvc.ActionResult`1[BAKERBAZZAR.API.Models.ApiResponse]] Products(System.String, System.String) on controller BAKERBAZZAR.API.Controller.UserController (BAKERBAZZAR.API).
2024-11-15 17:29:49.617 +05:30  INF  Executing ObjectResult, writing value of type 'BAKERBAZZAR.API.Models.ApiResponse'.
2024-11-15 17:29:49.618 +05:30  INF  Executed action BAKERBAZZAR.API.Controller.UserController.Products (BAKERBAZZAR.API) in 5.6148ms
2024-11-15 17:29:49.618 +05:30  INF  Executed endpoint 'BAKERBAZZAR.API.Controller.UserController.Products (BAKERBAZZAR.API)'
2024-11-15 17:29:49.618 +05:30  INF  Request finished HTTP/1.1 GET http://localhost:5145/user/products?categoryid= - - - 200 - application/json;+charset=utf-8 6.0865ms
2024-11-15 17:30:03.100 +05:30  INF  Request starting HTTP/1.1 GET http://localhost:5145/User/CartDetails?displayid=cc7460b0-afef-4490-8d67-bd98f78704de - -
2024-11-15 17:30:03.101 +05:30  INF  CORS policy execution successful.
2024-11-15 17:30:03.101 +05:30  INF  Executing endpoint 'BAKERBAZZAR.API.Controller.UserController.CartDetails (BAKERBAZZAR.API)'
2024-11-15 17:30:03.101 +05:30  INF  Route matched with {action = "CartDetails", controller = "User"}. Executing controller action with signature System.Threading.Tasks.Task`1[Microsoft.AspNetCore.Mvc.ActionResult`1[BAKERBAZZAR.API.Models.ApiResponse]] CartDetails(System.String) on controller BAKERBAZZAR.API.Controller.UserController (BAKERBAZZAR.API).
2024-11-15 17:30:03.118 +05:30  INF  Executing ObjectResult, writing value of type 'BAKERBAZZAR.API.Models.ApiResponse'.
2024-11-15 17:30:03.118 +05:30  INF  Executed action BAKERBAZZAR.API.Controller.UserController.CartDetails (BAKERBAZZAR.API) in 16.9899ms
2024-11-15 17:30:03.118 +05:30  INF  Executed endpoint 'BAKERBAZZAR.API.Controller.UserController.CartDetails (BAKERBAZZAR.API)'
2024-11-15 17:30:03.118 +05:30  INF  Request finished HTTP/1.1 GET http://localhost:5145/User/CartDetails?displayid=cc7460b0-afef-4490-8d67-bd98f78704de - - - 200 - application/json;+charset=utf-8 17.6063ms
2024-11-15 17:30:03.119 +05:30  INF  Request starting HTTP/1.1 GET http://localhost:5145/User/CartDetails?displayid=cc7460b0-afef-4490-8d67-bd98f78704de - -
2024-11-15 17:30:03.119 +05:30  INF  CORS policy execution successful.
2024-11-15 17:30:03.119 +05:30  INF  Executing endpoint 'BAKERBAZZAR.API.Controller.UserController.CartDetails (BAKERBAZZAR.API)'
2024-11-15 17:30:03.119 +05:30  INF  Route matched with {action = "CartDetails", controller = "User"}. Executing controller action with signature System.Threading.Tasks.Task`1[Microsoft.AspNetCore.Mvc.ActionResult`1[BAKERBAZZAR.API.Models.ApiResponse]] CartDetails(System.String) on controller BAKERBAZZAR.API.Controller.UserController (BAKERBAZZAR.API).
2024-11-15 17:30:03.119 +05:30  INF  Executing ObjectResult, writing value of type 'BAKERBAZZAR.API.Models.ApiResponse'.
2024-11-15 17:30:03.119 +05:30  INF  Executed action BAKERBAZZAR.API.Controller.UserController.CartDetails (BAKERBAZZAR.API) in 0.5275ms
2024-11-15 17:30:03.120 +05:30  INF  Executed endpoint 'BAKERBAZZAR.API.Controller.UserController.CartDetails (BAKERBAZZAR.API)'
2024-11-15 17:30:03.120 +05:30  INF  Request finished HTTP/1.1 GET http://localhost:5145/User/CartDetails?displayid=cc7460b0-afef-4490-8d67-bd98f78704de - - - 200 - application/json;+charset=utf-8 0.8868ms
2024-11-15 17:41:52.312 +05:30  INF  Request starting HTTP/1.1 GET http://localhost:5145/user/myorders?displayid=a8701061-246f-4f0a-b7db-cf788913b18d - -
2024-11-15 17:41:52.315 +05:30  INF  CORS policy execution successful.
2024-11-15 17:41:52.316 +05:30  INF  Executing endpoint 'BAKERBAZZAR.API.Controller.UserController.MyOrders (BAKERBAZZAR.API)'
2024-11-15 17:41:52.318 +05:30  INF  Route matched with {action = "MyOrders", controller = "User"}. Executing controller action with signature System.Threading.Tasks.Task`1[Microsoft.AspNetCore.Mvc.ActionResult`1[BAKERBAZZAR.API.Models.ApiResponse]] MyOrders(System.String, System.String, System.String) on controller BAKERBAZZAR.API.Controller.UserController (BAKERBAZZAR.API).
2024-11-15 17:41:52.427 +05:30  INF  Executing ObjectResult, writing value of type 'BAKERBAZZAR.API.Models.ApiResponse'.
2024-11-15 17:41:52.429 +05:30  INF  Executed action BAKERBAZZAR.API.Controller.UserController.MyOrders (BAKERBAZZAR.API) in 110.2365ms
2024-11-15 17:41:52.429 +05:30  INF  Executed endpoint 'BAKERBAZZAR.API.Controller.UserController.MyOrders (BAKERBAZZAR.API)'
2024-11-15 17:41:52.429 +05:30  INF  Request finished HTTP/1.1 GET http://localhost:5145/user/myorders?displayid=a8701061-246f-4f0a-b7db-cf788913b18d - - - 200 - application/json;+charset=utf-8 120.7113ms
2024-11-15 17:41:52.430 +05:30  INF  Request starting HTTP/1.1 GET http://localhost:5145/user/myorders?displayid=a8701061-246f-4f0a-b7db-cf788913b18d - -
2024-11-15 17:41:52.430 +05:30  INF  CORS policy execution successful.
2024-11-15 17:41:52.430 +05:30  INF  Executing endpoint 'BAKERBAZZAR.API.Controller.UserController.MyOrders (BAKERBAZZAR.API)'
2024-11-15 17:41:52.431 +05:30  INF  Route matched with {action = "MyOrders", controller = "User"}. Executing controller action with signature System.Threading.Tasks.Task`1[Microsoft.AspNetCore.Mvc.ActionResult`1[BAKERBAZZAR.API.Models.ApiResponse]] MyOrders(System.String, System.String, System.String) on controller BAKERBAZZAR.API.Controller.UserController (BAKERBAZZAR.API).
2024-11-15 17:41:52.434 +05:30  INF  Executing ObjectResult, writing value of type 'BAKERBAZZAR.API.Models.ApiResponse'.
2024-11-15 17:41:52.434 +05:30  INF  Executed action BAKERBAZZAR.API.Controller.UserController.MyOrders (BAKERBAZZAR.API) in 3.4908ms
2024-11-15 17:41:52.434 +05:30  INF  Executed endpoint 'BAKERBAZZAR.API.Controller.UserController.MyOrders (BAKERBAZZAR.API)'
2024-11-15 17:41:52.434 +05:30  INF  Request finished HTTP/1.1 GET http://localhost:5145/user/myorders?displayid=a8701061-246f-4f0a-b7db-cf788913b18d - - - 200 - application/json;+charset=utf-8 3.8070ms
2024-11-15 17:41:58.095 +05:30  INF  Request starting HTTP/1.1 GET http://localhost:5145/user/products?categoryid=3e85ca1f-91c2-42f2-9b05-bd920051c25e - -
2024-11-15 17:41:58.095 +05:30  INF  CORS policy execution successful.
2024-11-15 17:41:58.095 +05:30  INF  Executing endpoint 'BAKERBAZZAR.API.Controller.UserController.Products (BAKERBAZZAR.API)'
2024-11-15 17:41:58.095 +05:30  INF  Route matched with {action = "Products", controller = "User"}. Executing controller action with signature System.Threading.Tasks.Task`1[Microsoft.AspNetCore.Mvc.ActionResult`1[BAKERBAZZAR.API.Models.ApiResponse]] Products(System.String, System.String) on controller BAKERBAZZAR.API.Controller.UserController (BAKERBAZZAR.API).
2024-11-15 17:41:58.123 +05:30  INF  Executing ObjectResult, writing value of type 'BAKERBAZZAR.API.Models.ApiResponse'.
2024-11-15 17:41:58.124 +05:30  INF  Executed action BAKERBAZZAR.API.Controller.UserController.Products (BAKERBAZZAR.API) in 28.6853ms
2024-11-15 17:41:58.124 +05:30  INF  Executed endpoint 'BAKERBAZZAR.API.Controller.UserController.Products (BAKERBAZZAR.API)'
2024-11-15 17:41:58.124 +05:30  INF  Request finished HTTP/1.1 GET http://localhost:5145/user/products?categoryid=3e85ca1f-91c2-42f2-9b05-bd920051c25e - - - 200 - application/json;+charset=utf-8 29.6492ms
2024-11-15 17:41:58.924 +05:30  INF  Request starting HTTP/1.1 OPTIONS http://localhost:5145/User/AddToCart - -
2024-11-15 17:41:58.924 +05:30  INF  CORS policy execution successful.
2024-11-15 17:41:58.925 +05:30  INF  Request finished HTTP/1.1 OPTIONS http://localhost:5145/User/AddToCart - - - 204 - - 0.6019ms
2024-11-15 17:41:58.926 +05:30  INF  Request starting HTTP/1.1 POST http://localhost:5145/User/AddToCart application/json 140
2024-11-15 17:41:58.926 +05:30  INF  CORS policy execution successful.
2024-11-15 17:41:58.926 +05:30  INF  Executing endpoint 'BAKERBAZZAR.API.Controller.UserController.AddToCart (BAKERBAZZAR.API)'
2024-11-15 17:41:58.926 +05:30  INF  Route matched with {action = "AddToCart", controller = "User"}. Executing controller action with signature System.Threading.Tasks.Task`1[Microsoft.AspNetCore.Mvc.ActionResult`1[BAKERBAZZAR.API.Models.ApiResponse]] AddToCart(BAKERBAZZAR.API.Models.IO_Templates.AddToCartRequest) on controller BAKERBAZZAR.API.Controller.UserController (BAKERBAZZAR.API).
2024-11-15 17:41:58.944 +05:30  INF  Executing ObjectResult, writing value of type 'BAKERBAZZAR.API.Models.ApiResponse'.
2024-11-15 17:41:58.944 +05:30  INF  Executed action BAKERBAZZAR.API.Controller.UserController.AddToCart (BAKERBAZZAR.API) in 17.8351ms
2024-11-15 17:41:58.944 +05:30  INF  Executed endpoint 'BAKERBAZZAR.API.Controller.UserController.AddToCart (BAKERBAZZAR.API)'
2024-11-15 17:41:58.944 +05:30  INF  Request finished HTTP/1.1 POST http://localhost:5145/User/AddToCart application/json 140 - 200 - application/json;+charset=utf-8 18.4446ms
2024-11-15 17:42:00.146 +05:30  INF  Request starting HTTP/1.1 GET http://localhost:5145/User/CartDetails?displayid=cc7460b0-afef-4490-8d67-bd98f78704de - -
2024-11-15 17:42:00.146 +05:30  INF  CORS policy execution successful.
2024-11-15 17:42:00.146 +05:30  INF  Executing endpoint 'BAKERBAZZAR.API.Controller.UserController.CartDetails (BAKERBAZZAR.API)'
2024-11-15 17:42:00.147 +05:30  INF  Route matched with {action = "CartDetails", controller = "User"}. Executing controller action with signature System.Threading.Tasks.Task`1[Microsoft.AspNetCore.Mvc.ActionResult`1[BAKERBAZZAR.API.Models.ApiResponse]] CartDetails(System.String) on controller BAKERBAZZAR.API.Controller.UserController (BAKERBAZZAR.API).
2024-11-15 17:42:00.174 +05:30  INF  Executing ObjectResult, writing value of type 'BAKERBAZZAR.API.Models.ApiResponse'.
2024-11-15 17:42:00.174 +05:30  INF  Executed action BAKERBAZZAR.API.Controller.UserController.CartDetails (BAKERBAZZAR.API) in 27.0046ms
2024-11-15 17:42:00.174 +05:30  INF  Executed endpoint 'BAKERBAZZAR.API.Controller.UserController.CartDetails (BAKERBAZZAR.API)'
2024-11-15 17:42:00.174 +05:30  INF  Request finished HTTP/1.1 GET http://localhost:5145/User/CartDetails?displayid=cc7460b0-afef-4490-8d67-bd98f78704de - - - 200 - application/json;+charset=utf-8 28.0443ms
2024-11-15 17:42:00.175 +05:30  INF  Request starting HTTP/1.1 GET http://localhost:5145/User/CartDetails?displayid=cc7460b0-afef-4490-8d67-bd98f78704de - -
2024-11-15 17:42:00.175 +05:30  INF  CORS policy execution successful.
2024-11-15 17:42:00.175 +05:30  INF  Executing endpoint 'BAKERBAZZAR.API.Controller.UserController.CartDetails (BAKERBAZZAR.API)'
2024-11-15 17:42:00.176 +05:30  INF  Route matched with {action = "CartDetails", controller = "User"}. Executing controller action with signature System.Threading.Tasks.Task`1[Microsoft.AspNetCore.Mvc.ActionResult`1[BAKERBAZZAR.API.Models.ApiResponse]] CartDetails(System.String) on controller BAKERBAZZAR.API.Controller.UserController (BAKERBAZZAR.API).
2024-11-15 17:42:00.176 +05:30  INF  Executing ObjectResult, writing value of type 'BAKERBAZZAR.API.Models.ApiResponse'.
2024-11-15 17:42:00.176 +05:30  INF  Executed action BAKERBAZZAR.API.Controller.UserController.CartDetails (BAKERBAZZAR.API) in 0.6244ms
2024-11-15 17:42:00.176 +05:30  INF  Executed endpoint 'BAKERBAZZAR.API.Controller.UserController.CartDetails (BAKERBAZZAR.API)'
2024-11-15 17:42:00.176 +05:30  INF  Request finished HTTP/1.1 GET http://localhost:5145/User/CartDetails?displayid=cc7460b0-afef-4490-8d67-bd98f78704de - - - 200 - application/json;+charset=utf-8 0.9482ms
2024-11-15 17:42:42.090 +05:30  INF  Request starting HTTP/1.1 GET http://localhost:5145/user/products?categoryid= - -
2024-11-15 17:42:42.091 +05:30  INF  CORS policy execution successful.
2024-11-15 17:42:42.091 +05:30  INF  Request starting HTTP/1.1 GET http://localhost:5145/User/Category - -
2024-11-15 17:42:42.091 +05:30  INF  Executing endpoint 'BAKERBAZZAR.API.Controller.UserController.Products (BAKERBAZZAR.API)'
2024-11-15 17:42:42.091 +05:30  INF  CORS policy execution successful.
2024-11-15 17:42:42.091 +05:30  INF  Executing endpoint 'BAKERBAZZAR.API.Controller.UserController.Category (BAKERBAZZAR.API)'
2024-11-15 17:42:42.091 +05:30  INF  Route matched with {action = "Category", controller = "User"}. Executing controller action with signature System.Threading.Tasks.Task`1[Microsoft.AspNetCore.Mvc.ActionResult`1[BAKERBAZZAR.API.Models.ApiResponse]] Category(System.String) on controller BAKERBAZZAR.API.Controller.UserController (BAKERBAZZAR.API).
2024-11-15 17:42:42.091 +05:30  INF  Route matched with {action = "Products", controller = "User"}. Executing controller action with signature System.Threading.Tasks.Task`1[Microsoft.AspNetCore.Mvc.ActionResult`1[BAKERBAZZAR.API.Models.ApiResponse]] Products(System.String, System.String) on controller BAKERBAZZAR.API.Controller.UserController (BAKERBAZZAR.API).
2024-11-15 17:42:42.117 +05:30  INF  Executing ObjectResult, writing value of type 'BAKERBAZZAR.API.Models.ApiResponse'.
2024-11-15 17:42:42.119 +05:30  INF  Executing ObjectResult, writing value of type 'BAKERBAZZAR.API.Models.ApiResponse'.
2024-11-15 17:42:42.119 +05:30  INF  Executed action BAKERBAZZAR.API.Controller.UserController.Products (BAKERBAZZAR.API) in 28.1896ms
2024-11-15 17:42:42.119 +05:30  INF  Executed endpoint 'BAKERBAZZAR.API.Controller.UserController.Products (BAKERBAZZAR.API)'
2024-11-15 17:42:42.120 +05:30  INF  Request finished HTTP/1.1 GET http://localhost:5145/user/products?categoryid= - - - 200 - application/json;+charset=utf-8 28.9858ms
2024-11-15 17:42:42.120 +05:30  INF  Executed action BAKERBAZZAR.API.Controller.UserController.Category (BAKERBAZZAR.API) in 29.2301ms
2024-11-15 17:42:42.120 +05:30  INF  Executed endpoint 'BAKERBAZZAR.API.Controller.UserController.Category (BAKERBAZZAR.API)'
2024-11-15 17:42:42.120 +05:30  INF  Request finished HTTP/1.1 GET http://localhost:5145/User/Category - - - 200 - application/json;+charset=utf-8 29.9808ms
2024-11-15 17:42:42.128 +05:30  INF  Request starting HTTP/1.1 GET http://localhost:5145/user/products?categoryid= - -
2024-11-15 17:42:42.129 +05:30  INF  CORS policy execution successful.
2024-11-15 17:42:42.129 +05:30  INF  Executing endpoint 'BAKERBAZZAR.API.Controller.UserController.Products (BAKERBAZZAR.API)'
2024-11-15 17:42:42.129 +05:30  INF  Route matched with {action = "Products", controller = "User"}. Executing controller action with signature System.Threading.Tasks.Task`1[Microsoft.AspNetCore.Mvc.ActionResult`1[BAKERBAZZAR.API.Models.ApiResponse]] Products(System.String, System.String) on controller BAKERBAZZAR.API.Controller.UserController (BAKERBAZZAR.API).
2024-11-15 17:42:42.129 +05:30  INF  Request starting HTTP/1.1 GET http://localhost:5145/User/Category - -
2024-11-15 17:42:42.130 +05:30  INF  CORS policy execution successful.
2024-11-15 17:42:42.130 +05:30  INF  Executing endpoint 'BAKERBAZZAR.API.Controller.UserController.Category (BAKERBAZZAR.API)'
2024-11-15 17:42:42.130 +05:30  INF  Route matched with {action = "Category", controller = "User"}. Executing controller action with signature System.Threading.Tasks.Task`1[Microsoft.AspNetCore.Mvc.ActionResult`1[BAKERBAZZAR.API.Models.ApiResponse]] Category(System.String) on controller BAKERBAZZAR.API.Controller.UserController (BAKERBAZZAR.API).
2024-11-15 17:42:42.138 +05:30  INF  Executing ObjectResult, writing value of type 'BAKERBAZZAR.API.Models.ApiResponse'.
2024-11-15 17:42:42.139 +05:30  INF  Executed action BAKERBAZZAR.API.Controller.UserController.Category (BAKERBAZZAR.API) in 8.6911ms
2024-11-15 17:42:42.139 +05:30  INF  Executed endpoint 'BAKERBAZZAR.API.Controller.UserController.Category (BAKERBAZZAR.API)'
2024-11-15 17:42:42.139 +05:30  INF  Request finished HTTP/1.1 GET http://localhost:5145/User/Category - - - 200 - application/json;+charset=utf-8 9.3492ms
2024-11-15 17:42:42.143 +05:30  INF  Executing ObjectResult, writing value of type 'BAKERBAZZAR.API.Models.ApiResponse'.
2024-11-15 17:42:42.145 +05:30  INF  Executed action BAKERBAZZAR.API.Controller.UserController.Products (BAKERBAZZAR.API) in 16.2797ms
2024-11-15 17:42:42.145 +05:30  INF  Executed endpoint 'BAKERBAZZAR.API.Controller.UserController.Products (BAKERBAZZAR.API)'
2024-11-15 17:42:42.145 +05:30  INF  Request finished HTTP/1.1 GET http://localhost:5145/user/products?categoryid= - - - 200 - application/json;+charset=utf-8 16.9034ms
2024-11-15 17:42:50.503 +05:30  INF  Request starting HTTP/1.1 OPTIONS http://localhost:5145/Authentication/Login - -
2024-11-15 17:42:50.503 +05:30  INF  CORS policy execution successful.
2024-11-15 17:42:50.504 +05:30  INF  Request finished HTTP/1.1 OPTIONS http://localhost:5145/Authentication/Login - - - 204 - - 0.9330ms
2024-11-15 17:42:50.505 +05:30  INF  Request starting HTTP/1.1 POST http://localhost:5145/Authentication/Login application/json 47
2024-11-15 17:42:50.505 +05:30  INF  CORS policy execution successful.
2024-11-15 17:42:50.505 +05:30  INF  Executing endpoint 'BAKERBAZZAR.API.Controller.AuthenticationController.VerifyUser (BAKERBAZZAR.API)'
2024-11-15 17:42:50.506 +05:30  INF  Route matched with {action = "VerifyUser", controller = "Authentication"}. Executing controller action with signature System.Threading.Tasks.Task`1[Microsoft.AspNetCore.Mvc.ActionResult`1[BAKERBAZZAR.API.Models.ApiResponse]] VerifyUser(BAKERBAZZAR.API.Models.IO_Templates.LoginRequest) on controller BAKERBAZZAR.API.Controller.AuthenticationController (BAKERBAZZAR.API).
2024-11-15 17:42:50.508 +05:30  INF  verify user execution start
2024-11-15 17:42:50.524 +05:30  INF  verify user execution end
2024-11-15 17:42:50.524 +05:30  INF  Executing ObjectResult, writing value of type 'BAKERBAZZAR.API.Models.ApiResponse'.
2024-11-15 17:42:50.524 +05:30  INF  Executed action BAKERBAZZAR.API.Controller.AuthenticationController.VerifyUser (BAKERBAZZAR.API) in 18.7685ms
2024-11-15 17:42:50.524 +05:30  INF  Executed endpoint 'BAKERBAZZAR.API.Controller.AuthenticationController.VerifyUser (BAKERBAZZAR.API)'
2024-11-15 17:42:50.524 +05:30  INF  Request finished HTTP/1.1 POST http://localhost:5145/Authentication/Login application/json 47 - 200 - application/json;+charset=utf-8 19.8218ms
2024-11-15 17:42:53.686 +05:30  INF  Request starting HTTP/1.1 POST http://localhost:5145/Authentication/Login application/json 46
2024-11-15 17:42:53.686 +05:30  INF  CORS policy execution successful.
2024-11-15 17:42:53.686 +05:30  INF  Executing endpoint 'BAKERBAZZAR.API.Controller.AuthenticationController.VerifyUser (BAKERBAZZAR.API)'
2024-11-15 17:42:53.686 +05:30  INF  Route matched with {action = "VerifyUser", controller = "Authentication"}. Executing controller action with signature System.Threading.Tasks.Task`1[Microsoft.AspNetCore.Mvc.ActionResult`1[BAKERBAZZAR.API.Models.ApiResponse]] VerifyUser(BAKERBAZZAR.API.Models.IO_Templates.LoginRequest) on controller BAKERBAZZAR.API.Controller.AuthenticationController (BAKERBAZZAR.API).
2024-11-15 17:42:53.686 +05:30  INF  verify user execution start
2024-11-15 17:42:53.735 +05:30  INF  verify user execution end
2024-11-15 17:42:53.735 +05:30  INF  Executing ObjectResult, writing value of type 'BAKERBAZZAR.API.Models.ApiResponse'.
2024-11-15 17:42:53.736 +05:30  INF  Executed action BAKERBAZZAR.API.Controller.AuthenticationController.VerifyUser (BAKERBAZZAR.API) in 49.3803ms
2024-11-15 17:42:53.736 +05:30  INF  Executed endpoint 'BAKERBAZZAR.API.Controller.AuthenticationController.VerifyUser (BAKERBAZZAR.API)'
2024-11-15 17:42:53.736 +05:30  INF  Request finished HTTP/1.1 POST http://localhost:5145/Authentication/Login application/json 46 - 200 - application/json;+charset=utf-8 49.7388ms
2024-11-15 17:42:57.899 +05:30  INF  Request starting HTTP/1.1 GET http://localhost:5145/user/products?categoryid=3e85ca1f-91c2-42f2-9b05-bd920051c25e - -
2024-11-15 17:42:57.899 +05:30  INF  CORS policy execution successful.
2024-11-15 17:42:57.899 +05:30  INF  Executing endpoint 'BAKERBAZZAR.API.Controller.UserController.Products (BAKERBAZZAR.API)'
2024-11-15 17:42:57.899 +05:30  INF  Route matched with {action = "Products", controller = "User"}. Executing controller action with signature System.Threading.Tasks.Task`1[Microsoft.AspNetCore.Mvc.ActionResult`1[BAKERBAZZAR.API.Models.ApiResponse]] Products(System.String, System.String) on controller BAKERBAZZAR.API.Controller.UserController (BAKERBAZZAR.API).
2024-11-15 17:42:57.917 +05:30  INF  Executing ObjectResult, writing value of type 'BAKERBAZZAR.API.Models.ApiResponse'.
2024-11-15 17:42:57.918 +05:30  INF  Executed action BAKERBAZZAR.API.Controller.UserController.Products (BAKERBAZZAR.API) in 18.6154ms
2024-11-15 17:42:57.918 +05:30  INF  Executed endpoint 'BAKERBAZZAR.API.Controller.UserController.Products (BAKERBAZZAR.API)'
2024-11-15 17:42:57.918 +05:30  INF  Request finished HTTP/1.1 GET http://localhost:5145/user/products?categoryid=3e85ca1f-91c2-42f2-9b05-bd920051c25e - - - 200 - application/json;+charset=utf-8 18.9924ms
2024-11-15 17:43:27.089 +05:30  INF  Request starting HTTP/1.1 OPTIONS http://localhost:5145/User/AddToCart - -
2024-11-15 17:43:27.089 +05:30  INF  CORS policy execution successful.
2024-11-15 17:43:27.089 +05:30  INF  Request finished HTTP/1.1 OPTIONS http://localhost:5145/User/AddToCart - - - 204 - - 1.8375ms
2024-11-15 17:43:27.090 +05:30  INF  Request starting HTTP/1.1 POST http://localhost:5145/User/AddToCart application/json 140
2024-11-15 17:43:27.090 +05:30  INF  CORS policy execution successful.
2024-11-15 17:43:27.090 +05:30  INF  Executing endpoint 'BAKERBAZZAR.API.Controller.UserController.AddToCart (BAKERBAZZAR.API)'
2024-11-15 17:43:27.090 +05:30  INF  Route matched with {action = "AddToCart", controller = "User"}. Executing controller action with signature System.Threading.Tasks.Task`1[Microsoft.AspNetCore.Mvc.ActionResult`1[BAKERBAZZAR.API.Models.ApiResponse]] AddToCart(BAKERBAZZAR.API.Models.IO_Templates.AddToCartRequest) on controller BAKERBAZZAR.API.Controller.UserController (BAKERBAZZAR.API).
2024-11-15 17:43:27.124 +05:30  INF  Executing ObjectResult, writing value of type 'BAKERBAZZAR.API.Models.ApiResponse'.
2024-11-15 17:43:27.124 +05:30  INF  Executed action BAKERBAZZAR.API.Controller.UserController.AddToCart (BAKERBAZZAR.API) in 33.8019ms
2024-11-15 17:43:27.124 +05:30  INF  Executed endpoint 'BAKERBAZZAR.API.Controller.UserController.AddToCart (BAKERBAZZAR.API)'
2024-11-15 17:43:27.124 +05:30  INF  Request finished HTTP/1.1 POST http://localhost:5145/User/AddToCart application/json 140 - 200 - application/json;+charset=utf-8 34.0663ms
2024-11-15 17:43:29.843 +05:30  INF  Request starting HTTP/1.1 POST http://localhost:5145/User/AddToCart application/json 140
2024-11-15 17:43:29.851 +05:30  INF  CORS policy execution successful.
2024-11-15 17:43:29.851 +05:30  INF  Executing endpoint 'BAKERBAZZAR.API.Controller.UserController.AddToCart (BAKERBAZZAR.API)'
2024-11-15 17:43:29.851 +05:30  INF  Route matched with {action = "AddToCart", controller = "User"}. Executing controller action with signature System.Threading.Tasks.Task`1[Microsoft.AspNetCore.Mvc.ActionResult`1[BAKERBAZZAR.API.Models.ApiResponse]] AddToCart(BAKERBAZZAR.API.Models.IO_Templates.AddToCartRequest) on controller BAKERBAZZAR.API.Controller.UserController (BAKERBAZZAR.API).
2024-11-15 17:43:29.892 +05:30  INF  Executing ObjectResult, writing value of type 'BAKERBAZZAR.API.Models.ApiResponse'.
2024-11-15 17:43:29.893 +05:30  INF  Executed action BAKERBAZZAR.API.Controller.UserController.AddToCart (BAKERBAZZAR.API) in 41.3611ms
2024-11-15 17:43:29.893 +05:30  INF  Executed endpoint 'BAKERBAZZAR.API.Controller.UserController.AddToCart (BAKERBAZZAR.API)'
2024-11-15 17:43:29.893 +05:30  INF  Request finished HTTP/1.1 POST http://localhost:5145/User/AddToCart application/json 140 - 200 - application/json;+charset=utf-8 50.0304ms
2024-11-15 17:43:33.913 +05:30  INF  Request starting HTTP/1.1 OPTIONS http://localhost:5145/User/AddToCart - -
2024-11-15 17:43:33.913 +05:30  INF  CORS policy execution successful.
2024-11-15 17:43:33.914 +05:30  INF  Request finished HTTP/1.1 OPTIONS http://localhost:5145/User/AddToCart - - - 204 - - 0.2542ms
2024-11-15 17:43:33.914 +05:30  INF  Request starting HTTP/1.1 POST http://localhost:5145/User/AddToCart application/json 140
2024-11-15 17:43:33.915 +05:30  INF  CORS policy execution successful.
2024-11-15 17:43:33.915 +05:30  INF  Executing endpoint 'BAKERBAZZAR.API.Controller.UserController.AddToCart (BAKERBAZZAR.API)'
2024-11-15 17:43:33.915 +05:30  INF  Route matched with {action = "AddToCart", controller = "User"}. Executing controller action with signature System.Threading.Tasks.Task`1[Microsoft.AspNetCore.Mvc.ActionResult`1[BAKERBAZZAR.API.Models.ApiResponse]] AddToCart(BAKERBAZZAR.API.Models.IO_Templates.AddToCartRequest) on controller BAKERBAZZAR.API.Controller.UserController (BAKERBAZZAR.API).
2024-11-15 17:43:33.940 +05:30  INF  Executing ObjectResult, writing value of type 'BAKERBAZZAR.API.Models.ApiResponse'.
2024-11-15 17:43:33.940 +05:30  INF  Executed action BAKERBAZZAR.API.Controller.UserController.AddToCart (BAKERBAZZAR.API) in 25.2691ms
2024-11-15 17:43:33.940 +05:30  INF  Executed endpoint 'BAKERBAZZAR.API.Controller.UserController.AddToCart (BAKERBAZZAR.API)'
2024-11-15 17:43:33.940 +05:30  INF  Request finished HTTP/1.1 POST http://localhost:5145/User/AddToCart application/json 140 - 200 - application/json;+charset=utf-8 25.5920ms
2024-11-15 17:43:35.151 +05:30  INF  Request starting HTTP/1.1 GET http://localhost:5145/User/CartDetails?displayid=b0ed825d-4dcb-4005-a871-f6306b1b9d84 - -
2024-11-15 17:43:35.151 +05:30  INF  CORS policy execution successful.
2024-11-15 17:43:35.151 +05:30  INF  Executing endpoint 'BAKERBAZZAR.API.Controller.UserController.CartDetails (BAKERBAZZAR.API)'
2024-11-15 17:43:35.152 +05:30  INF  Route matched with {action = "CartDetails", controller = "User"}. Executing controller action with signature System.Threading.Tasks.Task`1[Microsoft.AspNetCore.Mvc.ActionResult`1[BAKERBAZZAR.API.Models.ApiResponse]] CartDetails(System.String) on controller BAKERBAZZAR.API.Controller.UserController (BAKERBAZZAR.API).
2024-11-15 17:43:35.176 +05:30  INF  Executing ObjectResult, writing value of type 'BAKERBAZZAR.API.Models.ApiResponse'.
2024-11-15 17:43:35.177 +05:30  INF  Executed action BAKERBAZZAR.API.Controller.UserController.CartDetails (BAKERBAZZAR.API) in 24.8349ms
2024-11-15 17:43:35.177 +05:30  INF  Executed endpoint 'BAKERBAZZAR.API.Controller.UserController.CartDetails (BAKERBAZZAR.API)'
2024-11-15 17:43:35.177 +05:30  INF  Request finished HTTP/1.1 GET http://localhost:5145/User/CartDetails?displayid=b0ed825d-4dcb-4005-a871-f6306b1b9d84 - - - 200 - application/json;+charset=utf-8 25.3042ms
2024-11-15 17:43:35.178 +05:30  INF  Request starting HTTP/1.1 GET http://localhost:5145/User/CartDetails?displayid=b0ed825d-4dcb-4005-a871-f6306b1b9d84 - -
2024-11-15 17:43:35.178 +05:30  INF  CORS policy execution successful.
2024-11-15 17:43:35.178 +05:30  INF  Executing endpoint 'BAKERBAZZAR.API.Controller.UserController.CartDetails (BAKERBAZZAR.API)'
2024-11-15 17:43:35.178 +05:30  INF  Route matched with {action = "CartDetails", controller = "User"}. Executing controller action with signature System.Threading.Tasks.Task`1[Microsoft.AspNetCore.Mvc.ActionResult`1[BAKERBAZZAR.API.Models.ApiResponse]] CartDetails(System.String) on controller BAKERBAZZAR.API.Controller.UserController (BAKERBAZZAR.API).
2024-11-15 17:43:35.180 +05:30  INF  Executing ObjectResult, writing value of type 'BAKERBAZZAR.API.Models.ApiResponse'.
2024-11-15 17:43:35.181 +05:30  INF  Executed action BAKERBAZZAR.API.Controller.UserController.CartDetails (BAKERBAZZAR.API) in 2.4404ms
2024-11-15 17:43:35.181 +05:30  INF  Executed endpoint 'BAKERBAZZAR.API.Controller.UserController.CartDetails (BAKERBAZZAR.API)'
2024-11-15 17:43:35.181 +05:30  INF  Request finished HTTP/1.1 GET http://localhost:5145/User/CartDetails?displayid=b0ed825d-4dcb-4005-a871-f6306b1b9d84 - - - 200 - application/json;+charset=utf-8 2.8270ms
2024-11-15 17:43:35.192 +05:30  INF  Request starting HTTP/1.1 OPTIONS http://localhost:5145/user/updatecartitem?linerid=352&qty=1 - -
2024-11-15 17:43:35.193 +05:30  INF  CORS policy execution successful.
2024-11-15 17:43:35.193 +05:30  INF  Request finished HTTP/1.1 OPTIONS http://localhost:5145/user/updatecartitem?linerid=352&qty=1 - - - 204 - - 0.3120ms
2024-11-15 17:43:35.193 +05:30  INF  Request starting HTTP/1.1 OPTIONS http://localhost:5145/user/updatecartitem?linerid=353&qty=1 - -
2024-11-15 17:43:35.193 +05:30  INF  CORS policy execution successful.
2024-11-15 17:43:35.193 +05:30  INF  Request finished HTTP/1.1 OPTIONS http://localhost:5145/user/updatecartitem?linerid=353&qty=1 - - - 204 - - 0.1674ms
2024-11-15 17:43:35.200 +05:30  INF  Request starting HTTP/1.1 PUT http://localhost:5145/user/updatecartitem?linerid=352&qty=1 - 0
2024-11-15 17:43:35.200 +05:30  INF  CORS policy execution successful.
2024-11-15 17:43:35.200 +05:30  INF  Executing endpoint 'BAKERBAZZAR.API.Controller.UserController.UpdateCartItem (BAKERBAZZAR.API)'
2024-11-15 17:43:35.201 +05:30  INF  Route matched with {action = "UpdateCartItem", controller = "User"}. Executing controller action with signature System.Threading.Tasks.Task`1[Microsoft.AspNetCore.Mvc.ActionResult`1[BAKERBAZZAR.API.Models.ApiResponse]] UpdateCartItem(Int32, Int32) on controller BAKERBAZZAR.API.Controller.UserController (BAKERBAZZAR.API).
2024-11-15 17:43:35.201 +05:30  INF  Request starting HTTP/1.1 OPTIONS http://localhost:5145/user/updatecartitem?linerid=354&qty=1 - -
2024-11-15 17:43:35.201 +05:30  INF  CORS policy execution successful.
2024-11-15 17:43:35.201 +05:30  INF  Request starting HTTP/1.1 PUT http://localhost:5145/user/updatecartitem?linerid=352&qty=1 - 0
2024-11-15 17:43:35.201 +05:30  INF  CORS policy execution successful.
2024-11-15 17:43:35.201 +05:30  INF  Request finished HTTP/1.1 OPTIONS http://localhost:5145/user/updatecartitem?linerid=354&qty=1 - - - 204 - - 0.2821ms
2024-11-15 17:43:35.201 +05:30  INF  Executing endpoint 'BAKERBAZZAR.API.Controller.UserController.UpdateCartItem (BAKERBAZZAR.API)'
2024-11-15 17:43:35.201 +05:30  INF  Route matched with {action = "UpdateCartItem", controller = "User"}. Executing controller action with signature System.Threading.Tasks.Task`1[Microsoft.AspNetCore.Mvc.ActionResult`1[BAKERBAZZAR.API.Models.ApiResponse]] UpdateCartItem(Int32, Int32) on controller BAKERBAZZAR.API.Controller.UserController (BAKERBAZZAR.API).
2024-11-15 17:43:35.202 +05:30  INF  Request starting HTTP/1.1 OPTIONS http://localhost:5145/user/updatecartitem?linerid=353&qty=1 - -
2024-11-15 17:43:35.202 +05:30  INF  Request starting HTTP/1.1 PUT http://localhost:5145/user/updatecartitem?linerid=353&qty=1 - 0
2024-11-15 17:43:35.202 +05:30  INF  CORS policy execution successful.
2024-11-15 17:43:35.202 +05:30  INF  Executing endpoint 'BAKERBAZZAR.API.Controller.UserController.UpdateCartItem (BAKERBAZZAR.API)'
2024-11-15 17:43:35.202 +05:30  INF  Route matched with {action = "UpdateCartItem", controller = "User"}. Executing controller action with signature System.Threading.Tasks.Task`1[Microsoft.AspNetCore.Mvc.ActionResult`1[BAKERBAZZAR.API.Models.ApiResponse]] UpdateCartItem(Int32, Int32) on controller BAKERBAZZAR.API.Controller.UserController (BAKERBAZZAR.API).
2024-11-15 17:43:35.202 +05:30  INF  CORS policy execution successful.
2024-11-15 17:43:35.202 +05:30  INF  Request finished HTTP/1.1 OPTIONS http://localhost:5145/user/updatecartitem?linerid=353&qty=1 - - - 204 - - 0.3857ms
2024-11-15 17:43:35.202 +05:30  INF  Request starting HTTP/1.1 OPTIONS http://localhost:5145/user/updatecartitem?linerid=354&qty=1 - -
2024-11-15 17:43:35.203 +05:30  INF  CORS policy execution successful.
2024-11-15 17:43:35.203 +05:30  INF  Request finished HTTP/1.1 OPTIONS http://localhost:5145/user/updatecartitem?linerid=354&qty=1 - - - 204 - - 0.2525ms
2024-11-15 17:43:35.203 +05:30  INF  Request starting HTTP/1.1 PUT http://localhost:5145/user/updatecartitem?linerid=354&qty=1 - 0
2024-11-15 17:43:35.203 +05:30  INF  CORS policy execution successful.
2024-11-15 17:43:35.204 +05:30  INF  Executing endpoint 'BAKERBAZZAR.API.Controller.UserController.UpdateCartItem (BAKERBAZZAR.API)'
2024-11-15 17:43:35.205 +05:30  INF  Route matched with {action = "UpdateCartItem", controller = "User"}. Executing controller action with signature System.Threading.Tasks.Task`1[Microsoft.AspNetCore.Mvc.ActionResult`1[BAKERBAZZAR.API.Models.ApiResponse]] UpdateCartItem(Int32, Int32) on controller BAKERBAZZAR.API.Controller.UserController (BAKERBAZZAR.API).
2024-11-15 17:43:35.205 +05:30  INF  Request starting HTTP/1.1 PUT http://localhost:5145/user/updatecartitem?linerid=353&qty=1 - 0
2024-11-15 17:43:35.206 +05:30  INF  CORS policy execution successful.
2024-11-15 17:43:35.206 +05:30  INF  Executing endpoint 'BAKERBAZZAR.API.Controller.UserController.UpdateCartItem (BAKERBAZZAR.API)'
2024-11-15 17:43:35.206 +05:30  INF  Route matched with {action = "UpdateCartItem", controller = "User"}. Executing controller action with signature System.Threading.Tasks.Task`1[Microsoft.AspNetCore.Mvc.ActionResult`1[BAKERBAZZAR.API.Models.ApiResponse]] UpdateCartItem(Int32, Int32) on controller BAKERBAZZAR.API.Controller.UserController (BAKERBAZZAR.API).
2024-11-15 17:43:35.207 +05:30  INF  Request starting HTTP/1.1 PUT http://localhost:5145/user/updatecartitem?linerid=354&qty=1 - 0
2024-11-15 17:43:35.208 +05:30  INF  CORS policy execution successful.
2024-11-15 17:43:35.208 +05:30  INF  Executing endpoint 'BAKERBAZZAR.API.Controller.UserController.UpdateCartItem (BAKERBAZZAR.API)'
2024-11-15 17:43:35.209 +05:30  INF  Route matched with {action = "UpdateCartItem", controller = "User"}. Executing controller action with signature System.Threading.Tasks.Task`1[Microsoft.AspNetCore.Mvc.ActionResult`1[BAKERBAZZAR.API.Models.ApiResponse]] UpdateCartItem(Int32, Int32) on controller BAKERBAZZAR.API.Controller.UserController (BAKERBAZZAR.API).
2024-11-15 17:43:35.216 +05:30  INF  Executing ObjectResult, writing value of type 'BAKERBAZZAR.API.Models.ApiResponse'.
2024-11-15 17:43:35.216 +05:30  INF  Executing ObjectResult, writing value of type 'BAKERBAZZAR.API.Models.ApiResponse'.
2024-11-15 17:43:35.216 +05:30  INF  Executing ObjectResult, writing value of type 'BAKERBAZZAR.API.Models.ApiResponse'.
2024-11-15 17:43:35.216 +05:30  INF  Executed action BAKERBAZZAR.API.Controller.UserController.UpdateCartItem (BAKERBAZZAR.API) in 14.8108ms
2024-11-15 17:43:35.216 +05:30  INF  Executed endpoint 'BAKERBAZZAR.API.Controller.UserController.UpdateCartItem (BAKERBAZZAR.API)'
2024-11-15 17:43:35.216 +05:30  INF  Executed action BAKERBAZZAR.API.Controller.UserController.UpdateCartItem (BAKERBAZZAR.API) in 13.9445ms
2024-11-15 17:43:35.216 +05:30  INF  Executed endpoint 'BAKERBAZZAR.API.Controller.UserController.UpdateCartItem (BAKERBAZZAR.API)'
2024-11-15 17:43:35.216 +05:30  INF  Request finished HTTP/1.1 PUT http://localhost:5145/user/updatecartitem?linerid=353&qty=1 - 0 - 200 - application/json;+charset=utf-8 14.3131ms
2024-11-15 17:43:35.216 +05:30  INF  Request finished HTTP/1.1 PUT http://localhost:5145/user/updatecartitem?linerid=352&qty=1 - 0 - 200 - application/json;+charset=utf-8 15.8384ms
2024-11-15 17:43:35.216 +05:30  INF  Executed action BAKERBAZZAR.API.Controller.UserController.UpdateCartItem (BAKERBAZZAR.API) in 14.6776ms
2024-11-15 17:43:35.216 +05:30  INF  Executed endpoint 'BAKERBAZZAR.API.Controller.UserController.UpdateCartItem (BAKERBAZZAR.API)'
2024-11-15 17:43:35.216 +05:30  INF  Request finished HTTP/1.1 PUT http://localhost:5145/user/updatecartitem?linerid=352&qty=1 - 0 - 200 - application/json;+charset=utf-8 15.3123ms
2024-11-15 17:43:35.217 +05:30  INF  Executing ObjectResult, writing value of type 'BAKERBAZZAR.API.Models.ApiResponse'.
2024-11-15 17:43:35.217 +05:30  INF  Executing ObjectResult, writing value of type 'BAKERBAZZAR.API.Models.ApiResponse'.
2024-11-15 17:43:35.217 +05:30  INF  Executed action BAKERBAZZAR.API.Controller.UserController.UpdateCartItem (BAKERBAZZAR.API) in 10.6476ms
2024-11-15 17:43:35.217 +05:30  INF  Executed endpoint 'BAKERBAZZAR.API.Controller.UserController.UpdateCartItem (BAKERBAZZAR.API)'
2024-11-15 17:43:35.217 +05:30  INF  Request finished HTTP/1.1 PUT http://localhost:5145/user/updatecartitem?linerid=353&qty=1 - 0 - 200 - application/json;+charset=utf-8 11.5465ms
2024-11-15 17:43:35.217 +05:30  INF  Executed action BAKERBAZZAR.API.Controller.UserController.UpdateCartItem (BAKERBAZZAR.API) in 8.5572ms
2024-11-15 17:43:35.217 +05:30  INF  Executed endpoint 'BAKERBAZZAR.API.Controller.UserController.UpdateCartItem (BAKERBAZZAR.API)'
2024-11-15 17:43:35.217 +05:30  INF  Request finished HTTP/1.1 PUT http://localhost:5145/user/updatecartitem?linerid=354&qty=1 - 0 - 200 - application/json;+charset=utf-8 9.9783ms
2024-11-15 17:43:35.218 +05:30  INF  Request starting HTTP/1.1 GET http://localhost:5145/User/CartDetails?displayid=b0ed825d-4dcb-4005-a871-f6306b1b9d84 - -
2024-11-15 17:43:35.218 +05:30  INF  CORS policy execution successful.
2024-11-15 17:43:35.218 +05:30  INF  Executing endpoint 'BAKERBAZZAR.API.Controller.UserController.CartDetails (BAKERBAZZAR.API)'
2024-11-15 17:43:35.218 +05:30  INF  Route matched with {action = "CartDetails", controller = "User"}. Executing controller action with signature System.Threading.Tasks.Task`1[Microsoft.AspNetCore.Mvc.ActionResult`1[BAKERBAZZAR.API.Models.ApiResponse]] CartDetails(System.String) on controller BAKERBAZZAR.API.Controller.UserController (BAKERBAZZAR.API).
2024-11-15 17:43:35.220 +05:30  INF  Executing ObjectResult, writing value of type 'BAKERBAZZAR.API.Models.ApiResponse'.
2024-11-15 17:43:35.220 +05:30  INF  Executed action BAKERBAZZAR.API.Controller.UserController.UpdateCartItem (BAKERBAZZAR.API) in 15.2231ms
2024-11-15 17:43:35.220 +05:30  INF  Executed endpoint 'BAKERBAZZAR.API.Controller.UserController.UpdateCartItem (BAKERBAZZAR.API)'
2024-11-15 17:43:35.220 +05:30  INF  Request finished HTTP/1.1 PUT http://localhost:5145/user/updatecartitem?linerid=354&qty=1 - 0 - 200 - application/json;+charset=utf-8 17.3324ms
2024-11-15 17:43:35.221 +05:30  INF  Executing ObjectResult, writing value of type 'BAKERBAZZAR.API.Models.ApiResponse'.
2024-11-15 17:43:35.221 +05:30  INF  Executed action BAKERBAZZAR.API.Controller.UserController.CartDetails (BAKERBAZZAR.API) in 2.5123ms
2024-11-15 17:43:35.221 +05:30  INF  Executed endpoint 'BAKERBAZZAR.API.Controller.UserController.CartDetails (BAKERBAZZAR.API)'
2024-11-15 17:43:35.221 +05:30  INF  Request finished HTTP/1.1 GET http://localhost:5145/User/CartDetails?displayid=b0ed825d-4dcb-4005-a871-f6306b1b9d84 - - - 200 - application/json;+charset=utf-8 2.9413ms
2024-11-15 17:43:56.877 +05:30  INF  Request starting HTTP/1.1 GET http://localhost:5145/User/Category - -
2024-11-15 17:43:56.878 +05:30  INF  CORS policy execution successful.
2024-11-15 17:43:56.878 +05:30  INF  Executing endpoint 'BAKERBAZZAR.API.Controller.UserController.Category (BAKERBAZZAR.API)'
2024-11-15 17:43:56.878 +05:30  INF  Route matched with {action = "Category", controller = "User"}. Executing controller action with signature System.Threading.Tasks.Task`1[Microsoft.AspNetCore.Mvc.ActionResult`1[BAKERBAZZAR.API.Models.ApiResponse]] Category(System.String) on controller BAKERBAZZAR.API.Controller.UserController (BAKERBAZZAR.API).
2024-11-15 17:43:56.878 +05:30  INF  Request starting HTTP/1.1 GET http://localhost:5145/user/products?categoryid= - -
2024-11-15 17:43:56.878 +05:30  INF  CORS policy execution successful.
2024-11-15 17:43:56.878 +05:30  INF  Executing endpoint 'BAKERBAZZAR.API.Controller.UserController.Products (BAKERBAZZAR.API)'
2024-11-15 17:43:56.879 +05:30  INF  Route matched with {action = "Products", controller = "User"}. Executing controller action with signature System.Threading.Tasks.Task`1[Microsoft.AspNetCore.Mvc.ActionResult`1[BAKERBAZZAR.API.Models.ApiResponse]] Products(System.String, System.String) on controller BAKERBAZZAR.API.Controller.UserController (BAKERBAZZAR.API).
2024-11-15 17:43:56.886 +05:30  INF  Executing ObjectResult, writing value of type 'BAKERBAZZAR.API.Models.ApiResponse'.
2024-11-15 17:43:56.887 +05:30  INF  Executed action BAKERBAZZAR.API.Controller.UserController.Category (BAKERBAZZAR.API) in 9.1272ms
2024-11-15 17:43:56.887 +05:30  INF  Executed endpoint 'BAKERBAZZAR.API.Controller.UserController.Category (BAKERBAZZAR.API)'
2024-11-15 17:43:56.887 +05:30  INF  Request finished HTTP/1.1 GET http://localhost:5145/User/Category - - - 200 - application/json;+charset=utf-8 10.2333ms
2024-11-15 17:43:56.890 +05:30  INF  Request starting HTTP/1.1 GET http://localhost:5145/User/Category - -
2024-11-15 17:43:56.890 +05:30  INF  CORS policy execution successful.
2024-11-15 17:43:56.890 +05:30  INF  Executing endpoint 'BAKERBAZZAR.API.Controller.UserController.Category (BAKERBAZZAR.API)'
2024-11-15 17:43:56.890 +05:30  INF  Route matched with {action = "Category", controller = "User"}. Executing controller action with signature System.Threading.Tasks.Task`1[Microsoft.AspNetCore.Mvc.ActionResult`1[BAKERBAZZAR.API.Models.ApiResponse]] Category(System.String) on controller BAKERBAZZAR.API.Controller.UserController (BAKERBAZZAR.API).
2024-11-15 17:43:56.893 +05:30  INF  Executing ObjectResult, writing value of type 'BAKERBAZZAR.API.Models.ApiResponse'.
2024-11-15 17:43:56.893 +05:30  INF  Executing ObjectResult, writing value of type 'BAKERBAZZAR.API.Models.ApiResponse'.
2024-11-15 17:43:56.894 +05:30  INF  Executed action BAKERBAZZAR.API.Controller.UserController.Products (BAKERBAZZAR.API) in 15.0973ms
2024-11-15 17:43:56.894 +05:30  INF  Executed endpoint 'BAKERBAZZAR.API.Controller.UserController.Products (BAKERBAZZAR.API)'
2024-11-15 17:43:56.894 +05:30  INF  Request finished HTTP/1.1 GET http://localhost:5145/user/products?categoryid= - - - 200 - application/json;+charset=utf-8 15.7421ms
2024-11-15 17:43:56.894 +05:30  INF  Executed action BAKERBAZZAR.API.Controller.UserController.Category (BAKERBAZZAR.API) in 3.6411ms
2024-11-15 17:43:56.894 +05:30  INF  Executed endpoint 'BAKERBAZZAR.API.Controller.UserController.Category (BAKERBAZZAR.API)'
2024-11-15 17:43:56.894 +05:30  INF  Request finished HTTP/1.1 GET http://localhost:5145/User/Category - - - 200 - application/json;+charset=utf-8 4.0782ms
2024-11-15 17:43:56.898 +05:30  INF  Request starting HTTP/1.1 GET http://localhost:5145/user/products?categoryid= - -
2024-11-15 17:43:56.898 +05:30  INF  CORS policy execution successful.
2024-11-15 17:43:56.898 +05:30  INF  Executing endpoint 'BAKERBAZZAR.API.Controller.UserController.Products (BAKERBAZZAR.API)'
2024-11-15 17:43:56.898 +05:30  INF  Route matched with {action = "Products", controller = "User"}. Executing controller action with signature System.Threading.Tasks.Task`1[Microsoft.AspNetCore.Mvc.ActionResult`1[BAKERBAZZAR.API.Models.ApiResponse]] Products(System.String, System.String) on controller BAKERBAZZAR.API.Controller.UserController (BAKERBAZZAR.API).
2024-11-15 17:43:56.911 +05:30  INF  Executing ObjectResult, writing value of type 'BAKERBAZZAR.API.Models.ApiResponse'.
2024-11-15 17:43:56.914 +05:30  INF  Executed action BAKERBAZZAR.API.Controller.UserController.Products (BAKERBAZZAR.API) in 16.0112ms
2024-11-15 17:43:56.914 +05:30  INF  Executed endpoint 'BAKERBAZZAR.API.Controller.UserController.Products (BAKERBAZZAR.API)'
2024-11-15 17:43:56.914 +05:30  INF  Request finished HTTP/1.1 GET http://localhost:5145/user/products?categoryid= - - - 200 - application/json;+charset=utf-8 16.5516ms
2024-11-15 17:45:09.347 +05:30  INF  Request starting HTTP/1.1 OPTIONS http://localhost:5145/Authentication/Login - -
2024-11-15 17:45:09.347 +05:30  INF  CORS policy execution successful.
2024-11-15 17:45:09.347 +05:30  INF  Request finished HTTP/1.1 OPTIONS http://localhost:5145/Authentication/Login - - - 204 - - 0.3490ms
2024-11-15 17:45:09.348 +05:30  INF  Request starting HTTP/1.1 POST http://localhost:5145/Authentication/Login application/json 37
2024-11-15 17:45:09.348 +05:30  INF  CORS policy execution successful.
2024-11-15 17:45:09.348 +05:30  INF  Executing endpoint 'BAKERBAZZAR.API.Controller.AuthenticationController.VerifyUser (BAKERBAZZAR.API)'
2024-11-15 17:45:09.348 +05:30  INF  Route matched with {action = "VerifyUser", controller = "Authentication"}. Executing controller action with signature System.Threading.Tasks.Task`1[Microsoft.AspNetCore.Mvc.ActionResult`1[BAKERBAZZAR.API.Models.ApiResponse]] VerifyUser(BAKERBAZZAR.API.Models.IO_Templates.LoginRequest) on controller BAKERBAZZAR.API.Controller.AuthenticationController (BAKERBAZZAR.API).
2024-11-15 17:45:09.348 +05:30  INF  verify user execution start
2024-11-15 17:45:09.364 +05:30  INF  verify user execution end
2024-11-15 17:45:09.364 +05:30  INF  Executing ObjectResult, writing value of type 'BAKERBAZZAR.API.Models.ApiResponse'.
2024-11-15 17:45:09.364 +05:30  INF  Executed action BAKERBAZZAR.API.Controller.AuthenticationController.VerifyUser (BAKERBAZZAR.API) in 15.9478ms
2024-11-15 17:45:09.364 +05:30  INF  Executed endpoint 'BAKERBAZZAR.API.Controller.AuthenticationController.VerifyUser (BAKERBAZZAR.API)'
2024-11-15 17:45:09.364 +05:30  INF  Request finished HTTP/1.1 POST http://localhost:5145/Authentication/Login application/json 37 - 200 - application/json;+charset=utf-8 16.3278ms
2024-11-15 17:45:14.864 +05:30  INF  Request starting HTTP/1.1 OPTIONS http://localhost:5145/Authentication/Login - -
2024-11-15 17:45:14.864 +05:30  INF  CORS policy execution successful.
2024-11-15 17:45:14.864 +05:30  INF  Request finished HTTP/1.1 OPTIONS http://localhost:5145/Authentication/Login - - - 204 - - 0.3372ms
2024-11-15 17:45:14.865 +05:30  INF  Request starting HTTP/1.1 POST http://localhost:5145/Authentication/Login application/json 40
2024-11-15 17:45:14.865 +05:30  INF  CORS policy execution successful.
2024-11-15 17:45:14.865 +05:30  INF  Executing endpoint 'BAKERBAZZAR.API.Controller.AuthenticationController.VerifyUser (BAKERBAZZAR.API)'
2024-11-15 17:45:14.866 +05:30  INF  Route matched with {action = "VerifyUser", controller = "Authentication"}. Executing controller action with signature System.Threading.Tasks.Task`1[Microsoft.AspNetCore.Mvc.ActionResult`1[BAKERBAZZAR.API.Models.ApiResponse]] VerifyUser(BAKERBAZZAR.API.Models.IO_Templates.LoginRequest) on controller BAKERBAZZAR.API.Controller.AuthenticationController (BAKERBAZZAR.API).
2024-11-15 17:45:14.866 +05:30  INF  verify user execution start
2024-11-15 17:45:14.871 +05:30  INF  verify user execution end
2024-11-15 17:45:14.871 +05:30  INF  Executing ObjectResult, writing value of type 'BAKERBAZZAR.API.Models.ApiResponse'.
2024-11-15 17:45:14.871 +05:30  INF  Executed action BAKERBAZZAR.API.Controller.AuthenticationController.VerifyUser (BAKERBAZZAR.API) in 5.9595ms
2024-11-15 17:45:14.872 +05:30  INF  Executed endpoint 'BAKERBAZZAR.API.Controller.AuthenticationController.VerifyUser (BAKERBAZZAR.API)'
2024-11-15 17:45:14.872 +05:30  INF  Request finished HTTP/1.1 POST http://localhost:5145/Authentication/Login application/json 40 - 200 - application/json;+charset=utf-8 6.3407ms
2024-11-15 17:45:16.461 +05:30  INF  Request starting HTTP/1.1 POST http://localhost:5145/Authentication/Login application/json 40
2024-11-15 17:45:16.462 +05:30  INF  CORS policy execution successful.
2024-11-15 17:45:16.462 +05:30  INF  Executing endpoint 'BAKERBAZZAR.API.Controller.AuthenticationController.VerifyUser (BAKERBAZZAR.API)'
2024-11-15 17:45:16.462 +05:30  INF  Route matched with {action = "VerifyUser", controller = "Authentication"}. Executing controller action with signature System.Threading.Tasks.Task`1[Microsoft.AspNetCore.Mvc.ActionResult`1[BAKERBAZZAR.API.Models.ApiResponse]] VerifyUser(BAKERBAZZAR.API.Models.IO_Templates.LoginRequest) on controller BAKERBAZZAR.API.Controller.AuthenticationController (BAKERBAZZAR.API).
2024-11-15 17:45:16.462 +05:30  INF  verify user execution start
2024-11-15 17:45:16.468 +05:30  INF  verify user execution end
2024-11-15 17:45:16.468 +05:30  INF  Executing ObjectResult, writing value of type 'BAKERBAZZAR.API.Models.ApiResponse'.
2024-11-15 17:45:16.468 +05:30  INF  Executed action BAKERBAZZAR.API.Controller.AuthenticationController.VerifyUser (BAKERBAZZAR.API) in 6.6101ms
2024-11-15 17:45:16.468 +05:30  INF  Executed endpoint 'BAKERBAZZAR.API.Controller.AuthenticationController.VerifyUser (BAKERBAZZAR.API)'
2024-11-15 17:45:16.469 +05:30  INF  Request finished HTTP/1.1 POST http://localhost:5145/Authentication/Login application/json 40 - 200 - application/json;+charset=utf-8 7.0412ms
2024-11-15 17:45:25.028 +05:30  INF  Request starting HTTP/1.1 OPTIONS http://localhost:5145/Authentication/Login - -
2024-11-15 17:45:25.028 +05:30  INF  CORS policy execution successful.
2024-11-15 17:45:25.028 +05:30  INF  Request finished HTTP/1.1 OPTIONS http://localhost:5145/Authentication/Login - - - 204 - - 0.1885ms
2024-11-15 17:45:25.029 +05:30  INF  Request starting HTTP/1.1 POST http://localhost:5145/Authentication/Login application/json 46
2024-11-15 17:45:25.029 +05:30  INF  CORS policy execution successful.
2024-11-15 17:45:25.029 +05:30  INF  Executing endpoint 'BAKERBAZZAR.API.Controller.AuthenticationController.VerifyUser (BAKERBAZZAR.API)'
2024-11-15 17:45:25.029 +05:30  INF  Route matched with {action = "VerifyUser", controller = "Authentication"}. Executing controller action with signature System.Threading.Tasks.Task`1[Microsoft.AspNetCore.Mvc.ActionResult`1[BAKERBAZZAR.API.Models.ApiResponse]] VerifyUser(BAKERBAZZAR.API.Models.IO_Templates.LoginRequest) on controller BAKERBAZZAR.API.Controller.AuthenticationController (BAKERBAZZAR.API).
2024-11-15 17:45:25.029 +05:30  INF  verify user execution start
2024-11-15 17:45:25.041 +05:30  INF  verify user execution end
2024-11-15 17:45:25.041 +05:30  INF  Executing ObjectResult, writing value of type 'BAKERBAZZAR.API.Models.ApiResponse'.
2024-11-15 17:45:25.041 +05:30  INF  Executed action BAKERBAZZAR.API.Controller.AuthenticationController.VerifyUser (BAKERBAZZAR.API) in 12.0892ms
2024-11-15 17:45:25.041 +05:30  INF  Executed endpoint 'BAKERBAZZAR.API.Controller.AuthenticationController.VerifyUser (BAKERBAZZAR.API)'
2024-11-15 17:45:25.041 +05:30  INF  Request finished HTTP/1.1 POST http://localhost:5145/Authentication/Login application/json 46 - 200 - application/json;+charset=utf-8 12.3606ms
2024-11-15 17:45:46.473 +05:30  INF  Request starting HTTP/1.1 GET http://localhost:5145/user/products?categoryid= - -
2024-11-15 17:45:46.473 +05:30  INF  Request starting HTTP/1.1 GET http://localhost:5145/User/Category - -
2024-11-15 17:45:46.473 +05:30  INF  CORS policy execution successful.
2024-11-15 17:45:46.473 +05:30  INF  Executing endpoint 'BAKERBAZZAR.API.Controller.UserController.Products (BAKERBAZZAR.API)'
2024-11-15 17:45:46.473 +05:30  INF  Route matched with {action = "Products", controller = "User"}. Executing controller action with signature System.Threading.Tasks.Task`1[Microsoft.AspNetCore.Mvc.ActionResult`1[BAKERBAZZAR.API.Models.ApiResponse]] Products(System.String, System.String) on controller BAKERBAZZAR.API.Controller.UserController (BAKERBAZZAR.API).
2024-11-15 17:45:46.475 +05:30  INF  CORS policy execution successful.
2024-11-15 17:45:46.475 +05:30  INF  Executing endpoint 'BAKERBAZZAR.API.Controller.UserController.Category (BAKERBAZZAR.API)'
2024-11-15 17:45:46.475 +05:30  INF  Route matched with {action = "Category", controller = "User"}. Executing controller action with signature System.Threading.Tasks.Task`1[Microsoft.AspNetCore.Mvc.ActionResult`1[BAKERBAZZAR.API.Models.ApiResponse]] Category(System.String) on controller BAKERBAZZAR.API.Controller.UserController (BAKERBAZZAR.API).
2024-11-15 17:45:46.492 +05:30  INF  Executing ObjectResult, writing value of type 'BAKERBAZZAR.API.Models.ApiResponse'.
2024-11-15 17:45:46.492 +05:30  INF  Executed action BAKERBAZZAR.API.Controller.UserController.Category (BAKERBAZZAR.API) in 16.7079ms
2024-11-15 17:45:46.492 +05:30  INF  Executed endpoint 'BAKERBAZZAR.API.Controller.UserController.Category (BAKERBAZZAR.API)'
2024-11-15 17:45:46.492 +05:30  INF  Request finished HTTP/1.1 GET http://localhost:5145/User/Category - - - 200 - application/json;+charset=utf-8 18.8872ms
2024-11-15 17:45:46.493 +05:30  INF  Request starting HTTP/1.1 GET http://localhost:5145/User/Category - -
2024-11-15 17:45:46.494 +05:30  INF  CORS policy execution successful.
2024-11-15 17:45:46.494 +05:30  INF  Executing endpoint 'BAKERBAZZAR.API.Controller.UserController.Category (BAKERBAZZAR.API)'
2024-11-15 17:45:46.494 +05:30  INF  Route matched with {action = "Category", controller = "User"}. Executing controller action with signature System.Threading.Tasks.Task`1[Microsoft.AspNetCore.Mvc.ActionResult`1[BAKERBAZZAR.API.Models.ApiResponse]] Category(System.String) on controller BAKERBAZZAR.API.Controller.UserController (BAKERBAZZAR.API).
2024-11-15 17:45:46.495 +05:30  INF  Executing ObjectResult, writing value of type 'BAKERBAZZAR.API.Models.ApiResponse'.
2024-11-15 17:45:46.495 +05:30  INF  Executed action BAKERBAZZAR.API.Controller.UserController.Category (BAKERBAZZAR.API) in 1.6368ms
2024-11-15 17:45:46.495 +05:30  INF  Executed endpoint 'BAKERBAZZAR.API.Controller.UserController.Category (BAKERBAZZAR.API)'
2024-11-15 17:45:46.496 +05:30  INF  Request finished HTTP/1.1 GET http://localhost:5145/User/Category - - - 200 - application/json;+charset=utf-8 2.2172ms
2024-11-15 17:45:46.496 +05:30  INF  Executing ObjectResult, writing value of type 'BAKERBAZZAR.API.Models.ApiResponse'.
2024-11-15 17:45:46.497 +05:30  INF  Executed action BAKERBAZZAR.API.Controller.UserController.Products (BAKERBAZZAR.API) in 23.769ms
2024-11-15 17:45:46.497 +05:30  INF  Executed endpoint 'BAKERBAZZAR.API.Controller.UserController.Products (BAKERBAZZAR.API)'
2024-11-15 17:45:46.498 +05:30  INF  Request finished HTTP/1.1 GET http://localhost:5145/user/products?categoryid= - - - 200 - application/json;+charset=utf-8 24.4069ms
2024-11-15 17:45:46.500 +05:30  INF  Request starting HTTP/1.1 GET http://localhost:5145/user/products?categoryid= - -
2024-11-15 17:45:46.500 +05:30  INF  CORS policy execution successful.
2024-11-15 17:45:46.500 +05:30  INF  Executing endpoint 'BAKERBAZZAR.API.Controller.UserController.Products (BAKERBAZZAR.API)'
2024-11-15 17:45:46.500 +05:30  INF  Route matched with {action = "Products", controller = "User"}. Executing controller action with signature System.Threading.Tasks.Task`1[Microsoft.AspNetCore.Mvc.ActionResult`1[BAKERBAZZAR.API.Models.ApiResponse]] Products(System.String, System.String) on controller BAKERBAZZAR.API.Controller.UserController (BAKERBAZZAR.API).
2024-11-15 17:45:46.510 +05:30  INF  Executing ObjectResult, writing value of type 'BAKERBAZZAR.API.Models.ApiResponse'.
2024-11-15 17:45:46.513 +05:30  INF  Executed action BAKERBAZZAR.API.Controller.UserController.Products (BAKERBAZZAR.API) in 12.1871ms
2024-11-15 17:45:46.513 +05:30  INF  Executed endpoint 'BAKERBAZZAR.API.Controller.UserController.Products (BAKERBAZZAR.API)'
2024-11-15 17:45:46.513 +05:30  INF  Request finished HTTP/1.1 GET http://localhost:5145/user/products?categoryid= - - - 200 - application/json;+charset=utf-8 12.8332ms
2024-11-15 17:46:39.434 +05:30  INF  Request starting HTTP/1.1 OPTIONS http://localhost:5145/Authentication/Login - -
2024-11-15 17:46:39.435 +05:30  INF  CORS policy execution successful.
2024-11-15 17:46:39.435 +05:30  INF  Request finished HTTP/1.1 OPTIONS http://localhost:5145/Authentication/Login - - - 204 - - 0.1996ms
2024-11-15 17:46:39.435 +05:30  INF  Request starting HTTP/1.1 POST http://localhost:5145/Authentication/Login application/json 40
2024-11-15 17:46:39.436 +05:30  INF  CORS policy execution successful.
2024-11-15 17:46:39.436 +05:30  INF  Executing endpoint 'BAKERBAZZAR.API.Controller.AuthenticationController.VerifyUser (BAKERBAZZAR.API)'
2024-11-15 17:46:39.437 +05:30  INF  Route matched with {action = "VerifyUser", controller = "Authentication"}. Executing controller action with signature System.Threading.Tasks.Task`1[Microsoft.AspNetCore.Mvc.ActionResult`1[BAKERBAZZAR.API.Models.ApiResponse]] VerifyUser(BAKERBAZZAR.API.Models.IO_Templates.LoginRequest) on controller BAKERBAZZAR.API.Controller.AuthenticationController (BAKERBAZZAR.API).
2024-11-15 17:46:39.437 +05:30  INF  verify user execution start
2024-11-15 17:46:40.893 +05:30  INF  Request starting HTTP/1.1 POST http://localhost:5145/Authentication/Login application/json 40
2024-11-15 17:46:40.893 +05:30  INF  CORS policy execution successful.
2024-11-15 17:46:40.893 +05:30  INF  Executing endpoint 'BAKERBAZZAR.API.Controller.AuthenticationController.VerifyUser (BAKERBAZZAR.API)'
2024-11-15 17:46:40.893 +05:30  INF  Route matched with {action = "VerifyUser", controller = "Authentication"}. Executing controller action with signature System.Threading.Tasks.Task`1[Microsoft.AspNetCore.Mvc.ActionResult`1[BAKERBAZZAR.API.Models.ApiResponse]] VerifyUser(BAKERBAZZAR.API.Models.IO_Templates.LoginRequest) on controller BAKERBAZZAR.API.Controller.AuthenticationController (BAKERBAZZAR.API).
2024-11-15 17:46:40.893 +05:30  INF  verify user execution start
2024-11-15 17:46:42.359 +05:30  INF  Request starting HTTP/1.1 POST http://localhost:5145/Authentication/Login application/json 40
2024-11-15 17:46:42.359 +05:30  INF  CORS policy execution successful.
2024-11-15 17:46:42.359 +05:30  INF  Executing endpoint 'BAKERBAZZAR.API.Controller.AuthenticationController.VerifyUser (BAKERBAZZAR.API)'
2024-11-15 17:46:42.359 +05:30  INF  Route matched with {action = "VerifyUser", controller = "Authentication"}. Executing controller action with signature System.Threading.Tasks.Task`1[Microsoft.AspNetCore.Mvc.ActionResult`1[BAKERBAZZAR.API.Models.ApiResponse]] VerifyUser(BAKERBAZZAR.API.Models.IO_Templates.LoginRequest) on controller BAKERBAZZAR.API.Controller.AuthenticationController (BAKERBAZZAR.API).
2024-11-15 17:46:42.359 +05:30  INF  verify user execution start
2024-11-15 17:46:43.574 +05:30  INF  Request starting HTTP/1.1 POST http://localhost:5145/Authentication/Login application/json 40
2024-11-15 17:46:43.574 +05:30  INF  CORS policy execution successful.
2024-11-15 17:46:43.574 +05:30  INF  Executing endpoint 'BAKERBAZZAR.API.Controller.AuthenticationController.VerifyUser (BAKERBAZZAR.API)'
2024-11-15 17:46:43.574 +05:30  INF  Route matched with {action = "VerifyUser", controller = "Authentication"}. Executing controller action with signature System.Threading.Tasks.Task`1[Microsoft.AspNetCore.Mvc.ActionResult`1[BAKERBAZZAR.API.Models.ApiResponse]] VerifyUser(BAKERBAZZAR.API.Models.IO_Templates.LoginRequest) on controller BAKERBAZZAR.API.Controller.AuthenticationController (BAKERBAZZAR.API).
2024-11-15 17:46:43.574 +05:30  INF  verify user execution start
2024-11-15 17:46:43.756 +05:30  INF  Request starting HTTP/1.1 POST http://localhost:5145/Authentication/Login application/json 40
2024-11-15 17:46:43.756 +05:30  INF  CORS policy execution successful.
2024-11-15 17:46:43.756 +05:30  INF  Executing endpoint 'BAKERBAZZAR.API.Controller.AuthenticationController.VerifyUser (BAKERBAZZAR.API)'
2024-11-15 17:46:43.756 +05:30  INF  Route matched with {action = "VerifyUser", controller = "Authentication"}. Executing controller action with signature System.Threading.Tasks.Task`1[Microsoft.AspNetCore.Mvc.ActionResult`1[BAKERBAZZAR.API.Models.ApiResponse]] VerifyUser(BAKERBAZZAR.API.Models.IO_Templates.LoginRequest) on controller BAKERBAZZAR.API.Controller.AuthenticationController (BAKERBAZZAR.API).
2024-11-15 17:46:43.756 +05:30  INF  verify user execution start
2024-11-15 17:46:43.969 +05:30  INF  Request starting HTTP/1.1 POST http://localhost:5145/Authentication/Login application/json 40
2024-11-15 17:46:43.969 +05:30  INF  CORS policy execution successful.
2024-11-15 17:46:43.969 +05:30  INF  Executing endpoint 'BAKERBAZZAR.API.Controller.AuthenticationController.VerifyUser (BAKERBAZZAR.API)'
2024-11-15 17:46:43.969 +05:30  INF  Route matched with {action = "VerifyUser", controller = "Authentication"}. Executing controller action with signature System.Threading.Tasks.Task`1[Microsoft.AspNetCore.Mvc.ActionResult`1[BAKERBAZZAR.API.Models.ApiResponse]] VerifyUser(BAKERBAZZAR.API.Models.IO_Templates.LoginRequest) on controller BAKERBAZZAR.API.Controller.AuthenticationController (BAKERBAZZAR.API).
2024-11-15 17:46:43.970 +05:30  INF  verify user execution start
2024-11-15 17:46:44.058 +05:30  INF  verify user execution end
2024-11-15 17:46:44.059 +05:30  INF  Executing ObjectResult, writing value of type 'BAKERBAZZAR.API.Models.ApiResponse'.
2024-11-15 17:46:44.059 +05:30  INF  verify user execution end
2024-11-15 17:46:44.059 +05:30  INF  Executing ObjectResult, writing value of type 'BAKERBAZZAR.API.Models.ApiResponse'.
2024-11-15 17:46:44.059 +05:30  INF  Executed action BAKERBAZZAR.API.Controller.AuthenticationController.VerifyUser (BAKERBAZZAR.API) in 484.3641ms
2024-11-15 17:46:44.059 +05:30  INF  Executed endpoint 'BAKERBAZZAR.API.Controller.AuthenticationController.VerifyUser (BAKERBAZZAR.API)'
2024-11-15 17:46:44.059 +05:30  INF  Request finished HTTP/1.1 POST http://localhost:5145/Authentication/Login application/json 40 - 200 - application/json;+charset=utf-8 484.7541ms
2024-11-15 17:46:44.059 +05:30  INF  Executed action BAKERBAZZAR.API.Controller.AuthenticationController.VerifyUser (BAKERBAZZAR.API) in 3165.6048ms
2024-11-15 17:46:44.059 +05:30  INF  Executed endpoint 'BAKERBAZZAR.API.Controller.AuthenticationController.VerifyUser (BAKERBAZZAR.API)'
2024-11-15 17:46:44.059 +05:30  INF  Request finished HTTP/1.1 POST http://localhost:5145/Authentication/Login application/json 40 - 200 - application/json;+charset=utf-8 3166.0630ms
2024-11-15 17:46:44.060 +05:30  INF  verify user execution end
2024-11-15 17:46:44.060 +05:30  INF  verify user execution end
2024-11-15 17:46:44.060 +05:30  INF  Executing ObjectResult, writing value of type 'BAKERBAZZAR.API.Models.ApiResponse'.
2024-11-15 17:46:44.060 +05:30  INF  Executing ObjectResult, writing value of type 'BAKERBAZZAR.API.Models.ApiResponse'.
2024-11-15 17:46:44.060 +05:30  INF  Executed action BAKERBAZZAR.API.Controller.AuthenticationController.VerifyUser (BAKERBAZZAR.API) in 90.9205ms
2024-11-15 17:46:44.061 +05:30  INF  Executed action BAKERBAZZAR.API.Controller.AuthenticationController.VerifyUser (BAKERBAZZAR.API) in 4623.8279ms
2024-11-15 17:46:44.060 +05:30  INF  Executed endpoint 'BAKERBAZZAR.API.Controller.AuthenticationController.VerifyUser (BAKERBAZZAR.API)'
2024-11-15 17:46:44.061 +05:30  INF  Executed endpoint 'BAKERBAZZAR.API.Controller.AuthenticationController.VerifyUser (BAKERBAZZAR.API)'
2024-11-15 17:46:44.061 +05:30  INF  Request finished HTTP/1.1 POST http://localhost:5145/Authentication/Login application/json 40 - 200 - application/json;+charset=utf-8 91.5404ms
2024-11-15 17:46:44.061 +05:30  INF  Request finished HTTP/1.1 POST http://localhost:5145/Authentication/Login application/json 40 - 200 - application/json;+charset=utf-8 4625.1699ms
2024-11-15 17:46:44.068 +05:30  INF  verify user execution end
2024-11-15 17:46:44.068 +05:30  INF  verify user execution end
2024-11-15 17:46:44.068 +05:30  INF  Executing ObjectResult, writing value of type 'BAKERBAZZAR.API.Models.ApiResponse'.
2024-11-15 17:46:44.068 +05:30  INF  Executing ObjectResult, writing value of type 'BAKERBAZZAR.API.Models.ApiResponse'.
2024-11-15 17:46:44.068 +05:30  INF  Executed action BAKERBAZZAR.API.Controller.AuthenticationController.VerifyUser (BAKERBAZZAR.API) in 312.5652ms
2024-11-15 17:46:44.068 +05:30  INF  Executed action BAKERBAZZAR.API.Controller.AuthenticationController.VerifyUser (BAKERBAZZAR.API) in 1709.1515ms
2024-11-15 17:46:44.068 +05:30  INF  Executed endpoint 'BAKERBAZZAR.API.Controller.AuthenticationController.VerifyUser (BAKERBAZZAR.API)'
2024-11-15 17:46:44.068 +05:30  INF  Executed endpoint 'BAKERBAZZAR.API.Controller.AuthenticationController.VerifyUser (BAKERBAZZAR.API)'
2024-11-15 17:46:44.068 +05:30  INF  Request finished HTTP/1.1 POST http://localhost:5145/Authentication/Login application/json 40 - 200 - application/json;+charset=utf-8 312.8907ms
2024-11-15 17:46:44.068 +05:30  INF  Request finished HTTP/1.1 POST http://localhost:5145/Authentication/Login application/json 40 - 200 - application/json;+charset=utf-8 1709.5001ms
2024-11-15 17:46:52.728 +05:30  INF  Request starting HTTP/1.1 OPTIONS http://localhost:5145/Authentication/Login - -
2024-11-15 17:46:52.728 +05:30  INF  CORS policy execution successful.
2024-11-15 17:46:52.728 +05:30  INF  Request finished HTTP/1.1 OPTIONS http://localhost:5145/Authentication/Login - - - 204 - - 0.1455ms
2024-11-15 17:46:52.729 +05:30  INF  Request starting HTTP/1.1 POST http://localhost:5145/Authentication/Login application/json 46
2024-11-15 17:46:52.729 +05:30  INF  CORS policy execution successful.
2024-11-15 17:46:52.729 +05:30  INF  Executing endpoint 'BAKERBAZZAR.API.Controller.AuthenticationController.VerifyUser (BAKERBAZZAR.API)'
2024-11-15 17:46:52.729 +05:30  INF  Route matched with {action = "VerifyUser", controller = "Authentication"}. Executing controller action with signature System.Threading.Tasks.Task`1[Microsoft.AspNetCore.Mvc.ActionResult`1[BAKERBAZZAR.API.Models.ApiResponse]] VerifyUser(BAKERBAZZAR.API.Models.IO_Templates.LoginRequest) on controller BAKERBAZZAR.API.Controller.AuthenticationController (BAKERBAZZAR.API).
2024-11-15 17:46:52.730 +05:30  INF  verify user execution start
2024-11-15 17:46:55.658 +05:30  INF  Request starting HTTP/1.1 POST http://localhost:5145/Authentication/Login application/json 46
2024-11-15 17:46:55.658 +05:30  INF  CORS policy execution successful.
2024-11-15 17:46:55.658 +05:30  INF  Executing endpoint 'BAKERBAZZAR.API.Controller.AuthenticationController.VerifyUser (BAKERBAZZAR.API)'
2024-11-15 17:46:55.658 +05:30  INF  Route matched with {action = "VerifyUser", controller = "Authentication"}. Executing controller action with signature System.Threading.Tasks.Task`1[Microsoft.AspNetCore.Mvc.ActionResult`1[BAKERBAZZAR.API.Models.ApiResponse]] VerifyUser(BAKERBAZZAR.API.Models.IO_Templates.LoginRequest) on controller BAKERBAZZAR.API.Controller.AuthenticationController (BAKERBAZZAR.API).
2024-11-15 17:46:55.658 +05:30  INF  verify user execution start
2024-11-15 17:46:56.418 +05:30  INF  Request starting HTTP/1.1 POST http://localhost:5145/Authentication/Login application/json 46
2024-11-15 17:46:56.418 +05:30  INF  CORS policy execution successful.
2024-11-15 17:46:56.418 +05:30  INF  Executing endpoint 'BAKERBAZZAR.API.Controller.AuthenticationController.VerifyUser (BAKERBAZZAR.API)'
2024-11-15 17:46:56.418 +05:30  INF  Route matched with {action = "VerifyUser", controller = "Authentication"}. Executing controller action with signature System.Threading.Tasks.Task`1[Microsoft.AspNetCore.Mvc.ActionResult`1[BAKERBAZZAR.API.Models.ApiResponse]] VerifyUser(BAKERBAZZAR.API.Models.IO_Templates.LoginRequest) on controller BAKERBAZZAR.API.Controller.AuthenticationController (BAKERBAZZAR.API).
2024-11-15 17:46:56.418 +05:30  INF  verify user execution start
2024-11-15 17:46:56.633 +05:30  INF  Request starting HTTP/1.1 POST http://localhost:5145/Authentication/Login application/json 46
2024-11-15 17:46:56.633 +05:30  INF  CORS policy execution successful.
2024-11-15 17:46:56.633 +05:30  INF  Executing endpoint 'BAKERBAZZAR.API.Controller.AuthenticationController.VerifyUser (BAKERBAZZAR.API)'
2024-11-15 17:46:56.633 +05:30  INF  Route matched with {action = "VerifyUser", controller = "Authentication"}. Executing controller action with signature System.Threading.Tasks.Task`1[Microsoft.AspNetCore.Mvc.ActionResult`1[BAKERBAZZAR.API.Models.ApiResponse]] VerifyUser(BAKERBAZZAR.API.Models.IO_Templates.LoginRequest) on controller BAKERBAZZAR.API.Controller.AuthenticationController (BAKERBAZZAR.API).
2024-11-15 17:46:56.634 +05:30  INF  verify user execution start
2024-11-15 17:46:57.131 +05:30  INF  Request starting HTTP/1.1 POST http://localhost:5145/Authentication/Login application/json 46
2024-11-15 17:46:57.132 +05:30  INF  CORS policy execution successful.
2024-11-15 17:46:57.132 +05:30  INF  Executing endpoint 'BAKERBAZZAR.API.Controller.AuthenticationController.VerifyUser (BAKERBAZZAR.API)'
2024-11-15 17:46:57.132 +05:30  INF  Route matched with {action = "VerifyUser", controller = "Authentication"}. Executing controller action with signature System.Threading.Tasks.Task`1[Microsoft.AspNetCore.Mvc.ActionResult`1[BAKERBAZZAR.API.Models.ApiResponse]] VerifyUser(BAKERBAZZAR.API.Models.IO_Templates.LoginRequest) on controller BAKERBAZZAR.API.Controller.AuthenticationController (BAKERBAZZAR.API).
2024-11-15 17:46:57.132 +05:30  INF  verify user execution start
2024-11-15 17:46:57.345 +05:30  INF  Request starting HTTP/1.1 POST http://localhost:5145/Authentication/Login application/json 46
2024-11-15 17:46:57.345 +05:30  INF  CORS policy execution successful.
2024-11-15 17:46:57.345 +05:30  INF  Executing endpoint 'BAKERBAZZAR.API.Controller.AuthenticationController.VerifyUser (BAKERBAZZAR.API)'
2024-11-15 17:46:57.345 +05:30  INF  Route matched with {action = "VerifyUser", controller = "Authentication"}. Executing controller action with signature System.Threading.Tasks.Task`1[Microsoft.AspNetCore.Mvc.ActionResult`1[BAKERBAZZAR.API.Models.ApiResponse]] VerifyUser(BAKERBAZZAR.API.Models.IO_Templates.LoginRequest) on controller BAKERBAZZAR.API.Controller.AuthenticationController (BAKERBAZZAR.API).
2024-11-15 17:46:57.345 +05:30  INF  verify user execution start
2024-11-15 17:46:57.912 +05:30  INF  verify user execution end
2024-11-15 17:46:57.912 +05:30  INF  verify user execution end
2024-11-15 17:46:57.912 +05:30  INF  verify user execution end
2024-11-15 17:46:57.912 +05:30  INF  Executing ObjectResult, writing value of type 'BAKERBAZZAR.API.Models.ApiResponse'.
2024-11-15 17:46:57.912 +05:30  INF  Executing ObjectResult, writing value of type 'BAKERBAZZAR.API.Models.ApiResponse'.
2024-11-15 17:46:57.912 +05:30  INF  Executing ObjectResult, writing value of type 'BAKERBAZZAR.API.Models.ApiResponse'.
2024-11-15 17:46:57.912 +05:30  INF  verify user execution end
2024-11-15 17:46:57.912 +05:30  INF  Executing ObjectResult, writing value of type 'BAKERBAZZAR.API.Models.ApiResponse'.
2024-11-15 17:46:57.912 +05:30  INF  Executed action BAKERBAZZAR.API.Controller.AuthenticationController.VerifyUser (BAKERBAZZAR.API) in 780.6178ms
2024-11-15 17:46:57.912 +05:30  INF  Executed action BAKERBAZZAR.API.Controller.AuthenticationController.VerifyUser (BAKERBAZZAR.API) in 5182.8257ms
2024-11-15 17:46:57.912 +05:30  INF  Executed endpoint 'BAKERBAZZAR.API.Controller.AuthenticationController.VerifyUser (BAKERBAZZAR.API)'
2024-11-15 17:46:57.912 +05:30  INF  Executed endpoint 'BAKERBAZZAR.API.Controller.AuthenticationController.VerifyUser (BAKERBAZZAR.API)'
2024-11-15 17:46:57.912 +05:30  INF  Executed action BAKERBAZZAR.API.Controller.AuthenticationController.VerifyUser (BAKERBAZZAR.API) in 1278.9034ms
2024-11-15 17:46:57.912 +05:30  INF  verify user execution end
2024-11-15 17:46:57.912 +05:30  INF  Executed endpoint 'BAKERBAZZAR.API.Controller.AuthenticationController.VerifyUser (BAKERBAZZAR.API)'
2024-11-15 17:46:57.912 +05:30  INF  Executed action BAKERBAZZAR.API.Controller.AuthenticationController.VerifyUser (BAKERBAZZAR.API) in 567.0724ms
2024-11-15 17:46:57.912 +05:30  INF  Executing ObjectResult, writing value of type 'BAKERBAZZAR.API.Models.ApiResponse'.
2024-11-15 17:46:57.913 +05:30  INF  Executed endpoint 'BAKERBAZZAR.API.Controller.AuthenticationController.VerifyUser (BAKERBAZZAR.API)'
2024-11-15 17:46:57.912 +05:30  INF  Request finished HTTP/1.1 POST http://localhost:5145/Authentication/Login application/json 46 - 200 - application/json;+charset=utf-8 5183.1930ms
2024-11-15 17:46:57.913 +05:30  INF  Request finished HTTP/1.1 POST http://localhost:5145/Authentication/Login application/json 46 - 200 - application/json;+charset=utf-8 1279.3432ms
2024-11-15 17:46:57.912 +05:30  INF  Request finished HTTP/1.1 POST http://localhost:5145/Authentication/Login application/json 46 - 200 - application/json;+charset=utf-8 781.0637ms
2024-11-15 17:46:57.913 +05:30  INF  Executed action BAKERBAZZAR.API.Controller.AuthenticationController.VerifyUser (BAKERBAZZAR.API) in 1494.6577ms
2024-11-15 17:46:57.913 +05:30  INF  Request finished HTTP/1.1 POST http://localhost:5145/Authentication/Login application/json 46 - 200 - application/json;+charset=utf-8 567.5909ms
2024-11-15 17:46:57.913 +05:30  INF  Executed endpoint 'BAKERBAZZAR.API.Controller.AuthenticationController.VerifyUser (BAKERBAZZAR.API)'
2024-11-15 17:46:57.913 +05:30  INF  Request finished HTTP/1.1 POST http://localhost:5145/Authentication/Login application/json 46 - 200 - application/json;+charset=utf-8 1495.0913ms
2024-11-15 17:46:57.913 +05:30  INF  verify user execution end
2024-11-15 17:46:57.913 +05:30  INF  Executing ObjectResult, writing value of type 'BAKERBAZZAR.API.Models.ApiResponse'.
2024-11-15 17:46:57.913 +05:30  INF  Executed action BAKERBAZZAR.API.Controller.AuthenticationController.VerifyUser (BAKERBAZZAR.API) in 2254.5523ms
2024-11-15 17:46:57.913 +05:30  INF  Executed endpoint 'BAKERBAZZAR.API.Controller.AuthenticationController.VerifyUser (BAKERBAZZAR.API)'
2024-11-15 17:46:57.913 +05:30  INF  Request finished HTTP/1.1 POST http://localhost:5145/Authentication/Login application/json 46 - 200 - application/json;+charset=utf-8 2254.8598ms
2024-11-15 17:47:01.890 +05:30  INF  Request starting HTTP/1.1 GET http://localhost:5145/user/products?categoryid=2353cd5e-3059-4ec2-b1f1-38c049a2cc62 - -
2024-11-15 17:47:01.890 +05:30  INF  CORS policy execution successful.
2024-11-15 17:47:01.890 +05:30  INF  Executing endpoint 'BAKERBAZZAR.API.Controller.UserController.Products (BAKERBAZZAR.API)'
2024-11-15 17:47:01.890 +05:30  INF  Route matched with {action = "Products", controller = "User"}. Executing controller action with signature System.Threading.Tasks.Task`1[Microsoft.AspNetCore.Mvc.ActionResult`1[BAKERBAZZAR.API.Models.ApiResponse]] Products(System.String, System.String) on controller BAKERBAZZAR.API.Controller.UserController (BAKERBAZZAR.API).
2024-11-15 17:47:03.120 +05:30  INF  Executing ObjectResult, writing value of type 'BAKERBAZZAR.API.Models.ApiResponse'.
2024-11-15 17:47:03.120 +05:30  INF  Executed action BAKERBAZZAR.API.Controller.UserController.Products (BAKERBAZZAR.API) in 1230.1851ms
2024-11-15 17:47:03.121 +05:30  INF  Executed endpoint 'BAKERBAZZAR.API.Controller.UserController.Products (BAKERBAZZAR.API)'
2024-11-15 17:47:03.121 +05:30  INF  Request finished HTTP/1.1 GET http://localhost:5145/user/products?categoryid=2353cd5e-3059-4ec2-b1f1-38c049a2cc62 - - - 200 - application/json;+charset=utf-8 1230.6624ms
2024-11-15 17:47:07.201 +05:30  INF  Request starting HTTP/1.1 GET http://localhost:5145/user/products?categoryid=bbfbd48b-262c-47e2-b281-104322f860fb - -
2024-11-15 17:47:07.202 +05:30  INF  CORS policy execution successful.
2024-11-15 17:47:07.202 +05:30  INF  Executing endpoint 'BAKERBAZZAR.API.Controller.UserController.Products (BAKERBAZZAR.API)'
2024-11-15 17:47:07.202 +05:30  INF  Route matched with {action = "Products", controller = "User"}. Executing controller action with signature System.Threading.Tasks.Task`1[Microsoft.AspNetCore.Mvc.ActionResult`1[BAKERBAZZAR.API.Models.ApiResponse]] Products(System.String, System.String) on controller BAKERBAZZAR.API.Controller.UserController (BAKERBAZZAR.API).
2024-11-15 17:47:07.220 +05:30  INF  Executing ObjectResult, writing value of type 'BAKERBAZZAR.API.Models.ApiResponse'.
2024-11-15 17:47:07.220 +05:30  INF  Executed action BAKERBAZZAR.API.Controller.UserController.Products (BAKERBAZZAR.API) in 18.682ms
2024-11-15 17:47:07.220 +05:30  INF  Executed endpoint 'BAKERBAZZAR.API.Controller.UserController.Products (BAKERBAZZAR.API)'
2024-11-15 17:47:07.220 +05:30  INF  Request finished HTTP/1.1 GET http://localhost:5145/user/products?categoryid=bbfbd48b-262c-47e2-b281-104322f860fb - - - 200 - application/json;+charset=utf-8 19.1344ms
2024-11-15 17:47:38.482 +05:30  INF  Request starting HTTP/1.1 GET http://localhost:5145/User/CartDetails?displayid=b0ed825d-4dcb-4005-a871-f6306b1b9d84 - -
2024-11-15 17:47:38.483 +05:30  INF  CORS policy execution successful.
2024-11-15 17:47:38.483 +05:30  INF  Executing endpoint 'BAKERBAZZAR.API.Controller.UserController.CartDetails (BAKERBAZZAR.API)'
2024-11-15 17:47:38.484 +05:30  INF  Route matched with {action = "CartDetails", controller = "User"}. Executing controller action with signature System.Threading.Tasks.Task`1[Microsoft.AspNetCore.Mvc.ActionResult`1[BAKERBAZZAR.API.Models.ApiResponse]] CartDetails(System.String) on controller BAKERBAZZAR.API.Controller.UserController (BAKERBAZZAR.API).
2024-11-15 17:47:39.278 +05:30  INF  Executing ObjectResult, writing value of type 'BAKERBAZZAR.API.Models.ApiResponse'.
2024-11-15 17:47:39.279 +05:30  INF  Executed action BAKERBAZZAR.API.Controller.UserController.CartDetails (BAKERBAZZAR.API) in 795.1289ms
2024-11-15 17:47:39.279 +05:30  INF  Executed endpoint 'BAKERBAZZAR.API.Controller.UserController.CartDetails (BAKERBAZZAR.API)'
2024-11-15 17:47:39.280 +05:30  INF  Request finished HTTP/1.1 GET http://localhost:5145/User/CartDetails?displayid=b0ed825d-4dcb-4005-a871-f6306b1b9d84 - - - 200 - application/json;+charset=utf-8 797.3777ms
2024-11-15 17:47:39.281 +05:30  INF  Request starting HTTP/1.1 GET http://localhost:5145/User/CartDetails?displayid=b0ed825d-4dcb-4005-a871-f6306b1b9d84 - -
2024-11-15 17:47:39.281 +05:30  INF  CORS policy execution successful.
2024-11-15 17:47:39.281 +05:30  INF  Executing endpoint 'BAKERBAZZAR.API.Controller.UserController.CartDetails (BAKERBAZZAR.API)'
2024-11-15 17:47:39.281 +05:30  INF  Route matched with {action = "CartDetails", controller = "User"}. Executing controller action with signature System.Threading.Tasks.Task`1[Microsoft.AspNetCore.Mvc.ActionResult`1[BAKERBAZZAR.API.Models.ApiResponse]] CartDetails(System.String) on controller BAKERBAZZAR.API.Controller.UserController (BAKERBAZZAR.API).
2024-11-15 17:47:39.283 +05:30  INF  Executing ObjectResult, writing value of type 'BAKERBAZZAR.API.Models.ApiResponse'.
2024-11-15 17:47:39.283 +05:30  INF  Executed action BAKERBAZZAR.API.Controller.UserController.CartDetails (BAKERBAZZAR.API) in 2.1512ms
2024-11-15 17:47:39.283 +05:30  INF  Executed endpoint 'BAKERBAZZAR.API.Controller.UserController.CartDetails (BAKERBAZZAR.API)'
2024-11-15 17:47:39.283 +05:30  INF  Request finished HTTP/1.1 GET http://localhost:5145/User/CartDetails?displayid=b0ed825d-4dcb-4005-a871-f6306b1b9d84 - - - 200 - application/json;+charset=utf-8 2.4567ms
2024-11-15 17:47:39.288 +05:30  INF  Request starting HTTP/1.1 OPTIONS http://localhost:5145/user/updatecartitem?linerid=352&qty=1 - -
2024-11-15 17:47:39.288 +05:30  INF  CORS policy execution successful.
2024-11-15 17:47:39.288 +05:30  INF  Request finished HTTP/1.1 OPTIONS http://localhost:5145/user/updatecartitem?linerid=352&qty=1 - - - 204 - - 0.2660ms
2024-11-15 17:47:39.288 +05:30  INF  Request starting HTTP/1.1 OPTIONS http://localhost:5145/user/updatecartitem?linerid=353&qty=1 - -
2024-11-15 17:47:39.288 +05:30  INF  CORS policy execution successful.
2024-11-15 17:47:39.288 +05:30  INF  Request finished HTTP/1.1 OPTIONS http://localhost:5145/user/updatecartitem?linerid=353&qty=1 - - - 204 - - 0.1407ms
2024-11-15 17:47:39.289 +05:30  INF  Request starting HTTP/1.1 OPTIONS http://localhost:5145/user/updatecartitem?linerid=354&qty=1 - -
2024-11-15 17:47:39.290 +05:30  INF  CORS policy execution successful.
2024-11-15 17:47:39.290 +05:30  INF  Request finished HTTP/1.1 OPTIONS http://localhost:5145/user/updatecartitem?linerid=354&qty=1 - - - 204 - - 0.1991ms
2024-11-15 17:47:39.291 +05:30  INF  Request starting HTTP/1.1 PUT http://localhost:5145/user/updatecartitem?linerid=352&qty=1 - 0
2024-11-15 17:47:39.292 +05:30  INF  CORS policy execution successful.
2024-11-15 17:47:39.292 +05:30  INF  Executing endpoint 'BAKERBAZZAR.API.Controller.UserController.UpdateCartItem (BAKERBAZZAR.API)'
2024-11-15 17:47:39.292 +05:30  INF  Route matched with {action = "UpdateCartItem", controller = "User"}. Executing controller action with signature System.Threading.Tasks.Task`1[Microsoft.AspNetCore.Mvc.ActionResult`1[BAKERBAZZAR.API.Models.ApiResponse]] UpdateCartItem(Int32, Int32) on controller BAKERBAZZAR.API.Controller.UserController (BAKERBAZZAR.API).
2024-11-15 17:47:39.296 +05:30  INF  Request starting HTTP/1.1 PUT http://localhost:5145/user/updatecartitem?linerid=354&qty=1 - 0
2024-11-15 17:47:39.297 +05:30  INF  CORS policy execution successful.
2024-11-15 17:47:39.297 +05:30  INF  Executing endpoint 'BAKERBAZZAR.API.Controller.UserController.UpdateCartItem (BAKERBAZZAR.API)'
2024-11-15 17:47:39.297 +05:30  INF  Request starting HTTP/1.1 PUT http://localhost:5145/user/updatecartitem?linerid=353&qty=1 - 0
2024-11-15 17:47:39.297 +05:30  INF  Route matched with {action = "UpdateCartItem", controller = "User"}. Executing controller action with signature System.Threading.Tasks.Task`1[Microsoft.AspNetCore.Mvc.ActionResult`1[BAKERBAZZAR.API.Models.ApiResponse]] UpdateCartItem(Int32, Int32) on controller BAKERBAZZAR.API.Controller.UserController (BAKERBAZZAR.API).
2024-11-15 17:47:39.298 +05:30  INF  Request starting HTTP/1.1 PUT http://localhost:5145/user/updatecartitem?linerid=352&qty=1 - 0
2024-11-15 17:47:39.298 +05:30  INF  CORS policy execution successful.
2024-11-15 17:47:39.298 +05:30  INF  Executing endpoint 'BAKERBAZZAR.API.Controller.UserController.UpdateCartItem (BAKERBAZZAR.API)'
2024-11-15 17:47:39.298 +05:30  INF  Route matched with {action = "UpdateCartItem", controller = "User"}. Executing controller action with signature System.Threading.Tasks.Task`1[Microsoft.AspNetCore.Mvc.ActionResult`1[BAKERBAZZAR.API.Models.ApiResponse]] UpdateCartItem(Int32, Int32) on controller BAKERBAZZAR.API.Controller.UserController (BAKERBAZZAR.API).
2024-11-15 17:47:39.298 +05:30  INF  CORS policy execution successful.
2024-11-15 17:47:39.298 +05:30  INF  Executing endpoint 'BAKERBAZZAR.API.Controller.UserController.UpdateCartItem (BAKERBAZZAR.API)'
2024-11-15 17:47:39.299 +05:30  INF  Route matched with {action = "UpdateCartItem", controller = "User"}. Executing controller action with signature System.Threading.Tasks.Task`1[Microsoft.AspNetCore.Mvc.ActionResult`1[BAKERBAZZAR.API.Models.ApiResponse]] UpdateCartItem(Int32, Int32) on controller BAKERBAZZAR.API.Controller.UserController (BAKERBAZZAR.API).
2024-11-15 17:47:39.299 +05:30  INF  Request starting HTTP/1.1 OPTIONS http://localhost:5145/user/updatecartitem?linerid=354&qty=1 - -
2024-11-15 17:47:39.299 +05:30  INF  Request starting HTTP/1.1 PUT http://localhost:5145/user/updatecartitem?linerid=353&qty=1 - 0
2024-11-15 17:47:39.299 +05:30  INF  CORS policy execution successful.
2024-11-15 17:47:39.299 +05:30  INF  CORS policy execution successful.
2024-11-15 17:47:39.299 +05:30  INF  Executing endpoint 'BAKERBAZZAR.API.Controller.UserController.UpdateCartItem (BAKERBAZZAR.API)'
2024-11-15 17:47:39.300 +05:30  INF  Request finished HTTP/1.1 OPTIONS http://localhost:5145/user/updatecartitem?linerid=354&qty=1 - - - 204 - - 0.3874ms
2024-11-15 17:47:39.300 +05:30  INF  Route matched with {action = "UpdateCartItem", controller = "User"}. Executing controller action with signature System.Threading.Tasks.Task`1[Microsoft.AspNetCore.Mvc.ActionResult`1[BAKERBAZZAR.API.Models.ApiResponse]] UpdateCartItem(Int32, Int32) on controller BAKERBAZZAR.API.Controller.UserController (BAKERBAZZAR.API).
2024-11-15 17:47:39.302 +05:30  INF  Request starting HTTP/1.1 PUT http://localhost:5145/user/updatecartitem?linerid=354&qty=1 - 0
2024-11-15 17:47:39.302 +05:30  INF  CORS policy execution successful.
2024-11-15 17:47:39.302 +05:30  INF  Executing endpoint 'BAKERBAZZAR.API.Controller.UserController.UpdateCartItem (BAKERBAZZAR.API)'
2024-11-15 17:47:39.302 +05:30  INF  Route matched with {action = "UpdateCartItem", controller = "User"}. Executing controller action with signature System.Threading.Tasks.Task`1[Microsoft.AspNetCore.Mvc.ActionResult`1[BAKERBAZZAR.API.Models.ApiResponse]] UpdateCartItem(Int32, Int32) on controller BAKERBAZZAR.API.Controller.UserController (BAKERBAZZAR.API).
2024-11-15 17:47:39.317 +05:30  INF  Executing ObjectResult, writing value of type 'BAKERBAZZAR.API.Models.ApiResponse'.
2024-11-15 17:47:39.317 +05:30  INF  Executed action BAKERBAZZAR.API.Controller.UserController.UpdateCartItem (BAKERBAZZAR.API) in 19.3112ms
2024-11-15 17:47:39.317 +05:30  INF  Executing ObjectResult, writing value of type 'BAKERBAZZAR.API.Models.ApiResponse'.
2024-11-15 17:47:39.317 +05:30  INF  Executed endpoint 'BAKERBAZZAR.API.Controller.UserController.UpdateCartItem (BAKERBAZZAR.API)'
2024-11-15 17:47:39.317 +05:30  INF  Executing ObjectResult, writing value of type 'BAKERBAZZAR.API.Models.ApiResponse'.
2024-11-15 17:47:39.317 +05:30  INF  Request finished HTTP/1.1 PUT http://localhost:5145/user/updatecartitem?linerid=352&qty=1 - 0 - 200 - application/json;+charset=utf-8 19.7318ms
2024-11-15 17:47:39.317 +05:30  INF  Executed action BAKERBAZZAR.API.Controller.UserController.UpdateCartItem (BAKERBAZZAR.API) in 20.0406ms
2024-11-15 17:47:39.317 +05:30  INF  Executed action BAKERBAZZAR.API.Controller.UserController.UpdateCartItem (BAKERBAZZAR.API) in 25.3569ms
2024-11-15 17:47:39.317 +05:30  INF  Executed endpoint 'BAKERBAZZAR.API.Controller.UserController.UpdateCartItem (BAKERBAZZAR.API)'
2024-11-15 17:47:39.317 +05:30  INF  Executed endpoint 'BAKERBAZZAR.API.Controller.UserController.UpdateCartItem (BAKERBAZZAR.API)'
2024-11-15 17:47:39.317 +05:30  INF  Request finished HTTP/1.1 PUT http://localhost:5145/user/updatecartitem?linerid=352&qty=1 - 0 - 200 - application/json;+charset=utf-8 26.1190ms
2024-11-15 17:47:39.317 +05:30  INF  Executing ObjectResult, writing value of type 'BAKERBAZZAR.API.Models.ApiResponse'.
2024-11-15 17:47:39.318 +05:30  INF  Request finished HTTP/1.1 PUT http://localhost:5145/user/updatecartitem?linerid=354&qty=1 - 0 - 200 - application/json;+charset=utf-8 21.1449ms
2024-11-15 17:47:39.318 +05:30  INF  Executed action BAKERBAZZAR.API.Controller.UserController.UpdateCartItem (BAKERBAZZAR.API) in 18.8167ms
2024-11-15 17:47:39.318 +05:30  INF  Executed endpoint 'BAKERBAZZAR.API.Controller.UserController.UpdateCartItem (BAKERBAZZAR.API)'
2024-11-15 17:47:39.318 +05:30  INF  Request finished HTTP/1.1 PUT http://localhost:5145/user/updatecartitem?linerid=353&qty=1 - 0 - 200 - application/json;+charset=utf-8 20.4259ms
2024-11-15 17:47:39.318 +05:30  INF  Executing ObjectResult, writing value of type 'BAKERBAZZAR.API.Models.ApiResponse'.
2024-11-15 17:47:39.318 +05:30  INF  Executed action BAKERBAZZAR.API.Controller.UserController.UpdateCartItem (BAKERBAZZAR.API) in 15.2918ms
2024-11-15 17:47:39.318 +05:30  INF  Executed endpoint 'BAKERBAZZAR.API.Controller.UserController.UpdateCartItem (BAKERBAZZAR.API)'
2024-11-15 17:47:39.318 +05:30  INF  Request finished HTTP/1.1 PUT http://localhost:5145/user/updatecartitem?linerid=354&qty=1 - 0 - 200 - application/json;+charset=utf-8 16.0727ms
2024-11-15 17:47:39.318 +05:30  INF  Executing ObjectResult, writing value of type 'BAKERBAZZAR.API.Models.ApiResponse'.
2024-11-15 17:47:39.318 +05:30  INF  Executed action BAKERBAZZAR.API.Controller.UserController.UpdateCartItem (BAKERBAZZAR.API) in 18.3937ms
2024-11-15 17:47:39.318 +05:30  INF  Executed endpoint 'BAKERBAZZAR.API.Controller.UserController.UpdateCartItem (BAKERBAZZAR.API)'
2024-11-15 17:47:39.318 +05:30  INF  Request finished HTTP/1.1 PUT http://localhost:5145/user/updatecartitem?linerid=353&qty=1 - 0 - 200 - application/json;+charset=utf-8 19.2787ms
2024-11-15 17:47:39.320 +05:30  INF  Request starting HTTP/1.1 GET http://localhost:5145/User/CartDetails?displayid=b0ed825d-4dcb-4005-a871-f6306b1b9d84 - -
2024-11-15 17:47:39.320 +05:30  INF  CORS policy execution successful.
2024-11-15 17:47:39.320 +05:30  INF  Executing endpoint 'BAKERBAZZAR.API.Controller.UserController.CartDetails (BAKERBAZZAR.API)'
2024-11-15 17:47:39.320 +05:30  INF  Route matched with {action = "CartDetails", controller = "User"}. Executing controller action with signature System.Threading.Tasks.Task`1[Microsoft.AspNetCore.Mvc.ActionResult`1[BAKERBAZZAR.API.Models.ApiResponse]] CartDetails(System.String) on controller BAKERBAZZAR.API.Controller.UserController (BAKERBAZZAR.API).
2024-11-15 17:47:39.325 +05:30  INF  Executing ObjectResult, writing value of type 'BAKERBAZZAR.API.Models.ApiResponse'.
2024-11-15 17:47:39.325 +05:30  INF  Executed action BAKERBAZZAR.API.Controller.UserController.CartDetails (BAKERBAZZAR.API) in 4.6864ms
2024-11-15 17:47:39.325 +05:30  INF  Executed endpoint 'BAKERBAZZAR.API.Controller.UserController.CartDetails (BAKERBAZZAR.API)'
2024-11-15 17:47:39.325 +05:30  INF  Request finished HTTP/1.1 GET http://localhost:5145/User/CartDetails?displayid=b0ed825d-4dcb-4005-a871-f6306b1b9d84 - - - 200 - application/json;+charset=utf-8 5.1707ms
2024-11-15 17:47:43.577 +05:30  INF  Request starting HTTP/1.1 GET http://localhost:5145/User/CartDetails?displayid=b0ed825d-4dcb-4005-a871-f6306b1b9d84 - -
2024-11-15 17:47:43.577 +05:30  INF  CORS policy execution successful.
2024-11-15 17:47:43.578 +05:30  INF  Executing endpoint 'BAKERBAZZAR.API.Controller.UserController.CartDetails (BAKERBAZZAR.API)'
2024-11-15 17:47:43.578 +05:30  INF  Route matched with {action = "CartDetails", controller = "User"}. Executing controller action with signature System.Threading.Tasks.Task`1[Microsoft.AspNetCore.Mvc.ActionResult`1[BAKERBAZZAR.API.Models.ApiResponse]] CartDetails(System.String) on controller BAKERBAZZAR.API.Controller.UserController (BAKERBAZZAR.API).
2024-11-15 17:47:43.602 +05:30  INF  Executing ObjectResult, writing value of type 'BAKERBAZZAR.API.Models.ApiResponse'.
2024-11-15 17:47:43.602 +05:30  INF  Executed action BAKERBAZZAR.API.Controller.UserController.CartDetails (BAKERBAZZAR.API) in 24.6993ms
2024-11-15 17:47:43.602 +05:30  INF  Executed endpoint 'BAKERBAZZAR.API.Controller.UserController.CartDetails (BAKERBAZZAR.API)'
2024-11-15 17:47:43.602 +05:30  INF  Request finished HTTP/1.1 GET http://localhost:5145/User/CartDetails?displayid=b0ed825d-4dcb-4005-a871-f6306b1b9d84 - - - 200 - application/json;+charset=utf-8 25.1743ms
2024-11-15 17:47:43.604 +05:30  INF  Request starting HTTP/1.1 GET http://localhost:5145/User/CartDetails?displayid=b0ed825d-4dcb-4005-a871-f6306b1b9d84 - -
2024-11-15 17:47:43.604 +05:30  INF  CORS policy execution successful.
2024-11-15 17:47:43.604 +05:30  INF  Executing endpoint 'BAKERBAZZAR.API.Controller.UserController.CartDetails (BAKERBAZZAR.API)'
2024-11-15 17:47:43.604 +05:30  INF  Route matched with {action = "CartDetails", controller = "User"}. Executing controller action with signature System.Threading.Tasks.Task`1[Microsoft.AspNetCore.Mvc.ActionResult`1[BAKERBAZZAR.API.Models.ApiResponse]] CartDetails(System.String) on controller BAKERBAZZAR.API.Controller.UserController (BAKERBAZZAR.API).
2024-11-15 17:47:43.607 +05:30  INF  Executing ObjectResult, writing value of type 'BAKERBAZZAR.API.Models.ApiResponse'.
2024-11-15 17:47:43.607 +05:30  INF  Executed action BAKERBAZZAR.API.Controller.UserController.CartDetails (BAKERBAZZAR.API) in 2.6069ms
2024-11-15 17:47:43.607 +05:30  INF  Executed endpoint 'BAKERBAZZAR.API.Controller.UserController.CartDetails (BAKERBAZZAR.API)'
2024-11-15 17:47:43.607 +05:30  INF  Request finished HTTP/1.1 GET http://localhost:5145/User/CartDetails?displayid=b0ed825d-4dcb-4005-a871-f6306b1b9d84 - - - 200 - application/json;+charset=utf-8 3.0271ms
2024-11-15 17:47:43.614 +05:30  INF  Request starting HTTP/1.1 PUT http://localhost:5145/user/updatecartitem?linerid=352&qty=1 - 0
2024-11-15 17:47:43.615 +05:30  INF  CORS policy execution successful.
2024-11-15 17:47:43.615 +05:30  INF  Request starting HTTP/1.1 PUT http://localhost:5145/user/updatecartitem?linerid=353&qty=1 - 0
2024-11-15 17:47:43.615 +05:30  INF  Executing endpoint 'BAKERBAZZAR.API.Controller.UserController.UpdateCartItem (BAKERBAZZAR.API)'
2024-11-15 17:47:43.615 +05:30  INF  CORS policy execution successful.
2024-11-15 17:47:43.615 +05:30  INF  Route matched with {action = "UpdateCartItem", controller = "User"}. Executing controller action with signature System.Threading.Tasks.Task`1[Microsoft.AspNetCore.Mvc.ActionResult`1[BAKERBAZZAR.API.Models.ApiResponse]] UpdateCartItem(Int32, Int32) on controller BAKERBAZZAR.API.Controller.UserController (BAKERBAZZAR.API).
2024-11-15 17:47:43.615 +05:30  INF  Executing endpoint 'BAKERBAZZAR.API.Controller.UserController.UpdateCartItem (BAKERBAZZAR.API)'
2024-11-15 17:47:43.615 +05:30  INF  Route matched with {action = "UpdateCartItem", controller = "User"}. Executing controller action with signature System.Threading.Tasks.Task`1[Microsoft.AspNetCore.Mvc.ActionResult`1[BAKERBAZZAR.API.Models.ApiResponse]] UpdateCartItem(Int32, Int32) on controller BAKERBAZZAR.API.Controller.UserController (BAKERBAZZAR.API).
2024-11-15 17:47:43.616 +05:30  INF  Request starting HTTP/1.1 PUT http://localhost:5145/user/updatecartitem?linerid=354&qty=1 - 0
2024-11-15 17:47:43.616 +05:30  INF  CORS policy execution successful.
2024-11-15 17:47:43.616 +05:30  INF  Executing endpoint 'BAKERBAZZAR.API.Controller.UserController.UpdateCartItem (BAKERBAZZAR.API)'
2024-11-15 17:47:43.616 +05:30  INF  Route matched with {action = "UpdateCartItem", controller = "User"}. Executing controller action with signature System.Threading.Tasks.Task`1[Microsoft.AspNetCore.Mvc.ActionResult`1[BAKERBAZZAR.API.Models.ApiResponse]] UpdateCartItem(Int32, Int32) on controller BAKERBAZZAR.API.Controller.UserController (BAKERBAZZAR.API).
2024-11-15 17:47:43.617 +05:30  INF  Request starting HTTP/1.1 PUT http://localhost:5145/user/updatecartitem?linerid=352&qty=1 - 0
2024-11-15 17:47:43.617 +05:30  INF  CORS policy execution successful.
2024-11-15 17:47:43.617 +05:30  INF  Executing endpoint 'BAKERBAZZAR.API.Controller.UserController.UpdateCartItem (BAKERBAZZAR.API)'
2024-11-15 17:47:43.617 +05:30  INF  Route matched with {action = "UpdateCartItem", controller = "User"}. Executing controller action with signature System.Threading.Tasks.Task`1[Microsoft.AspNetCore.Mvc.ActionResult`1[BAKERBAZZAR.API.Models.ApiResponse]] UpdateCartItem(Int32, Int32) on controller BAKERBAZZAR.API.Controller.UserController (BAKERBAZZAR.API).
2024-11-15 17:47:43.622 +05:30  INF  Request starting HTTP/1.1 PUT http://localhost:5145/user/updatecartitem?linerid=353&qty=1 - 0
2024-11-15 17:47:43.622 +05:30  INF  Request starting HTTP/1.1 PUT http://localhost:5145/user/updatecartitem?linerid=354&qty=1 - 0
2024-11-15 17:47:43.622 +05:30  INF  CORS policy execution successful.
2024-11-15 17:47:43.622 +05:30  INF  CORS policy execution successful.
2024-11-15 17:47:43.622 +05:30  INF  Executing endpoint 'BAKERBAZZAR.API.Controller.UserController.UpdateCartItem (BAKERBAZZAR.API)'
2024-11-15 17:47:43.622 +05:30  INF  Executing endpoint 'BAKERBAZZAR.API.Controller.UserController.UpdateCartItem (BAKERBAZZAR.API)'
2024-11-15 17:47:43.622 +05:30  INF  Route matched with {action = "UpdateCartItem", controller = "User"}. Executing controller action with signature System.Threading.Tasks.Task`1[Microsoft.AspNetCore.Mvc.ActionResult`1[BAKERBAZZAR.API.Models.ApiResponse]] UpdateCartItem(Int32, Int32) on controller BAKERBAZZAR.API.Controller.UserController (BAKERBAZZAR.API).
2024-11-15 17:47:43.623 +05:30  INF  Route matched with {action = "UpdateCartItem", controller = "User"}. Executing controller action with signature System.Threading.Tasks.Task`1[Microsoft.AspNetCore.Mvc.ActionResult`1[BAKERBAZZAR.API.Models.ApiResponse]] UpdateCartItem(Int32, Int32) on controller BAKERBAZZAR.API.Controller.UserController (BAKERBAZZAR.API).
2024-11-15 17:47:43.631 +05:30  INF  Executing ObjectResult, writing value of type 'BAKERBAZZAR.API.Models.ApiResponse'.
2024-11-15 17:47:43.631 +05:30  INF  Executing ObjectResult, writing value of type 'BAKERBAZZAR.API.Models.ApiResponse'.
2024-11-15 17:47:43.631 +05:30  INF  Executing ObjectResult, writing value of type 'BAKERBAZZAR.API.Models.ApiResponse'.
2024-11-15 17:47:43.631 +05:30  INF  Executed action BAKERBAZZAR.API.Controller.UserController.UpdateCartItem (BAKERBAZZAR.API) in 16.3032ms
2024-11-15 17:47:43.631 +05:30  INF  Executed action BAKERBAZZAR.API.Controller.UserController.UpdateCartItem (BAKERBAZZAR.API) in 15.2141ms
2024-11-15 17:47:43.631 +05:30  INF  Executed endpoint 'BAKERBAZZAR.API.Controller.UserController.UpdateCartItem (BAKERBAZZAR.API)'
2024-11-15 17:47:43.631 +05:30  INF  Executed action BAKERBAZZAR.API.Controller.UserController.UpdateCartItem (BAKERBAZZAR.API) in 14.0583ms
2024-11-15 17:47:43.631 +05:30  INF  Executed endpoint 'BAKERBAZZAR.API.Controller.UserController.UpdateCartItem (BAKERBAZZAR.API)'
2024-11-15 17:47:43.631 +05:30  INF  Executed endpoint 'BAKERBAZZAR.API.Controller.UserController.UpdateCartItem (BAKERBAZZAR.API)'
2024-11-15 17:47:43.631 +05:30  INF  Executing ObjectResult, writing value of type 'BAKERBAZZAR.API.Models.ApiResponse'.
2024-11-15 17:47:43.631 +05:30  INF  Request finished HTTP/1.1 PUT http://localhost:5145/user/updatecartitem?linerid=354&qty=1 - 0 - 200 - application/json;+charset=utf-8 15.6242ms
2024-11-15 17:47:43.631 +05:30  INF  Request finished HTTP/1.1 PUT http://localhost:5145/user/updatecartitem?linerid=352&qty=1 - 0 - 200 - application/json;+charset=utf-8 17.0085ms
2024-11-15 17:47:43.631 +05:30  INF  Request finished HTTP/1.1 PUT http://localhost:5145/user/updatecartitem?linerid=352&qty=1 - 0 - 200 - application/json;+charset=utf-8 14.5346ms
2024-11-15 17:47:43.631 +05:30  INF  Executed action BAKERBAZZAR.API.Controller.UserController.UpdateCartItem (BAKERBAZZAR.API) in 8.7327ms
2024-11-15 17:47:43.632 +05:30  INF  Executed endpoint 'BAKERBAZZAR.API.Controller.UserController.UpdateCartItem (BAKERBAZZAR.API)'
2024-11-15 17:47:43.632 +05:30  INF  Executing ObjectResult, writing value of type 'BAKERBAZZAR.API.Models.ApiResponse'.
2024-11-15 17:47:43.632 +05:30  INF  Request finished HTTP/1.1 PUT http://localhost:5145/user/updatecartitem?linerid=354&qty=1 - 0 - 200 - application/json;+charset=utf-8 9.5130ms
2024-11-15 17:47:43.632 +05:30  INF  Executed action BAKERBAZZAR.API.Controller.UserController.UpdateCartItem (BAKERBAZZAR.API) in 9.2851ms
2024-11-15 17:47:43.632 +05:30  INF  Executed endpoint 'BAKERBAZZAR.API.Controller.UserController.UpdateCartItem (BAKERBAZZAR.API)'
2024-11-15 17:47:43.632 +05:30  INF  Request finished HTTP/1.1 PUT http://localhost:5145/user/updatecartitem?linerid=353&qty=1 - 0 - 200 - application/json;+charset=utf-8 9.7014ms
2024-11-15 17:47:43.632 +05:30  INF  Executing ObjectResult, writing value of type 'BAKERBAZZAR.API.Models.ApiResponse'.
2024-11-15 17:47:43.632 +05:30  INF  Executed action BAKERBAZZAR.API.Controller.UserController.UpdateCartItem (BAKERBAZZAR.API) in 16.6296ms
2024-11-15 17:47:43.632 +05:30  INF  Executed endpoint 'BAKERBAZZAR.API.Controller.UserController.UpdateCartItem (BAKERBAZZAR.API)'
2024-11-15 17:47:43.632 +05:30  INF  Request finished HTTP/1.1 PUT http://localhost:5145/user/updatecartitem?linerid=353&qty=1 - 0 - 200 - application/json;+charset=utf-8 16.9475ms
2024-11-15 17:47:43.633 +05:30  INF  Request starting HTTP/1.1 GET http://localhost:5145/User/CartDetails?displayid=b0ed825d-4dcb-4005-a871-f6306b1b9d84 - -
2024-11-15 17:47:43.633 +05:30  INF  CORS policy execution successful.
2024-11-15 17:47:43.633 +05:30  INF  Executing endpoint 'BAKERBAZZAR.API.Controller.UserController.CartDetails (BAKERBAZZAR.API)'
2024-11-15 17:47:43.633 +05:30  INF  Route matched with {action = "CartDetails", controller = "User"}. Executing controller action with signature System.Threading.Tasks.Task`1[Microsoft.AspNetCore.Mvc.ActionResult`1[BAKERBAZZAR.API.Models.ApiResponse]] CartDetails(System.String) on controller BAKERBAZZAR.API.Controller.UserController (BAKERBAZZAR.API).
2024-11-15 17:47:43.636 +05:30  INF  Executing ObjectResult, writing value of type 'BAKERBAZZAR.API.Models.ApiResponse'.
2024-11-15 17:47:43.636 +05:30  INF  Executed action BAKERBAZZAR.API.Controller.UserController.CartDetails (BAKERBAZZAR.API) in 2.478ms
2024-11-15 17:47:43.636 +05:30  INF  Executed endpoint 'BAKERBAZZAR.API.Controller.UserController.CartDetails (BAKERBAZZAR.API)'
2024-11-15 17:47:43.636 +05:30  INF  Request finished HTTP/1.1 GET http://localhost:5145/User/CartDetails?displayid=b0ed825d-4dcb-4005-a871-f6306b1b9d84 - - - 200 - application/json;+charset=utf-8 2.7739ms
2024-11-15 17:47:46.077 +05:30  INF  Request starting HTTP/1.1 OPTIONS http://localhost:5145/user/deletecartitem?cartdisplayid=b0ed825d-4dcb-4005-a871-f6306b1b9d84&cartrid=354 - -
2024-11-15 17:47:46.077 +05:30  INF  CORS policy execution successful.
2024-11-15 17:47:46.077 +05:30  INF  Request finished HTTP/1.1 OPTIONS http://localhost:5145/user/deletecartitem?cartdisplayid=b0ed825d-4dcb-4005-a871-f6306b1b9d84&cartrid=354 - - - 204 - - 0.1909ms
2024-11-15 17:47:46.078 +05:30  INF  Request starting HTTP/1.1 DELETE http://localhost:5145/user/deletecartitem?cartdisplayid=b0ed825d-4dcb-4005-a871-f6306b1b9d84&cartrid=354 - -
2024-11-15 17:47:46.078 +05:30  INF  CORS policy execution successful.
2024-11-15 17:47:46.078 +05:30  INF  Executing endpoint 'BAKERBAZZAR.API.Controller.UserController.DeleteCartItem (BAKERBAZZAR.API)'
2024-11-15 17:47:46.078 +05:30  INF  Route matched with {action = "DeleteCartItem", controller = "User"}. Executing controller action with signature System.Threading.Tasks.Task`1[Microsoft.AspNetCore.Mvc.ActionResult`1[BAKERBAZZAR.API.Models.ApiResponse]] DeleteCartItem(System.String, Int32) on controller BAKERBAZZAR.API.Controller.UserController (BAKERBAZZAR.API).
2024-11-15 17:47:46.086 +05:30  INF  Executing ObjectResult, writing value of type 'BAKERBAZZAR.API.Models.ApiResponse'.
2024-11-15 17:47:46.086 +05:30  INF  Executed action BAKERBAZZAR.API.Controller.UserController.DeleteCartItem (BAKERBAZZAR.API) in 7.5403ms
2024-11-15 17:47:46.086 +05:30  INF  Executed endpoint 'BAKERBAZZAR.API.Controller.UserController.DeleteCartItem (BAKERBAZZAR.API)'
2024-11-15 17:47:46.086 +05:30  INF  Request finished HTTP/1.1 DELETE http://localhost:5145/user/deletecartitem?cartdisplayid=b0ed825d-4dcb-4005-a871-f6306b1b9d84&cartrid=354 - - - 200 - application/json;+charset=utf-8 7.8224ms
2024-11-15 17:47:46.090 +05:30  INF  Request starting HTTP/1.1 GET http://localhost:5145/User/CartDetails?displayid=b0ed825d-4dcb-4005-a871-f6306b1b9d84 - -
2024-11-15 17:47:46.090 +05:30  INF  CORS policy execution successful.
2024-11-15 17:47:46.090 +05:30  INF  Executing endpoint 'BAKERBAZZAR.API.Controller.UserController.CartDetails (BAKERBAZZAR.API)'
2024-11-15 17:47:46.090 +05:30  INF  Route matched with {action = "CartDetails", controller = "User"}. Executing controller action with signature System.Threading.Tasks.Task`1[Microsoft.AspNetCore.Mvc.ActionResult`1[BAKERBAZZAR.API.Models.ApiResponse]] CartDetails(System.String) on controller BAKERBAZZAR.API.Controller.UserController (BAKERBAZZAR.API).
2024-11-15 17:47:46.103 +05:30  INF  Executing ObjectResult, writing value of type 'BAKERBAZZAR.API.Models.ApiResponse'.
2024-11-15 17:47:46.103 +05:30  INF  Executed action BAKERBAZZAR.API.Controller.UserController.CartDetails (BAKERBAZZAR.API) in 13.5488ms
2024-11-15 17:47:46.104 +05:30  INF  Executed endpoint 'BAKERBAZZAR.API.Controller.UserController.CartDetails (BAKERBAZZAR.API)'
2024-11-15 17:47:46.104 +05:30  INF  Request finished HTTP/1.1 GET http://localhost:5145/User/CartDetails?displayid=b0ed825d-4dcb-4005-a871-f6306b1b9d84 - - - 200 - application/json;+charset=utf-8 13.9165ms
2024-11-15 17:47:47.170 +05:30  INF  Request starting HTTP/1.1 OPTIONS http://localhost:5145/user/deletecartitem?cartdisplayid=b0ed825d-4dcb-4005-a871-f6306b1b9d84&cartrid=353 - -
2024-11-15 17:47:47.170 +05:30  INF  CORS policy execution successful.
2024-11-15 17:47:47.170 +05:30  INF  Request finished HTTP/1.1 OPTIONS http://localhost:5145/user/deletecartitem?cartdisplayid=b0ed825d-4dcb-4005-a871-f6306b1b9d84&cartrid=353 - - - 204 - - 0.1690ms
2024-11-15 17:47:47.171 +05:30  INF  Request starting HTTP/1.1 DELETE http://localhost:5145/user/deletecartitem?cartdisplayid=b0ed825d-4dcb-4005-a871-f6306b1b9d84&cartrid=353 - -
2024-11-15 17:47:47.172 +05:30  INF  CORS policy execution successful.
2024-11-15 17:47:47.172 +05:30  INF  Executing endpoint 'BAKERBAZZAR.API.Controller.UserController.DeleteCartItem (BAKERBAZZAR.API)'
2024-11-15 17:47:47.172 +05:30  INF  Route matched with {action = "DeleteCartItem", controller = "User"}. Executing controller action with signature System.Threading.Tasks.Task`1[Microsoft.AspNetCore.Mvc.ActionResult`1[BAKERBAZZAR.API.Models.ApiResponse]] DeleteCartItem(System.String, Int32) on controller BAKERBAZZAR.API.Controller.UserController (BAKERBAZZAR.API).
2024-11-15 17:47:47.179 +05:30  INF  Executing ObjectResult, writing value of type 'BAKERBAZZAR.API.Models.ApiResponse'.
2024-11-15 17:47:47.179 +05:30  INF  Executed action BAKERBAZZAR.API.Controller.UserController.DeleteCartItem (BAKERBAZZAR.API) in 7.4954ms
2024-11-15 17:47:47.179 +05:30  INF  Executed endpoint 'BAKERBAZZAR.API.Controller.UserController.DeleteCartItem (BAKERBAZZAR.API)'
2024-11-15 17:47:47.179 +05:30  INF  Request finished HTTP/1.1 DELETE http://localhost:5145/user/deletecartitem?cartdisplayid=b0ed825d-4dcb-4005-a871-f6306b1b9d84&cartrid=353 - - - 200 - application/json;+charset=utf-8 7.7663ms
2024-11-15 17:47:47.183 +05:30  INF  Request starting HTTP/1.1 GET http://localhost:5145/User/CartDetails?displayid=b0ed825d-4dcb-4005-a871-f6306b1b9d84 - -
2024-11-15 17:47:47.183 +05:30  INF  CORS policy execution successful.
2024-11-15 17:47:47.183 +05:30  INF  Executing endpoint 'BAKERBAZZAR.API.Controller.UserController.CartDetails (BAKERBAZZAR.API)'
2024-11-15 17:47:47.183 +05:30  INF  Route matched with {action = "CartDetails", controller = "User"}. Executing controller action with signature System.Threading.Tasks.Task`1[Microsoft.AspNetCore.Mvc.ActionResult`1[BAKERBAZZAR.API.Models.ApiResponse]] CartDetails(System.String) on controller BAKERBAZZAR.API.Controller.UserController (BAKERBAZZAR.API).
2024-11-15 17:47:47.195 +05:30  INF  Executing ObjectResult, writing value of type 'BAKERBAZZAR.API.Models.ApiResponse'.
2024-11-15 17:47:47.196 +05:30  INF  Executed action BAKERBAZZAR.API.Controller.UserController.CartDetails (BAKERBAZZAR.API) in 12.7797ms
2024-11-15 17:47:47.196 +05:30  INF  Executed endpoint 'BAKERBAZZAR.API.Controller.UserController.CartDetails (BAKERBAZZAR.API)'
2024-11-15 17:47:47.196 +05:30  INF  Request finished HTTP/1.1 GET http://localhost:5145/User/CartDetails?displayid=b0ed825d-4dcb-4005-a871-f6306b1b9d84 - - - 200 - application/json;+charset=utf-8 13.3197ms
2024-11-15 17:47:48.770 +05:30  INF  Request starting HTTP/1.1 OPTIONS http://localhost:5145/user/deletecartitem?cartdisplayid=b0ed825d-4dcb-4005-a871-f6306b1b9d84&cartrid=352 - -
2024-11-15 17:47:48.770 +05:30  INF  CORS policy execution successful.
2024-11-15 17:47:48.770 +05:30  INF  Request finished HTTP/1.1 OPTIONS http://localhost:5145/user/deletecartitem?cartdisplayid=b0ed825d-4dcb-4005-a871-f6306b1b9d84&cartrid=352 - - - 204 - - 0.1421ms
2024-11-15 17:47:48.772 +05:30  INF  Request starting HTTP/1.1 DELETE http://localhost:5145/user/deletecartitem?cartdisplayid=b0ed825d-4dcb-4005-a871-f6306b1b9d84&cartrid=352 - -
2024-11-15 17:47:48.772 +05:30  INF  CORS policy execution successful.
2024-11-15 17:47:48.772 +05:30  INF  Executing endpoint 'BAKERBAZZAR.API.Controller.UserController.DeleteCartItem (BAKERBAZZAR.API)'
2024-11-15 17:47:48.772 +05:30  INF  Route matched with {action = "DeleteCartItem", controller = "User"}. Executing controller action with signature System.Threading.Tasks.Task`1[Microsoft.AspNetCore.Mvc.ActionResult`1[BAKERBAZZAR.API.Models.ApiResponse]] DeleteCartItem(System.String, Int32) on controller BAKERBAZZAR.API.Controller.UserController (BAKERBAZZAR.API).
2024-11-15 17:47:48.779 +05:30  INF  Executing ObjectResult, writing value of type 'BAKERBAZZAR.API.Models.ApiResponse'.
2024-11-15 17:47:48.779 +05:30  INF  Executed action BAKERBAZZAR.API.Controller.UserController.DeleteCartItem (BAKERBAZZAR.API) in 6.3732ms
2024-11-15 17:47:48.779 +05:30  INF  Executed endpoint 'BAKERBAZZAR.API.Controller.UserController.DeleteCartItem (BAKERBAZZAR.API)'
2024-11-15 17:47:48.779 +05:30  INF  Request finished HTTP/1.1 DELETE http://localhost:5145/user/deletecartitem?cartdisplayid=b0ed825d-4dcb-4005-a871-f6306b1b9d84&cartrid=352 - - - 200 - application/json;+charset=utf-8 6.6782ms
2024-11-15 17:47:48.782 +05:30  INF  Request starting HTTP/1.1 GET http://localhost:5145/User/CartDetails?displayid=b0ed825d-4dcb-4005-a871-f6306b1b9d84 - -
2024-11-15 17:47:48.782 +05:30  INF  CORS policy execution successful.
2024-11-15 17:47:48.782 +05:30  INF  Executing endpoint 'BAKERBAZZAR.API.Controller.UserController.CartDetails (BAKERBAZZAR.API)'
2024-11-15 17:47:48.782 +05:30  INF  Route matched with {action = "CartDetails", controller = "User"}. Executing controller action with signature System.Threading.Tasks.Task`1[Microsoft.AspNetCore.Mvc.ActionResult`1[BAKERBAZZAR.API.Models.ApiResponse]] CartDetails(System.String) on controller BAKERBAZZAR.API.Controller.UserController (BAKERBAZZAR.API).
2024-11-15 17:47:48.794 +05:30  INF  Executing ObjectResult, writing value of type 'BAKERBAZZAR.API.Models.ApiResponse'.
2024-11-15 17:47:48.794 +05:30  INF  Executed action BAKERBAZZAR.API.Controller.UserController.CartDetails (BAKERBAZZAR.API) in 11.7597ms
2024-11-15 17:47:48.794 +05:30  INF  Executed endpoint 'BAKERBAZZAR.API.Controller.UserController.CartDetails (BAKERBAZZAR.API)'
2024-11-15 17:47:48.794 +05:30  INF  Request finished HTTP/1.1 GET http://localhost:5145/User/CartDetails?displayid=b0ed825d-4dcb-4005-a871-f6306b1b9d84 - - - 200 - application/json;+charset=utf-8 12.1177ms
2024-11-15 17:47:53.603 +05:30  INF  Request starting HTTP/1.1 OPTIONS http://localhost:5145/User/AddToCart - -
2024-11-15 17:47:53.603 +05:30  INF  CORS policy execution successful.
2024-11-15 17:47:53.603 +05:30  INF  Request finished HTTP/1.1 OPTIONS http://localhost:5145/User/AddToCart - - - 204 - - 0.1840ms
2024-11-15 17:47:53.603 +05:30  INF  Request starting HTTP/1.1 POST http://localhost:5145/User/AddToCart application/json 140
2024-11-15 17:47:53.604 +05:30  INF  CORS policy execution successful.
2024-11-15 17:47:53.604 +05:30  INF  Executing endpoint 'BAKERBAZZAR.API.Controller.UserController.AddToCart (BAKERBAZZAR.API)'
2024-11-15 17:47:53.604 +05:30  INF  Route matched with {action = "AddToCart", controller = "User"}. Executing controller action with signature System.Threading.Tasks.Task`1[Microsoft.AspNetCore.Mvc.ActionResult`1[BAKERBAZZAR.API.Models.ApiResponse]] AddToCart(BAKERBAZZAR.API.Models.IO_Templates.AddToCartRequest) on controller BAKERBAZZAR.API.Controller.UserController (BAKERBAZZAR.API).
2024-11-15 17:47:53.614 +05:30  INF  Executing ObjectResult, writing value of type 'BAKERBAZZAR.API.Models.ApiResponse'.
2024-11-15 17:47:53.614 +05:30  INF  Executed action BAKERBAZZAR.API.Controller.UserController.AddToCart (BAKERBAZZAR.API) in 10.6006ms
2024-11-15 17:47:53.614 +05:30  INF  Executed endpoint 'BAKERBAZZAR.API.Controller.UserController.AddToCart (BAKERBAZZAR.API)'
2024-11-15 17:47:53.614 +05:30  INF  Request finished HTTP/1.1 POST http://localhost:5145/User/AddToCart application/json 140 - 200 - application/json;+charset=utf-8 10.9862ms
2024-11-15 17:47:55.951 +05:30  INF  Request starting HTTP/1.1 GET http://localhost:5145/User/CartDetails?displayid=b0ed825d-4dcb-4005-a871-f6306b1b9d84 - -
2024-11-15 17:47:55.951 +05:30  INF  CORS policy execution successful.
2024-11-15 17:47:55.951 +05:30  INF  Executing endpoint 'BAKERBAZZAR.API.Controller.UserController.CartDetails (BAKERBAZZAR.API)'
2024-11-15 17:47:55.951 +05:30  INF  Route matched with {action = "CartDetails", controller = "User"}. Executing controller action with signature System.Threading.Tasks.Task`1[Microsoft.AspNetCore.Mvc.ActionResult`1[BAKERBAZZAR.API.Models.ApiResponse]] CartDetails(System.String) on controller BAKERBAZZAR.API.Controller.UserController (BAKERBAZZAR.API).
2024-11-15 17:47:55.967 +05:30  INF  Executing ObjectResult, writing value of type 'BAKERBAZZAR.API.Models.ApiResponse'.
2024-11-15 17:47:55.968 +05:30  INF  Executed action BAKERBAZZAR.API.Controller.UserController.CartDetails (BAKERBAZZAR.API) in 16.4515ms
2024-11-15 17:47:55.968 +05:30  INF  Executed endpoint 'BAKERBAZZAR.API.Controller.UserController.CartDetails (BAKERBAZZAR.API)'
2024-11-15 17:47:55.969 +05:30  INF  Request finished HTTP/1.1 GET http://localhost:5145/User/CartDetails?displayid=b0ed825d-4dcb-4005-a871-f6306b1b9d84 - - - 200 - application/json;+charset=utf-8 17.1892ms
2024-11-15 17:47:55.970 +05:30  INF  Request starting HTTP/1.1 GET http://localhost:5145/User/CartDetails?displayid=b0ed825d-4dcb-4005-a871-f6306b1b9d84 - -
2024-11-15 17:47:55.971 +05:30  INF  CORS policy execution successful.
2024-11-15 17:47:55.971 +05:30  INF  Executing endpoint 'BAKERBAZZAR.API.Controller.UserController.CartDetails (BAKERBAZZAR.API)'
2024-11-15 17:47:55.971 +05:30  INF  Route matched with {action = "CartDetails", controller = "User"}. Executing controller action with signature System.Threading.Tasks.Task`1[Microsoft.AspNetCore.Mvc.ActionResult`1[BAKERBAZZAR.API.Models.ApiResponse]] CartDetails(System.String) on controller BAKERBAZZAR.API.Controller.UserController (BAKERBAZZAR.API).
2024-11-15 17:47:55.973 +05:30  INF  Executing ObjectResult, writing value of type 'BAKERBAZZAR.API.Models.ApiResponse'.
2024-11-15 17:47:55.973 +05:30  INF  Executed action BAKERBAZZAR.API.Controller.UserController.CartDetails (BAKERBAZZAR.API) in 2.2201ms
2024-11-15 17:47:55.974 +05:30  INF  Executed endpoint 'BAKERBAZZAR.API.Controller.UserController.CartDetails (BAKERBAZZAR.API)'
2024-11-15 17:47:55.974 +05:30  INF  Request finished HTTP/1.1 GET http://localhost:5145/User/CartDetails?displayid=b0ed825d-4dcb-4005-a871-f6306b1b9d84 - - - 200 - application/json;+charset=utf-8 3.1784ms
2024-11-15 17:47:55.976 +05:30  INF  Request starting HTTP/1.1 OPTIONS http://localhost:5145/user/updatecartitem?linerid=355&qty=1 - -
2024-11-15 17:47:55.976 +05:30  INF  CORS policy execution successful.
2024-11-15 17:47:55.976 +05:30  INF  Request finished HTTP/1.1 OPTIONS http://localhost:5145/user/updatecartitem?linerid=355&qty=1 - - - 204 - - 0.1931ms
2024-11-15 17:47:55.977 +05:30  INF  Request starting HTTP/1.1 PUT http://localhost:5145/user/updatecartitem?linerid=355&qty=1 - 0
2024-11-15 17:47:55.977 +05:30  INF  CORS policy execution successful.
2024-11-15 17:47:55.977 +05:30  INF  Request starting HTTP/1.1 OPTIONS http://localhost:5145/user/updatecartitem?linerid=355&qty=1 - -
2024-11-15 17:47:55.977 +05:30  INF  CORS policy execution successful.
2024-11-15 17:47:55.977 +05:30  INF  Executing endpoint 'BAKERBAZZAR.API.Controller.UserController.UpdateCartItem (BAKERBAZZAR.API)'
2024-11-15 17:47:55.977 +05:30  INF  Request finished HTTP/1.1 OPTIONS http://localhost:5145/user/updatecartitem?linerid=355&qty=1 - - - 204 - - 0.0843ms
2024-11-15 17:47:55.977 +05:30  INF  Route matched with {action = "UpdateCartItem", controller = "User"}. Executing controller action with signature System.Threading.Tasks.Task`1[Microsoft.AspNetCore.Mvc.ActionResult`1[BAKERBAZZAR.API.Models.ApiResponse]] UpdateCartItem(Int32, Int32) on controller BAKERBAZZAR.API.Controller.UserController (BAKERBAZZAR.API).
2024-11-15 17:47:55.978 +05:30  INF  Request starting HTTP/1.1 PUT http://localhost:5145/user/updatecartitem?linerid=355&qty=1 - 0
2024-11-15 17:47:55.979 +05:30  INF  CORS policy execution successful.
2024-11-15 17:47:55.979 +05:30  INF  Executing endpoint 'BAKERBAZZAR.API.Controller.UserController.UpdateCartItem (BAKERBAZZAR.API)'
2024-11-15 17:47:55.979 +05:30  INF  Route matched with {action = "UpdateCartItem", controller = "User"}. Executing controller action with signature System.Threading.Tasks.Task`1[Microsoft.AspNetCore.Mvc.ActionResult`1[BAKERBAZZAR.API.Models.ApiResponse]] UpdateCartItem(Int32, Int32) on controller BAKERBAZZAR.API.Controller.UserController (BAKERBAZZAR.API).
2024-11-15 17:47:55.985 +05:30  INF  Request starting HTTP/1.1 GET http://localhost:5145/User/CartDetails?displayid=b0ed825d-4dcb-4005-a871-f6306b1b9d84 - -
2024-11-15 17:47:55.985 +05:30  INF  CORS policy execution successful.
2024-11-15 17:47:55.986 +05:30  INF  Executing endpoint 'BAKERBAZZAR.API.Controller.UserController.CartDetails (BAKERBAZZAR.API)'
2024-11-15 17:47:55.986 +05:30  INF  Route matched with {action = "CartDetails", controller = "User"}. Executing controller action with signature System.Threading.Tasks.Task`1[Microsoft.AspNetCore.Mvc.ActionResult`1[BAKERBAZZAR.API.Models.ApiResponse]] CartDetails(System.String) on controller BAKERBAZZAR.API.Controller.UserController (BAKERBAZZAR.API).
2024-11-15 17:47:55.988 +05:30  INF  Executing ObjectResult, writing value of type 'BAKERBAZZAR.API.Models.ApiResponse'.
2024-11-15 17:47:55.988 +05:30  INF  Executed action BAKERBAZZAR.API.Controller.UserController.CartDetails (BAKERBAZZAR.API) in 2.7954ms
2024-11-15 17:47:55.988 +05:30  INF  Executed endpoint 'BAKERBAZZAR.API.Controller.UserController.CartDetails (BAKERBAZZAR.API)'
2024-11-15 17:47:55.988 +05:30  INF  Request finished HTTP/1.1 GET http://localhost:5145/User/CartDetails?displayid=b0ed825d-4dcb-4005-a871-f6306b1b9d84 - - - 200 - application/json;+charset=utf-8 3.4196ms
2024-11-15 17:47:55.989 +05:30  INF  Executing ObjectResult, writing value of type 'BAKERBAZZAR.API.Models.ApiResponse'.
2024-11-15 17:47:55.989 +05:30  INF  Executing ObjectResult, writing value of type 'BAKERBAZZAR.API.Models.ApiResponse'.
2024-11-15 17:47:55.989 +05:30  INF  Executed action BAKERBAZZAR.API.Controller.UserController.UpdateCartItem (BAKERBAZZAR.API) in 10.4775ms
2024-11-15 17:47:55.989 +05:30  INF  Executed endpoint 'BAKERBAZZAR.API.Controller.UserController.UpdateCartItem (BAKERBAZZAR.API)'
2024-11-15 17:47:55.989 +05:30  INF  Executed action BAKERBAZZAR.API.Controller.UserController.UpdateCartItem (BAKERBAZZAR.API) in 11.8336ms
2024-11-15 17:47:55.989 +05:30  INF  Executed endpoint 'BAKERBAZZAR.API.Controller.UserController.UpdateCartItem (BAKERBAZZAR.API)'
2024-11-15 17:47:55.989 +05:30  INF  Request finished HTTP/1.1 PUT http://localhost:5145/user/updatecartitem?linerid=355&qty=1 - 0 - 200 - application/json;+charset=utf-8 10.9228ms
2024-11-15 17:47:55.989 +05:30  INF  Request finished HTTP/1.1 PUT http://localhost:5145/user/updatecartitem?linerid=355&qty=1 - 0 - 200 - application/json;+charset=utf-8 12.1962ms
2024-11-15 17:48:04.003 +05:30  INF  Request starting HTTP/1.1 OPTIONS http://localhost:5145/User/AddToCart - -
2024-11-15 17:48:04.003 +05:30  INF  CORS policy execution successful.
2024-11-15 17:48:04.003 +05:30  INF  Request finished HTTP/1.1 OPTIONS http://localhost:5145/User/AddToCart - - - 204 - - 0.2199ms
2024-11-15 17:48:04.004 +05:30  INF  Request starting HTTP/1.1 POST http://localhost:5145/User/AddToCart application/json 139
2024-11-15 17:48:04.004 +05:30  INF  CORS policy execution successful.
2024-11-15 17:48:04.004 +05:30  INF  Executing endpoint 'BAKERBAZZAR.API.Controller.UserController.AddToCart (BAKERBAZZAR.API)'
2024-11-15 17:48:04.004 +05:30  INF  Route matched with {action = "AddToCart", controller = "User"}. Executing controller action with signature System.Threading.Tasks.Task`1[Microsoft.AspNetCore.Mvc.ActionResult`1[BAKERBAZZAR.API.Models.ApiResponse]] AddToCart(BAKERBAZZAR.API.Models.IO_Templates.AddToCartRequest) on controller BAKERBAZZAR.API.Controller.UserController (BAKERBAZZAR.API).
2024-11-15 17:48:04.015 +05:30  INF  Executing ObjectResult, writing value of type 'BAKERBAZZAR.API.Models.ApiResponse'.
2024-11-15 17:48:04.015 +05:30  INF  Executed action BAKERBAZZAR.API.Controller.UserController.AddToCart (BAKERBAZZAR.API) in 10.7298ms
2024-11-15 17:48:04.015 +05:30  INF  Executed endpoint 'BAKERBAZZAR.API.Controller.UserController.AddToCart (BAKERBAZZAR.API)'
2024-11-15 17:48:04.015 +05:30  INF  Request finished HTTP/1.1 POST http://localhost:5145/User/AddToCart application/json 139 - 200 - application/json;+charset=utf-8 11.0483ms
2024-11-15 17:48:05.300 +05:30  INF  Request starting HTTP/1.1 GET http://localhost:5145/User/CartDetails?displayid=b0ed825d-4dcb-4005-a871-f6306b1b9d84 - -
2024-11-15 17:48:05.301 +05:30  INF  CORS policy execution successful.
2024-11-15 17:48:05.301 +05:30  INF  Executing endpoint 'BAKERBAZZAR.API.Controller.UserController.CartDetails (BAKERBAZZAR.API)'
2024-11-15 17:48:05.301 +05:30  INF  Route matched with {action = "CartDetails", controller = "User"}. Executing controller action with signature System.Threading.Tasks.Task`1[Microsoft.AspNetCore.Mvc.ActionResult`1[BAKERBAZZAR.API.Models.ApiResponse]] CartDetails(System.String) on controller BAKERBAZZAR.API.Controller.UserController (BAKERBAZZAR.API).
2024-11-15 17:48:05.317 +05:30  INF  Executing ObjectResult, writing value of type 'BAKERBAZZAR.API.Models.ApiResponse'.
2024-11-15 17:48:05.317 +05:30  INF  Executed action BAKERBAZZAR.API.Controller.UserController.CartDetails (BAKERBAZZAR.API) in 16.7328ms
2024-11-15 17:48:05.317 +05:30  INF  Executed endpoint 'BAKERBAZZAR.API.Controller.UserController.CartDetails (BAKERBAZZAR.API)'
2024-11-15 17:48:05.318 +05:30  INF  Request finished HTTP/1.1 GET http://localhost:5145/User/CartDetails?displayid=b0ed825d-4dcb-4005-a871-f6306b1b9d84 - - - 200 - application/json;+charset=utf-8 17.1111ms
2024-11-15 17:48:05.321 +05:30  INF  Request starting HTTP/1.1 GET http://localhost:5145/User/CartDetails?displayid=b0ed825d-4dcb-4005-a871-f6306b1b9d84 - -
2024-11-15 17:48:05.322 +05:30  INF  CORS policy execution successful.
2024-11-15 17:48:05.322 +05:30  INF  Executing endpoint 'BAKERBAZZAR.API.Controller.UserController.CartDetails (BAKERBAZZAR.API)'
2024-11-15 17:48:05.322 +05:30  INF  Route matched with {action = "CartDetails", controller = "User"}. Executing controller action with signature System.Threading.Tasks.Task`1[Microsoft.AspNetCore.Mvc.ActionResult`1[BAKERBAZZAR.API.Models.ApiResponse]] CartDetails(System.String) on controller BAKERBAZZAR.API.Controller.UserController (BAKERBAZZAR.API).
2024-11-15 17:48:05.326 +05:30  INF  Executing ObjectResult, writing value of type 'BAKERBAZZAR.API.Models.ApiResponse'.
2024-11-15 17:48:05.326 +05:30  INF  Executed action BAKERBAZZAR.API.Controller.UserController.CartDetails (BAKERBAZZAR.API) in 3.9549ms
2024-11-15 17:48:05.326 +05:30  INF  Executed endpoint 'BAKERBAZZAR.API.Controller.UserController.CartDetails (BAKERBAZZAR.API)'
2024-11-15 17:48:05.326 +05:30  INF  Request finished HTTP/1.1 GET http://localhost:5145/User/CartDetails?displayid=b0ed825d-4dcb-4005-a871-f6306b1b9d84 - - - 200 - application/json;+charset=utf-8 4.5550ms
2024-11-15 17:48:05.328 +05:30  INF  Request starting HTTP/1.1 OPTIONS http://localhost:5145/user/updatecartitem?linerid=355&qty=1 - -
2024-11-15 17:48:05.328 +05:30  INF  CORS policy execution successful.
2024-11-15 17:48:05.329 +05:30  INF  Request finished HTTP/1.1 OPTIONS http://localhost:5145/user/updatecartitem?linerid=355&qty=1 - - - 204 - - 0.3606ms
2024-11-15 17:48:05.329 +05:30  INF  Request starting HTTP/1.1 OPTIONS http://localhost:5145/user/updatecartitem?linerid=356&qty=1 - -
2024-11-15 17:48:05.329 +05:30  INF  CORS policy execution successful.
2024-11-15 17:48:05.329 +05:30  INF  Request finished HTTP/1.1 OPTIONS http://localhost:5145/user/updatecartitem?linerid=356&qty=1 - - - 204 - - 0.1096ms
2024-11-15 17:48:05.329 +05:30  INF  Request starting HTTP/1.1 OPTIONS http://localhost:5145/user/updatecartitem?linerid=355&qty=1 - -
2024-11-15 17:48:05.329 +05:30  INF  CORS policy execution successful.
2024-11-15 17:48:05.329 +05:30  INF  Request starting HTTP/1.1 OPTIONS http://localhost:5145/user/updatecartitem?linerid=356&qty=1 - -
2024-11-15 17:48:05.329 +05:30  INF  CORS policy execution successful.
2024-11-15 17:48:05.329 +05:30  INF  Request finished HTTP/1.1 OPTIONS http://localhost:5145/user/updatecartitem?linerid=356&qty=1 - - - 204 - - 0.1164ms
2024-11-15 17:48:05.329 +05:30  INF  Request finished HTTP/1.1 OPTIONS http://localhost:5145/user/updatecartitem?linerid=355&qty=1 - - - 204 - - 0.1676ms
2024-11-15 17:48:05.331 +05:30  INF  Request starting HTTP/1.1 PUT http://localhost:5145/user/updatecartitem?linerid=355&qty=1 - 0
2024-11-15 17:48:05.331 +05:30  INF  Request starting HTTP/1.1 PUT http://localhost:5145/user/updatecartitem?linerid=356&qty=1 - 0
2024-11-15 17:48:05.332 +05:30  INF  Request starting HTTP/1.1 PUT http://localhost:5145/user/updatecartitem?linerid=355&qty=1 - 0
2024-11-15 17:48:05.332 +05:30  INF  Request starting HTTP/1.1 PUT http://localhost:5145/user/updatecartitem?linerid=356&qty=1 - 0
2024-11-15 17:48:05.332 +05:30  INF  CORS policy execution successful.
2024-11-15 17:48:05.332 +05:30  INF  CORS policy execution successful.
2024-11-15 17:48:05.332 +05:30  INF  CORS policy execution successful.
2024-11-15 17:48:05.332 +05:30  INF  CORS policy execution successful.
2024-11-15 17:48:05.332 +05:30  INF  Executing endpoint 'BAKERBAZZAR.API.Controller.UserController.UpdateCartItem (BAKERBAZZAR.API)'
2024-11-15 17:48:05.332 +05:30  INF  Executing endpoint 'BAKERBAZZAR.API.Controller.UserController.UpdateCartItem (BAKERBAZZAR.API)'
2024-11-15 17:48:05.332 +05:30  INF  Executing endpoint 'BAKERBAZZAR.API.Controller.UserController.UpdateCartItem (BAKERBAZZAR.API)'
2024-11-15 17:48:05.332 +05:30  INF  Executing endpoint 'BAKERBAZZAR.API.Controller.UserController.UpdateCartItem (BAKERBAZZAR.API)'
2024-11-15 17:48:05.332 +05:30  INF  Route matched with {action = "UpdateCartItem", controller = "User"}. Executing controller action with signature System.Threading.Tasks.Task`1[Microsoft.AspNetCore.Mvc.ActionResult`1[BAKERBAZZAR.API.Models.ApiResponse]] UpdateCartItem(Int32, Int32) on controller BAKERBAZZAR.API.Controller.UserController (BAKERBAZZAR.API).
2024-11-15 17:48:05.332 +05:30  INF  Route matched with {action = "UpdateCartItem", controller = "User"}. Executing controller action with signature System.Threading.Tasks.Task`1[Microsoft.AspNetCore.Mvc.ActionResult`1[BAKERBAZZAR.API.Models.ApiResponse]] UpdateCartItem(Int32, Int32) on controller BAKERBAZZAR.API.Controller.UserController (BAKERBAZZAR.API).
2024-11-15 17:48:05.332 +05:30  INF  Route matched with {action = "UpdateCartItem", controller = "User"}. Executing controller action with signature System.Threading.Tasks.Task`1[Microsoft.AspNetCore.Mvc.ActionResult`1[BAKERBAZZAR.API.Models.ApiResponse]] UpdateCartItem(Int32, Int32) on controller BAKERBAZZAR.API.Controller.UserController (BAKERBAZZAR.API).
2024-11-15 17:48:05.332 +05:30  INF  Route matched with {action = "UpdateCartItem", controller = "User"}. Executing controller action with signature System.Threading.Tasks.Task`1[Microsoft.AspNetCore.Mvc.ActionResult`1[BAKERBAZZAR.API.Models.ApiResponse]] UpdateCartItem(Int32, Int32) on controller BAKERBAZZAR.API.Controller.UserController (BAKERBAZZAR.API).
2024-11-15 17:48:05.338 +05:30  INF  Request starting HTTP/1.1 GET http://localhost:5145/User/CartDetails?displayid=b0ed825d-4dcb-4005-a871-f6306b1b9d84 - -
2024-11-15 17:48:05.338 +05:30  INF  CORS policy execution successful.
2024-11-15 17:48:05.338 +05:30  INF  Executing endpoint 'BAKERBAZZAR.API.Controller.UserController.CartDetails (BAKERBAZZAR.API)'
2024-11-15 17:48:05.339 +05:30  INF  Route matched with {action = "CartDetails", controller = "User"}. Executing controller action with signature System.Threading.Tasks.Task`1[Microsoft.AspNetCore.Mvc.ActionResult`1[BAKERBAZZAR.API.Models.ApiResponse]] CartDetails(System.String) on controller BAKERBAZZAR.API.Controller.UserController (BAKERBAZZAR.API).
2024-11-15 17:48:05.353 +05:30  INF  Executing ObjectResult, writing value of type 'BAKERBAZZAR.API.Models.ApiResponse'.
2024-11-15 17:48:05.353 +05:30  INF  Executing ObjectResult, writing value of type 'BAKERBAZZAR.API.Models.ApiResponse'.
2024-11-15 17:48:05.353 +05:30  INF  Executing ObjectResult, writing value of type 'BAKERBAZZAR.API.Models.ApiResponse'.
2024-11-15 17:48:05.353 +05:30  INF  Executing ObjectResult, writing value of type 'BAKERBAZZAR.API.Models.ApiResponse'.
2024-11-15 17:48:05.353 +05:30  INF  Executed action BAKERBAZZAR.API.Controller.UserController.UpdateCartItem (BAKERBAZZAR.API) in 21.5124ms
2024-11-15 17:48:05.354 +05:30  INF  Executed action BAKERBAZZAR.API.Controller.UserController.UpdateCartItem (BAKERBAZZAR.API) in 21.4596ms
2024-11-15 17:48:05.354 +05:30  INF  Executed endpoint 'BAKERBAZZAR.API.Controller.UserController.UpdateCartItem (BAKERBAZZAR.API)'
2024-11-15 17:48:05.354 +05:30  INF  Executed endpoint 'BAKERBAZZAR.API.Controller.UserController.UpdateCartItem (BAKERBAZZAR.API)'
2024-11-15 17:48:05.353 +05:30  INF  Executed action BAKERBAZZAR.API.Controller.UserController.UpdateCartItem (BAKERBAZZAR.API) in 21.3464ms
2024-11-15 17:48:05.354 +05:30  INF  Executed action BAKERBAZZAR.API.Controller.UserController.CartDetails (BAKERBAZZAR.API) in 14.6198ms
2024-11-15 17:48:05.354 +05:30  INF  Request finished HTTP/1.1 PUT http://localhost:5145/user/updatecartitem?linerid=356&qty=1 - 0 - 200 - application/json;+charset=utf-8 22.1517ms
2024-11-15 17:48:05.354 +05:30  INF  Executed endpoint 'BAKERBAZZAR.API.Controller.UserController.CartDetails (BAKERBAZZAR.API)'
2024-11-15 17:48:05.354 +05:30  INF  Executed endpoint 'BAKERBAZZAR.API.Controller.UserController.UpdateCartItem (BAKERBAZZAR.API)'
2024-11-15 17:48:05.354 +05:30  INF  Request finished HTTP/1.1 PUT http://localhost:5145/user/updatecartitem?linerid=355&qty=1 - 0 - 200 - application/json;+charset=utf-8 21.9274ms
2024-11-15 17:48:05.354 +05:30  INF  Request finished HTTP/1.1 GET http://localhost:5145/User/CartDetails?displayid=b0ed825d-4dcb-4005-a871-f6306b1b9d84 - - - 200 - application/json;+charset=utf-8 15.8459ms
2024-11-15 17:48:05.354 +05:30  INF  Request finished HTTP/1.1 PUT http://localhost:5145/user/updatecartitem?linerid=356&qty=1 - 0 - 200 - application/json;+charset=utf-8 22.0834ms
2024-11-15 17:48:05.357 +05:30  INF  Executing ObjectResult, writing value of type 'BAKERBAZZAR.API.Models.ApiResponse'.
2024-11-15 17:48:05.358 +05:30  INF  Executed action BAKERBAZZAR.API.Controller.UserController.UpdateCartItem (BAKERBAZZAR.API) in 25.3864ms
2024-11-15 17:48:05.358 +05:30  INF  Executed endpoint 'BAKERBAZZAR.API.Controller.UserController.UpdateCartItem (BAKERBAZZAR.API)'
2024-11-15 17:48:05.358 +05:30  INF  Request finished HTTP/1.1 PUT http://localhost:5145/user/updatecartitem?linerid=355&qty=1 - 0 - 200 - application/json;+charset=utf-8 26.6421ms
2024-11-15 17:48:08.866 +05:30  INF  Request starting HTTP/1.1 OPTIONS http://localhost:5145/user/updatecartitem?linerid=355&qty=2 - -
2024-11-15 17:48:08.866 +05:30  INF  CORS policy execution successful.
2024-11-15 17:48:08.866 +05:30  INF  Request finished HTTP/1.1 OPTIONS http://localhost:5145/user/updatecartitem?linerid=355&qty=2 - - - 204 - - 0.1507ms
2024-11-15 17:48:08.867 +05:30  INF  Request starting HTTP/1.1 PUT http://localhost:5145/user/updatecartitem?linerid=355&qty=2 - 0
2024-11-15 17:48:08.867 +05:30  INF  CORS policy execution successful.
2024-11-15 17:48:08.867 +05:30  INF  Executing endpoint 'BAKERBAZZAR.API.Controller.UserController.UpdateCartItem (BAKERBAZZAR.API)'
2024-11-15 17:48:08.867 +05:30  INF  Route matched with {action = "UpdateCartItem", controller = "User"}. Executing controller action with signature System.Threading.Tasks.Task`1[Microsoft.AspNetCore.Mvc.ActionResult`1[BAKERBAZZAR.API.Models.ApiResponse]] UpdateCartItem(Int32, Int32) on controller BAKERBAZZAR.API.Controller.UserController (BAKERBAZZAR.API).
2024-11-15 17:48:08.869 +05:30  INF  Executing ObjectResult, writing value of type 'BAKERBAZZAR.API.Models.ApiResponse'.
2024-11-15 17:48:08.870 +05:30  INF  Executed action BAKERBAZZAR.API.Controller.UserController.UpdateCartItem (BAKERBAZZAR.API) in 2.4769ms
2024-11-15 17:48:08.870 +05:30  INF  Executed endpoint 'BAKERBAZZAR.API.Controller.UserController.UpdateCartItem (BAKERBAZZAR.API)'
2024-11-15 17:48:08.870 +05:30  INF  Request finished HTTP/1.1 PUT http://localhost:5145/user/updatecartitem?linerid=355&qty=2 - 0 - 200 - application/json;+charset=utf-8 2.8526ms
2024-11-15 17:48:08.871 +05:30  INF  Request starting HTTP/1.1 GET http://localhost:5145/User/CartDetails?displayid=b0ed825d-4dcb-4005-a871-f6306b1b9d84 - -
2024-11-15 17:48:08.871 +05:30  INF  CORS policy execution successful.
2024-11-15 17:48:08.871 +05:30  INF  Executing endpoint 'BAKERBAZZAR.API.Controller.UserController.CartDetails (BAKERBAZZAR.API)'
2024-11-15 17:48:08.872 +05:30  INF  Route matched with {action = "CartDetails", controller = "User"}. Executing controller action with signature System.Threading.Tasks.Task`1[Microsoft.AspNetCore.Mvc.ActionResult`1[BAKERBAZZAR.API.Models.ApiResponse]] CartDetails(System.String) on controller BAKERBAZZAR.API.Controller.UserController (BAKERBAZZAR.API).
2024-11-15 17:48:08.873 +05:30  INF  Executing ObjectResult, writing value of type 'BAKERBAZZAR.API.Models.ApiResponse'.
2024-11-15 17:48:08.874 +05:30  INF  Executed action BAKERBAZZAR.API.Controller.UserController.CartDetails (BAKERBAZZAR.API) in 2.0105ms
2024-11-15 17:48:08.874 +05:30  INF  Executed endpoint 'BAKERBAZZAR.API.Controller.UserController.CartDetails (BAKERBAZZAR.API)'
2024-11-15 17:48:08.874 +05:30  INF  Request finished HTTP/1.1 GET http://localhost:5145/User/CartDetails?displayid=b0ed825d-4dcb-4005-a871-f6306b1b9d84 - - - 200 - application/json;+charset=utf-8 2.9145ms
2024-11-15 17:48:10.627 +05:30  INF  Request starting HTTP/1.1 OPTIONS http://localhost:5145/user/updatecartitem?linerid=355&qty=3 - -
2024-11-15 17:48:10.628 +05:30  INF  CORS policy execution successful.
2024-11-15 17:48:10.628 +05:30  INF  Request finished HTTP/1.1 OPTIONS http://localhost:5145/user/updatecartitem?linerid=355&qty=3 - - - 204 - - 0.2221ms
2024-11-15 17:48:10.629 +05:30  INF  Request starting HTTP/1.1 PUT http://localhost:5145/user/updatecartitem?linerid=355&qty=3 - 0
2024-11-15 17:48:10.629 +05:30  INF  CORS policy execution successful.
2024-11-15 17:48:10.629 +05:30  INF  Executing endpoint 'BAKERBAZZAR.API.Controller.UserController.UpdateCartItem (BAKERBAZZAR.API)'
2024-11-15 17:48:10.629 +05:30  INF  Route matched with {action = "UpdateCartItem", controller = "User"}. Executing controller action with signature System.Threading.Tasks.Task`1[Microsoft.AspNetCore.Mvc.ActionResult`1[BAKERBAZZAR.API.Models.ApiResponse]] UpdateCartItem(Int32, Int32) on controller BAKERBAZZAR.API.Controller.UserController (BAKERBAZZAR.API).
2024-11-15 17:48:10.632 +05:30  INF  Request starting HTTP/1.1 GET http://localhost:5145/User/CartDetails?displayid=b0ed825d-4dcb-4005-a871-f6306b1b9d84 - -
2024-11-15 17:48:10.632 +05:30  INF  CORS policy execution successful.
2024-11-15 17:48:10.634 +05:30  INF  Executing endpoint 'BAKERBAZZAR.API.Controller.UserController.CartDetails (BAKERBAZZAR.API)'
2024-11-15 17:48:10.634 +05:30  INF  Route matched with {action = "CartDetails", controller = "User"}. Executing controller action with signature System.Threading.Tasks.Task`1[Microsoft.AspNetCore.Mvc.ActionResult`1[BAKERBAZZAR.API.Models.ApiResponse]] CartDetails(System.String) on controller BAKERBAZZAR.API.Controller.UserController (BAKERBAZZAR.API).
2024-11-15 17:48:10.638 +05:30  INF  Executing ObjectResult, writing value of type 'BAKERBAZZAR.API.Models.ApiResponse'.
2024-11-15 17:48:10.638 +05:30  INF  Executed action BAKERBAZZAR.API.Controller.UserController.UpdateCartItem (BAKERBAZZAR.API) in 8.6041ms
2024-11-15 17:48:10.638 +05:30  INF  Executed endpoint 'BAKERBAZZAR.API.Controller.UserController.UpdateCartItem (BAKERBAZZAR.API)'
2024-11-15 17:48:10.638 +05:30  INF  Request finished HTTP/1.1 PUT http://localhost:5145/user/updatecartitem?linerid=355&qty=3 - 0 - 200 - application/json;+charset=utf-8 9.4372ms
2024-11-15 17:48:10.644 +05:30  INF  Executing ObjectResult, writing value of type 'BAKERBAZZAR.API.Models.ApiResponse'.
2024-11-15 17:48:10.645 +05:30  INF  Executed action BAKERBAZZAR.API.Controller.UserController.CartDetails (BAKERBAZZAR.API) in 10.8705ms
2024-11-15 17:48:10.645 +05:30  INF  Executed endpoint 'BAKERBAZZAR.API.Controller.UserController.CartDetails (BAKERBAZZAR.API)'
2024-11-15 17:48:10.645 +05:30  INF  Request finished HTTP/1.1 GET http://localhost:5145/User/CartDetails?displayid=b0ed825d-4dcb-4005-a871-f6306b1b9d84 - - - 200 - application/json;+charset=utf-8 12.7754ms
2024-11-15 17:48:22.675 +05:30  INF  Request starting HTTP/1.1 GET http://localhost:5145/user/myorders?displayid=a8701061-246f-4f0a-b7db-cf788913b18d - -
2024-11-15 17:48:22.675 +05:30  INF  CORS policy execution successful.
2024-11-15 17:48:22.675 +05:30  INF  Executing endpoint 'BAKERBAZZAR.API.Controller.UserController.MyOrders (BAKERBAZZAR.API)'
2024-11-15 17:48:22.675 +05:30  INF  Route matched with {action = "MyOrders", controller = "User"}. Executing controller action with signature System.Threading.Tasks.Task`1[Microsoft.AspNetCore.Mvc.ActionResult`1[BAKERBAZZAR.API.Models.ApiResponse]] MyOrders(System.String, System.String, System.String) on controller BAKERBAZZAR.API.Controller.UserController (BAKERBAZZAR.API).
2024-11-15 17:48:22.699 +05:30  INF  Executing ObjectResult, writing value of type 'BAKERBAZZAR.API.Models.ApiResponse'.
2024-11-15 17:48:22.699 +05:30  INF  Executed action BAKERBAZZAR.API.Controller.UserController.MyOrders (BAKERBAZZAR.API) in 24.5188ms
2024-11-15 17:48:22.699 +05:30  INF  Executed endpoint 'BAKERBAZZAR.API.Controller.UserController.MyOrders (BAKERBAZZAR.API)'
2024-11-15 17:48:22.699 +05:30  INF  Request finished HTTP/1.1 GET http://localhost:5145/user/myorders?displayid=a8701061-246f-4f0a-b7db-cf788913b18d - - - 200 - application/json;+charset=utf-8 24.8333ms
2024-11-15 17:48:22.701 +05:30  INF  Request starting HTTP/1.1 GET http://localhost:5145/user/myorders?displayid=a8701061-246f-4f0a-b7db-cf788913b18d - -
2024-11-15 17:48:22.701 +05:30  INF  CORS policy execution successful.
2024-11-15 17:48:22.701 +05:30  INF  Executing endpoint 'BAKERBAZZAR.API.Controller.UserController.MyOrders (BAKERBAZZAR.API)'
2024-11-15 17:48:22.701 +05:30  INF  Route matched with {action = "MyOrders", controller = "User"}. Executing controller action with signature System.Threading.Tasks.Task`1[Microsoft.AspNetCore.Mvc.ActionResult`1[BAKERBAZZAR.API.Models.ApiResponse]] MyOrders(System.String, System.String, System.String) on controller BAKERBAZZAR.API.Controller.UserController (BAKERBAZZAR.API).
2024-11-15 17:48:22.703 +05:30  INF  Executing ObjectResult, writing value of type 'BAKERBAZZAR.API.Models.ApiResponse'.
2024-11-15 17:48:22.704 +05:30  INF  Executed action BAKERBAZZAR.API.Controller.UserController.MyOrders (BAKERBAZZAR.API) in 2.7464ms
2024-11-15 17:48:22.704 +05:30  INF  Executed endpoint 'BAKERBAZZAR.API.Controller.UserController.MyOrders (BAKERBAZZAR.API)'
2024-11-15 17:48:22.704 +05:30  INF  Request finished HTTP/1.1 GET http://localhost:5145/user/myorders?displayid=a8701061-246f-4f0a-b7db-cf788913b18d - - - 200 - application/json;+charset=utf-8 3.1513ms
2024-11-15 17:48:26.960 +05:30  INF  Request starting HTTP/1.1 GET http://localhost:5145/User/CartDetails?displayid=b0ed825d-4dcb-4005-a871-f6306b1b9d84 - -
2024-11-15 17:48:26.960 +05:30  INF  CORS policy execution successful.
2024-11-15 17:48:26.960 +05:30  INF  Executing endpoint 'BAKERBAZZAR.API.Controller.UserController.CartDetails (BAKERBAZZAR.API)'
2024-11-15 17:48:26.960 +05:30  INF  Route matched with {action = "CartDetails", controller = "User"}. Executing controller action with signature System.Threading.Tasks.Task`1[Microsoft.AspNetCore.Mvc.ActionResult`1[BAKERBAZZAR.API.Models.ApiResponse]] CartDetails(System.String) on controller BAKERBAZZAR.API.Controller.UserController (BAKERBAZZAR.API).
2024-11-15 17:48:26.992 +05:30  INF  Executing ObjectResult, writing value of type 'BAKERBAZZAR.API.Models.ApiResponse'.
2024-11-15 17:48:26.992 +05:30  INF  Executed action BAKERBAZZAR.API.Controller.UserController.CartDetails (BAKERBAZZAR.API) in 32.0036ms
2024-11-15 17:48:26.992 +05:30  INF  Executed endpoint 'BAKERBAZZAR.API.Controller.UserController.CartDetails (BAKERBAZZAR.API)'
2024-11-15 17:48:26.992 +05:30  INF  Request finished HTTP/1.1 GET http://localhost:5145/User/CartDetails?displayid=b0ed825d-4dcb-4005-a871-f6306b1b9d84 - - - 200 - application/json;+charset=utf-8 32.4427ms
2024-11-15 17:48:26.993 +05:30  INF  Request starting HTTP/1.1 GET http://localhost:5145/User/CartDetails?displayid=b0ed825d-4dcb-4005-a871-f6306b1b9d84 - -
2024-11-15 17:48:26.993 +05:30  INF  CORS policy execution successful.
2024-11-15 17:48:26.993 +05:30  INF  Executing endpoint 'BAKERBAZZAR.API.Controller.UserController.CartDetails (BAKERBAZZAR.API)'
2024-11-15 17:48:26.993 +05:30  INF  Route matched with {action = "CartDetails", controller = "User"}. Executing controller action with signature System.Threading.Tasks.Task`1[Microsoft.AspNetCore.Mvc.ActionResult`1[BAKERBAZZAR.API.Models.ApiResponse]] CartDetails(System.String) on controller BAKERBAZZAR.API.Controller.UserController (BAKERBAZZAR.API).
2024-11-15 17:48:26.995 +05:30  INF  Executing ObjectResult, writing value of type 'BAKERBAZZAR.API.Models.ApiResponse'.
2024-11-15 17:48:26.995 +05:30  INF  Executed action BAKERBAZZAR.API.Controller.UserController.CartDetails (BAKERBAZZAR.API) in 2.0099ms
2024-11-15 17:48:26.995 +05:30  INF  Executed endpoint 'BAKERBAZZAR.API.Controller.UserController.CartDetails (BAKERBAZZAR.API)'
2024-11-15 17:48:26.995 +05:30  INF  Request finished HTTP/1.1 GET http://localhost:5145/User/CartDetails?displayid=b0ed825d-4dcb-4005-a871-f6306b1b9d84 - - - 200 - application/json;+charset=utf-8 2.4767ms
2024-11-15 17:48:26.999 +05:30  INF  Request starting HTTP/1.1 OPTIONS http://localhost:5145/user/updatecartitem?linerid=355&qty=3 - -
2024-11-15 17:48:26.999 +05:30  INF  CORS policy execution successful.
2024-11-15 17:48:27.000 +05:30  INF  Request finished HTTP/1.1 OPTIONS http://localhost:5145/user/updatecartitem?linerid=355&qty=3 - - - 204 - - 0.2593ms
2024-11-15 17:48:27.002 +05:30  INF  Request starting HTTP/1.1 OPTIONS http://localhost:5145/user/updatecartitem?linerid=356&qty=1 - -
2024-11-15 17:48:27.003 +05:30  INF  CORS policy execution successful.
2024-11-15 17:48:27.003 +05:30  INF  Request finished HTTP/1.1 OPTIONS http://localhost:5145/user/updatecartitem?linerid=356&qty=1 - - - 204 - - 0.5970ms
2024-11-15 17:48:27.003 +05:30  INF  Request starting HTTP/1.1 PUT http://localhost:5145/user/updatecartitem?linerid=355&qty=3 - 0
2024-11-15 17:48:27.003 +05:30  INF  Request starting HTTP/1.1 PUT http://localhost:5145/user/updatecartitem?linerid=355&qty=3 - 0
2024-11-15 17:48:27.003 +05:30  INF  CORS policy execution successful.
2024-11-15 17:48:27.003 +05:30  INF  CORS policy execution successful.
2024-11-15 17:48:27.003 +05:30  INF  Executing endpoint 'BAKERBAZZAR.API.Controller.UserController.UpdateCartItem (BAKERBAZZAR.API)'
2024-11-15 17:48:27.003 +05:30  INF  Executing endpoint 'BAKERBAZZAR.API.Controller.UserController.UpdateCartItem (BAKERBAZZAR.API)'
2024-11-15 17:48:27.003 +05:30  INF  Route matched with {action = "UpdateCartItem", controller = "User"}. Executing controller action with signature System.Threading.Tasks.Task`1[Microsoft.AspNetCore.Mvc.ActionResult`1[BAKERBAZZAR.API.Models.ApiResponse]] UpdateCartItem(Int32, Int32) on controller BAKERBAZZAR.API.Controller.UserController (BAKERBAZZAR.API).
2024-11-15 17:48:27.003 +05:30  INF  Route matched with {action = "UpdateCartItem", controller = "User"}. Executing controller action with signature System.Threading.Tasks.Task`1[Microsoft.AspNetCore.Mvc.ActionResult`1[BAKERBAZZAR.API.Models.ApiResponse]] UpdateCartItem(Int32, Int32) on controller BAKERBAZZAR.API.Controller.UserController (BAKERBAZZAR.API).
2024-11-15 17:48:27.004 +05:30  INF  Request starting HTTP/1.1 OPTIONS http://localhost:5145/user/updatecartitem?linerid=356&qty=1 - -
2024-11-15 17:48:27.004 +05:30  INF  CORS policy execution successful.
2024-11-15 17:48:27.004 +05:30  INF  Request finished HTTP/1.1 OPTIONS http://localhost:5145/user/updatecartitem?linerid=356&qty=1 - - - 204 - - 0.2532ms
2024-11-15 17:48:27.004 +05:30  INF  Request starting HTTP/1.1 PUT http://localhost:5145/user/updatecartitem?linerid=356&qty=1 - 0
2024-11-15 17:48:27.004 +05:30  INF  CORS policy execution successful.
2024-11-15 17:48:27.005 +05:30  INF  Executing endpoint 'BAKERBAZZAR.API.Controller.UserController.UpdateCartItem (BAKERBAZZAR.API)'
2024-11-15 17:48:27.005 +05:30  INF  Route matched with {action = "UpdateCartItem", controller = "User"}. Executing controller action with signature System.Threading.Tasks.Task`1[Microsoft.AspNetCore.Mvc.ActionResult`1[BAKERBAZZAR.API.Models.ApiResponse]] UpdateCartItem(Int32, Int32) on controller BAKERBAZZAR.API.Controller.UserController (BAKERBAZZAR.API).
2024-11-15 17:48:27.005 +05:30  INF  Request starting HTTP/1.1 PUT http://localhost:5145/user/updatecartitem?linerid=356&qty=1 - 0
2024-11-15 17:48:27.006 +05:30  INF  CORS policy execution successful.
2024-11-15 17:48:27.006 +05:30  INF  Executing endpoint 'BAKERBAZZAR.API.Controller.UserController.UpdateCartItem (BAKERBAZZAR.API)'
2024-11-15 17:48:27.006 +05:30  INF  Route matched with {action = "UpdateCartItem", controller = "User"}. Executing controller action with signature System.Threading.Tasks.Task`1[Microsoft.AspNetCore.Mvc.ActionResult`1[BAKERBAZZAR.API.Models.ApiResponse]] UpdateCartItem(Int32, Int32) on controller BAKERBAZZAR.API.Controller.UserController (BAKERBAZZAR.API).
2024-11-15 17:48:27.012 +05:30  INF  Request starting HTTP/1.1 GET http://localhost:5145/User/CartDetails?displayid=b0ed825d-4dcb-4005-a871-f6306b1b9d84 - -
2024-11-15 17:48:27.012 +05:30  INF  CORS policy execution successful.
2024-11-15 17:48:27.012 +05:30  INF  Executing endpoint 'BAKERBAZZAR.API.Controller.UserController.CartDetails (BAKERBAZZAR.API)'
2024-11-15 17:48:27.012 +05:30  INF  Route matched with {action = "CartDetails", controller = "User"}. Executing controller action with signature System.Threading.Tasks.Task`1[Microsoft.AspNetCore.Mvc.ActionResult`1[BAKERBAZZAR.API.Models.ApiResponse]] CartDetails(System.String) on controller BAKERBAZZAR.API.Controller.UserController (BAKERBAZZAR.API).
2024-11-15 17:48:27.017 +05:30  INF  Executing ObjectResult, writing value of type 'BAKERBAZZAR.API.Models.ApiResponse'.
2024-11-15 17:48:27.017 +05:30  INF  Executed action BAKERBAZZAR.API.Controller.UserController.CartDetails (BAKERBAZZAR.API) in 4.8314ms
2024-11-15 17:48:27.017 +05:30  INF  Executed endpoint 'BAKERBAZZAR.API.Controller.UserController.CartDetails (BAKERBAZZAR.API)'
2024-11-15 17:48:27.017 +05:30  INF  Request finished HTTP/1.1 GET http://localhost:5145/User/CartDetails?displayid=b0ed825d-4dcb-4005-a871-f6306b1b9d84 - - - 200 - application/json;+charset=utf-8 5.6069ms
2024-11-15 17:48:27.021 +05:30  INF  Executing ObjectResult, writing value of type 'BAKERBAZZAR.API.Models.ApiResponse'.
2024-11-15 17:48:27.021 +05:30  INF  Executing ObjectResult, writing value of type 'BAKERBAZZAR.API.Models.ApiResponse'.
2024-11-15 17:48:27.021 +05:30  INF  Executed action BAKERBAZZAR.API.Controller.UserController.UpdateCartItem (BAKERBAZZAR.API) in 16.7209ms
2024-11-15 17:48:27.021 +05:30  INF  Executed action BAKERBAZZAR.API.Controller.UserController.UpdateCartItem (BAKERBAZZAR.API) in 18.1469ms
2024-11-15 17:48:27.021 +05:30  INF  Executed endpoint 'BAKERBAZZAR.API.Controller.UserController.UpdateCartItem (BAKERBAZZAR.API)'
2024-11-15 17:48:27.021 +05:30  INF  Executed endpoint 'BAKERBAZZAR.API.Controller.UserController.UpdateCartItem (BAKERBAZZAR.API)'
2024-11-15 17:48:27.021 +05:30  INF  Request finished HTTP/1.1 PUT http://localhost:5145/user/updatecartitem?linerid=355&qty=3 - 0 - 200 - application/json;+charset=utf-8 18.5865ms
2024-11-15 17:48:27.021 +05:30  INF  Request finished HTTP/1.1 PUT http://localhost:5145/user/updatecartitem?linerid=356&qty=1 - 0 - 200 - application/json;+charset=utf-8 17.1313ms
2024-11-15 17:48:27.022 +05:30  INF  Executing ObjectResult, writing value of type 'BAKERBAZZAR.API.Models.ApiResponse'.
2024-11-15 17:48:27.022 +05:30  INF  Executed action BAKERBAZZAR.API.Controller.UserController.UpdateCartItem (BAKERBAZZAR.API) in 15.9408ms
2024-11-15 17:48:27.022 +05:30  INF  Executed endpoint 'BAKERBAZZAR.API.Controller.UserController.UpdateCartItem (BAKERBAZZAR.API)'
2024-11-15 17:48:27.022 +05:30  INF  Request finished HTTP/1.1 PUT http://localhost:5145/user/updatecartitem?linerid=356&qty=1 - 0 - 200 - application/json;+charset=utf-8 16.3754ms
2024-11-15 17:48:27.022 +05:30  INF  Executing ObjectResult, writing value of type 'BAKERBAZZAR.API.Models.ApiResponse'.
2024-11-15 17:48:27.022 +05:30  INF  Executed action BAKERBAZZAR.API.Controller.UserController.UpdateCartItem (BAKERBAZZAR.API) in 18.7527ms
2024-11-15 17:48:27.022 +05:30  INF  Executed endpoint 'BAKERBAZZAR.API.Controller.UserController.UpdateCartItem (BAKERBAZZAR.API)'
2024-11-15 17:48:27.022 +05:30  INF  Request finished HTTP/1.1 PUT http://localhost:5145/user/updatecartitem?linerid=355&qty=3 - 0 - 200 - application/json;+charset=utf-8 19.0797ms
2024-11-15 17:48:32.308 +05:30  INF  Request starting HTTP/1.1 GET http://localhost:5145/user/orderdetails?displayId=b0ed825d-4dcb-4005-a871-f6306b1b9d84&status=placeorder&addressid=1044 - -
2024-11-15 17:48:32.308 +05:30  INF  CORS policy execution successful.
2024-11-15 17:48:32.309 +05:30  INF  Executing endpoint 'BAKERBAZZAR.API.Controller.UserController.OrderDetails (BAKERBAZZAR.API)'
2024-11-15 17:48:32.309 +05:30  INF  Route matched with {action = "OrderDetails", controller = "User"}. Executing controller action with signature System.Threading.Tasks.Task`1[Microsoft.AspNetCore.Mvc.ActionResult`1[BAKERBAZZAR.API.Models.ApiResponse]] OrderDetails(System.String, System.String, Int32) on controller BAKERBAZZAR.API.Controller.UserController (BAKERBAZZAR.API).
2024-11-15 17:48:32.364 +05:30  INF  Executing ObjectResult, writing value of type 'BAKERBAZZAR.API.Models.ApiResponse'.
2024-11-15 17:48:32.364 +05:30  INF  Executed action BAKERBAZZAR.API.Controller.UserController.OrderDetails (BAKERBAZZAR.API) in 55.6154ms
2024-11-15 17:48:32.365 +05:30  INF  Executed endpoint 'BAKERBAZZAR.API.Controller.UserController.OrderDetails (BAKERBAZZAR.API)'
2024-11-15 17:48:32.365 +05:30  INF  Request finished HTTP/1.1 GET http://localhost:5145/user/orderdetails?displayId=b0ed825d-4dcb-4005-a871-f6306b1b9d84&status=placeorder&addressid=1044 - - - 200 - application/json;+charset=utf-8 56.3164ms
2024-11-15 17:48:37.275 +05:30  INF  Request starting HTTP/1.1 GET http://localhost:5145/user/myorders?displayid=a8701061-246f-4f0a-b7db-cf788913b18d - -
2024-11-15 17:48:37.275 +05:30  INF  CORS policy execution successful.
2024-11-15 17:48:37.276 +05:30  INF  Executing endpoint 'BAKERBAZZAR.API.Controller.UserController.MyOrders (BAKERBAZZAR.API)'
2024-11-15 17:48:37.276 +05:30  INF  Route matched with {action = "MyOrders", controller = "User"}. Executing controller action with signature System.Threading.Tasks.Task`1[Microsoft.AspNetCore.Mvc.ActionResult`1[BAKERBAZZAR.API.Models.ApiResponse]] MyOrders(System.String, System.String, System.String) on controller BAKERBAZZAR.API.Controller.UserController (BAKERBAZZAR.API).
2024-11-15 17:48:37.301 +05:30  INF  Executing ObjectResult, writing value of type 'BAKERBAZZAR.API.Models.ApiResponse'.
2024-11-15 17:48:37.301 +05:30  INF  Executed action BAKERBAZZAR.API.Controller.UserController.MyOrders (BAKERBAZZAR.API) in 25.3103ms
2024-11-15 17:48:37.301 +05:30  INF  Executed endpoint 'BAKERBAZZAR.API.Controller.UserController.MyOrders (BAKERBAZZAR.API)'
2024-11-15 17:48:37.301 +05:30  INF  Request finished HTTP/1.1 GET http://localhost:5145/user/myorders?displayid=a8701061-246f-4f0a-b7db-cf788913b18d - - - 200 - application/json;+charset=utf-8 25.6655ms
2024-11-15 17:48:37.302 +05:30  INF  Request starting HTTP/1.1 GET http://localhost:5145/user/myorders?displayid=a8701061-246f-4f0a-b7db-cf788913b18d - -
2024-11-15 17:48:37.302 +05:30  INF  CORS policy execution successful.
2024-11-15 17:48:37.302 +05:30  INF  Executing endpoint 'BAKERBAZZAR.API.Controller.UserController.MyOrders (BAKERBAZZAR.API)'
2024-11-15 17:48:37.302 +05:30  INF  Route matched with {action = "MyOrders", controller = "User"}. Executing controller action with signature System.Threading.Tasks.Task`1[Microsoft.AspNetCore.Mvc.ActionResult`1[BAKERBAZZAR.API.Models.ApiResponse]] MyOrders(System.String, System.String, System.String) on controller BAKERBAZZAR.API.Controller.UserController (BAKERBAZZAR.API).
2024-11-15 17:48:37.305 +05:30  INF  Executing ObjectResult, writing value of type 'BAKERBAZZAR.API.Models.ApiResponse'.
2024-11-15 17:48:37.305 +05:30  INF  Executed action BAKERBAZZAR.API.Controller.UserController.MyOrders (BAKERBAZZAR.API) in 3.0053ms
2024-11-15 17:48:37.306 +05:30  INF  Executed endpoint 'BAKERBAZZAR.API.Controller.UserController.MyOrders (BAKERBAZZAR.API)'
2024-11-15 17:48:37.306 +05:30  INF  Request finished HTTP/1.1 GET http://localhost:5145/user/myorders?displayid=a8701061-246f-4f0a-b7db-cf788913b18d - - - 200 - application/json;+charset=utf-8 3.3318ms
2024-11-15 17:48:45.056 +05:30  INF  Request starting HTTP/1.1 GET http://localhost:5145/user/orderdetails?displayid=b0ed825d-4dcb-4005-a871-f6306b1b9d84 - -
2024-11-15 17:48:45.057 +05:30  INF  CORS policy execution successful.
2024-11-15 17:48:45.057 +05:30  INF  Executing endpoint 'BAKERBAZZAR.API.Controller.UserController.OrderDetails (BAKERBAZZAR.API)'
2024-11-15 17:48:45.057 +05:30  INF  Route matched with {action = "OrderDetails", controller = "User"}. Executing controller action with signature System.Threading.Tasks.Task`1[Microsoft.AspNetCore.Mvc.ActionResult`1[BAKERBAZZAR.API.Models.ApiResponse]] OrderDetails(System.String, System.String, Int32) on controller BAKERBAZZAR.API.Controller.UserController (BAKERBAZZAR.API).
2024-11-15 17:48:45.081 +05:30  INF  Executing ObjectResult, writing value of type 'BAKERBAZZAR.API.Models.ApiResponse'.
2024-11-15 17:48:45.082 +05:30  INF  Executed action BAKERBAZZAR.API.Controller.UserController.OrderDetails (BAKERBAZZAR.API) in 24.4936ms
2024-11-15 17:48:45.082 +05:30  INF  Executed endpoint 'BAKERBAZZAR.API.Controller.UserController.OrderDetails (BAKERBAZZAR.API)'
2024-11-15 17:48:45.082 +05:30  INF  Request finished HTTP/1.1 GET http://localhost:5145/user/orderdetails?displayid=b0ed825d-4dcb-4005-a871-f6306b1b9d84 - - - 200 - application/json;+charset=utf-8 25.5768ms
2024-11-15 17:49:17.220 +05:30  INF  Request starting HTTP/1.1 OPTIONS http://localhost:5145/user/updateprofile - -
2024-11-15 17:49:17.220 +05:30  INF  CORS policy execution successful.
2024-11-15 17:49:17.220 +05:30  INF  Request finished HTTP/1.1 OPTIONS http://localhost:5145/user/updateprofile - - - 204 - - 0.2380ms
2024-11-15 17:49:17.221 +05:30  INF  Request starting HTTP/1.1 POST http://localhost:5145/user/updateprofile application/json 143
2024-11-15 17:49:17.221 +05:30  INF  CORS policy execution successful.
2024-11-15 17:49:17.221 +05:30  INF  Executing endpoint 'BAKERBAZZAR.API.Controller.UserController.UpdateProfile (BAKERBAZZAR.API)'
2024-11-15 17:49:17.221 +05:30  INF  Route matched with {action = "UpdateProfile", controller = "User"}. Executing controller action with signature System.Threading.Tasks.Task`1[Microsoft.AspNetCore.Mvc.ActionResult`1[BAKERBAZZAR.API.Models.ApiResponse]] UpdateProfile(BAKERBAZZAR.API.Entities.clsProfile) on controller BAKERBAZZAR.API.Controller.UserController (BAKERBAZZAR.API).
2024-11-15 17:49:17.225 +05:30  INF  Executing ObjectResult, writing value of type 'BAKERBAZZAR.API.Models.ApiResponse'.
2024-11-15 17:49:17.225 +05:30  INF  Executed action BAKERBAZZAR.API.Controller.UserController.UpdateProfile (BAKERBAZZAR.API) in 3.5319ms
2024-11-15 17:49:17.225 +05:30  INF  Executed endpoint 'BAKERBAZZAR.API.Controller.UserController.UpdateProfile (BAKERBAZZAR.API)'
2024-11-15 17:49:17.225 +05:30  INF  Request finished HTTP/1.1 POST http://localhost:5145/user/updateprofile application/json 143 - 200 - application/json;+charset=utf-8 4.2255ms
2024-11-15 17:49:21.559 +05:30  INF  Request starting HTTP/1.1 OPTIONS http://localhost:5145/Authentication/Login - -
2024-11-15 17:49:21.559 +05:30  INF  CORS policy execution successful.
2024-11-15 17:49:21.559 +05:30  INF  Request finished HTTP/1.1 OPTIONS http://localhost:5145/Authentication/Login - - - 204 - - 0.2583ms
2024-11-15 17:49:21.560 +05:30  INF  Request starting HTTP/1.1 POST http://localhost:5145/Authentication/Login application/json 46
2024-11-15 17:49:21.560 +05:30  INF  CORS policy execution successful.
2024-11-15 17:49:21.561 +05:30  INF  Executing endpoint 'BAKERBAZZAR.API.Controller.AuthenticationController.VerifyUser (BAKERBAZZAR.API)'
2024-11-15 17:49:21.561 +05:30  INF  Route matched with {action = "VerifyUser", controller = "Authentication"}. Executing controller action with signature System.Threading.Tasks.Task`1[Microsoft.AspNetCore.Mvc.ActionResult`1[BAKERBAZZAR.API.Models.ApiResponse]] VerifyUser(BAKERBAZZAR.API.Models.IO_Templates.LoginRequest) on controller BAKERBAZZAR.API.Controller.AuthenticationController (BAKERBAZZAR.API).
2024-11-15 17:49:21.561 +05:30  INF  verify user execution start
2024-11-15 17:49:21.567 +05:30  INF  verify user execution end
2024-11-15 17:49:21.567 +05:30  INF  Executing ObjectResult, writing value of type 'BAKERBAZZAR.API.Models.ApiResponse'.
2024-11-15 17:49:21.568 +05:30  INF  Executed action BAKERBAZZAR.API.Controller.AuthenticationController.VerifyUser (BAKERBAZZAR.API) in 7.0259ms
2024-11-15 17:49:21.568 +05:30  INF  Executed endpoint 'BAKERBAZZAR.API.Controller.AuthenticationController.VerifyUser (BAKERBAZZAR.API)'
2024-11-15 17:49:21.568 +05:30  INF  Request finished HTTP/1.1 POST http://localhost:5145/Authentication/Login application/json 46 - 200 - application/json;+charset=utf-8 7.6125ms
2024-11-15 17:49:25.840 +05:30  INF  Request starting HTTP/1.1 POST http://localhost:5145/Authentication/Login application/json 43
2024-11-15 17:49:25.840 +05:30  INF  CORS policy execution successful.
2024-11-15 17:49:25.840 +05:30  INF  Executing endpoint 'BAKERBAZZAR.API.Controller.AuthenticationController.VerifyUser (BAKERBAZZAR.API)'
2024-11-15 17:49:25.840 +05:30  INF  Route matched with {action = "VerifyUser", controller = "Authentication"}. Executing controller action with signature System.Threading.Tasks.Task`1[Microsoft.AspNetCore.Mvc.ActionResult`1[BAKERBAZZAR.API.Models.ApiResponse]] VerifyUser(BAKERBAZZAR.API.Models.IO_Templates.LoginRequest) on controller BAKERBAZZAR.API.Controller.AuthenticationController (BAKERBAZZAR.API).
2024-11-15 17:49:25.840 +05:30  INF  verify user execution start
2024-11-15 17:49:25.856 +05:30  INF  verify user execution end
2024-11-15 17:49:25.857 +05:30  INF  Executing ObjectResult, writing value of type 'BAKERBAZZAR.API.Models.ApiResponse'.
2024-11-15 17:49:25.857 +05:30  INF  Executed action BAKERBAZZAR.API.Controller.AuthenticationController.VerifyUser (BAKERBAZZAR.API) in 16.4408ms
2024-11-15 17:49:25.857 +05:30  INF  Executed endpoint 'BAKERBAZZAR.API.Controller.AuthenticationController.VerifyUser (BAKERBAZZAR.API)'
2024-11-15 17:49:25.857 +05:30  INF  Request finished HTTP/1.1 POST http://localhost:5145/Authentication/Login application/json 43 - 200 - application/json;+charset=utf-8 16.8235ms
2024-11-15 17:49:31.745 +05:30  INF  Request starting HTTP/1.1 GET http://localhost:5145/User/GetMyAddresses?displayid=a8701061-246f-4f0a-b7db-cf788913b18d - -
2024-11-15 17:49:31.745 +05:30  INF  CORS policy execution successful.
2024-11-15 17:49:31.745 +05:30  INF  Executing endpoint 'BAKERBAZZAR.API.Controller.UserController.GetAddress (BAKERBAZZAR.API)'
2024-11-15 17:49:31.745 +05:30  INF  Route matched with {action = "GetAddress", controller = "User"}. Executing controller action with signature System.Threading.Tasks.Task`1[Microsoft.AspNetCore.Mvc.ActionResult`1[BAKERBAZZAR.API.Models.ApiResponse]] GetAddress(System.String) on controller BAKERBAZZAR.API.Controller.UserController (BAKERBAZZAR.API).
2024-11-15 17:49:31.767 +05:30  INF  Executing ObjectResult, writing value of type 'BAKERBAZZAR.API.Models.ApiResponse'.
2024-11-15 17:49:31.767 +05:30  INF  Executed action BAKERBAZZAR.API.Controller.UserController.GetAddress (BAKERBAZZAR.API) in 22.121ms
2024-11-15 17:49:31.767 +05:30  INF  Executed endpoint 'BAKERBAZZAR.API.Controller.UserController.GetAddress (BAKERBAZZAR.API)'
2024-11-15 17:49:31.767 +05:30  INF  Request finished HTTP/1.1 GET http://localhost:5145/User/GetMyAddresses?displayid=a8701061-246f-4f0a-b7db-cf788913b18d - - - 200 - application/json;+charset=utf-8 22.8609ms
2024-11-15 17:49:31.769 +05:30  INF  Request starting HTTP/1.1 GET http://localhost:5145/User/GetMyAddresses?displayid=a8701061-246f-4f0a-b7db-cf788913b18d - -
2024-11-15 17:49:31.770 +05:30  INF  CORS policy execution successful.
2024-11-15 17:49:31.770 +05:30  INF  Executing endpoint 'BAKERBAZZAR.API.Controller.UserController.GetAddress (BAKERBAZZAR.API)'
2024-11-15 17:49:31.770 +05:30  INF  Route matched with {action = "GetAddress", controller = "User"}. Executing controller action with signature System.Threading.Tasks.Task`1[Microsoft.AspNetCore.Mvc.ActionResult`1[BAKERBAZZAR.API.Models.ApiResponse]] GetAddress(System.String) on controller BAKERBAZZAR.API.Controller.UserController (BAKERBAZZAR.API).
2024-11-15 17:49:31.773 +05:30  INF  Executing ObjectResult, writing value of type 'BAKERBAZZAR.API.Models.ApiResponse'.
2024-11-15 17:49:31.773 +05:30  INF  Executed action BAKERBAZZAR.API.Controller.UserController.GetAddress (BAKERBAZZAR.API) in 3.5093ms
2024-11-15 17:49:31.773 +05:30  INF  Executed endpoint 'BAKERBAZZAR.API.Controller.UserController.GetAddress (BAKERBAZZAR.API)'
2024-11-15 17:49:31.774 +05:30  INF  Request finished HTTP/1.1 GET http://localhost:5145/User/GetMyAddresses?displayid=a8701061-246f-4f0a-b7db-cf788913b18d - - - 200 - application/json;+charset=utf-8 4.1763ms
2024-11-15 17:50:27.129 +05:30  INF  Request starting HTTP/1.1 OPTIONS http://localhost:5145/User/UpsetAddress - -
2024-11-15 17:50:27.129 +05:30  INF  CORS policy execution successful.
2024-11-15 17:50:27.129 +05:30  INF  Request finished HTTP/1.1 OPTIONS http://localhost:5145/User/UpsetAddress - - - 204 - - 0.1996ms
2024-11-15 17:50:27.130 +05:30  INF  Request starting HTTP/1.1 POST http://localhost:5145/User/UpsetAddress application/json 259
2024-11-15 17:50:27.130 +05:30  INF  CORS policy execution successful.
2024-11-15 17:50:27.130 +05:30  INF  Executing endpoint 'BAKERBAZZAR.API.Controller.UserController.UpsetAddress (BAKERBAZZAR.API)'
2024-11-15 17:50:27.130 +05:30  INF  Route matched with {action = "UpsetAddress", controller = "User"}. Executing controller action with signature System.Threading.Tasks.Task`1[Microsoft.AspNetCore.Mvc.ActionResult`1[BAKERBAZZAR.API.Models.ApiResponse]] UpsetAddress(BAKERBAZZAR.API.Models.IO_Templates.SetAddress) on controller BAKERBAZZAR.API.Controller.UserController (BAKERBAZZAR.API).
2024-11-15 17:50:28.658 +05:30  INF  Request starting HTTP/1.1 POST http://localhost:5145/User/UpsetAddress application/json 259
2024-11-15 17:50:28.658 +05:30  INF  CORS policy execution successful.
2024-11-15 17:50:28.658 +05:30  INF  Executing endpoint 'BAKERBAZZAR.API.Controller.UserController.UpsetAddress (BAKERBAZZAR.API)'
2024-11-15 17:50:28.658 +05:30  INF  Route matched with {action = "UpsetAddress", controller = "User"}. Executing controller action with signature System.Threading.Tasks.Task`1[Microsoft.AspNetCore.Mvc.ActionResult`1[BAKERBAZZAR.API.Models.ApiResponse]] UpsetAddress(BAKERBAZZAR.API.Models.IO_Templates.SetAddress) on controller BAKERBAZZAR.API.Controller.UserController (BAKERBAZZAR.API).
2024-11-15 17:50:30.435 +05:30  INF  Request starting HTTP/1.1 POST http://localhost:5145/User/UpsetAddress application/json 259
2024-11-15 17:50:30.435 +05:30  INF  CORS policy execution successful.
2024-11-15 17:50:30.435 +05:30  INF  Executing endpoint 'BAKERBAZZAR.API.Controller.UserController.UpsetAddress (BAKERBAZZAR.API)'
2024-11-15 17:50:30.436 +05:30  INF  Route matched with {action = "UpsetAddress", controller = "User"}. Executing controller action with signature System.Threading.Tasks.Task`1[Microsoft.AspNetCore.Mvc.ActionResult`1[BAKERBAZZAR.API.Models.ApiResponse]] UpsetAddress(BAKERBAZZAR.API.Models.IO_Templates.SetAddress) on controller BAKERBAZZAR.API.Controller.UserController (BAKERBAZZAR.API).
2024-11-15 17:50:33.042 +05:30  INF  Request starting HTTP/1.1 OPTIONS http://localhost:5145/User/UpsetAddress - -
2024-11-15 17:50:33.042 +05:30  INF  CORS policy execution successful.
2024-11-15 17:50:33.042 +05:30  INF  Request finished HTTP/1.1 OPTIONS http://localhost:5145/User/UpsetAddress - - - 204 - - 0.2072ms
2024-11-15 17:50:33.043 +05:30  INF  Request starting HTTP/1.1 POST http://localhost:5145/User/UpsetAddress application/json 259
2024-11-15 17:50:33.043 +05:30  INF  CORS policy execution successful.
2024-11-15 17:50:33.043 +05:30  INF  Executing endpoint 'BAKERBAZZAR.API.Controller.UserController.UpsetAddress (BAKERBAZZAR.API)'
2024-11-15 17:50:33.043 +05:30  INF  Route matched with {action = "UpsetAddress", controller = "User"}. Executing controller action with signature System.Threading.Tasks.Task`1[Microsoft.AspNetCore.Mvc.ActionResult`1[BAKERBAZZAR.API.Models.ApiResponse]] UpsetAddress(BAKERBAZZAR.API.Models.IO_Templates.SetAddress) on controller BAKERBAZZAR.API.Controller.UserController (BAKERBAZZAR.API).
2024-11-15 17:50:33.400 +05:30  INF  Request starting HTTP/1.1 POST http://localhost:5145/User/UpsetAddress application/json 259
2024-11-15 17:50:33.400 +05:30  INF  CORS policy execution successful.
2024-11-15 17:50:33.401 +05:30  INF  Executing endpoint 'BAKERBAZZAR.API.Controller.UserController.UpsetAddress (BAKERBAZZAR.API)'
2024-11-15 17:50:33.401 +05:30  INF  Route matched with {action = "UpsetAddress", controller = "User"}. Executing controller action with signature System.Threading.Tasks.Task`1[Microsoft.AspNetCore.Mvc.ActionResult`1[BAKERBAZZAR.API.Models.ApiResponse]] UpsetAddress(BAKERBAZZAR.API.Models.IO_Templates.SetAddress) on controller BAKERBAZZAR.API.Controller.UserController (BAKERBAZZAR.API).
2024-11-15 17:50:33.559 +05:30  INF  Request starting HTTP/1.1 POST http://localhost:5145/User/UpsetAddress application/json 259
2024-11-15 17:50:33.559 +05:30  INF  CORS policy execution successful.
2024-11-15 17:50:33.559 +05:30  INF  Executing endpoint 'BAKERBAZZAR.API.Controller.UserController.UpsetAddress (BAKERBAZZAR.API)'
2024-11-15 17:50:33.559 +05:30  INF  Route matched with {action = "UpsetAddress", controller = "User"}. Executing controller action with signature System.Threading.Tasks.Task`1[Microsoft.AspNetCore.Mvc.ActionResult`1[BAKERBAZZAR.API.Models.ApiResponse]] UpsetAddress(BAKERBAZZAR.API.Models.IO_Templates.SetAddress) on controller BAKERBAZZAR.API.Controller.UserController (BAKERBAZZAR.API).
2024-11-15 17:50:58.675 +05:30  INF  Executing ObjectResult, writing value of type 'BAKERBAZZAR.API.Models.ApiResponse'.
2024-11-15 17:50:58.676 +05:30  INF  Executed action BAKERBAZZAR.API.Controller.UserController.UpsetAddress (BAKERBAZZAR.API) in 30017.9443ms
2024-11-15 17:50:58.676 +05:30  INF  Executed endpoint 'BAKERBAZZAR.API.Controller.UserController.UpsetAddress (BAKERBAZZAR.API)'
2024-11-15 17:50:58.676 +05:30  INF  Request finished HTTP/1.1 POST http://localhost:5145/User/UpsetAddress application/json 259 - 417 - application/json;+charset=utf-8 30018.3350ms
2024-11-15 17:50:58.677 +05:30  INF  Request starting HTTP/1.1 POST http://localhost:5145/User/UpsetAddress application/json 259
2024-11-15 17:50:58.677 +05:30  INF  CORS policy execution successful.
2024-11-15 17:50:58.677 +05:30  INF  Executing endpoint 'BAKERBAZZAR.API.Controller.UserController.UpsetAddress (BAKERBAZZAR.API)'
2024-11-15 17:50:58.677 +05:30  INF  Route matched with {action = "UpsetAddress", controller = "User"}. Executing controller action with signature System.Threading.Tasks.Task`1[Microsoft.AspNetCore.Mvc.ActionResult`1[BAKERBAZZAR.API.Models.ApiResponse]] UpsetAddress(BAKERBAZZAR.API.Models.IO_Templates.SetAddress) on controller BAKERBAZZAR.API.Controller.UserController (BAKERBAZZAR.API).
2024-11-15 17:51:00.436 +05:30  INF  Executing ObjectResult, writing value of type 'BAKERBAZZAR.API.Models.ApiResponse'.
2024-11-15 17:51:00.436 +05:30  INF  Executed action BAKERBAZZAR.API.Controller.UserController.UpsetAddress (BAKERBAZZAR.API) in 30000.1543ms
2024-11-15 17:51:00.436 +05:30  INF  Executed endpoint 'BAKERBAZZAR.API.Controller.UserController.UpsetAddress (BAKERBAZZAR.API)'
2024-11-15 17:51:00.436 +05:30  INF  Request finished HTTP/1.1 POST http://localhost:5145/User/UpsetAddress application/json 259 - 417 - application/json;+charset=utf-8 30000.5984ms
2024-11-15 17:51:00.437 +05:30  INF  Request starting HTTP/1.1 POST http://localhost:5145/User/UpsetAddress application/json 259
2024-11-15 17:51:00.437 +05:30  INF  CORS policy execution successful.
2024-11-15 17:51:00.437 +05:30  INF  Executing endpoint 'BAKERBAZZAR.API.Controller.UserController.UpsetAddress (BAKERBAZZAR.API)'
2024-11-15 17:51:00.437 +05:30  INF  Route matched with {action = "UpsetAddress", controller = "User"}. Executing controller action with signature System.Threading.Tasks.Task`1[Microsoft.AspNetCore.Mvc.ActionResult`1[BAKERBAZZAR.API.Models.ApiResponse]] UpsetAddress(BAKERBAZZAR.API.Models.IO_Templates.SetAddress) on controller BAKERBAZZAR.API.Controller.UserController (BAKERBAZZAR.API).
2024-11-15 17:51:02.150 +05:30  INF  Executing ObjectResult, writing value of type 'BAKERBAZZAR.API.Models.ApiResponse'.
2024-11-15 17:51:02.150 +05:30  INF  Executed action BAKERBAZZAR.API.Controller.UserController.UpsetAddress (BAKERBAZZAR.API) in 35020.1887ms
2024-11-15 17:51:02.150 +05:30  INF  Executed endpoint 'BAKERBAZZAR.API.Controller.UserController.UpsetAddress (BAKERBAZZAR.API)'
2024-11-15 17:51:02.150 +05:30  INF  Request finished HTTP/1.1 POST http://localhost:5145/User/UpsetAddress application/json 259 - 417 - application/json;+charset=utf-8 35020.5482ms
2024-11-15 17:51:02.151 +05:30  INF  Request starting HTTP/1.1 POST http://localhost:5145/User/UpsetAddress application/json 259
2024-11-15 17:51:02.151 +05:30  INF  CORS policy execution successful.
2024-11-15 17:51:02.151 +05:30  INF  Executing endpoint 'BAKERBAZZAR.API.Controller.UserController.UpsetAddress (BAKERBAZZAR.API)'
2024-11-15 17:51:02.151 +05:30  INF  Route matched with {action = "UpsetAddress", controller = "User"}. Executing controller action with signature System.Threading.Tasks.Task`1[Microsoft.AspNetCore.Mvc.ActionResult`1[BAKERBAZZAR.API.Models.ApiResponse]] UpsetAddress(BAKERBAZZAR.API.Models.IO_Templates.SetAddress) on controller BAKERBAZZAR.API.Controller.UserController (BAKERBAZZAR.API).
2024-11-15 17:51:03.043 +05:30  INF  Executing ObjectResult, writing value of type 'BAKERBAZZAR.API.Models.ApiResponse'.
2024-11-15 17:51:03.043 +05:30  INF  Executed action BAKERBAZZAR.API.Controller.UserController.UpsetAddress (BAKERBAZZAR.API) in 30000.2746ms
2024-11-15 17:51:03.043 +05:30  INF  Executed endpoint 'BAKERBAZZAR.API.Controller.UserController.UpsetAddress (BAKERBAZZAR.API)'
2024-11-15 17:51:03.043 +05:30  INF  Request finished HTTP/1.1 POST http://localhost:5145/User/UpsetAddress application/json 259 - 417 - application/json;+charset=utf-8 30000.9033ms
2024-11-15 17:51:03.044 +05:30  INF  Request starting HTTP/1.1 POST http://localhost:5145/User/UpsetAddress application/json 259
2024-11-15 17:51:03.044 +05:30  INF  CORS policy execution successful.
2024-11-15 17:51:03.044 +05:30  INF  Executing endpoint 'BAKERBAZZAR.API.Controller.UserController.UpsetAddress (BAKERBAZZAR.API)'
2024-11-15 17:51:03.044 +05:30  INF  Route matched with {action = "UpsetAddress", controller = "User"}. Executing controller action with signature System.Threading.Tasks.Task`1[Microsoft.AspNetCore.Mvc.ActionResult`1[BAKERBAZZAR.API.Models.ApiResponse]] UpsetAddress(BAKERBAZZAR.API.Models.IO_Templates.SetAddress) on controller BAKERBAZZAR.API.Controller.UserController (BAKERBAZZAR.API).
2024-11-15 17:51:03.404 +05:30  INF  Executing ObjectResult, writing value of type 'BAKERBAZZAR.API.Models.ApiResponse'.
2024-11-15 17:51:03.404 +05:30  INF  Executed action BAKERBAZZAR.API.Controller.UserController.UpsetAddress (BAKERBAZZAR.API) in 30003.4129ms
2024-11-15 17:51:03.404 +05:30  INF  Executed endpoint 'BAKERBAZZAR.API.Controller.UserController.UpsetAddress (BAKERBAZZAR.API)'
2024-11-15 17:51:03.404 +05:30  INF  Request finished HTTP/1.1 POST http://localhost:5145/User/UpsetAddress application/json 259 - 417 - application/json;+charset=utf-8 30003.8379ms
2024-11-15 17:51:03.405 +05:30  INF  Request starting HTTP/1.1 POST http://localhost:5145/User/UpsetAddress application/json 259
2024-11-15 17:51:03.405 +05:30  INF  CORS policy execution successful.
2024-11-15 17:51:03.405 +05:30  INF  Executing endpoint 'BAKERBAZZAR.API.Controller.UserController.UpsetAddress (BAKERBAZZAR.API)'
2024-11-15 17:51:03.405 +05:30  INF  Route matched with {action = "UpsetAddress", controller = "User"}. Executing controller action with signature System.Threading.Tasks.Task`1[Microsoft.AspNetCore.Mvc.ActionResult`1[BAKERBAZZAR.API.Models.ApiResponse]] UpsetAddress(BAKERBAZZAR.API.Models.IO_Templates.SetAddress) on controller BAKERBAZZAR.API.Controller.UserController (BAKERBAZZAR.API).
2024-11-15 17:51:03.566 +05:30  INF  Executing ObjectResult, writing value of type 'BAKERBAZZAR.API.Models.ApiResponse'.
2024-11-15 17:51:03.566 +05:30  INF  Executed action BAKERBAZZAR.API.Controller.UserController.UpsetAddress (BAKERBAZZAR.API) in 30006.9381ms
2024-11-15 17:51:03.566 +05:30  INF  Executed endpoint 'BAKERBAZZAR.API.Controller.UserController.UpsetAddress (BAKERBAZZAR.API)'
2024-11-15 17:51:03.566 +05:30  INF  Request finished HTTP/1.1 POST http://localhost:5145/User/UpsetAddress application/json 259 - 417 - application/json;+charset=utf-8 30007.3764ms
2024-11-15 17:51:03.567 +05:30  INF  Request starting HTTP/1.1 POST http://localhost:5145/User/UpsetAddress application/json 259
2024-11-15 17:51:03.567 +05:30  INF  CORS policy execution successful.
2024-11-15 17:51:03.567 +05:30  INF  Executing endpoint 'BAKERBAZZAR.API.Controller.UserController.UpsetAddress (BAKERBAZZAR.API)'
2024-11-15 17:51:03.567 +05:30  INF  Route matched with {action = "UpsetAddress", controller = "User"}. Executing controller action with signature System.Threading.Tasks.Task`1[Microsoft.AspNetCore.Mvc.ActionResult`1[BAKERBAZZAR.API.Models.ApiResponse]] UpsetAddress(BAKERBAZZAR.API.Models.IO_Templates.SetAddress) on controller BAKERBAZZAR.API.Controller.UserController (BAKERBAZZAR.API).
2024-11-15 17:51:08.272 +05:30  INF  Request starting HTTP/1.1 POST http://localhost:5145/User/UpsetAddress application/json 259
2024-11-15 17:51:08.272 +05:30  INF  CORS policy execution successful.
2024-11-15 17:51:08.272 +05:30  INF  Executing endpoint 'BAKERBAZZAR.API.Controller.UserController.UpsetAddress (BAKERBAZZAR.API)'
2024-11-15 17:51:08.272 +05:30  INF  Route matched with {action = "UpsetAddress", controller = "User"}. Executing controller action with signature System.Threading.Tasks.Task`1[Microsoft.AspNetCore.Mvc.ActionResult`1[BAKERBAZZAR.API.Models.ApiResponse]] UpsetAddress(BAKERBAZZAR.API.Models.IO_Templates.SetAddress) on controller BAKERBAZZAR.API.Controller.UserController (BAKERBAZZAR.API).
2024-11-15 17:51:08.275 +05:30  INF  Request starting HTTP/1.1 OPTIONS http://localhost:5145/User/UpsetAddress - -
2024-11-15 17:51:08.275 +05:30  INF  CORS policy execution successful.
2024-11-15 17:51:08.275 +05:30  INF  Request finished HTTP/1.1 OPTIONS http://localhost:5145/User/UpsetAddress - - - 204 - - 0.2060ms
2024-11-15 17:51:08.275 +05:30  INF  Request starting HTTP/1.1 OPTIONS http://localhost:5145/User/UpsetAddress - -
2024-11-15 17:51:08.275 +05:30  INF  CORS policy execution successful.
2024-11-15 17:51:08.275 +05:30  INF  Request finished HTTP/1.1 OPTIONS http://localhost:5145/User/UpsetAddress - - - 204 - - 0.1118ms
2024-11-15 17:51:08.275 +05:30  INF  Request starting HTTP/1.1 OPTIONS http://localhost:5145/User/UpsetAddress - -
2024-11-15 17:51:08.275 +05:30  INF  CORS policy execution successful.
2024-11-15 17:51:08.275 +05:30  INF  Request finished HTTP/1.1 OPTIONS http://localhost:5145/User/UpsetAddress - - - 204 - - 0.0443ms
2024-11-15 17:51:08.275 +05:30  INF  Request starting HTTP/1.1 OPTIONS http://localhost:5145/User/UpsetAddress - -
2024-11-15 17:51:08.275 +05:30  INF  CORS policy execution successful.
2024-11-15 17:51:08.275 +05:30  INF  Request finished HTTP/1.1 OPTIONS http://localhost:5145/User/UpsetAddress - - - 204 - - 0.0410ms
2024-11-15 17:51:08.275 +05:30  INF  Request starting HTTP/1.1 OPTIONS http://localhost:5145/User/UpsetAddress - -
2024-11-15 17:51:08.275 +05:30  INF  CORS policy execution successful.
2024-11-15 17:51:08.275 +05:30  INF  Request finished HTTP/1.1 OPTIONS http://localhost:5145/User/UpsetAddress - - - 204 - - 0.0263ms
2024-11-15 17:51:08.275 +05:30  INF  Request starting HTTP/1.1 OPTIONS http://localhost:5145/User/UpsetAddress - -
2024-11-15 17:51:08.275 +05:30  INF  CORS policy execution successful.
2024-11-15 17:51:08.275 +05:30  INF  Request finished HTTP/1.1 OPTIONS http://localhost:5145/User/UpsetAddress - - - 204 - - 0.0346ms
2024-11-15 17:51:08.277 +05:30  INF  Request starting HTTP/1.1 OPTIONS http://localhost:5145/User/UpsetAddress - -
2024-11-15 17:51:08.277 +05:30  INF  CORS policy execution successful.
2024-11-15 17:51:08.277 +05:30  INF  Request finished HTTP/1.1 OPTIONS http://localhost:5145/User/UpsetAddress - - - 204 - - 0.1134ms
2024-11-15 17:51:08.277 +05:30  INF  Request starting HTTP/1.1 OPTIONS http://localhost:5145/User/UpsetAddress - -
2024-11-15 17:51:08.277 +05:30  INF  CORS policy execution successful.
2024-11-15 17:51:08.277 +05:30  INF  Request finished HTTP/1.1 OPTIONS http://localhost:5145/User/UpsetAddress - - - 204 - - 0.0499ms
2024-11-15 17:51:08.304 +05:30  INF  Executed action BAKERBAZZAR.API.Controller.UserController.UpsetAddress (BAKERBAZZAR.API) in 32.3333ms
2024-11-15 17:51:08.305 +05:30  INF  Executed endpoint 'BAKERBAZZAR.API.Controller.UserController.UpsetAddress (BAKERBAZZAR.API)'
2024-11-15 17:51:08.364 +05:30  INF  Request finished HTTP/1.1 POST http://localhost:5145/User/UpsetAddress application/json 259 - 200 - application/json 91.8661ms
2024-11-15 17:51:08.430 +05:30  INF  Request starting HTTP/1.1 GET http://localhost:5145/User/GetMyAddresses?displayid=a8701061-246f-4f0a-b7db-cf788913b18d - -
2024-11-15 17:51:08.430 +05:30  INF  CORS policy execution successful.
2024-11-15 17:51:08.430 +05:30  INF  Executing endpoint 'BAKERBAZZAR.API.Controller.UserController.GetAddress (BAKERBAZZAR.API)'
2024-11-15 17:51:08.430 +05:30  INF  Route matched with {action = "GetAddress", controller = "User"}. Executing controller action with signature System.Threading.Tasks.Task`1[Microsoft.AspNetCore.Mvc.ActionResult`1[BAKERBAZZAR.API.Models.ApiResponse]] GetAddress(System.String) on controller BAKERBAZZAR.API.Controller.UserController (BAKERBAZZAR.API).
2024-11-15 17:51:08.431 +05:30  INF  Request starting HTTP/1.1 GET http://localhost:5145/User/Category - -
2024-11-15 17:51:08.431 +05:30  INF  CORS policy execution successful.
2024-11-15 17:51:08.431 +05:30  INF  Executing endpoint 'BAKERBAZZAR.API.Controller.UserController.Category (BAKERBAZZAR.API)'
2024-11-15 17:51:08.431 +05:30  INF  Route matched with {action = "Category", controller = "User"}. Executing controller action with signature System.Threading.Tasks.Task`1[Microsoft.AspNetCore.Mvc.ActionResult`1[BAKERBAZZAR.API.Models.ApiResponse]] Category(System.String) on controller BAKERBAZZAR.API.Controller.UserController (BAKERBAZZAR.API).
2024-11-15 17:51:08.431 +05:30  INF  Request starting HTTP/1.1 GET http://localhost:5145/user/products?categoryid= - -
2024-11-15 17:51:08.431 +05:30  INF  CORS policy execution successful.
2024-11-15 17:51:08.431 +05:30  INF  Executing endpoint 'BAKERBAZZAR.API.Controller.UserController.Products (BAKERBAZZAR.API)'
2024-11-15 17:51:08.432 +05:30  INF  Route matched with {action = "Products", controller = "User"}. Executing controller action with signature System.Threading.Tasks.Task`1[Microsoft.AspNetCore.Mvc.ActionResult`1[BAKERBAZZAR.API.Models.ApiResponse]] Products(System.String, System.String) on controller BAKERBAZZAR.API.Controller.UserController (BAKERBAZZAR.API).
2024-11-15 17:51:23.435 +05:30  INF  Executing ObjectResult, writing value of type 'BAKERBAZZAR.API.Models.ApiResponse'.
2024-11-15 17:51:23.435 +05:30  INF  Executed action BAKERBAZZAR.API.Controller.UserController.Products (BAKERBAZZAR.API) in 15003.791ms
2024-11-15 17:51:23.435 +05:30  INF  Executed endpoint 'BAKERBAZZAR.API.Controller.UserController.Products (BAKERBAZZAR.API)'
2024-11-15 17:51:23.435 +05:30  INF  Request finished HTTP/1.1 GET http://localhost:5145/user/products?categoryid= - - - 417 - application/json;+charset=utf-8 15004.0782ms
2024-11-15 17:51:23.438 +05:30  INF  Request starting HTTP/1.1 GET http://localhost:5145/user/products?categoryid= - -
2024-11-15 17:51:23.438 +05:30  INF  CORS policy execution successful.
2024-11-15 17:51:23.438 +05:30  INF  Executing endpoint 'BAKERBAZZAR.API.Controller.UserController.Products (BAKERBAZZAR.API)'
2024-11-15 17:51:23.438 +05:30  INF  Route matched with {action = "Products", controller = "User"}. Executing controller action with signature System.Threading.Tasks.Task`1[Microsoft.AspNetCore.Mvc.ActionResult`1[BAKERBAZZAR.API.Models.ApiResponse]] Products(System.String, System.String) on controller BAKERBAZZAR.API.Controller.UserController (BAKERBAZZAR.API).
2024-11-15 17:51:23.439 +05:30  INF  Executing ObjectResult, writing value of type 'BAKERBAZZAR.API.Models.ApiResponse'.
2024-11-15 17:51:23.439 +05:30  INF  Executed action BAKERBAZZAR.API.Controller.UserController.Category (BAKERBAZZAR.API) in 15007.9981ms
2024-11-15 17:51:23.439 +05:30  INF  Executed endpoint 'BAKERBAZZAR.API.Controller.UserController.Category (BAKERBAZZAR.API)'
2024-11-15 17:51:23.439 +05:30  INF  Request finished HTTP/1.1 GET http://localhost:5145/User/Category - - - 417 - application/json;+charset=utf-8 15008.4186ms
2024-11-15 17:51:23.440 +05:30  INF  Executing ObjectResult, writing value of type 'BAKERBAZZAR.API.Models.ApiResponse'.
2024-11-15 17:51:23.440 +05:30  INF  Request starting HTTP/1.1 GET http://localhost:5145/User/Category - -
2024-11-15 17:51:23.440 +05:30  INF  Executed action BAKERBAZZAR.API.Controller.UserController.Products (BAKERBAZZAR.API) in 1.9206ms
2024-11-15 17:51:23.440 +05:30  INF  Executed endpoint 'BAKERBAZZAR.API.Controller.UserController.Products (BAKERBAZZAR.API)'
2024-11-15 17:51:23.440 +05:30  INF  Request finished HTTP/1.1 GET http://localhost:5145/user/products?categoryid= - - - 417 - application/json;+charset=utf-8 2.3186ms
2024-11-15 17:51:23.440 +05:30  INF  CORS policy execution successful.
2024-11-15 17:51:23.440 +05:30  INF  Executing endpoint 'BAKERBAZZAR.API.Controller.UserController.Category (BAKERBAZZAR.API)'
2024-11-15 17:51:23.440 +05:30  INF  Route matched with {action = "Category", controller = "User"}. Executing controller action with signature System.Threading.Tasks.Task`1[Microsoft.AspNetCore.Mvc.ActionResult`1[BAKERBAZZAR.API.Models.ApiResponse]] Category(System.String) on controller BAKERBAZZAR.API.Controller.UserController (BAKERBAZZAR.API).
2024-11-15 17:51:23.441 +05:30  INF  Executing ObjectResult, writing value of type 'BAKERBAZZAR.API.Models.ApiResponse'.
2024-11-15 17:51:23.441 +05:30  INF  Executed action BAKERBAZZAR.API.Controller.UserController.Category (BAKERBAZZAR.API) in 0.4364ms
2024-11-15 17:51:23.441 +05:30  INF  Executed endpoint 'BAKERBAZZAR.API.Controller.UserController.Category (BAKERBAZZAR.API)'
2024-11-15 17:51:23.441 +05:30  INF  Request finished HTTP/1.1 GET http://localhost:5145/User/Category - - - 417 - application/json;+charset=utf-8 0.7974ms
2024-11-15 17:51:28.434 +05:30  INF  Request starting HTTP/1.1 GET http://localhost:5145/User/GetMyAddresses?displayid=a8701061-246f-4f0a-b7db-cf788913b18d - -
2024-11-15 17:51:28.434 +05:30  INF  CORS policy execution successful.
2024-11-15 17:51:28.434 +05:30  INF  Executing endpoint 'BAKERBAZZAR.API.Controller.UserController.GetAddress (BAKERBAZZAR.API)'
2024-11-15 17:51:28.434 +05:30  INF  Route matched with {action = "GetAddress", controller = "User"}. Executing controller action with signature System.Threading.Tasks.Task`1[Microsoft.AspNetCore.Mvc.ActionResult`1[BAKERBAZZAR.API.Models.ApiResponse]] GetAddress(System.String) on controller BAKERBAZZAR.API.Controller.UserController (BAKERBAZZAR.API).
2024-11-15 17:51:28.436 +05:30  INF  Executing ObjectResult, writing value of type 'BAKERBAZZAR.API.Models.ApiResponse'.
2024-11-15 17:51:28.437 +05:30  INF  Executed action BAKERBAZZAR.API.Controller.UserController.GetAddress (BAKERBAZZAR.API) in 2.2158ms
2024-11-15 17:51:28.437 +05:30  INF  Executed endpoint 'BAKERBAZZAR.API.Controller.UserController.GetAddress (BAKERBAZZAR.API)'
2024-11-15 17:51:28.437 +05:30  INF  Request finished HTTP/1.1 GET http://localhost:5145/User/GetMyAddresses?displayid=a8701061-246f-4f0a-b7db-cf788913b18d - - - 417 - application/json;+charset=utf-8 2.4722ms
2024-11-15 17:51:28.677 +05:30  INF  Executing ObjectResult, writing value of type 'BAKERBAZZAR.API.Models.ApiResponse'.
2024-11-15 17:51:28.680 +05:30  INF  Executed action BAKERBAZZAR.API.Controller.UserController.UpsetAddress (BAKERBAZZAR.API) in 30002.7592ms
2024-11-15 17:51:28.680 +05:30  INF  Executed endpoint 'BAKERBAZZAR.API.Controller.UserController.UpsetAddress (BAKERBAZZAR.API)'
2024-11-15 17:51:28.680 +05:30  INF  Request finished HTTP/1.1 POST http://localhost:5145/User/UpsetAddress application/json 259 - 0 - application/json;+charset=utf-8 30003.2235ms
2024-11-15 17:51:30.438 +05:30  INF  Executing ObjectResult, writing value of type 'BAKERBAZZAR.API.Models.ApiResponse'.
2024-11-15 17:51:30.438 +05:30  INF  Executed action BAKERBAZZAR.API.Controller.UserController.UpsetAddress (BAKERBAZZAR.API) in 30000.4962ms
2024-11-15 17:51:30.438 +05:30  INF  Executed endpoint 'BAKERBAZZAR.API.Controller.UserController.UpsetAddress (BAKERBAZZAR.API)'
2024-11-15 17:51:30.438 +05:30  INF  Request finished HTTP/1.1 POST http://localhost:5145/User/UpsetAddress application/json 259 - 0 - application/json;+charset=utf-8 30000.8895ms
2024-11-15 17:51:30.799 +05:30  INF  Executing ObjectResult, writing value of type 'BAKERBAZZAR.API.Models.ApiResponse'.
2024-11-15 17:51:30.799 +05:30  INF  Executing ObjectResult, writing value of type 'BAKERBAZZAR.API.Models.ApiResponse'.
2024-11-15 17:51:30.799 +05:30  INF  Executing ObjectResult, writing value of type 'BAKERBAZZAR.API.Models.ApiResponse'.
2024-11-15 17:51:30.799 +05:30  INF  Executing ObjectResult, writing value of type 'BAKERBAZZAR.API.Models.ApiResponse'.
2024-11-15 17:51:30.799 +05:30  INF  Executed action BAKERBAZZAR.API.Controller.UserController.UpsetAddress (BAKERBAZZAR.API) in 27393.8299ms
2024-11-15 17:51:30.799 +05:30  INF  Executed action BAKERBAZZAR.API.Controller.UserController.UpsetAddress (BAKERBAZZAR.API) in 27754.5971ms
2024-11-15 17:51:30.799 +05:30  INF  Executed action BAKERBAZZAR.API.Controller.UserController.UpsetAddress (BAKERBAZZAR.API) in 27231.8294ms
2024-11-15 17:51:30.799 +05:30  INF  Executed endpoint 'BAKERBAZZAR.API.Controller.UserController.UpsetAddress (BAKERBAZZAR.API)'
2024-11-15 17:51:30.799 +05:30  INF  Executed endpoint 'BAKERBAZZAR.API.Controller.UserController.UpsetAddress (BAKERBAZZAR.API)'
2024-11-15 17:51:30.799 +05:30  INF  Executed action BAKERBAZZAR.API.Controller.UserController.UpsetAddress (BAKERBAZZAR.API) in 28647.6539ms
2024-11-15 17:51:30.799 +05:30  INF  Executed endpoint 'BAKERBAZZAR.API.Controller.UserController.UpsetAddress (BAKERBAZZAR.API)'
2024-11-15 17:51:30.799 +05:30  INF  Request finished HTTP/1.1 POST http://localhost:5145/User/UpsetAddress application/json 259 - 0 - application/json;+charset=utf-8 27754.9110ms
2024-11-15 17:51:30.799 +05:30  INF  Request finished HTTP/1.1 POST http://localhost:5145/User/UpsetAddress application/json 259 - 0 - application/json;+charset=utf-8 27232.1837ms
2024-11-15 17:51:30.799 +05:30  INF  Executed endpoint 'BAKERBAZZAR.API.Controller.UserController.UpsetAddress (BAKERBAZZAR.API)'
2024-11-15 17:51:30.799 +05:30  INF  Request finished HTTP/1.1 POST http://localhost:5145/User/UpsetAddress application/json 259 - 0 - application/json;+charset=utf-8 27394.2521ms
2024-11-15 17:51:30.799 +05:30  INF  Request finished HTTP/1.1 POST http://localhost:5145/User/UpsetAddress application/json 259 - 0 - application/json;+charset=utf-8 28647.9459ms
2024-11-15 17:51:30.807 +05:30  INF  Executing ObjectResult, writing value of type 'BAKERBAZZAR.API.Models.ApiResponse'.
2024-11-15 17:51:30.807 +05:30  INF  Executed action BAKERBAZZAR.API.Controller.UserController.GetAddress (BAKERBAZZAR.API) in 22377.0942ms
2024-11-15 17:51:30.807 +05:30  INF  Executed endpoint 'BAKERBAZZAR.API.Controller.UserController.GetAddress (BAKERBAZZAR.API)'
2024-11-15 17:51:30.807 +05:30  INF  Request finished HTTP/1.1 GET http://localhost:5145/User/GetMyAddresses?displayid=a8701061-246f-4f0a-b7db-cf788913b18d - - - 200 - application/json;+charset=utf-8 22377.4548ms
2024-11-15 17:51:30.809 +05:30  INF  Request starting HTTP/1.1 GET http://localhost:5145/User/GetMyAddresses?displayid=a8701061-246f-4f0a-b7db-cf788913b18d - -
2024-11-15 17:51:30.809 +05:30  INF  CORS policy execution successful.
2024-11-15 17:51:30.809 +05:30  INF  Executing endpoint 'BAKERBAZZAR.API.Controller.UserController.GetAddress (BAKERBAZZAR.API)'
2024-11-15 17:51:30.809 +05:30  INF  Route matched with {action = "GetAddress", controller = "User"}. Executing controller action with signature System.Threading.Tasks.Task`1[Microsoft.AspNetCore.Mvc.ActionResult`1[BAKERBAZZAR.API.Models.ApiResponse]] GetAddress(System.String) on controller BAKERBAZZAR.API.Controller.UserController (BAKERBAZZAR.API).
2024-11-15 17:51:30.810 +05:30  INF  Executing ObjectResult, writing value of type 'BAKERBAZZAR.API.Models.ApiResponse'.
2024-11-15 17:51:30.811 +05:30  INF  Executed action BAKERBAZZAR.API.Controller.UserController.GetAddress (BAKERBAZZAR.API) in 1.8358ms
2024-11-15 17:51:30.812 +05:30  INF  Executed endpoint 'BAKERBAZZAR.API.Controller.UserController.GetAddress (BAKERBAZZAR.API)'
2024-11-15 17:51:30.812 +05:30  INF  Request finished HTTP/1.1 GET http://localhost:5145/User/GetMyAddresses?displayid=a8701061-246f-4f0a-b7db-cf788913b18d - - - 200 - application/json;+charset=utf-8 2.8990ms
2024-11-15 17:51:30.813 +05:30  INF  Request starting HTTP/1.1 GET http://localhost:5145/User/GetMyAddresses?displayid=a8701061-246f-4f0a-b7db-cf788913b18d - -
2024-11-15 17:51:30.813 +05:30  INF  CORS policy execution successful.
2024-11-15 17:51:30.813 +05:30  INF  Executing endpoint 'BAKERBAZZAR.API.Controller.UserController.GetAddress (BAKERBAZZAR.API)'
2024-11-15 17:51:30.813 +05:30  INF  Route matched with {action = "GetAddress", controller = "User"}. Executing controller action with signature System.Threading.Tasks.Task`1[Microsoft.AspNetCore.Mvc.ActionResult`1[BAKERBAZZAR.API.Models.ApiResponse]] GetAddress(System.String) on controller BAKERBAZZAR.API.Controller.UserController (BAKERBAZZAR.API).
2024-11-15 17:51:30.814 +05:30  INF  Executing ObjectResult, writing value of type 'BAKERBAZZAR.API.Models.ApiResponse'.
2024-11-15 17:51:30.814 +05:30  INF  Executed action BAKERBAZZAR.API.Controller.UserController.GetAddress (BAKERBAZZAR.API) in 0.9873ms
2024-11-15 17:51:30.814 +05:30  INF  Executed endpoint 'BAKERBAZZAR.API.Controller.UserController.GetAddress (BAKERBAZZAR.API)'
2024-11-15 17:51:30.814 +05:30  INF  Request finished HTTP/1.1 GET http://localhost:5145/User/GetMyAddresses?displayid=a8701061-246f-4f0a-b7db-cf788913b18d - - - 200 - application/json;+charset=utf-8 1.2717ms
2024-11-15 17:51:42.154 +05:30  INF  Request starting HTTP/1.1 GET http://localhost:5145/user/getuseraddress?mode=update&recordid=1045 - -
2024-11-15 17:51:42.154 +05:30  INF  CORS policy execution successful.
2024-11-15 17:51:42.154 +05:30  INF  Executing endpoint 'BAKERBAZZAR.API.Controller.UserController.GetUserAddress (BAKERBAZZAR.API)'
2024-11-15 17:51:42.154 +05:30  INF  Route matched with {action = "GetUserAddress", controller = "User"}. Executing controller action with signature System.Threading.Tasks.Task`1[Microsoft.AspNetCore.Mvc.ActionResult`1[BAKERBAZZAR.API.Models.ApiResponse]] GetUserAddress(System.String, Int32) on controller BAKERBAZZAR.API.Controller.UserController (BAKERBAZZAR.API).
2024-11-15 17:51:58.887 +05:30  INF  Executing ObjectResult, writing value of type 'BAKERBAZZAR.API.Models.ApiResponse'.
2024-11-15 17:51:58.887 +05:30  INF  Executed action BAKERBAZZAR.API.Controller.UserController.GetUserAddress (BAKERBAZZAR.API) in 16733.3248ms
2024-11-15 17:51:58.887 +05:30  INF  Executed endpoint 'BAKERBAZZAR.API.Controller.UserController.GetUserAddress (BAKERBAZZAR.API)'
2024-11-15 17:51:58.887 +05:30  INF  Request finished HTTP/1.1 GET http://localhost:5145/user/getuseraddress?mode=update&recordid=1045 - - - 200 - application/json;+charset=utf-8 16733.6874ms
2024-11-15 17:51:58.888 +05:30  INF  Request starting HTTP/1.1 GET http://localhost:5145/user/getuseraddress?mode=update&recordid=1045 - -
2024-11-15 17:51:58.888 +05:30  INF  CORS policy execution successful.
2024-11-15 17:51:58.889 +05:30  INF  Executing endpoint 'BAKERBAZZAR.API.Controller.UserController.GetUserAddress (BAKERBAZZAR.API)'
2024-11-15 17:51:58.889 +05:30  INF  Route matched with {action = "GetUserAddress", controller = "User"}. Executing controller action with signature System.Threading.Tasks.Task`1[Microsoft.AspNetCore.Mvc.ActionResult`1[BAKERBAZZAR.API.Models.ApiResponse]] GetUserAddress(System.String, Int32) on controller BAKERBAZZAR.API.Controller.UserController (BAKERBAZZAR.API).
2024-11-15 17:51:58.889 +05:30  INF  Executing ObjectResult, writing value of type 'BAKERBAZZAR.API.Models.ApiResponse'.
2024-11-15 17:51:58.889 +05:30  INF  Executed action BAKERBAZZAR.API.Controller.UserController.GetUserAddress (BAKERBAZZAR.API) in 0.8122ms
2024-11-15 17:51:58.889 +05:30  INF  Executed endpoint 'BAKERBAZZAR.API.Controller.UserController.GetUserAddress (BAKERBAZZAR.API)'
2024-11-15 17:51:58.890 +05:30  INF  Request finished HTTP/1.1 GET http://localhost:5145/user/getuseraddress?mode=update&recordid=1045 - - - 200 - application/json;+charset=utf-8 1.1871ms
2024-11-15 17:51:59.272 +05:30  INF  Request starting HTTP/1.1 GET http://localhost:5145/user/getuseraddress?mode=update&recordid=1045 - -
2024-11-15 17:51:59.273 +05:30  INF  CORS policy execution successful.
2024-11-15 17:51:59.273 +05:30  INF  Request starting HTTP/1.1 GET http://localhost:5145/User/Category - -
2024-11-15 17:51:59.273 +05:30  INF  Executing endpoint 'BAKERBAZZAR.API.Controller.UserController.GetUserAddress (BAKERBAZZAR.API)'
2024-11-15 17:51:59.273 +05:30  INF  CORS policy execution successful.
2024-11-15 17:51:59.273 +05:30  INF  Executing endpoint 'BAKERBAZZAR.API.Controller.UserController.Category (BAKERBAZZAR.API)'
2024-11-15 17:51:59.273 +05:30  INF  Route matched with {action = "Category", controller = "User"}. Executing controller action with signature System.Threading.Tasks.Task`1[Microsoft.AspNetCore.Mvc.ActionResult`1[BAKERBAZZAR.API.Models.ApiResponse]] Category(System.String) on controller BAKERBAZZAR.API.Controller.UserController (BAKERBAZZAR.API).
2024-11-15 17:51:59.281 +05:30  INF  Request starting HTTP/1.1 GET http://localhost:5145/user/products?categoryid= - -
2024-11-15 17:51:59.281 +05:30  INF  CORS policy execution successful.
2024-11-15 17:51:59.281 +05:30  INF  Executing endpoint 'BAKERBAZZAR.API.Controller.UserController.Products (BAKERBAZZAR.API)'
2024-11-15 17:51:59.281 +05:30  INF  Route matched with {action = "Products", controller = "User"}. Executing controller action with signature System.Threading.Tasks.Task`1[Microsoft.AspNetCore.Mvc.ActionResult`1[BAKERBAZZAR.API.Models.ApiResponse]] Products(System.String, System.String) on controller BAKERBAZZAR.API.Controller.UserController (BAKERBAZZAR.API).
2024-11-15 17:51:59.273 +05:30  INF  Route matched with {action = "GetUserAddress", controller = "User"}. Executing controller action with signature System.Threading.Tasks.Task`1[Microsoft.AspNetCore.Mvc.ActionResult`1[BAKERBAZZAR.API.Models.ApiResponse]] GetUserAddress(System.String, Int32) on controller BAKERBAZZAR.API.Controller.UserController (BAKERBAZZAR.API).
2024-11-15 17:51:59.293 +05:30  INF  Executing ObjectResult, writing value of type 'BAKERBAZZAR.API.Models.ApiResponse'.
2024-11-15 17:51:59.294 +05:30  INF  Executed action BAKERBAZZAR.API.Controller.UserController.GetUserAddress (BAKERBAZZAR.API) in 12.1426ms
2024-11-15 17:51:59.294 +05:30  INF  Executed endpoint 'BAKERBAZZAR.API.Controller.UserController.GetUserAddress (BAKERBAZZAR.API)'
2024-11-15 17:51:59.294 +05:30  INF  Request finished HTTP/1.1 GET http://localhost:5145/user/getuseraddress?mode=update&recordid=1045 - - - 200 - application/json;+charset=utf-8 21.2580ms
2024-11-15 17:51:59.301 +05:30  INF  Request starting HTTP/1.1 GET http://localhost:5145/user/getuseraddress?mode=update&recordid=1045 - -
2024-11-15 17:51:59.301 +05:30  INF  CORS policy execution successful.
2024-11-15 17:51:59.301 +05:30  INF  Executing endpoint 'BAKERBAZZAR.API.Controller.UserController.GetUserAddress (BAKERBAZZAR.API)'
2024-11-15 17:51:59.301 +05:30  INF  Route matched with {action = "GetUserAddress", controller = "User"}. Executing controller action with signature System.Threading.Tasks.Task`1[Microsoft.AspNetCore.Mvc.ActionResult`1[BAKERBAZZAR.API.Models.ApiResponse]] GetUserAddress(System.String, Int32) on controller BAKERBAZZAR.API.Controller.UserController (BAKERBAZZAR.API).
2024-11-15 17:51:59.311 +05:30  INF  Executing ObjectResult, writing value of type 'BAKERBAZZAR.API.Models.ApiResponse'.
2024-11-15 17:51:59.311 +05:30  INF  Executed action BAKERBAZZAR.API.Controller.UserController.GetUserAddress (BAKERBAZZAR.API) in 10.5731ms
2024-11-15 17:51:59.312 +05:30  INF  Executed endpoint 'BAKERBAZZAR.API.Controller.UserController.GetUserAddress (BAKERBAZZAR.API)'
2024-11-15 17:51:59.312 +05:30  INF  Request finished HTTP/1.1 GET http://localhost:5145/user/getuseraddress?mode=update&recordid=1045 - - - 200 - application/json;+charset=utf-8 11.0283ms
2024-11-15 17:51:59.365 +05:30  INF  Executing ObjectResult, writing value of type 'BAKERBAZZAR.API.Models.ApiResponse'.
2024-11-15 17:51:59.365 +05:30  INF  Executed action BAKERBAZZAR.API.Controller.UserController.Category (BAKERBAZZAR.API) in 91.9499ms
2024-11-15 17:51:59.365 +05:30  INF  Executed endpoint 'BAKERBAZZAR.API.Controller.UserController.Category (BAKERBAZZAR.API)'
2024-11-15 17:51:59.365 +05:30  INF  Request finished HTTP/1.1 GET http://localhost:5145/User/Category - - - 200 - application/json;+charset=utf-8 92.2097ms
2024-11-15 17:51:59.369 +05:30  INF  Executing ObjectResult, writing value of type 'BAKERBAZZAR.API.Models.ApiResponse'.
2024-11-15 17:51:59.369 +05:30  INF  Request starting HTTP/1.1 GET http://localhost:5145/User/Category - -
2024-11-15 17:51:59.369 +05:30  INF  CORS policy execution successful.
2024-11-15 17:51:59.369 +05:30  INF  Executing endpoint 'BAKERBAZZAR.API.Controller.UserController.Category (BAKERBAZZAR.API)'
2024-11-15 17:51:59.369 +05:30  INF  Route matched with {action = "Category", controller = "User"}. Executing controller action with signature System.Threading.Tasks.Task`1[Microsoft.AspNetCore.Mvc.ActionResult`1[BAKERBAZZAR.API.Models.ApiResponse]] Category(System.String) on controller BAKERBAZZAR.API.Controller.UserController (BAKERBAZZAR.API).
2024-11-15 17:51:59.374 +05:30  INF  Executing ObjectResult, writing value of type 'BAKERBAZZAR.API.Models.ApiResponse'.
2024-11-15 17:51:59.374 +05:30  INF  Executed action BAKERBAZZAR.API.Controller.UserController.Category (BAKERBAZZAR.API) in 4.837ms
2024-11-15 17:51:59.374 +05:30  INF  Executed endpoint 'BAKERBAZZAR.API.Controller.UserController.Category (BAKERBAZZAR.API)'
2024-11-15 17:51:59.374 +05:30  INF  Request finished HTTP/1.1 GET http://localhost:5145/User/Category - - - 200 - application/json;+charset=utf-8 7.0104ms
2024-11-15 17:51:59.374 +05:30  INF  Request starting HTTP/1.1 GET http://localhost:5145/user/products?categoryid= - -
2024-11-15 17:51:59.375 +05:30  INF  CORS policy execution successful.
2024-11-15 17:51:59.375 +05:30  INF  Executing endpoint 'BAKERBAZZAR.API.Controller.UserController.Products (BAKERBAZZAR.API)'
2024-11-15 17:51:59.375 +05:30  INF  Route matched with {action = "Products", controller = "User"}. Executing controller action with signature System.Threading.Tasks.Task`1[Microsoft.AspNetCore.Mvc.ActionResult`1[BAKERBAZZAR.API.Models.ApiResponse]] Products(System.String, System.String) on controller BAKERBAZZAR.API.Controller.UserController (BAKERBAZZAR.API).
2024-11-15 17:51:59.375 +05:30  INF  Executed action BAKERBAZZAR.API.Controller.UserController.Products (BAKERBAZZAR.API) in 93.8501ms
2024-11-15 17:51:59.375 +05:30  INF  Executed endpoint 'BAKERBAZZAR.API.Controller.UserController.Products (BAKERBAZZAR.API)'
2024-11-15 17:51:59.376 +05:30  INF  Request finished HTTP/1.1 GET http://localhost:5145/user/products?categoryid= - - - 200 - application/json;+charset=utf-8 94.9625ms
2024-11-15 17:51:59.387 +05:30  INF  Executing ObjectResult, writing value of type 'BAKERBAZZAR.API.Models.ApiResponse'.
2024-11-15 17:51:59.390 +05:30  INF  Executed action BAKERBAZZAR.API.Controller.UserController.Products (BAKERBAZZAR.API) in 15.3885ms
2024-11-15 17:51:59.392 +05:30  INF  Executed endpoint 'BAKERBAZZAR.API.Controller.UserController.Products (BAKERBAZZAR.API)'
2024-11-15 17:51:59.392 +05:30  INF  Request finished HTTP/1.1 GET http://localhost:5145/user/products?categoryid= - - - 200 - application/json;+charset=utf-8 17.9262ms
2024-11-15 17:52:20.317 +05:30  INF  Request starting HTTP/1.1 OPTIONS http://localhost:5145/User/UpsetAddress - -
2024-11-15 17:52:20.317 +05:30  INF  CORS policy execution successful.
2024-11-15 17:52:20.317 +05:30  INF  Request finished HTTP/1.1 OPTIONS http://localhost:5145/User/UpsetAddress - - - 204 - - 0.2363ms
2024-11-15 17:52:20.318 +05:30  INF  Request starting HTTP/1.1 POST http://localhost:5145/User/UpsetAddress application/json 273
2024-11-15 17:52:20.318 +05:30  INF  CORS policy execution successful.
2024-11-15 17:52:20.318 +05:30  INF  Executing endpoint 'BAKERBAZZAR.API.Controller.UserController.UpsetAddress (BAKERBAZZAR.API)'
2024-11-15 17:52:20.318 +05:30  INF  Route matched with {action = "UpsetAddress", controller = "User"}. Executing controller action with signature System.Threading.Tasks.Task`1[Microsoft.AspNetCore.Mvc.ActionResult`1[BAKERBAZZAR.API.Models.ApiResponse]] UpsetAddress(BAKERBAZZAR.API.Models.IO_Templates.SetAddress) on controller BAKERBAZZAR.API.Controller.UserController (BAKERBAZZAR.API).
2024-11-15 17:52:20.324 +05:30  INF  Executing ObjectResult, writing value of type 'BAKERBAZZAR.API.Models.ApiResponse'.
2024-11-15 17:52:20.324 +05:30  INF  Executed action BAKERBAZZAR.API.Controller.UserController.UpsetAddress (BAKERBAZZAR.API) in 6.2675ms
2024-11-15 17:52:20.324 +05:30  INF  Executed endpoint 'BAKERBAZZAR.API.Controller.UserController.UpsetAddress (BAKERBAZZAR.API)'
2024-11-15 17:52:20.325 +05:30  INF  Request finished HTTP/1.1 POST http://localhost:5145/User/UpsetAddress application/json 273 - 200 - application/json;+charset=utf-8 6.5464ms
2024-11-15 17:52:20.346 +05:30  INF  Request starting HTTP/1.1 GET http://localhost:5145/User/GetMyAddresses?displayid=a8701061-246f-4f0a-b7db-cf788913b18d - -
2024-11-15 17:52:20.346 +05:30  INF  CORS policy execution successful.
2024-11-15 17:52:20.346 +05:30  INF  Executing endpoint 'BAKERBAZZAR.API.Controller.UserController.GetAddress (BAKERBAZZAR.API)'
2024-11-15 17:52:20.346 +05:30  INF  Route matched with {action = "GetAddress", controller = "User"}. Executing controller action with signature System.Threading.Tasks.Task`1[Microsoft.AspNetCore.Mvc.ActionResult`1[BAKERBAZZAR.API.Models.ApiResponse]] GetAddress(System.String) on controller BAKERBAZZAR.API.Controller.UserController (BAKERBAZZAR.API).
2024-11-15 17:52:20.356 +05:30  INF  Executing ObjectResult, writing value of type 'BAKERBAZZAR.API.Models.ApiResponse'.
2024-11-15 17:52:20.356 +05:30  INF  Executed action BAKERBAZZAR.API.Controller.UserController.GetAddress (BAKERBAZZAR.API) in 9.923ms
2024-11-15 17:52:20.356 +05:30  INF  Executed endpoint 'BAKERBAZZAR.API.Controller.UserController.GetAddress (BAKERBAZZAR.API)'
2024-11-15 17:52:20.356 +05:30  INF  Request finished HTTP/1.1 GET http://localhost:5145/User/GetMyAddresses?displayid=a8701061-246f-4f0a-b7db-cf788913b18d - - - 200 - application/json;+charset=utf-8 10.3137ms
2024-11-15 17:52:20.367 +05:30  INF  Request starting HTTP/1.1 GET http://localhost:5145/User/GetMyAddresses?displayid=a8701061-246f-4f0a-b7db-cf788913b18d - -
2024-11-15 17:52:20.367 +05:30  INF  CORS policy execution successful.
2024-11-15 17:52:20.367 +05:30  INF  Executing endpoint 'BAKERBAZZAR.API.Controller.UserController.GetAddress (BAKERBAZZAR.API)'
2024-11-15 17:52:20.367 +05:30  INF  Route matched with {action = "GetAddress", controller = "User"}. Executing controller action with signature System.Threading.Tasks.Task`1[Microsoft.AspNetCore.Mvc.ActionResult`1[BAKERBAZZAR.API.Models.ApiResponse]] GetAddress(System.String) on controller BAKERBAZZAR.API.Controller.UserController (BAKERBAZZAR.API).
2024-11-15 17:52:20.369 +05:30  INF  Executing ObjectResult, writing value of type 'BAKERBAZZAR.API.Models.ApiResponse'.
2024-11-15 17:52:20.370 +05:30  INF  Executed action BAKERBAZZAR.API.Controller.UserController.GetAddress (BAKERBAZZAR.API) in 2.7626ms
2024-11-15 17:52:20.370 +05:30  INF  Executed endpoint 'BAKERBAZZAR.API.Controller.UserController.GetAddress (BAKERBAZZAR.API)'
2024-11-15 17:52:20.370 +05:30  INF  Request finished HTTP/1.1 GET http://localhost:5145/User/GetMyAddresses?displayid=a8701061-246f-4f0a-b7db-cf788913b18d - - - 200 - application/json;+charset=utf-8 3.2262ms
2024-11-15 17:52:25.025 +05:30  INF  Request starting HTTP/1.1 GET http://localhost:5145/user/getuseraddress?mode=update&recordid=1045 - -
2024-11-15 17:52:25.025 +05:30  INF  CORS policy execution successful.
2024-11-15 17:52:25.025 +05:30  INF  Executing endpoint 'BAKERBAZZAR.API.Controller.UserController.GetUserAddress (BAKERBAZZAR.API)'
2024-11-15 17:52:25.025 +05:30  INF  Route matched with {action = "GetUserAddress", controller = "User"}. Executing controller action with signature System.Threading.Tasks.Task`1[Microsoft.AspNetCore.Mvc.ActionResult`1[BAKERBAZZAR.API.Models.ApiResponse]] GetUserAddress(System.String, Int32) on controller BAKERBAZZAR.API.Controller.UserController (BAKERBAZZAR.API).
2024-11-15 17:52:25.026 +05:30  INF  Executing ObjectResult, writing value of type 'BAKERBAZZAR.API.Models.ApiResponse'.
2024-11-15 17:52:25.026 +05:30  INF  Executed action BAKERBAZZAR.API.Controller.UserController.GetUserAddress (BAKERBAZZAR.API) in 1.1364ms
2024-11-15 17:52:25.026 +05:30  INF  Executed endpoint 'BAKERBAZZAR.API.Controller.UserController.GetUserAddress (BAKERBAZZAR.API)'
2024-11-15 17:52:25.026 +05:30  INF  Request finished HTTP/1.1 GET http://localhost:5145/user/getuseraddress?mode=update&recordid=1045 - - - 200 - application/json;+charset=utf-8 1.5410ms
2024-11-15 17:52:25.031 +05:30  INF  Request starting HTTP/1.1 GET http://localhost:5145/user/getuseraddress?mode=update&recordid=1045 - -
2024-11-15 17:52:25.033 +05:30  INF  CORS policy execution successful.
2024-11-15 17:52:25.033 +05:30  INF  Executing endpoint 'BAKERBAZZAR.API.Controller.UserController.GetUserAddress (BAKERBAZZAR.API)'
2024-11-15 17:52:25.033 +05:30  INF  Route matched with {action = "GetUserAddress", controller = "User"}. Executing controller action with signature System.Threading.Tasks.Task`1[Microsoft.AspNetCore.Mvc.ActionResult`1[BAKERBAZZAR.API.Models.ApiResponse]] GetUserAddress(System.String, Int32) on controller BAKERBAZZAR.API.Controller.UserController (BAKERBAZZAR.API).
2024-11-15 17:52:25.035 +05:30  INF  Executing ObjectResult, writing value of type 'BAKERBAZZAR.API.Models.ApiResponse'.
2024-11-15 17:52:25.035 +05:30  INF  Executed action BAKERBAZZAR.API.Controller.UserController.GetUserAddress (BAKERBAZZAR.API) in 1.5071ms
2024-11-15 17:52:25.035 +05:30  INF  Executed endpoint 'BAKERBAZZAR.API.Controller.UserController.GetUserAddress (BAKERBAZZAR.API)'
2024-11-15 17:52:25.035 +05:30  INF  Request finished HTTP/1.1 GET http://localhost:5145/user/getuseraddress?mode=update&recordid=1045 - - - 200 - application/json;+charset=utf-8 4.2357ms
2024-11-15 17:52:28.562 +05:30  INF  Request starting HTTP/1.1 GET http://localhost:5145/User/GetMyAddresses?displayid=a8701061-246f-4f0a-b7db-cf788913b18d - -
2024-11-15 17:52:28.562 +05:30  INF  CORS policy execution successful.
2024-11-15 17:52:28.562 +05:30  INF  Executing endpoint 'BAKERBAZZAR.API.Controller.UserController.GetAddress (BAKERBAZZAR.API)'
2024-11-15 17:52:28.562 +05:30  INF  Route matched with {action = "GetAddress", controller = "User"}. Executing controller action with signature System.Threading.Tasks.Task`1[Microsoft.AspNetCore.Mvc.ActionResult`1[BAKERBAZZAR.API.Models.ApiResponse]] GetAddress(System.String) on controller BAKERBAZZAR.API.Controller.UserController (BAKERBAZZAR.API).
2024-11-15 17:52:28.565 +05:30  INF  Executing ObjectResult, writing value of type 'BAKERBAZZAR.API.Models.ApiResponse'.
2024-11-15 17:52:28.566 +05:30  INF  Executed action BAKERBAZZAR.API.Controller.UserController.GetAddress (BAKERBAZZAR.API) in 3.2796ms
2024-11-15 17:52:28.566 +05:30  INF  Executed endpoint 'BAKERBAZZAR.API.Controller.UserController.GetAddress (BAKERBAZZAR.API)'
2024-11-15 17:52:28.566 +05:30  INF  Request finished HTTP/1.1 GET http://localhost:5145/User/GetMyAddresses?displayid=a8701061-246f-4f0a-b7db-cf788913b18d - - - 200 - application/json;+charset=utf-8 3.6236ms
2024-11-15 17:52:28.568 +05:30  INF  Request starting HTTP/1.1 GET http://localhost:5145/User/GetMyAddresses?displayid=a8701061-246f-4f0a-b7db-cf788913b18d - -
2024-11-15 17:52:28.569 +05:30  INF  CORS policy execution successful.
2024-11-15 17:52:28.569 +05:30  INF  Executing endpoint 'BAKERBAZZAR.API.Controller.UserController.GetAddress (BAKERBAZZAR.API)'
2024-11-15 17:52:28.569 +05:30  INF  Route matched with {action = "GetAddress", controller = "User"}. Executing controller action with signature System.Threading.Tasks.Task`1[Microsoft.AspNetCore.Mvc.ActionResult`1[BAKERBAZZAR.API.Models.ApiResponse]] GetAddress(System.String) on controller BAKERBAZZAR.API.Controller.UserController (BAKERBAZZAR.API).
2024-11-15 17:52:28.572 +05:30  INF  Executing ObjectResult, writing value of type 'BAKERBAZZAR.API.Models.ApiResponse'.
2024-11-15 17:52:28.572 +05:30  INF  Executed action BAKERBAZZAR.API.Controller.UserController.GetAddress (BAKERBAZZAR.API) in 2.6105ms
2024-11-15 17:52:28.572 +05:30  INF  Executed endpoint 'BAKERBAZZAR.API.Controller.UserController.GetAddress (BAKERBAZZAR.API)'
2024-11-15 17:52:28.572 +05:30  INF  Request finished HTTP/1.1 GET http://localhost:5145/User/GetMyAddresses?displayid=a8701061-246f-4f0a-b7db-cf788913b18d - - - 200 - application/json;+charset=utf-8 3.8687ms
