2024-11-13 00:00:00.536 +05:30  INF  Request starting HTTP/1.1 OPTIONS http://localhost:5145/User/AddToCart - -
2024-11-13 00:00:00.581 +05:30  INF  CORS policy execution successful.
2024-11-13 00:00:00.581 +05:30  INF  Request finished HTTP/1.1 OPTIONS http://localhost:5145/User/AddToCart - - - 204 - - 45.3945ms
2024-11-13 00:00:00.583 +05:30  INF  Request starting HTTP/1.1 POST http://localhost:5145/User/AddToCart application/json 140
2024-11-13 00:00:00.583 +05:30  INF  CORS policy execution successful.
2024-11-13 00:00:00.583 +05:30  INF  Executing endpoint 'BAKERBAZZAR.API.Controller.UserController.AddToCart (BAKERBAZZAR.API)'
2024-11-13 00:00:00.584 +05:30  INF  Route matched with {action = "AddToCart", controller = "User"}. Executing controller action with signature System.Threading.Tasks.Task`1[Microsoft.AspNetCore.Mvc.ActionResult`1[BAKERBAZZAR.API.Models.ApiResponse]] AddToCart(BAKERBAZZAR.API.Models.IO_Templates.AddToCartRequest) on controller BAKERBAZZAR.API.Controller.UserController (BAKERBAZZAR.API).
2024-11-13 00:00:00.643 +05:30  INF  Executing ObjectResult, writing value of type 'BAKERBAZZAR.API.Models.ApiResponse'.
2024-11-13 00:00:00.643 +05:30  INF  Executed action BAKERBAZZAR.API.Controller.UserController.AddToCart (BAKERBAZZAR.API) in 59.2662ms
2024-11-13 00:00:00.643 +05:30  INF  Executed endpoint 'BAKERBAZZAR.API.Controller.UserController.AddToCart (BAKERBAZZAR.API)'
2024-11-13 00:00:00.643 +05:30  INF  Request finished HTTP/1.1 POST http://localhost:5145/User/AddToCart application/json 140 - 200 - application/json;+charset=utf-8 60.5867ms
2024-11-13 00:00:21.534 +05:30  INF  Request starting HTTP/1.1 OPTIONS http://localhost:5145/User/AddToCart - -
2024-11-13 00:00:21.534 +05:30  INF  CORS policy execution successful.
2024-11-13 00:00:21.534 +05:30  INF  Request finished HTTP/1.1 OPTIONS http://localhost:5145/User/AddToCart - - - 204 - - 0.5356ms
2024-11-13 00:00:21.536 +05:30  INF  Request starting HTTP/1.1 POST http://localhost:5145/User/AddToCart application/json 140
2024-11-13 00:00:21.536 +05:30  INF  CORS policy execution successful.
2024-11-13 00:00:21.536 +05:30  INF  Executing endpoint 'BAKERBAZZAR.API.Controller.UserController.AddToCart (BAKERBAZZAR.API)'
2024-11-13 00:00:21.536 +05:30  INF  Route matched with {action = "AddToCart", controller = "User"}. Executing controller action with signature System.Threading.Tasks.Task`1[Microsoft.AspNetCore.Mvc.ActionResult`1[BAKERBAZZAR.API.Models.ApiResponse]] AddToCart(BAKERBAZZAR.API.Models.IO_Templates.AddToCartRequest) on controller BAKERBAZZAR.API.Controller.UserController (BAKERBAZZAR.API).
2024-11-13 00:00:21.562 +05:30  INF  Executing ObjectResult, writing value of type 'BAKERBAZZAR.API.Models.ApiResponse'.
2024-11-13 00:00:21.562 +05:30  INF  Executed action BAKERBAZZAR.API.Controller.UserController.AddToCart (BAKERBAZZAR.API) in 26.1571ms
2024-11-13 00:00:21.562 +05:30  INF  Executed endpoint 'BAKERBAZZAR.API.Controller.UserController.AddToCart (BAKERBAZZAR.API)'
2024-11-13 00:00:21.563 +05:30  INF  Request finished HTTP/1.1 POST http://localhost:5145/User/AddToCart application/json 140 - 200 - application/json;+charset=utf-8 26.4979ms
2024-11-13 00:01:20.424 +05:30  INF  Request starting HTTP/1.1 OPTIONS http://localhost:5145/User/AddToCart - -
2024-11-13 00:01:20.424 +05:30  INF  CORS policy execution successful.
2024-11-13 00:01:20.424 +05:30  INF  Request finished HTTP/1.1 OPTIONS http://localhost:5145/User/AddToCart - - - 204 - - 0.3958ms
2024-11-13 00:01:20.427 +05:30  INF  Request starting HTTP/1.1 POST http://localhost:5145/User/AddToCart application/json 140
2024-11-13 00:01:20.427 +05:30  INF  CORS policy execution successful.
2024-11-13 00:01:20.427 +05:30  INF  Executing endpoint 'BAKERBAZZAR.API.Controller.UserController.AddToCart (BAKERBAZZAR.API)'
2024-11-13 00:01:20.427 +05:30  INF  Route matched with {action = "AddToCart", controller = "User"}. Executing controller action with signature System.Threading.Tasks.Task`1[Microsoft.AspNetCore.Mvc.ActionResult`1[BAKERBAZZAR.API.Models.ApiResponse]] AddToCart(BAKERBAZZAR.API.Models.IO_Templates.AddToCartRequest) on controller BAKERBAZZAR.API.Controller.UserController (BAKERBAZZAR.API).
2024-11-13 00:01:20.452 +05:30  INF  Executing ObjectResult, writing value of type 'BAKERBAZZAR.API.Models.ApiResponse'.
2024-11-13 00:01:20.453 +05:30  INF  Executed action BAKERBAZZAR.API.Controller.UserController.AddToCart (BAKERBAZZAR.API) in 25.284ms
2024-11-13 00:01:20.453 +05:30  INF  Executed endpoint 'BAKERBAZZAR.API.Controller.UserController.AddToCart (BAKERBAZZAR.API)'
2024-11-13 00:01:20.453 +05:30  INF  Request finished HTTP/1.1 POST http://localhost:5145/User/AddToCart application/json 140 - 200 - application/json;+charset=utf-8 26.0404ms
2024-11-13 00:01:26.133 +05:30  INF  Request starting HTTP/1.1 OPTIONS http://localhost:5145/User/AddToCart - -
2024-11-13 00:01:26.133 +05:30  INF  CORS policy execution successful.
2024-11-13 00:01:26.133 +05:30  INF  Request finished HTTP/1.1 OPTIONS http://localhost:5145/User/AddToCart - - - 204 - - 0.1671ms
2024-11-13 00:01:26.134 +05:30  INF  Request starting HTTP/1.1 POST http://localhost:5145/User/AddToCart application/json 140
2024-11-13 00:01:26.134 +05:30  INF  CORS policy execution successful.
2024-11-13 00:01:26.134 +05:30  INF  Executing endpoint 'BAKERBAZZAR.API.Controller.UserController.AddToCart (BAKERBAZZAR.API)'
2024-11-13 00:01:26.134 +05:30  INF  Route matched with {action = "AddToCart", controller = "User"}. Executing controller action with signature System.Threading.Tasks.Task`1[Microsoft.AspNetCore.Mvc.ActionResult`1[BAKERBAZZAR.API.Models.ApiResponse]] AddToCart(BAKERBAZZAR.API.Models.IO_Templates.AddToCartRequest) on controller BAKERBAZZAR.API.Controller.UserController (BAKERBAZZAR.API).
2024-11-13 00:01:26.167 +05:30  INF  Executing ObjectResult, writing value of type 'BAKERBAZZAR.API.Models.ApiResponse'.
2024-11-13 00:01:26.168 +05:30  INF  Executed action BAKERBAZZAR.API.Controller.UserController.AddToCart (BAKERBAZZAR.API) in 33.0794ms
2024-11-13 00:01:26.168 +05:30  INF  Executed endpoint 'BAKERBAZZAR.API.Controller.UserController.AddToCart (BAKERBAZZAR.API)'
2024-11-13 00:01:26.168 +05:30  INF  Request finished HTTP/1.1 POST http://localhost:5145/User/AddToCart application/json 140 - 200 - application/json;+charset=utf-8 33.4433ms
2024-11-13 00:02:44.240 +05:30  INF  Request starting HTTP/1.1 OPTIONS http://localhost:5145/user/addtocart - -
2024-11-13 00:02:44.240 +05:30  INF  CORS policy execution successful.
2024-11-13 00:02:44.241 +05:30  INF  Request finished HTTP/1.1 OPTIONS http://localhost:5145/user/addtocart - - - 204 - - 1.2357ms
2024-11-13 00:02:44.242 +05:30  INF  Request starting HTTP/1.1 POST http://localhost:5145/user/addtocart application/json 144
2024-11-13 00:02:44.242 +05:30  INF  CORS policy execution successful.
2024-11-13 00:02:44.242 +05:30  INF  Executing endpoint 'BAKERBAZZAR.API.Controller.UserController.AddToCart (BAKERBAZZAR.API)'
2024-11-13 00:02:44.242 +05:30  INF  Route matched with {action = "AddToCart", controller = "User"}. Executing controller action with signature System.Threading.Tasks.Task`1[Microsoft.AspNetCore.Mvc.ActionResult`1[BAKERBAZZAR.API.Models.ApiResponse]] AddToCart(BAKERBAZZAR.API.Models.IO_Templates.AddToCartRequest) on controller BAKERBAZZAR.API.Controller.UserController (BAKERBAZZAR.API).
2024-11-13 00:02:44.278 +05:30  INF  Executing ObjectResult, writing value of type 'BAKERBAZZAR.API.Models.ApiResponse'.
2024-11-13 00:02:44.278 +05:30  INF  Executed action BAKERBAZZAR.API.Controller.UserController.AddToCart (BAKERBAZZAR.API) in 35.252ms
2024-11-13 00:02:44.278 +05:30  INF  Executed endpoint 'BAKERBAZZAR.API.Controller.UserController.AddToCart (BAKERBAZZAR.API)'
2024-11-13 00:02:44.278 +05:30  INF  Request finished HTTP/1.1 POST http://localhost:5145/user/addtocart application/json 144 - 200 - application/json;+charset=utf-8 36.0073ms
2024-11-13 00:02:50.159 +05:30  INF  Request starting HTTP/1.1 GET http://localhost:5145/User/CartDetails?displayid=702dcb1e-b399-4b22-a4ad-ac33169d26fd - -
2024-11-13 00:02:50.162 +05:30  INF  CORS policy execution successful.
2024-11-13 00:02:50.163 +05:30  INF  Executing endpoint 'BAKERBAZZAR.API.Controller.UserController.CartDetails (BAKERBAZZAR.API)'
2024-11-13 00:02:50.163 +05:30  INF  Route matched with {action = "CartDetails", controller = "User"}. Executing controller action with signature System.Threading.Tasks.Task`1[Microsoft.AspNetCore.Mvc.ActionResult`1[BAKERBAZZAR.API.Models.ApiResponse]] CartDetails(System.String) on controller BAKERBAZZAR.API.Controller.UserController (BAKERBAZZAR.API).
2024-11-13 00:02:50.236 +05:30  INF  Executing ObjectResult, writing value of type 'BAKERBAZZAR.API.Models.ApiResponse'.
2024-11-13 00:02:50.239 +05:30  INF  Executed action BAKERBAZZAR.API.Controller.UserController.CartDetails (BAKERBAZZAR.API) in 75.4217ms
2024-11-13 00:02:50.239 +05:30  INF  Executed endpoint 'BAKERBAZZAR.API.Controller.UserController.CartDetails (BAKERBAZZAR.API)'
2024-11-13 00:02:50.239 +05:30  INF  Request finished HTTP/1.1 GET http://localhost:5145/User/CartDetails?displayid=702dcb1e-b399-4b22-a4ad-ac33169d26fd - - - 200 - application/json;+charset=utf-8 79.8606ms
2024-11-13 00:02:50.329 +05:30  INF  Request starting HTTP/1.1 GET http://localhost:5145/User/CartDetails?displayid=702dcb1e-b399-4b22-a4ad-ac33169d26fd - -
2024-11-13 00:02:50.329 +05:30  INF  CORS policy execution successful.
2024-11-13 00:02:50.329 +05:30  INF  Executing endpoint 'BAKERBAZZAR.API.Controller.UserController.CartDetails (BAKERBAZZAR.API)'
2024-11-13 00:02:50.329 +05:30  INF  Route matched with {action = "CartDetails", controller = "User"}. Executing controller action with signature System.Threading.Tasks.Task`1[Microsoft.AspNetCore.Mvc.ActionResult`1[BAKERBAZZAR.API.Models.ApiResponse]] CartDetails(System.String) on controller BAKERBAZZAR.API.Controller.UserController (BAKERBAZZAR.API).
2024-11-13 00:02:50.348 +05:30  INF  Executing ObjectResult, writing value of type 'BAKERBAZZAR.API.Models.ApiResponse'.
2024-11-13 00:02:50.349 +05:30  INF  Executed action BAKERBAZZAR.API.Controller.UserController.CartDetails (BAKERBAZZAR.API) in 19.2494ms
2024-11-13 00:02:50.349 +05:30  INF  Executed endpoint 'BAKERBAZZAR.API.Controller.UserController.CartDetails (BAKERBAZZAR.API)'
2024-11-13 00:02:50.349 +05:30  INF  Request finished HTTP/1.1 GET http://localhost:5145/User/CartDetails?displayid=702dcb1e-b399-4b22-a4ad-ac33169d26fd - - - 200 - application/json;+charset=utf-8 19.9565ms
2024-11-13 00:03:22.290 +05:30  INF  Request starting HTTP/1.1 GET http://localhost:5145/user/products?categoryid=2353cd5e-3059-4ec2-b1f1-38c049a2cc62 - -
2024-11-13 00:03:22.290 +05:30  INF  CORS policy execution successful.
2024-11-13 00:03:22.290 +05:30  INF  Executing endpoint 'BAKERBAZZAR.API.Controller.UserController.Products (BAKERBAZZAR.API)'
2024-11-13 00:03:22.291 +05:30  INF  Route matched with {action = "Products", controller = "User"}. Executing controller action with signature System.Threading.Tasks.Task`1[Microsoft.AspNetCore.Mvc.ActionResult`1[BAKERBAZZAR.API.Models.ApiResponse]] Products(System.String, System.String) on controller BAKERBAZZAR.API.Controller.UserController (BAKERBAZZAR.API).
2024-11-13 00:03:22.325 +05:30  INF  Executing ObjectResult, writing value of type 'BAKERBAZZAR.API.Models.ApiResponse'.
2024-11-13 00:03:22.325 +05:30  INF  Executed action BAKERBAZZAR.API.Controller.UserController.Products (BAKERBAZZAR.API) in 34.804ms
2024-11-13 00:03:22.325 +05:30  INF  Executed endpoint 'BAKERBAZZAR.API.Controller.UserController.Products (BAKERBAZZAR.API)'
2024-11-13 00:03:22.326 +05:30  INF  Request finished HTTP/1.1 GET http://localhost:5145/user/products?categoryid=2353cd5e-3059-4ec2-b1f1-38c049a2cc62 - - - 200 - application/json;+charset=utf-8 35.6749ms
2024-11-13 00:03:24.006 +05:30  INF  Request starting HTTP/1.1 OPTIONS http://localhost:5145/User/AddToCart - -
2024-11-13 00:03:24.006 +05:30  INF  CORS policy execution successful.
2024-11-13 00:03:24.006 +05:30  INF  Request finished HTTP/1.1 OPTIONS http://localhost:5145/User/AddToCart - - - 204 - - 0.5052ms
2024-11-13 00:03:24.008 +05:30  INF  Request starting HTTP/1.1 POST http://localhost:5145/User/AddToCart application/json 140
2024-11-13 00:03:24.008 +05:30  INF  CORS policy execution successful.
2024-11-13 00:03:24.008 +05:30  INF  Executing endpoint 'BAKERBAZZAR.API.Controller.UserController.AddToCart (BAKERBAZZAR.API)'
2024-11-13 00:03:24.008 +05:30  INF  Route matched with {action = "AddToCart", controller = "User"}. Executing controller action with signature System.Threading.Tasks.Task`1[Microsoft.AspNetCore.Mvc.ActionResult`1[BAKERBAZZAR.API.Models.ApiResponse]] AddToCart(BAKERBAZZAR.API.Models.IO_Templates.AddToCartRequest) on controller BAKERBAZZAR.API.Controller.UserController (BAKERBAZZAR.API).
2024-11-13 00:03:24.027 +05:30  INF  Executing ObjectResult, writing value of type 'BAKERBAZZAR.API.Models.ApiResponse'.
2024-11-13 00:03:24.027 +05:30  INF  Executed action BAKERBAZZAR.API.Controller.UserController.AddToCart (BAKERBAZZAR.API) in 19.1256ms
2024-11-13 00:03:24.027 +05:30  INF  Executed endpoint 'BAKERBAZZAR.API.Controller.UserController.AddToCart (BAKERBAZZAR.API)'
2024-11-13 00:03:24.028 +05:30  INF  Request finished HTTP/1.1 POST http://localhost:5145/User/AddToCart application/json 140 - 200 - application/json;+charset=utf-8 19.9731ms
2024-11-13 00:03:26.184 +05:30  INF  Request starting HTTP/1.1 GET http://localhost:5145/User/CartDetails?displayid=702dcb1e-b399-4b22-a4ad-ac33169d26fd - -
2024-11-13 00:03:26.184 +05:30  INF  CORS policy execution successful.
2024-11-13 00:03:26.184 +05:30  INF  Executing endpoint 'BAKERBAZZAR.API.Controller.UserController.CartDetails (BAKERBAZZAR.API)'
2024-11-13 00:03:26.184 +05:30  INF  Route matched with {action = "CartDetails", controller = "User"}. Executing controller action with signature System.Threading.Tasks.Task`1[Microsoft.AspNetCore.Mvc.ActionResult`1[BAKERBAZZAR.API.Models.ApiResponse]] CartDetails(System.String) on controller BAKERBAZZAR.API.Controller.UserController (BAKERBAZZAR.API).
2024-11-13 00:03:26.202 +05:30  INF  Executing ObjectResult, writing value of type 'BAKERBAZZAR.API.Models.ApiResponse'.
2024-11-13 00:03:26.202 +05:30  INF  Executed action BAKERBAZZAR.API.Controller.UserController.CartDetails (BAKERBAZZAR.API) in 17.9711ms
2024-11-13 00:03:26.202 +05:30  INF  Executed endpoint 'BAKERBAZZAR.API.Controller.UserController.CartDetails (BAKERBAZZAR.API)'
2024-11-13 00:03:26.202 +05:30  INF  Request finished HTTP/1.1 GET http://localhost:5145/User/CartDetails?displayid=702dcb1e-b399-4b22-a4ad-ac33169d26fd - - - 200 - application/json;+charset=utf-8 18.3577ms
2024-11-13 00:03:26.352 +05:30  INF  Request starting HTTP/1.1 GET http://localhost:5145/User/CartDetails?displayid=702dcb1e-b399-4b22-a4ad-ac33169d26fd - -
2024-11-13 00:03:26.352 +05:30  INF  CORS policy execution successful.
2024-11-13 00:03:26.352 +05:30  INF  Executing endpoint 'BAKERBAZZAR.API.Controller.UserController.CartDetails (BAKERBAZZAR.API)'
2024-11-13 00:03:26.352 +05:30  INF  Route matched with {action = "CartDetails", controller = "User"}. Executing controller action with signature System.Threading.Tasks.Task`1[Microsoft.AspNetCore.Mvc.ActionResult`1[BAKERBAZZAR.API.Models.ApiResponse]] CartDetails(System.String) on controller BAKERBAZZAR.API.Controller.UserController (BAKERBAZZAR.API).
2024-11-13 00:03:26.355 +05:30  INF  Executing ObjectResult, writing value of type 'BAKERBAZZAR.API.Models.ApiResponse'.
2024-11-13 00:03:26.356 +05:30  INF  Executed action BAKERBAZZAR.API.Controller.UserController.CartDetails (BAKERBAZZAR.API) in 3.1568ms
2024-11-13 00:03:26.356 +05:30  INF  Executed endpoint 'BAKERBAZZAR.API.Controller.UserController.CartDetails (BAKERBAZZAR.API)'
2024-11-13 00:03:26.356 +05:30  INF  Request finished HTTP/1.1 GET http://localhost:5145/User/CartDetails?displayid=702dcb1e-b399-4b22-a4ad-ac33169d26fd - - - 200 - application/json;+charset=utf-8 3.4287ms
2024-11-13 00:04:18.373 +05:30  INF  Request starting HTTP/1.1 GET http://localhost:5145/User/CartDetails?displayid=702dcb1e-b399-4b22-a4ad-ac33169d26fd - -
2024-11-13 00:04:18.373 +05:30  INF  CORS policy execution successful.
2024-11-13 00:04:18.374 +05:30  INF  Executing endpoint 'BAKERBAZZAR.API.Controller.UserController.CartDetails (BAKERBAZZAR.API)'
2024-11-13 00:04:18.374 +05:30  INF  Route matched with {action = "CartDetails", controller = "User"}. Executing controller action with signature System.Threading.Tasks.Task`1[Microsoft.AspNetCore.Mvc.ActionResult`1[BAKERBAZZAR.API.Models.ApiResponse]] CartDetails(System.String) on controller BAKERBAZZAR.API.Controller.UserController (BAKERBAZZAR.API).
2024-11-13 00:04:18.404 +05:30  INF  Executing ObjectResult, writing value of type 'BAKERBAZZAR.API.Models.ApiResponse'.
2024-11-13 00:04:18.404 +05:30  INF  Executed action BAKERBAZZAR.API.Controller.UserController.CartDetails (BAKERBAZZAR.API) in 30.7373ms
2024-11-13 00:04:18.404 +05:30  INF  Executed endpoint 'BAKERBAZZAR.API.Controller.UserController.CartDetails (BAKERBAZZAR.API)'
2024-11-13 00:04:18.404 +05:30  INF  Request finished HTTP/1.1 GET http://localhost:5145/User/CartDetails?displayid=702dcb1e-b399-4b22-a4ad-ac33169d26fd - - - 200 - application/json;+charset=utf-8 31.4327ms
2024-11-13 00:04:18.543 +05:30  INF  Request starting HTTP/1.1 GET http://localhost:5145/User/CartDetails?displayid=702dcb1e-b399-4b22-a4ad-ac33169d26fd - -
2024-11-13 00:04:18.543 +05:30  INF  CORS policy execution successful.
2024-11-13 00:04:18.543 +05:30  INF  Executing endpoint 'BAKERBAZZAR.API.Controller.UserController.CartDetails (BAKERBAZZAR.API)'
2024-11-13 00:04:18.543 +05:30  INF  Route matched with {action = "CartDetails", controller = "User"}. Executing controller action with signature System.Threading.Tasks.Task`1[Microsoft.AspNetCore.Mvc.ActionResult`1[BAKERBAZZAR.API.Models.ApiResponse]] CartDetails(System.String) on controller BAKERBAZZAR.API.Controller.UserController (BAKERBAZZAR.API).
2024-11-13 00:04:18.560 +05:30  INF  Executing ObjectResult, writing value of type 'BAKERBAZZAR.API.Models.ApiResponse'.
2024-11-13 00:04:18.560 +05:30  INF  Executed action BAKERBAZZAR.API.Controller.UserController.CartDetails (BAKERBAZZAR.API) in 17.013ms
2024-11-13 00:04:18.560 +05:30  INF  Executed endpoint 'BAKERBAZZAR.API.Controller.UserController.CartDetails (BAKERBAZZAR.API)'
2024-11-13 00:04:18.560 +05:30  INF  Request finished HTTP/1.1 GET http://localhost:5145/User/CartDetails?displayid=702dcb1e-b399-4b22-a4ad-ac33169d26fd - - - 200 - application/json;+charset=utf-8 17.5144ms
2024-11-13 00:04:40.353 +05:30  INF  Request starting HTTP/1.1 GET http://localhost:5145/User/CartDetails?displayid=702dcb1e-b399-4b22-a4ad-ac33169d26fd - -
2024-11-13 00:04:40.353 +05:30  INF  CORS policy execution successful.
2024-11-13 00:04:40.354 +05:30  INF  Executing endpoint 'BAKERBAZZAR.API.Controller.UserController.CartDetails (BAKERBAZZAR.API)'
2024-11-13 00:04:40.354 +05:30  INF  Route matched with {action = "CartDetails", controller = "User"}. Executing controller action with signature System.Threading.Tasks.Task`1[Microsoft.AspNetCore.Mvc.ActionResult`1[BAKERBAZZAR.API.Models.ApiResponse]] CartDetails(System.String) on controller BAKERBAZZAR.API.Controller.UserController (BAKERBAZZAR.API).
2024-11-13 00:04:40.417 +05:30  INF  Executing ObjectResult, writing value of type 'BAKERBAZZAR.API.Models.ApiResponse'.
2024-11-13 00:04:40.418 +05:30  INF  Executed action BAKERBAZZAR.API.Controller.UserController.CartDetails (BAKERBAZZAR.API) in 63.9081ms
2024-11-13 00:04:40.418 +05:30  INF  Executed endpoint 'BAKERBAZZAR.API.Controller.UserController.CartDetails (BAKERBAZZAR.API)'
2024-11-13 00:04:40.418 +05:30  INF  Request finished HTTP/1.1 GET http://localhost:5145/User/CartDetails?displayid=702dcb1e-b399-4b22-a4ad-ac33169d26fd - - - 200 - application/json;+charset=utf-8 64.6049ms
2024-11-13 00:05:57.771 +05:30  INF  Request starting HTTP/1.1 GET http://localhost:5145/User/CartDetails?displayid=702dcb1e-b399-4b22-a4ad-ac33169d26fd - -
2024-11-13 00:05:57.771 +05:30  INF  CORS policy execution successful.
2024-11-13 00:05:57.771 +05:30  INF  Executing endpoint 'BAKERBAZZAR.API.Controller.UserController.CartDetails (BAKERBAZZAR.API)'
2024-11-13 00:05:57.772 +05:30  INF  Route matched with {action = "CartDetails", controller = "User"}. Executing controller action with signature System.Threading.Tasks.Task`1[Microsoft.AspNetCore.Mvc.ActionResult`1[BAKERBAZZAR.API.Models.ApiResponse]] CartDetails(System.String) on controller BAKERBAZZAR.API.Controller.UserController (BAKERBAZZAR.API).
2024-11-13 00:05:57.796 +05:30  INF  Executing ObjectResult, writing value of type 'BAKERBAZZAR.API.Models.ApiResponse'.
2024-11-13 00:05:57.797 +05:30  INF  Executed action BAKERBAZZAR.API.Controller.UserController.CartDetails (BAKERBAZZAR.API) in 25.0628ms
2024-11-13 00:05:57.797 +05:30  INF  Executed endpoint 'BAKERBAZZAR.API.Controller.UserController.CartDetails (BAKERBAZZAR.API)'
2024-11-13 00:05:57.797 +05:30  INF  Request finished HTTP/1.1 GET http://localhost:5145/User/CartDetails?displayid=702dcb1e-b399-4b22-a4ad-ac33169d26fd - - - 200 - application/json;+charset=utf-8 25.9136ms
2024-11-13 00:05:57.942 +05:30  INF  Request starting HTTP/1.1 GET http://localhost:5145/User/CartDetails?displayid=702dcb1e-b399-4b22-a4ad-ac33169d26fd - -
2024-11-13 00:05:57.942 +05:30  INF  CORS policy execution successful.
2024-11-13 00:05:57.942 +05:30  INF  Executing endpoint 'BAKERBAZZAR.API.Controller.UserController.CartDetails (BAKERBAZZAR.API)'
2024-11-13 00:05:57.942 +05:30  INF  Route matched with {action = "CartDetails", controller = "User"}. Executing controller action with signature System.Threading.Tasks.Task`1[Microsoft.AspNetCore.Mvc.ActionResult`1[BAKERBAZZAR.API.Models.ApiResponse]] CartDetails(System.String) on controller BAKERBAZZAR.API.Controller.UserController (BAKERBAZZAR.API).
2024-11-13 00:05:57.946 +05:30  INF  Executing ObjectResult, writing value of type 'BAKERBAZZAR.API.Models.ApiResponse'.
2024-11-13 00:05:57.946 +05:30  INF  Executed action BAKERBAZZAR.API.Controller.UserController.CartDetails (BAKERBAZZAR.API) in 4.172ms
2024-11-13 00:05:57.946 +05:30  INF  Executed endpoint 'BAKERBAZZAR.API.Controller.UserController.CartDetails (BAKERBAZZAR.API)'
2024-11-13 00:05:57.946 +05:30  INF  Request finished HTTP/1.1 GET http://localhost:5145/User/CartDetails?displayid=702dcb1e-b399-4b22-a4ad-ac33169d26fd - - - 200 - application/json;+charset=utf-8 4.4967ms
2024-11-13 00:07:08.982 +05:30  INF  Request starting HTTP/1.1 GET http://localhost:5145/User/CartDetails?displayid=702dcb1e-b399-4b22-a4ad-ac33169d26fd - -
2024-11-13 00:07:08.983 +05:30  INF  CORS policy execution successful.
2024-11-13 00:07:08.983 +05:30  INF  Executing endpoint 'BAKERBAZZAR.API.Controller.UserController.CartDetails (BAKERBAZZAR.API)'
2024-11-13 00:07:08.983 +05:30  INF  Route matched with {action = "CartDetails", controller = "User"}. Executing controller action with signature System.Threading.Tasks.Task`1[Microsoft.AspNetCore.Mvc.ActionResult`1[BAKERBAZZAR.API.Models.ApiResponse]] CartDetails(System.String) on controller BAKERBAZZAR.API.Controller.UserController (BAKERBAZZAR.API).
2024-11-13 00:07:09.011 +05:30  INF  Executing ObjectResult, writing value of type 'BAKERBAZZAR.API.Models.ApiResponse'.
2024-11-13 00:07:09.011 +05:30  INF  Executed action BAKERBAZZAR.API.Controller.UserController.CartDetails (BAKERBAZZAR.API) in 28.2808ms
2024-11-13 00:07:09.011 +05:30  INF  Executed endpoint 'BAKERBAZZAR.API.Controller.UserController.CartDetails (BAKERBAZZAR.API)'
2024-11-13 00:07:09.011 +05:30  INF  Request finished HTTP/1.1 GET http://localhost:5145/User/CartDetails?displayid=702dcb1e-b399-4b22-a4ad-ac33169d26fd - - - 200 - application/json;+charset=utf-8 28.9301ms
2024-11-13 00:07:09.152 +05:30  INF  Request starting HTTP/1.1 GET http://localhost:5145/User/CartDetails?displayid=702dcb1e-b399-4b22-a4ad-ac33169d26fd - -
2024-11-13 00:07:09.152 +05:30  INF  CORS policy execution successful.
2024-11-13 00:07:09.152 +05:30  INF  Executing endpoint 'BAKERBAZZAR.API.Controller.UserController.CartDetails (BAKERBAZZAR.API)'
2024-11-13 00:07:09.152 +05:30  INF  Route matched with {action = "CartDetails", controller = "User"}. Executing controller action with signature System.Threading.Tasks.Task`1[Microsoft.AspNetCore.Mvc.ActionResult`1[BAKERBAZZAR.API.Models.ApiResponse]] CartDetails(System.String) on controller BAKERBAZZAR.API.Controller.UserController (BAKERBAZZAR.API).
2024-11-13 00:07:09.155 +05:30  INF  Executing ObjectResult, writing value of type 'BAKERBAZZAR.API.Models.ApiResponse'.
2024-11-13 00:07:09.155 +05:30  INF  Executed action BAKERBAZZAR.API.Controller.UserController.CartDetails (BAKERBAZZAR.API) in 3.2905ms
2024-11-13 00:07:09.155 +05:30  INF  Executed endpoint 'BAKERBAZZAR.API.Controller.UserController.CartDetails (BAKERBAZZAR.API)'
2024-11-13 00:07:09.155 +05:30  INF  Request finished HTTP/1.1 GET http://localhost:5145/User/CartDetails?displayid=702dcb1e-b399-4b22-a4ad-ac33169d26fd - - - 200 - application/json;+charset=utf-8 3.5796ms
2024-11-13 00:07:09.327 +05:30  INF  Request starting HTTP/1.1 GET http://localhost:5145/User/CartDetails?displayid=702dcb1e-b399-4b22-a4ad-ac33169d26fd - -
2024-11-13 00:07:09.327 +05:30  INF  CORS policy execution successful.
2024-11-13 00:07:09.327 +05:30  INF  Executing endpoint 'BAKERBAZZAR.API.Controller.UserController.CartDetails (BAKERBAZZAR.API)'
2024-11-13 00:07:09.327 +05:30  INF  Route matched with {action = "CartDetails", controller = "User"}. Executing controller action with signature System.Threading.Tasks.Task`1[Microsoft.AspNetCore.Mvc.ActionResult`1[BAKERBAZZAR.API.Models.ApiResponse]] CartDetails(System.String) on controller BAKERBAZZAR.API.Controller.UserController (BAKERBAZZAR.API).
2024-11-13 00:07:09.328 +05:30  INF  Request starting HTTP/1.1 GET http://localhost:5145/User/Category - -
2024-11-13 00:07:09.328 +05:30  INF  CORS policy execution successful.
2024-11-13 00:07:09.328 +05:30  INF  Executing endpoint 'BAKERBAZZAR.API.Controller.UserController.Category (BAKERBAZZAR.API)'
2024-11-13 00:07:09.329 +05:30  INF  Route matched with {action = "Category", controller = "User"}. Executing controller action with signature System.Threading.Tasks.Task`1[Microsoft.AspNetCore.Mvc.ActionResult`1[BAKERBAZZAR.API.Models.ApiResponse]] Category(System.String) on controller BAKERBAZZAR.API.Controller.UserController (BAKERBAZZAR.API).
2024-11-13 00:07:09.331 +05:30  INF  Request starting HTTP/1.1 GET http://localhost:5145/user/products?categoryid= - -
2024-11-13 00:07:09.331 +05:30  INF  CORS policy execution successful.
2024-11-13 00:07:09.331 +05:30  INF  Executing endpoint 'BAKERBAZZAR.API.Controller.UserController.Products (BAKERBAZZAR.API)'
2024-11-13 00:07:09.331 +05:30  INF  Route matched with {action = "Products", controller = "User"}. Executing controller action with signature System.Threading.Tasks.Task`1[Microsoft.AspNetCore.Mvc.ActionResult`1[BAKERBAZZAR.API.Models.ApiResponse]] Products(System.String, System.String) on controller BAKERBAZZAR.API.Controller.UserController (BAKERBAZZAR.API).
2024-11-13 00:07:09.333 +05:30  INF  Executing ObjectResult, writing value of type 'BAKERBAZZAR.API.Models.ApiResponse'.
2024-11-13 00:07:09.333 +05:30  INF  Executed action BAKERBAZZAR.API.Controller.UserController.CartDetails (BAKERBAZZAR.API) in 6.1237ms
2024-11-13 00:07:09.333 +05:30  INF  Executed endpoint 'BAKERBAZZAR.API.Controller.UserController.CartDetails (BAKERBAZZAR.API)'
2024-11-13 00:07:09.333 +05:30  INF  Request finished HTTP/1.1 GET http://localhost:5145/User/CartDetails?displayid=702dcb1e-b399-4b22-a4ad-ac33169d26fd - - - 200 - application/json;+charset=utf-8 6.4893ms
2024-11-13 00:07:09.341 +05:30  INF  Request starting HTTP/1.1 GET http://localhost:5145/user/myorders?displayid=e62f03f4-2dcf-4f80-bc23-341651bd9338 - -
2024-11-13 00:07:09.341 +05:30  INF  CORS policy execution successful.
2024-11-13 00:07:09.341 +05:30  INF  Executing endpoint 'BAKERBAZZAR.API.Controller.UserController.MyOrders (BAKERBAZZAR.API)'
2024-11-13 00:07:09.341 +05:30  INF  Route matched with {action = "MyOrders", controller = "User"}. Executing controller action with signature System.Threading.Tasks.Task`1[Microsoft.AspNetCore.Mvc.ActionResult`1[BAKERBAZZAR.API.Models.ApiResponse]] MyOrders(System.String, System.String, System.String) on controller BAKERBAZZAR.API.Controller.UserController (BAKERBAZZAR.API).
2024-11-13 00:07:09.357 +05:30  INF  Executing ObjectResult, writing value of type 'BAKERBAZZAR.API.Models.ApiResponse'.
2024-11-13 00:07:09.359 +05:30  INF  Executed action BAKERBAZZAR.API.Controller.UserController.Products (BAKERBAZZAR.API) in 27.6589ms
2024-11-13 00:07:09.359 +05:30  INF  Executed endpoint 'BAKERBAZZAR.API.Controller.UserController.Products (BAKERBAZZAR.API)'
2024-11-13 00:07:09.359 +05:30  INF  Request finished HTTP/1.1 GET http://localhost:5145/user/products?categoryid= - - - 200 - application/json;+charset=utf-8 28.1198ms
2024-11-13 00:07:09.374 +05:30  INF  Executing ObjectResult, writing value of type 'BAKERBAZZAR.API.Models.ApiResponse'.
2024-11-13 00:07:09.375 +05:30  INF  Executed action BAKERBAZZAR.API.Controller.UserController.Category (BAKERBAZZAR.API) in 45.7071ms
2024-11-13 00:07:09.375 +05:30  INF  Executed endpoint 'BAKERBAZZAR.API.Controller.UserController.Category (BAKERBAZZAR.API)'
2024-11-13 00:07:09.375 +05:30  INF  Request finished HTTP/1.1 GET http://localhost:5145/User/Category - - - 200 - application/json;+charset=utf-8 46.3348ms
2024-11-13 00:07:09.404 +05:30  INF  Executing ObjectResult, writing value of type 'BAKERBAZZAR.API.Models.ApiResponse'.
2024-11-13 00:07:09.405 +05:30  INF  Executed action BAKERBAZZAR.API.Controller.UserController.MyOrders (BAKERBAZZAR.API) in 63.2949ms
2024-11-13 00:07:09.405 +05:30  INF  Executed endpoint 'BAKERBAZZAR.API.Controller.UserController.MyOrders (BAKERBAZZAR.API)'
2024-11-13 00:07:09.405 +05:30  INF  Request finished HTTP/1.1 GET http://localhost:5145/user/myorders?displayid=e62f03f4-2dcf-4f80-bc23-341651bd9338 - - - 200 - application/json;+charset=utf-8 63.9878ms
2024-11-13 00:07:09.495 +05:30  INF  Request starting HTTP/1.1 GET http://localhost:5145/User/CartDetails?displayid=702dcb1e-b399-4b22-a4ad-ac33169d26fd - -
2024-11-13 00:07:09.495 +05:30  INF  CORS policy execution successful.
2024-11-13 00:07:09.495 +05:30  INF  Executing endpoint 'BAKERBAZZAR.API.Controller.UserController.CartDetails (BAKERBAZZAR.API)'
2024-11-13 00:07:09.495 +05:30  INF  Route matched with {action = "CartDetails", controller = "User"}. Executing controller action with signature System.Threading.Tasks.Task`1[Microsoft.AspNetCore.Mvc.ActionResult`1[BAKERBAZZAR.API.Models.ApiResponse]] CartDetails(System.String) on controller BAKERBAZZAR.API.Controller.UserController (BAKERBAZZAR.API).
2024-11-13 00:07:09.498 +05:30  INF  Request starting HTTP/1.1 GET http://localhost:5145/User/Category - -
2024-11-13 00:07:09.498 +05:30  INF  CORS policy execution successful.
2024-11-13 00:07:09.498 +05:30  INF  Executing endpoint 'BAKERBAZZAR.API.Controller.UserController.Category (BAKERBAZZAR.API)'
2024-11-13 00:07:09.498 +05:30  INF  Route matched with {action = "Category", controller = "User"}. Executing controller action with signature System.Threading.Tasks.Task`1[Microsoft.AspNetCore.Mvc.ActionResult`1[BAKERBAZZAR.API.Models.ApiResponse]] Category(System.String) on controller BAKERBAZZAR.API.Controller.UserController (BAKERBAZZAR.API).
2024-11-13 00:07:09.499 +05:30  INF  Executing ObjectResult, writing value of type 'BAKERBAZZAR.API.Models.ApiResponse'.
2024-11-13 00:07:09.499 +05:30  INF  Executed action BAKERBAZZAR.API.Controller.UserController.CartDetails (BAKERBAZZAR.API) in 4.2361ms
2024-11-13 00:07:09.499 +05:30  INF  Executed endpoint 'BAKERBAZZAR.API.Controller.UserController.CartDetails (BAKERBAZZAR.API)'
2024-11-13 00:07:09.500 +05:30  INF  Request finished HTTP/1.1 GET http://localhost:5145/User/CartDetails?displayid=702dcb1e-b399-4b22-a4ad-ac33169d26fd - - - 200 - application/json;+charset=utf-8 4.5356ms
2024-11-13 00:07:09.500 +05:30  INF  Executing ObjectResult, writing value of type 'BAKERBAZZAR.API.Models.ApiResponse'.
2024-11-13 00:07:09.500 +05:30  INF  Executed action BAKERBAZZAR.API.Controller.UserController.Category (BAKERBAZZAR.API) in 1.9686ms
2024-11-13 00:07:09.500 +05:30  INF  Executed endpoint 'BAKERBAZZAR.API.Controller.UserController.Category (BAKERBAZZAR.API)'
2024-11-13 00:07:09.500 +05:30  INF  Request finished HTTP/1.1 GET http://localhost:5145/User/Category - - - 200 - application/json;+charset=utf-8 2.4358ms
2024-11-13 00:07:09.501 +05:30  INF  Request starting HTTP/1.1 GET http://localhost:5145/user/products?categoryid= - -
2024-11-13 00:07:09.501 +05:30  INF  CORS policy execution successful.
2024-11-13 00:07:09.501 +05:30  INF  Executing endpoint 'BAKERBAZZAR.API.Controller.UserController.Products (BAKERBAZZAR.API)'
2024-11-13 00:07:09.501 +05:30  INF  Route matched with {action = "Products", controller = "User"}. Executing controller action with signature System.Threading.Tasks.Task`1[Microsoft.AspNetCore.Mvc.ActionResult`1[BAKERBAZZAR.API.Models.ApiResponse]] Products(System.String, System.String) on controller BAKERBAZZAR.API.Controller.UserController (BAKERBAZZAR.API).
2024-11-13 00:07:09.504 +05:30  INF  Executing ObjectResult, writing value of type 'BAKERBAZZAR.API.Models.ApiResponse'.
2024-11-13 00:07:09.504 +05:30  INF  Executed action BAKERBAZZAR.API.Controller.UserController.Products (BAKERBAZZAR.API) in 3.4312ms
2024-11-13 00:07:09.504 +05:30  INF  Executed endpoint 'BAKERBAZZAR.API.Controller.UserController.Products (BAKERBAZZAR.API)'
2024-11-13 00:07:09.504 +05:30  INF  Request finished HTTP/1.1 GET http://localhost:5145/user/products?categoryid= - - - 200 - application/json;+charset=utf-8 3.7383ms
2024-11-13 00:07:41.847 +05:30  INF  Request starting HTTP/1.1 GET http://localhost:5145/user/products?categoryid=a9a698e1-f5d7-46b7-bed9-3eaa04c2e913 - -
2024-11-13 00:07:41.848 +05:30  INF  CORS policy execution successful.
2024-11-13 00:07:41.848 +05:30  INF  Executing endpoint 'BAKERBAZZAR.API.Controller.UserController.Products (BAKERBAZZAR.API)'
2024-11-13 00:07:41.848 +05:30  INF  Route matched with {action = "Products", controller = "User"}. Executing controller action with signature System.Threading.Tasks.Task`1[Microsoft.AspNetCore.Mvc.ActionResult`1[BAKERBAZZAR.API.Models.ApiResponse]] Products(System.String, System.String) on controller BAKERBAZZAR.API.Controller.UserController (BAKERBAZZAR.API).
2024-11-13 00:07:41.856 +05:30  INF  Executing ObjectResult, writing value of type 'BAKERBAZZAR.API.Models.ApiResponse'.
2024-11-13 00:07:41.856 +05:30  INF  Executed action BAKERBAZZAR.API.Controller.UserController.Products (BAKERBAZZAR.API) in 8.0443ms
2024-11-13 00:07:41.856 +05:30  INF  Executed endpoint 'BAKERBAZZAR.API.Controller.UserController.Products (BAKERBAZZAR.API)'
2024-11-13 00:07:41.856 +05:30  INF  Request finished HTTP/1.1 GET http://localhost:5145/user/products?categoryid=a9a698e1-f5d7-46b7-bed9-3eaa04c2e913 - - - 200 - application/json;+charset=utf-8 8.9584ms
2024-11-13 00:07:43.479 +05:30  INF  Request starting HTTP/1.1 OPTIONS http://localhost:5145/User/AddToCart - -
2024-11-13 00:07:43.479 +05:30  INF  CORS policy execution successful.
2024-11-13 00:07:43.481 +05:30  INF  Request finished HTTP/1.1 OPTIONS http://localhost:5145/User/AddToCart - - - 204 - - 2.2788ms
2024-11-13 00:07:43.482 +05:30  INF  Request starting HTTP/1.1 POST http://localhost:5145/User/AddToCart application/json 140
2024-11-13 00:07:43.482 +05:30  INF  CORS policy execution successful.
2024-11-13 00:07:43.482 +05:30  INF  Executing endpoint 'BAKERBAZZAR.API.Controller.UserController.AddToCart (BAKERBAZZAR.API)'
2024-11-13 00:07:43.482 +05:30  INF  Route matched with {action = "AddToCart", controller = "User"}. Executing controller action with signature System.Threading.Tasks.Task`1[Microsoft.AspNetCore.Mvc.ActionResult`1[BAKERBAZZAR.API.Models.ApiResponse]] AddToCart(BAKERBAZZAR.API.Models.IO_Templates.AddToCartRequest) on controller BAKERBAZZAR.API.Controller.UserController (BAKERBAZZAR.API).
2024-11-13 00:07:43.497 +05:30  INF  Executing ObjectResult, writing value of type 'BAKERBAZZAR.API.Models.ApiResponse'.
2024-11-13 00:07:43.498 +05:30  INF  Executed action BAKERBAZZAR.API.Controller.UserController.AddToCart (BAKERBAZZAR.API) in 15.0091ms
2024-11-13 00:07:43.498 +05:30  INF  Executed endpoint 'BAKERBAZZAR.API.Controller.UserController.AddToCart (BAKERBAZZAR.API)'
2024-11-13 00:07:43.498 +05:30  INF  Request finished HTTP/1.1 POST http://localhost:5145/User/AddToCart application/json 140 - 200 - application/json;+charset=utf-8 15.4435ms
2024-11-13 00:07:44.942 +05:30  INF  Request starting HTTP/1.1 GET http://localhost:5145/User/CartDetails?displayid=702dcb1e-b399-4b22-a4ad-ac33169d26fd - -
2024-11-13 00:07:44.943 +05:30  INF  CORS policy execution successful.
2024-11-13 00:07:44.943 +05:30  INF  Executing endpoint 'BAKERBAZZAR.API.Controller.UserController.CartDetails (BAKERBAZZAR.API)'
2024-11-13 00:07:44.943 +05:30  INF  Route matched with {action = "CartDetails", controller = "User"}. Executing controller action with signature System.Threading.Tasks.Task`1[Microsoft.AspNetCore.Mvc.ActionResult`1[BAKERBAZZAR.API.Models.ApiResponse]] CartDetails(System.String) on controller BAKERBAZZAR.API.Controller.UserController (BAKERBAZZAR.API).
2024-11-13 00:07:44.958 +05:30  INF  Executing ObjectResult, writing value of type 'BAKERBAZZAR.API.Models.ApiResponse'.
2024-11-13 00:07:44.959 +05:30  INF  Executed action BAKERBAZZAR.API.Controller.UserController.CartDetails (BAKERBAZZAR.API) in 15.8876ms
2024-11-13 00:07:44.959 +05:30  INF  Executed endpoint 'BAKERBAZZAR.API.Controller.UserController.CartDetails (BAKERBAZZAR.API)'
2024-11-13 00:07:44.959 +05:30  INF  Request finished HTTP/1.1 GET http://localhost:5145/User/CartDetails?displayid=702dcb1e-b399-4b22-a4ad-ac33169d26fd - - - 200 - application/json;+charset=utf-8 16.3486ms
2024-11-13 00:07:45.112 +05:30  INF  Request starting HTTP/1.1 GET http://localhost:5145/User/CartDetails?displayid=702dcb1e-b399-4b22-a4ad-ac33169d26fd - -
2024-11-13 00:07:45.112 +05:30  INF  CORS policy execution successful.
2024-11-13 00:07:45.112 +05:30  INF  Executing endpoint 'BAKERBAZZAR.API.Controller.UserController.CartDetails (BAKERBAZZAR.API)'
2024-11-13 00:07:45.112 +05:30  INF  Route matched with {action = "CartDetails", controller = "User"}. Executing controller action with signature System.Threading.Tasks.Task`1[Microsoft.AspNetCore.Mvc.ActionResult`1[BAKERBAZZAR.API.Models.ApiResponse]] CartDetails(System.String) on controller BAKERBAZZAR.API.Controller.UserController (BAKERBAZZAR.API).
2024-11-13 00:07:45.115 +05:30  INF  Executing ObjectResult, writing value of type 'BAKERBAZZAR.API.Models.ApiResponse'.
2024-11-13 00:07:45.115 +05:30  INF  Executed action BAKERBAZZAR.API.Controller.UserController.CartDetails (BAKERBAZZAR.API) in 3.1944ms
2024-11-13 00:07:45.115 +05:30  INF  Executed endpoint 'BAKERBAZZAR.API.Controller.UserController.CartDetails (BAKERBAZZAR.API)'
2024-11-13 00:07:45.115 +05:30  INF  Request finished HTTP/1.1 GET http://localhost:5145/User/CartDetails?displayid=702dcb1e-b399-4b22-a4ad-ac33169d26fd - - - 200 - application/json;+charset=utf-8 3.5100ms
2024-11-13 00:07:56.017 +05:30  INF  Request starting HTTP/1.1 GET http://localhost:5145/User/CartDetails?displayid=702dcb1e-b399-4b22-a4ad-ac33169d26fd - -
2024-11-13 00:07:56.017 +05:30  INF  CORS policy execution successful.
2024-11-13 00:07:56.017 +05:30  INF  Executing endpoint 'BAKERBAZZAR.API.Controller.UserController.CartDetails (BAKERBAZZAR.API)'
2024-11-13 00:07:56.018 +05:30  INF  Route matched with {action = "CartDetails", controller = "User"}. Executing controller action with signature System.Threading.Tasks.Task`1[Microsoft.AspNetCore.Mvc.ActionResult`1[BAKERBAZZAR.API.Models.ApiResponse]] CartDetails(System.String) on controller BAKERBAZZAR.API.Controller.UserController (BAKERBAZZAR.API).
2024-11-13 00:07:56.034 +05:30  INF  Executing ObjectResult, writing value of type 'BAKERBAZZAR.API.Models.ApiResponse'.
2024-11-13 00:07:56.034 +05:30  INF  Executed action BAKERBAZZAR.API.Controller.UserController.CartDetails (BAKERBAZZAR.API) in 16.8772ms
2024-11-13 00:07:56.034 +05:30  INF  Executed endpoint 'BAKERBAZZAR.API.Controller.UserController.CartDetails (BAKERBAZZAR.API)'
2024-11-13 00:07:56.034 +05:30  INF  Request finished HTTP/1.1 GET http://localhost:5145/User/CartDetails?displayid=702dcb1e-b399-4b22-a4ad-ac33169d26fd - - - 200 - application/json;+charset=utf-8 17.7735ms
2024-11-13 00:07:56.185 +05:30  INF  Request starting HTTP/1.1 GET http://localhost:5145/User/CartDetails?displayid=702dcb1e-b399-4b22-a4ad-ac33169d26fd - -
2024-11-13 00:07:56.185 +05:30  INF  CORS policy execution successful.
2024-11-13 00:07:56.185 +05:30  INF  Executing endpoint 'BAKERBAZZAR.API.Controller.UserController.CartDetails (BAKERBAZZAR.API)'
2024-11-13 00:07:56.185 +05:30  INF  Route matched with {action = "CartDetails", controller = "User"}. Executing controller action with signature System.Threading.Tasks.Task`1[Microsoft.AspNetCore.Mvc.ActionResult`1[BAKERBAZZAR.API.Models.ApiResponse]] CartDetails(System.String) on controller BAKERBAZZAR.API.Controller.UserController (BAKERBAZZAR.API).
2024-11-13 00:07:56.188 +05:30  INF  Executing ObjectResult, writing value of type 'BAKERBAZZAR.API.Models.ApiResponse'.
2024-11-13 00:07:56.189 +05:30  INF  Executed action BAKERBAZZAR.API.Controller.UserController.CartDetails (BAKERBAZZAR.API) in 3.2748ms
2024-11-13 00:07:56.189 +05:30  INF  Executed endpoint 'BAKERBAZZAR.API.Controller.UserController.CartDetails (BAKERBAZZAR.API)'
2024-11-13 00:07:56.189 +05:30  INF  Request finished HTTP/1.1 GET http://localhost:5145/User/CartDetails?displayid=702dcb1e-b399-4b22-a4ad-ac33169d26fd - - - 200 - application/json;+charset=utf-8 3.6353ms
2024-11-13 10:32:33.839 +05:30  INF  User profile is available. Using 'C:\Users\kamal\AppData\Local\ASP.NET\DataProtection-Keys' as key repository and Windows DPAPI to encrypt keys at rest.
2024-11-13 10:32:34.347 +05:30  INF  Now listening on: http://localhost:5145
2024-11-13 10:32:34.445 +05:30  INF  Application started. Press Ctrl+C to shut down.
2024-11-13 10:32:34.445 +05:30  INF  Hosting environment: Development
2024-11-13 10:32:34.445 +05:30  INF  Content root path: C:\Users\kamal\OneDrive\Desktop\BakerBazzar\API Code\BAKERBAZZAR.API
2024-11-13 10:32:35.046 +05:30  INF  Request starting HTTP/1.1 GET http://localhost:5145/swagger/index.html - -
2024-11-13 10:32:35.277 +05:30  INF  Request finished HTTP/1.1 GET http://localhost:5145/swagger/index.html - - - 200 - text/html;charset=utf-8 232.4032ms
2024-11-13 10:32:35.317 +05:30  INF  Request starting HTTP/1.1 GET http://localhost:5145/_vs/browserLink - -
2024-11-13 10:32:35.333 +05:30  INF  Request starting HTTP/1.1 GET http://localhost:5145/_framework/aspnetcore-browser-refresh.js - -
2024-11-13 10:32:35.335 +05:30  INF  Request finished HTTP/1.1 GET http://localhost:5145/_framework/aspnetcore-browser-refresh.js - - - 200 13766 application/javascript;+charset=utf-8 2.6134ms
2024-11-13 10:32:35.557 +05:30  INF  Request finished HTTP/1.1 GET http://localhost:5145/_vs/browserLink - - - 200 - text/javascript;+charset=UTF-8 240.1750ms
2024-11-13 10:32:35.691 +05:30  INF  Request starting HTTP/1.1 GET http://localhost:5145/swagger/v1/swagger.json - -
2024-11-13 10:32:35.854 +05:30  INF  Request finished HTTP/1.1 GET http://localhost:5145/swagger/v1/swagger.json - - - 200 - application/json;charset=utf-8 162.6433ms
2024-11-13 10:32:37.295 +05:30  INF  Request starting HTTP/1.1 OPTIONS http://localhost:5145/Authentication/Login - -
2024-11-13 10:32:37.301 +05:30  INF  CORS policy execution successful.
2024-11-13 10:32:37.302 +05:30  INF  Request finished HTTP/1.1 OPTIONS http://localhost:5145/Authentication/Login - - - 204 - - 6.8785ms
2024-11-13 10:32:37.303 +05:30  INF  Request starting HTTP/1.1 POST http://localhost:5145/Authentication/Login application/json 37
2024-11-13 10:32:37.304 +05:30  INF  CORS policy execution successful.
2024-11-13 10:32:37.341 +05:30  INF  Executing endpoint 'BAKERBAZZAR.API.Controller.AuthenticationController.VerifyUser (BAKERBAZZAR.API)'
2024-11-13 10:32:37.368 +05:30  INF  Route matched with {action = "VerifyUser", controller = "Authentication"}. Executing controller action with signature System.Threading.Tasks.Task`1[Microsoft.AspNetCore.Mvc.ActionResult`1[BAKERBAZZAR.API.Models.ApiResponse]] VerifyUser(BAKERBAZZAR.API.Models.IO_Templates.LoginRequest) on controller BAKERBAZZAR.API.Controller.AuthenticationController (BAKERBAZZAR.API).
2024-11-13 10:32:37.398 +05:30  INF  verify user execution start
2024-11-13 10:32:38.197 +05:30  INF  verify user execution end
2024-11-13 10:32:38.205 +05:30  INF  Executing ObjectResult, writing value of type 'BAKERBAZZAR.API.Models.ApiResponse'.
2024-11-13 10:32:38.257 +05:30  INF  Executed action BAKERBAZZAR.API.Controller.AuthenticationController.VerifyUser (BAKERBAZZAR.API) in 883.9001ms
2024-11-13 10:32:38.258 +05:30  INF  Executed endpoint 'BAKERBAZZAR.API.Controller.AuthenticationController.VerifyUser (BAKERBAZZAR.API)'
2024-11-13 10:32:38.260 +05:30  INF  Request finished HTTP/1.1 POST http://localhost:5145/Authentication/Login application/json 37 - 200 - application/json;+charset=utf-8 956.8217ms
2024-11-13 10:32:56.586 +05:30  INF  Request starting HTTP/1.1 GET http://localhost:5145/User/Category - -
2024-11-13 10:32:56.589 +05:30  INF  CORS policy execution successful.
2024-11-13 10:32:56.589 +05:30  INF  Request starting HTTP/1.1 GET http://localhost:5145/user/products?categoryid= - -
2024-11-13 10:32:56.591 +05:30  INF  Executing endpoint 'BAKERBAZZAR.API.Controller.UserController.Category (BAKERBAZZAR.API)'
2024-11-13 10:32:56.592 +05:30  INF  CORS policy execution successful.
2024-11-13 10:32:56.595 +05:30  INF  Executing endpoint 'BAKERBAZZAR.API.Controller.UserController.Products (BAKERBAZZAR.API)'
2024-11-13 10:32:56.598 +05:30  INF  Route matched with {action = "Category", controller = "User"}. Executing controller action with signature System.Threading.Tasks.Task`1[Microsoft.AspNetCore.Mvc.ActionResult`1[BAKERBAZZAR.API.Models.ApiResponse]] Category(System.String) on controller BAKERBAZZAR.API.Controller.UserController (BAKERBAZZAR.API).
2024-11-13 10:32:56.599 +05:30  INF  Route matched with {action = "Products", controller = "User"}. Executing controller action with signature System.Threading.Tasks.Task`1[Microsoft.AspNetCore.Mvc.ActionResult`1[BAKERBAZZAR.API.Models.ApiResponse]] Products(System.String, System.String) on controller BAKERBAZZAR.API.Controller.UserController (BAKERBAZZAR.API).
2024-11-13 10:32:56.625 +05:30  INF  Request starting HTTP/1.1 GET http://localhost:5145/user/myorders?displayid=e62f03f4-2dcf-4f80-bc23-341651bd9338 - -
2024-11-13 10:32:56.626 +05:30  INF  CORS policy execution successful.
2024-11-13 10:32:56.626 +05:30  INF  Executing endpoint 'BAKERBAZZAR.API.Controller.UserController.MyOrders (BAKERBAZZAR.API)'
2024-11-13 10:32:56.631 +05:30  INF  Route matched with {action = "MyOrders", controller = "User"}. Executing controller action with signature System.Threading.Tasks.Task`1[Microsoft.AspNetCore.Mvc.ActionResult`1[BAKERBAZZAR.API.Models.ApiResponse]] MyOrders(System.String, System.String, System.String) on controller BAKERBAZZAR.API.Controller.UserController (BAKERBAZZAR.API).
2024-11-13 10:32:57.018 +05:30  INF  Executing ObjectResult, writing value of type 'BAKERBAZZAR.API.Models.ApiResponse'.
2024-11-13 10:32:57.022 +05:30  INF  Executed action BAKERBAZZAR.API.Controller.UserController.Category (BAKERBAZZAR.API) in 423.7184ms
2024-11-13 10:32:57.022 +05:30  INF  Executed endpoint 'BAKERBAZZAR.API.Controller.UserController.Category (BAKERBAZZAR.API)'
2024-11-13 10:32:57.022 +05:30  INF  Request finished HTTP/1.1 GET http://localhost:5145/User/Category - - - 200 - application/json;+charset=utf-8 435.7429ms
2024-11-13 10:32:57.023 +05:30  INF  Request starting HTTP/1.1 GET http://localhost:5145/User/Category - -
2024-11-13 10:32:57.024 +05:30  INF  CORS policy execution successful.
2024-11-13 10:32:57.024 +05:30  INF  Executing endpoint 'BAKERBAZZAR.API.Controller.UserController.Category (BAKERBAZZAR.API)'
2024-11-13 10:32:57.024 +05:30  INF  Route matched with {action = "Category", controller = "User"}. Executing controller action with signature System.Threading.Tasks.Task`1[Microsoft.AspNetCore.Mvc.ActionResult`1[BAKERBAZZAR.API.Models.ApiResponse]] Category(System.String) on controller BAKERBAZZAR.API.Controller.UserController (BAKERBAZZAR.API).
2024-11-13 10:32:57.036 +05:30  INF  Executing ObjectResult, writing value of type 'BAKERBAZZAR.API.Models.ApiResponse'.
2024-11-13 10:32:57.065 +05:30  INF  Executed action BAKERBAZZAR.API.Controller.UserController.Products (BAKERBAZZAR.API) in 466.1444ms
2024-11-13 10:32:57.066 +05:30  INF  Executed endpoint 'BAKERBAZZAR.API.Controller.UserController.Products (BAKERBAZZAR.API)'
2024-11-13 10:32:57.066 +05:30  INF  Request finished HTTP/1.1 GET http://localhost:5145/user/products?categoryid= - - - 200 - application/json;+charset=utf-8 476.7175ms
2024-11-13 10:32:57.081 +05:30  INF  Request starting HTTP/1.1 GET http://localhost:5145/user/products?categoryid= - -
2024-11-13 10:32:57.082 +05:30  INF  CORS policy execution successful.
2024-11-13 10:32:57.082 +05:30  INF  Executing endpoint 'BAKERBAZZAR.API.Controller.UserController.Products (BAKERBAZZAR.API)'
2024-11-13 10:32:57.082 +05:30  INF  Route matched with {action = "Products", controller = "User"}. Executing controller action with signature System.Threading.Tasks.Task`1[Microsoft.AspNetCore.Mvc.ActionResult`1[BAKERBAZZAR.API.Models.ApiResponse]] Products(System.String, System.String) on controller BAKERBAZZAR.API.Controller.UserController (BAKERBAZZAR.API).
2024-11-13 10:32:57.103 +05:30  INF  Executing ObjectResult, writing value of type 'BAKERBAZZAR.API.Models.ApiResponse'.
2024-11-13 10:32:57.105 +05:30  INF  Executed action BAKERBAZZAR.API.Controller.UserController.Category (BAKERBAZZAR.API) in 80.3459ms
2024-11-13 10:32:57.105 +05:30  INF  Executed endpoint 'BAKERBAZZAR.API.Controller.UserController.Category (BAKERBAZZAR.API)'
2024-11-13 10:32:57.105 +05:30  INF  Request finished HTTP/1.1 GET http://localhost:5145/User/Category - - - 200 - application/json;+charset=utf-8 81.5622ms
2024-11-13 10:32:57.134 +05:30  INF  Executing ObjectResult, writing value of type 'BAKERBAZZAR.API.Models.ApiResponse'.
2024-11-13 10:32:57.136 +05:30  INF  Executed action BAKERBAZZAR.API.Controller.UserController.Products (BAKERBAZZAR.API) in 54.0184ms
2024-11-13 10:32:57.136 +05:30  INF  Executed endpoint 'BAKERBAZZAR.API.Controller.UserController.Products (BAKERBAZZAR.API)'
2024-11-13 10:32:57.136 +05:30  INF  Request finished HTTP/1.1 GET http://localhost:5145/user/products?categoryid= - - - 200 - application/json;+charset=utf-8 55.0469ms
2024-11-13 10:32:58.721 +05:30  INF  Executing ObjectResult, writing value of type 'BAKERBAZZAR.API.Models.ApiResponse'.
2024-11-13 10:32:58.726 +05:30  INF  Executed action BAKERBAZZAR.API.Controller.UserController.MyOrders (BAKERBAZZAR.API) in 2095.014ms
2024-11-13 10:32:58.726 +05:30  INF  Executed endpoint 'BAKERBAZZAR.API.Controller.UserController.MyOrders (BAKERBAZZAR.API)'
2024-11-13 10:32:58.726 +05:30  INF  Request finished HTTP/1.1 GET http://localhost:5145/user/myorders?displayid=e62f03f4-2dcf-4f80-bc23-341651bd9338 - - - 200 - application/json;+charset=utf-8 2100.4564ms
2024-11-13 10:33:05.197 +05:30  INF  Request starting HTTP/1.1 GET http://localhost:5145/user/products?categoryid=3e85ca1f-91c2-42f2-9b05-bd920051c25e - -
2024-11-13 10:33:05.197 +05:30  INF  CORS policy execution successful.
2024-11-13 10:33:05.197 +05:30  INF  Executing endpoint 'BAKERBAZZAR.API.Controller.UserController.Products (BAKERBAZZAR.API)'
2024-11-13 10:33:05.198 +05:30  INF  Route matched with {action = "Products", controller = "User"}. Executing controller action with signature System.Threading.Tasks.Task`1[Microsoft.AspNetCore.Mvc.ActionResult`1[BAKERBAZZAR.API.Models.ApiResponse]] Products(System.String, System.String) on controller BAKERBAZZAR.API.Controller.UserController (BAKERBAZZAR.API).
2024-11-13 10:33:05.220 +05:30  INF  Executing ObjectResult, writing value of type 'BAKERBAZZAR.API.Models.ApiResponse'.
2024-11-13 10:33:05.221 +05:30  INF  Executed action BAKERBAZZAR.API.Controller.UserController.Products (BAKERBAZZAR.API) in 23.1155ms
2024-11-13 10:33:05.221 +05:30  INF  Executed endpoint 'BAKERBAZZAR.API.Controller.UserController.Products (BAKERBAZZAR.API)'
2024-11-13 10:33:05.221 +05:30  INF  Request finished HTTP/1.1 GET http://localhost:5145/user/products?categoryid=3e85ca1f-91c2-42f2-9b05-bd920051c25e - - - 200 - application/json;+charset=utf-8 23.8186ms
2024-11-13 10:33:07.574 +05:30  INF  Request starting HTTP/1.1 GET http://localhost:5145/User/CartDetails?displayid=702dcb1e-b399-4b22-a4ad-ac33169d26fd - -
2024-11-13 10:33:07.574 +05:30  INF  CORS policy execution successful.
2024-11-13 10:33:07.574 +05:30  INF  Executing endpoint 'BAKERBAZZAR.API.Controller.UserController.CartDetails (BAKERBAZZAR.API)'
2024-11-13 10:33:07.580 +05:30  INF  Route matched with {action = "CartDetails", controller = "User"}. Executing controller action with signature System.Threading.Tasks.Task`1[Microsoft.AspNetCore.Mvc.ActionResult`1[BAKERBAZZAR.API.Models.ApiResponse]] CartDetails(System.String) on controller BAKERBAZZAR.API.Controller.UserController (BAKERBAZZAR.API).
2024-11-13 10:33:07.630 +05:30  INF  Executing ObjectResult, writing value of type 'BAKERBAZZAR.API.Models.ApiResponse'.
2024-11-13 10:33:07.640 +05:30  INF  Executed action BAKERBAZZAR.API.Controller.UserController.CartDetails (BAKERBAZZAR.API) in 60.0315ms
2024-11-13 10:33:07.640 +05:30  INF  Executed endpoint 'BAKERBAZZAR.API.Controller.UserController.CartDetails (BAKERBAZZAR.API)'
2024-11-13 10:33:07.640 +05:30  INF  Request finished HTTP/1.1 GET http://localhost:5145/User/CartDetails?displayid=702dcb1e-b399-4b22-a4ad-ac33169d26fd - - - 200 - application/json;+charset=utf-8 66.5678ms
2024-11-13 10:33:07.642 +05:30  INF  Request starting HTTP/1.1 GET http://localhost:5145/User/CartDetails?displayid=702dcb1e-b399-4b22-a4ad-ac33169d26fd - -
2024-11-13 10:33:07.642 +05:30  INF  CORS policy execution successful.
2024-11-13 10:33:07.642 +05:30  INF  Executing endpoint 'BAKERBAZZAR.API.Controller.UserController.CartDetails (BAKERBAZZAR.API)'
2024-11-13 10:33:07.642 +05:30  INF  Route matched with {action = "CartDetails", controller = "User"}. Executing controller action with signature System.Threading.Tasks.Task`1[Microsoft.AspNetCore.Mvc.ActionResult`1[BAKERBAZZAR.API.Models.ApiResponse]] CartDetails(System.String) on controller BAKERBAZZAR.API.Controller.UserController (BAKERBAZZAR.API).
2024-11-13 10:33:07.645 +05:30  INF  Executing ObjectResult, writing value of type 'BAKERBAZZAR.API.Models.ApiResponse'.
2024-11-13 10:33:07.646 +05:30  INF  Executed action BAKERBAZZAR.API.Controller.UserController.CartDetails (BAKERBAZZAR.API) in 3.6562ms
2024-11-13 10:33:07.646 +05:30  INF  Executed endpoint 'BAKERBAZZAR.API.Controller.UserController.CartDetails (BAKERBAZZAR.API)'
2024-11-13 10:33:07.646 +05:30  INF  Request finished HTTP/1.1 GET http://localhost:5145/User/CartDetails?displayid=702dcb1e-b399-4b22-a4ad-ac33169d26fd - - - 200 - application/json;+charset=utf-8 4.2732ms
2024-11-13 10:33:22.841 +05:30  INF  Request starting HTTP/1.1 GET http://localhost:5145/User/CartDetails?displayid=702dcb1e-b399-4b22-a4ad-ac33169d26fd - -
2024-11-13 10:33:22.842 +05:30  INF  CORS policy execution successful.
2024-11-13 10:33:22.842 +05:30  INF  Executing endpoint 'BAKERBAZZAR.API.Controller.UserController.CartDetails (BAKERBAZZAR.API)'
2024-11-13 10:33:22.842 +05:30  INF  Route matched with {action = "CartDetails", controller = "User"}. Executing controller action with signature System.Threading.Tasks.Task`1[Microsoft.AspNetCore.Mvc.ActionResult`1[BAKERBAZZAR.API.Models.ApiResponse]] CartDetails(System.String) on controller BAKERBAZZAR.API.Controller.UserController (BAKERBAZZAR.API).
2024-11-13 10:33:22.845 +05:30  INF  Executing ObjectResult, writing value of type 'BAKERBAZZAR.API.Models.ApiResponse'.
2024-11-13 10:33:22.846 +05:30  INF  Executed action BAKERBAZZAR.API.Controller.UserController.CartDetails (BAKERBAZZAR.API) in 3.5817ms
2024-11-13 10:33:22.846 +05:30  INF  Executed endpoint 'BAKERBAZZAR.API.Controller.UserController.CartDetails (BAKERBAZZAR.API)'
2024-11-13 10:33:22.846 +05:30  INF  Request finished HTTP/1.1 GET http://localhost:5145/User/CartDetails?displayid=702dcb1e-b399-4b22-a4ad-ac33169d26fd - - - 200 - application/json;+charset=utf-8 4.4524ms
2024-11-13 10:33:22.847 +05:30  INF  Request starting HTTP/1.1 GET http://localhost:5145/User/CartDetails?displayid=702dcb1e-b399-4b22-a4ad-ac33169d26fd - -
2024-11-13 10:33:22.847 +05:30  INF  CORS policy execution successful.
2024-11-13 10:33:22.848 +05:30  INF  Executing endpoint 'BAKERBAZZAR.API.Controller.UserController.CartDetails (BAKERBAZZAR.API)'
2024-11-13 10:33:22.848 +05:30  INF  Route matched with {action = "CartDetails", controller = "User"}. Executing controller action with signature System.Threading.Tasks.Task`1[Microsoft.AspNetCore.Mvc.ActionResult`1[BAKERBAZZAR.API.Models.ApiResponse]] CartDetails(System.String) on controller BAKERBAZZAR.API.Controller.UserController (BAKERBAZZAR.API).
2024-11-13 10:33:22.851 +05:30  INF  Executing ObjectResult, writing value of type 'BAKERBAZZAR.API.Models.ApiResponse'.
2024-11-13 10:33:22.851 +05:30  INF  Executed action BAKERBAZZAR.API.Controller.UserController.CartDetails (BAKERBAZZAR.API) in 3.3933ms
2024-11-13 10:33:22.851 +05:30  INF  Executed endpoint 'BAKERBAZZAR.API.Controller.UserController.CartDetails (BAKERBAZZAR.API)'
2024-11-13 10:33:22.851 +05:30  INF  Request finished HTTP/1.1 GET http://localhost:5145/User/CartDetails?displayid=702dcb1e-b399-4b22-a4ad-ac33169d26fd - - - 200 - application/json;+charset=utf-8 4.0313ms
2024-11-13 10:35:59.227 +05:30  INF  Request starting HTTP/1.1 GET http://localhost:5145/User/CartDetails?displayid=702dcb1e-b399-4b22-a4ad-ac33169d26fd - -
2024-11-13 10:35:59.231 +05:30  INF  CORS policy execution successful.
2024-11-13 10:35:59.234 +05:30  INF  Executing endpoint 'BAKERBAZZAR.API.Controller.UserController.CartDetails (BAKERBAZZAR.API)'
2024-11-13 10:35:59.236 +05:30  INF  Route matched with {action = "CartDetails", controller = "User"}. Executing controller action with signature System.Threading.Tasks.Task`1[Microsoft.AspNetCore.Mvc.ActionResult`1[BAKERBAZZAR.API.Models.ApiResponse]] CartDetails(System.String) on controller BAKERBAZZAR.API.Controller.UserController (BAKERBAZZAR.API).
2024-11-13 10:35:59.537 +05:30  INF  Executing ObjectResult, writing value of type 'BAKERBAZZAR.API.Models.ApiResponse'.
2024-11-13 10:35:59.539 +05:30  INF  Executed action BAKERBAZZAR.API.Controller.UserController.CartDetails (BAKERBAZZAR.API) in 301.8598ms
2024-11-13 10:35:59.539 +05:30  INF  Executed endpoint 'BAKERBAZZAR.API.Controller.UserController.CartDetails (BAKERBAZZAR.API)'
2024-11-13 10:35:59.540 +05:30  INF  Request starting HTTP/1.1 GET http://localhost:5145/User/CartDetails?displayid=702dcb1e-b399-4b22-a4ad-ac33169d26fd - -
2024-11-13 10:35:59.540 +05:30  INF  CORS policy execution successful.
2024-11-13 10:35:59.540 +05:30  INF  Executing endpoint 'BAKERBAZZAR.API.Controller.UserController.CartDetails (BAKERBAZZAR.API)'
2024-11-13 10:35:59.540 +05:30  INF  Request finished HTTP/1.1 GET http://localhost:5145/User/CartDetails?displayid=702dcb1e-b399-4b22-a4ad-ac33169d26fd - - - 200 - application/json;+charset=utf-8 314.3633ms
2024-11-13 10:35:59.540 +05:30  INF  Route matched with {action = "CartDetails", controller = "User"}. Executing controller action with signature System.Threading.Tasks.Task`1[Microsoft.AspNetCore.Mvc.ActionResult`1[BAKERBAZZAR.API.Models.ApiResponse]] CartDetails(System.String) on controller BAKERBAZZAR.API.Controller.UserController (BAKERBAZZAR.API).
2024-11-13 10:35:59.566 +05:30  INF  Executing ObjectResult, writing value of type 'BAKERBAZZAR.API.Models.ApiResponse'.
2024-11-13 10:35:59.567 +05:30  INF  Executed action BAKERBAZZAR.API.Controller.UserController.CartDetails (BAKERBAZZAR.API) in 26.3952ms
2024-11-13 10:35:59.567 +05:30  INF  Executed endpoint 'BAKERBAZZAR.API.Controller.UserController.CartDetails (BAKERBAZZAR.API)'
2024-11-13 10:35:59.567 +05:30  INF  Request finished HTTP/1.1 GET http://localhost:5145/User/CartDetails?displayid=702dcb1e-b399-4b22-a4ad-ac33169d26fd - - - 200 - application/json;+charset=utf-8 26.9344ms
2024-11-13 10:37:24.457 +05:30  INF  Request starting HTTP/1.1 OPTIONS http://localhost:5145/authentication/login - -
2024-11-13 10:37:24.461 +05:30  INF  CORS policy execution successful.
2024-11-13 10:37:24.466 +05:30  INF  Request finished HTTP/1.1 OPTIONS http://localhost:5145/authentication/login - - - 204 - - 10.8335ms
2024-11-13 10:37:24.468 +05:30  INF  Request starting HTTP/1.1 POST http://localhost:5145/authentication/login application/json 37
2024-11-13 10:37:24.469 +05:30  INF  CORS policy execution successful.
2024-11-13 10:37:24.471 +05:30  INF  Executing endpoint 'BAKERBAZZAR.API.Controller.AuthenticationController.VerifyUser (BAKERBAZZAR.API)'
2024-11-13 10:37:24.476 +05:30  INF  Route matched with {action = "VerifyUser", controller = "Authentication"}. Executing controller action with signature System.Threading.Tasks.Task`1[Microsoft.AspNetCore.Mvc.ActionResult`1[BAKERBAZZAR.API.Models.ApiResponse]] VerifyUser(BAKERBAZZAR.API.Models.IO_Templates.LoginRequest) on controller BAKERBAZZAR.API.Controller.AuthenticationController (BAKERBAZZAR.API).
2024-11-13 10:37:24.489 +05:30  INF  verify user execution start
2024-11-13 10:37:24.641 +05:30  INF  verify user execution end
2024-11-13 10:37:24.641 +05:30  INF  Executing ObjectResult, writing value of type 'BAKERBAZZAR.API.Models.ApiResponse'.
2024-11-13 10:37:24.643 +05:30  INF  Executed action BAKERBAZZAR.API.Controller.AuthenticationController.VerifyUser (BAKERBAZZAR.API) in 167.0929ms
2024-11-13 10:37:24.643 +05:30  INF  Executed endpoint 'BAKERBAZZAR.API.Controller.AuthenticationController.VerifyUser (BAKERBAZZAR.API)'
2024-11-13 10:37:24.643 +05:30  INF  Request finished HTTP/1.1 POST http://localhost:5145/authentication/login application/json 37 - 200 - application/json;+charset=utf-8 175.5344ms
2024-11-13 10:37:24.716 +05:30  INF  Request starting HTTP/1.1 OPTIONS http://localhost:5145/user/dashboard?displayid=e62f03f4-2dcf-4f80-bc23-341651bd9338 - -
2024-11-13 10:37:24.716 +05:30  INF  CORS policy execution successful.
2024-11-13 10:37:24.716 +05:30  INF  Request finished HTTP/1.1 OPTIONS http://localhost:5145/user/dashboard?displayid=e62f03f4-2dcf-4f80-bc23-341651bd9338 - - - 204 - - 0.2954ms
2024-11-13 10:37:24.717 +05:30  INF  Request starting HTTP/1.1 GET http://localhost:5145/user/dashboard?displayid=e62f03f4-2dcf-4f80-bc23-341651bd9338 application/json -
2024-11-13 10:37:24.720 +05:30  INF  CORS policy execution successful.
2024-11-13 10:37:24.720 +05:30  INF  Executing endpoint 'BAKERBAZZAR.API.Controller.UserController.Dashboard (BAKERBAZZAR.API)'
2024-11-13 10:37:24.736 +05:30  INF  Route matched with {action = "Dashboard", controller = "User"}. Executing controller action with signature System.Threading.Tasks.Task`1[Microsoft.AspNetCore.Mvc.ActionResult`1[BAKERBAZZAR.API.Models.ApiResponse]] Dashboard(System.String) on controller BAKERBAZZAR.API.Controller.UserController (BAKERBAZZAR.API).
2024-11-13 10:37:24.840 +05:30  INF  Executing ObjectResult, writing value of type 'BAKERBAZZAR.API.Models.ApiResponse'.
2024-11-13 10:37:24.863 +05:30  INF  Executed action BAKERBAZZAR.API.Controller.UserController.Dashboard (BAKERBAZZAR.API) in 126.3458ms
2024-11-13 10:37:24.863 +05:30  INF  Executed endpoint 'BAKERBAZZAR.API.Controller.UserController.Dashboard (BAKERBAZZAR.API)'
2024-11-13 10:37:24.863 +05:30  INF  Request finished HTTP/1.1 GET http://localhost:5145/user/dashboard?displayid=e62f03f4-2dcf-4f80-bc23-341651bd9338 application/json - - 200 - application/json;+charset=utf-8 145.7338ms
2024-11-13 10:37:28.899 +05:30  INF  Request starting HTTP/1.1 OPTIONS http://localhost:5145/user/deletecartitem?cartdisplayid=702dcb1e-b399-4b22-a4ad-ac33169d26fd&cartrid=204 - -
2024-11-13 10:37:28.899 +05:30  INF  Request starting HTTP/1.1 GET http://localhost:5145/user/dashboard?displayid=e62f03f4-2dcf-4f80-bc23-341651bd9338 application/json -
2024-11-13 10:37:28.899 +05:30  INF  CORS policy execution successful.
2024-11-13 10:37:28.899 +05:30  INF  Request finished HTTP/1.1 OPTIONS http://localhost:5145/user/deletecartitem?cartdisplayid=702dcb1e-b399-4b22-a4ad-ac33169d26fd&cartrid=204 - - - 204 - - 0.3298ms
2024-11-13 10:37:28.900 +05:30  INF  CORS policy execution successful.
2024-11-13 10:37:28.900 +05:30  INF  Request starting HTTP/1.1 DELETE http://localhost:5145/user/deletecartitem?cartdisplayid=702dcb1e-b399-4b22-a4ad-ac33169d26fd&cartrid=204 application/json -
2024-11-13 10:37:28.900 +05:30  INF  CORS policy execution successful.
2024-11-13 10:37:28.900 +05:30  INF  Executing endpoint 'BAKERBAZZAR.API.Controller.UserController.Dashboard (BAKERBAZZAR.API)'
2024-11-13 10:37:28.900 +05:30  INF  Route matched with {action = "Dashboard", controller = "User"}. Executing controller action with signature System.Threading.Tasks.Task`1[Microsoft.AspNetCore.Mvc.ActionResult`1[BAKERBAZZAR.API.Models.ApiResponse]] Dashboard(System.String) on controller BAKERBAZZAR.API.Controller.UserController (BAKERBAZZAR.API).
2024-11-13 10:37:28.901 +05:30  INF  Executing endpoint 'BAKERBAZZAR.API.Controller.UserController.DeleteCartItem (BAKERBAZZAR.API)'
2024-11-13 10:37:28.904 +05:30  INF  Route matched with {action = "DeleteCartItem", controller = "User"}. Executing controller action with signature System.Threading.Tasks.Task`1[Microsoft.AspNetCore.Mvc.ActionResult`1[BAKERBAZZAR.API.Models.ApiResponse]] DeleteCartItem(System.String, Int32) on controller BAKERBAZZAR.API.Controller.UserController (BAKERBAZZAR.API).
2024-11-13 10:37:28.921 +05:30  INF  Executing ObjectResult, writing value of type 'BAKERBAZZAR.API.Models.ApiResponse'.
2024-11-13 10:37:28.921 +05:30  INF  Executed action BAKERBAZZAR.API.Controller.UserController.Dashboard (BAKERBAZZAR.API) in 21.0186ms
2024-11-13 10:37:28.921 +05:30  INF  Executed endpoint 'BAKERBAZZAR.API.Controller.UserController.Dashboard (BAKERBAZZAR.API)'
2024-11-13 10:37:28.922 +05:30  INF  Request finished HTTP/1.1 GET http://localhost:5145/user/dashboard?displayid=e62f03f4-2dcf-4f80-bc23-341651bd9338 application/json - - 200 - application/json;+charset=utf-8 22.6926ms
2024-11-13 10:37:28.932 +05:30  INF  Executing ObjectResult, writing value of type 'BAKERBAZZAR.API.Models.ApiResponse'.
2024-11-13 10:37:28.933 +05:30  INF  Executed action BAKERBAZZAR.API.Controller.UserController.DeleteCartItem (BAKERBAZZAR.API) in 28.4068ms
2024-11-13 10:37:28.933 +05:30  INF  Executed endpoint 'BAKERBAZZAR.API.Controller.UserController.DeleteCartItem (BAKERBAZZAR.API)'
2024-11-13 10:37:28.933 +05:30  INF  Request finished HTTP/1.1 DELETE http://localhost:5145/user/deletecartitem?cartdisplayid=702dcb1e-b399-4b22-a4ad-ac33169d26fd&cartrid=204 application/json - - 200 - application/json;+charset=utf-8 32.9299ms
2024-11-13 10:37:33.961 +05:30  INF  Request starting HTTP/1.1 OPTIONS http://localhost:5145/user/deletecartitem?cartdisplayid=702dcb1e-b399-4b22-a4ad-ac33169d26fd&cartrid=200 - -
2024-11-13 10:37:33.961 +05:30  INF  CORS policy execution successful.
2024-11-13 10:37:33.961 +05:30  INF  Request finished HTTP/1.1 OPTIONS http://localhost:5145/user/deletecartitem?cartdisplayid=702dcb1e-b399-4b22-a4ad-ac33169d26fd&cartrid=200 - - - 204 - - 0.3471ms
2024-11-13 10:37:33.961 +05:30  INF  Request starting HTTP/1.1 OPTIONS http://localhost:5145/user/dashboard?displayid=e62f03f4-2dcf-4f80-bc23-341651bd9338 - -
2024-11-13 10:37:33.961 +05:30  INF  CORS policy execution successful.
2024-11-13 10:37:33.961 +05:30  INF  Request finished HTTP/1.1 OPTIONS http://localhost:5145/user/dashboard?displayid=e62f03f4-2dcf-4f80-bc23-341651bd9338 - - - 204 - - 0.1269ms
2024-11-13 10:37:33.962 +05:30  INF  Request starting HTTP/1.1 DELETE http://localhost:5145/user/deletecartitem?cartdisplayid=702dcb1e-b399-4b22-a4ad-ac33169d26fd&cartrid=200 application/json -
2024-11-13 10:37:33.963 +05:30  INF  CORS policy execution successful.
2024-11-13 10:37:33.963 +05:30  INF  Request starting HTTP/1.1 GET http://localhost:5145/user/dashboard?displayid=e62f03f4-2dcf-4f80-bc23-341651bd9338 application/json -
2024-11-13 10:37:33.963 +05:30  INF  Executing endpoint 'BAKERBAZZAR.API.Controller.UserController.DeleteCartItem (BAKERBAZZAR.API)'
2024-11-13 10:37:33.963 +05:30  INF  Route matched with {action = "DeleteCartItem", controller = "User"}. Executing controller action with signature System.Threading.Tasks.Task`1[Microsoft.AspNetCore.Mvc.ActionResult`1[BAKERBAZZAR.API.Models.ApiResponse]] DeleteCartItem(System.String, Int32) on controller BAKERBAZZAR.API.Controller.UserController (BAKERBAZZAR.API).
2024-11-13 10:37:33.963 +05:30  INF  CORS policy execution successful.
2024-11-13 10:37:33.963 +05:30  INF  Executing endpoint 'BAKERBAZZAR.API.Controller.UserController.Dashboard (BAKERBAZZAR.API)'
2024-11-13 10:37:33.963 +05:30  INF  Route matched with {action = "Dashboard", controller = "User"}. Executing controller action with signature System.Threading.Tasks.Task`1[Microsoft.AspNetCore.Mvc.ActionResult`1[BAKERBAZZAR.API.Models.ApiResponse]] Dashboard(System.String) on controller BAKERBAZZAR.API.Controller.UserController (BAKERBAZZAR.API).
2024-11-13 10:37:33.971 +05:30  INF  Executing ObjectResult, writing value of type 'BAKERBAZZAR.API.Models.ApiResponse'.
2024-11-13 10:37:33.971 +05:30  INF  Executed action BAKERBAZZAR.API.Controller.UserController.DeleteCartItem (BAKERBAZZAR.API) in 8.5676ms
2024-11-13 10:37:33.971 +05:30  INF  Executed endpoint 'BAKERBAZZAR.API.Controller.UserController.DeleteCartItem (BAKERBAZZAR.API)'
2024-11-13 10:37:33.972 +05:30  INF  Request finished HTTP/1.1 DELETE http://localhost:5145/user/deletecartitem?cartdisplayid=702dcb1e-b399-4b22-a4ad-ac33169d26fd&cartrid=200 application/json - - 200 - application/json;+charset=utf-8 9.1020ms
2024-11-13 10:37:33.982 +05:30  INF  Executing ObjectResult, writing value of type 'BAKERBAZZAR.API.Models.ApiResponse'.
2024-11-13 10:37:33.982 +05:30  INF  Executed action BAKERBAZZAR.API.Controller.UserController.Dashboard (BAKERBAZZAR.API) in 19.356ms
2024-11-13 10:37:33.982 +05:30  INF  Executed endpoint 'BAKERBAZZAR.API.Controller.UserController.Dashboard (BAKERBAZZAR.API)'
2024-11-13 10:37:33.982 +05:30  INF  Request finished HTTP/1.1 GET http://localhost:5145/user/dashboard?displayid=e62f03f4-2dcf-4f80-bc23-341651bd9338 application/json - - 200 - application/json;+charset=utf-8 19.8493ms
2024-11-13 10:37:34.145 +05:30  INF  Request starting HTTP/1.1 OPTIONS http://localhost:5145/user/deletecartitem?cartdisplayid=702dcb1e-b399-4b22-a4ad-ac33169d26fd&cartrid=201 - -
2024-11-13 10:37:34.145 +05:30  INF  CORS policy execution successful.
2024-11-13 10:37:34.145 +05:30  INF  Request finished HTTP/1.1 OPTIONS http://localhost:5145/user/deletecartitem?cartdisplayid=702dcb1e-b399-4b22-a4ad-ac33169d26fd&cartrid=201 - - - 204 - - 0.2403ms
2024-11-13 10:37:34.145 +05:30  INF  Request starting HTTP/1.1 GET http://localhost:5145/user/dashboard?displayid=e62f03f4-2dcf-4f80-bc23-341651bd9338 application/json -
2024-11-13 10:37:34.146 +05:30  INF  CORS policy execution successful.
2024-11-13 10:37:34.146 +05:30  INF  Executing endpoint 'BAKERBAZZAR.API.Controller.UserController.Dashboard (BAKERBAZZAR.API)'
2024-11-13 10:37:34.146 +05:30  INF  Route matched with {action = "Dashboard", controller = "User"}. Executing controller action with signature System.Threading.Tasks.Task`1[Microsoft.AspNetCore.Mvc.ActionResult`1[BAKERBAZZAR.API.Models.ApiResponse]] Dashboard(System.String) on controller BAKERBAZZAR.API.Controller.UserController (BAKERBAZZAR.API).
2024-11-13 10:37:34.146 +05:30  INF  Request starting HTTP/1.1 DELETE http://localhost:5145/user/deletecartitem?cartdisplayid=702dcb1e-b399-4b22-a4ad-ac33169d26fd&cartrid=201 application/json -
2024-11-13 10:37:34.146 +05:30  INF  CORS policy execution successful.
2024-11-13 10:37:34.146 +05:30  INF  Executing endpoint 'BAKERBAZZAR.API.Controller.UserController.DeleteCartItem (BAKERBAZZAR.API)'
2024-11-13 10:37:34.146 +05:30  INF  Route matched with {action = "DeleteCartItem", controller = "User"}. Executing controller action with signature System.Threading.Tasks.Task`1[Microsoft.AspNetCore.Mvc.ActionResult`1[BAKERBAZZAR.API.Models.ApiResponse]] DeleteCartItem(System.String, Int32) on controller BAKERBAZZAR.API.Controller.UserController (BAKERBAZZAR.API).
2024-11-13 10:37:34.147 +05:30  INF  Executing ObjectResult, writing value of type 'BAKERBAZZAR.API.Models.ApiResponse'.
2024-11-13 10:37:34.148 +05:30  INF  Executed action BAKERBAZZAR.API.Controller.UserController.DeleteCartItem (BAKERBAZZAR.API) in 1.293ms
2024-11-13 10:37:34.148 +05:30  INF  Executed endpoint 'BAKERBAZZAR.API.Controller.UserController.DeleteCartItem (BAKERBAZZAR.API)'
2024-11-13 10:37:34.148 +05:30  INF  Request finished HTTP/1.1 DELETE http://localhost:5145/user/deletecartitem?cartdisplayid=702dcb1e-b399-4b22-a4ad-ac33169d26fd&cartrid=201 application/json - - 200 - application/json;+charset=utf-8 1.5152ms
2024-11-13 10:37:34.151 +05:30  INF  Executing ObjectResult, writing value of type 'BAKERBAZZAR.API.Models.ApiResponse'.
2024-11-13 10:37:34.151 +05:30  INF  Executed action BAKERBAZZAR.API.Controller.UserController.Dashboard (BAKERBAZZAR.API) in 5.0035ms
2024-11-13 10:37:34.151 +05:30  INF  Executed endpoint 'BAKERBAZZAR.API.Controller.UserController.Dashboard (BAKERBAZZAR.API)'
2024-11-13 10:37:34.151 +05:30  INF  Request finished HTTP/1.1 GET http://localhost:5145/user/dashboard?displayid=e62f03f4-2dcf-4f80-bc23-341651bd9338 application/json - - 200 - application/json;+charset=utf-8 5.6510ms
2024-11-13 10:37:34.624 +05:30  INF  Request starting HTTP/1.1 OPTIONS http://localhost:5145/user/deletecartitem?cartdisplayid=702dcb1e-b399-4b22-a4ad-ac33169d26fd&cartrid=202 - -
2024-11-13 10:37:34.624 +05:30  INF  CORS policy execution successful.
2024-11-13 10:37:34.625 +05:30  INF  Request starting HTTP/1.1 GET http://localhost:5145/user/dashboard?displayid=e62f03f4-2dcf-4f80-bc23-341651bd9338 application/json -
2024-11-13 10:37:34.625 +05:30  INF  Request finished HTTP/1.1 OPTIONS http://localhost:5145/user/deletecartitem?cartdisplayid=702dcb1e-b399-4b22-a4ad-ac33169d26fd&cartrid=202 - - - 204 - - 0.5596ms
2024-11-13 10:37:34.625 +05:30  INF  CORS policy execution successful.
2024-11-13 10:37:34.625 +05:30  INF  Executing endpoint 'BAKERBAZZAR.API.Controller.UserController.Dashboard (BAKERBAZZAR.API)'
2024-11-13 10:37:34.625 +05:30  INF  Route matched with {action = "Dashboard", controller = "User"}. Executing controller action with signature System.Threading.Tasks.Task`1[Microsoft.AspNetCore.Mvc.ActionResult`1[BAKERBAZZAR.API.Models.ApiResponse]] Dashboard(System.String) on controller BAKERBAZZAR.API.Controller.UserController (BAKERBAZZAR.API).
2024-11-13 10:37:34.626 +05:30  INF  Request starting HTTP/1.1 DELETE http://localhost:5145/user/deletecartitem?cartdisplayid=702dcb1e-b399-4b22-a4ad-ac33169d26fd&cartrid=202 application/json -
2024-11-13 10:37:34.626 +05:30  INF  CORS policy execution successful.
2024-11-13 10:37:34.626 +05:30  INF  Executing endpoint 'BAKERBAZZAR.API.Controller.UserController.DeleteCartItem (BAKERBAZZAR.API)'
2024-11-13 10:37:34.627 +05:30  INF  Route matched with {action = "DeleteCartItem", controller = "User"}. Executing controller action with signature System.Threading.Tasks.Task`1[Microsoft.AspNetCore.Mvc.ActionResult`1[BAKERBAZZAR.API.Models.ApiResponse]] DeleteCartItem(System.String, Int32) on controller BAKERBAZZAR.API.Controller.UserController (BAKERBAZZAR.API).
2024-11-13 10:37:34.637 +05:30  INF  Executing ObjectResult, writing value of type 'BAKERBAZZAR.API.Models.ApiResponse'.
2024-11-13 10:37:34.637 +05:30  INF  Executed action BAKERBAZZAR.API.Controller.UserController.DeleteCartItem (BAKERBAZZAR.API) in 10.1666ms
2024-11-13 10:37:34.637 +05:30  INF  Executed endpoint 'BAKERBAZZAR.API.Controller.UserController.DeleteCartItem (BAKERBAZZAR.API)'
2024-11-13 10:37:34.637 +05:30  INF  Request finished HTTP/1.1 DELETE http://localhost:5145/user/deletecartitem?cartdisplayid=702dcb1e-b399-4b22-a4ad-ac33169d26fd&cartrid=202 application/json - - 200 - application/json;+charset=utf-8 10.8607ms
2024-11-13 10:37:34.646 +05:30  INF  Executing ObjectResult, writing value of type 'BAKERBAZZAR.API.Models.ApiResponse'.
2024-11-13 10:37:34.646 +05:30  INF  Executed action BAKERBAZZAR.API.Controller.UserController.Dashboard (BAKERBAZZAR.API) in 21.0597ms
2024-11-13 10:37:34.646 +05:30  INF  Executed endpoint 'BAKERBAZZAR.API.Controller.UserController.Dashboard (BAKERBAZZAR.API)'
2024-11-13 10:37:34.646 +05:30  INF  Request finished HTTP/1.1 GET http://localhost:5145/user/dashboard?displayid=e62f03f4-2dcf-4f80-bc23-341651bd9338 application/json - - 200 - application/json;+charset=utf-8 21.7440ms
2024-11-13 10:37:34.991 +05:30  INF  Request starting HTTP/1.1 OPTIONS http://localhost:5145/user/deletecartitem?cartdisplayid=702dcb1e-b399-4b22-a4ad-ac33169d26fd&cartrid=203 - -
2024-11-13 10:37:34.991 +05:30  INF  Request starting HTTP/1.1 GET http://localhost:5145/user/dashboard?displayid=e62f03f4-2dcf-4f80-bc23-341651bd9338 application/json -
2024-11-13 10:37:34.991 +05:30  INF  CORS policy execution successful.
2024-11-13 10:37:34.991 +05:30  INF  CORS policy execution successful.
2024-11-13 10:37:34.992 +05:30  INF  Executing endpoint 'BAKERBAZZAR.API.Controller.UserController.Dashboard (BAKERBAZZAR.API)'
2024-11-13 10:37:34.992 +05:30  INF  Route matched with {action = "Dashboard", controller = "User"}. Executing controller action with signature System.Threading.Tasks.Task`1[Microsoft.AspNetCore.Mvc.ActionResult`1[BAKERBAZZAR.API.Models.ApiResponse]] Dashboard(System.String) on controller BAKERBAZZAR.API.Controller.UserController (BAKERBAZZAR.API).
2024-11-13 10:37:34.992 +05:30  INF  Request finished HTTP/1.1 OPTIONS http://localhost:5145/user/deletecartitem?cartdisplayid=702dcb1e-b399-4b22-a4ad-ac33169d26fd&cartrid=203 - - - 204 - - 1.0762ms
2024-11-13 10:37:34.993 +05:30  INF  Request starting HTTP/1.1 DELETE http://localhost:5145/user/deletecartitem?cartdisplayid=702dcb1e-b399-4b22-a4ad-ac33169d26fd&cartrid=203 application/json -
2024-11-13 10:37:34.993 +05:30  INF  CORS policy execution successful.
2024-11-13 10:37:34.993 +05:30  INF  Executing endpoint 'BAKERBAZZAR.API.Controller.UserController.DeleteCartItem (BAKERBAZZAR.API)'
2024-11-13 10:37:34.993 +05:30  INF  Route matched with {action = "DeleteCartItem", controller = "User"}. Executing controller action with signature System.Threading.Tasks.Task`1[Microsoft.AspNetCore.Mvc.ActionResult`1[BAKERBAZZAR.API.Models.ApiResponse]] DeleteCartItem(System.String, Int32) on controller BAKERBAZZAR.API.Controller.UserController (BAKERBAZZAR.API).
2024-11-13 10:37:34.999 +05:30  INF  Executing ObjectResult, writing value of type 'BAKERBAZZAR.API.Models.ApiResponse'.
2024-11-13 10:37:35.000 +05:30  INF  Executed action BAKERBAZZAR.API.Controller.UserController.DeleteCartItem (BAKERBAZZAR.API) in 6.7244ms
2024-11-13 10:37:35.000 +05:30  INF  Executed endpoint 'BAKERBAZZAR.API.Controller.UserController.DeleteCartItem (BAKERBAZZAR.API)'
2024-11-13 10:37:35.000 +05:30  INF  Request finished HTTP/1.1 DELETE http://localhost:5145/user/deletecartitem?cartdisplayid=702dcb1e-b399-4b22-a4ad-ac33169d26fd&cartrid=203 application/json - - 200 - application/json;+charset=utf-8 7.0747ms
2024-11-13 10:37:35.007 +05:30  INF  Executing ObjectResult, writing value of type 'BAKERBAZZAR.API.Models.ApiResponse'.
2024-11-13 10:37:35.007 +05:30  INF  Executed action BAKERBAZZAR.API.Controller.UserController.Dashboard (BAKERBAZZAR.API) in 15.7839ms
2024-11-13 10:37:35.007 +05:30  INF  Executed endpoint 'BAKERBAZZAR.API.Controller.UserController.Dashboard (BAKERBAZZAR.API)'
2024-11-13 10:37:35.008 +05:30  INF  Request finished HTTP/1.1 GET http://localhost:5145/user/dashboard?displayid=e62f03f4-2dcf-4f80-bc23-341651bd9338 application/json - - 200 - application/json;+charset=utf-8 16.4956ms
2024-11-13 10:37:35.193 +05:30  INF  Request starting HTTP/1.1 OPTIONS http://localhost:5145/user/deletecartitem?cartdisplayid=702dcb1e-b399-4b22-a4ad-ac33169d26fd&cartrid=205 - -
2024-11-13 10:37:35.193 +05:30  INF  CORS policy execution successful.
2024-11-13 10:37:35.193 +05:30  INF  Request finished HTTP/1.1 OPTIONS http://localhost:5145/user/deletecartitem?cartdisplayid=702dcb1e-b399-4b22-a4ad-ac33169d26fd&cartrid=205 - - - 204 - - 0.2216ms
2024-11-13 10:37:35.193 +05:30  INF  Request starting HTTP/1.1 GET http://localhost:5145/user/dashboard?displayid=e62f03f4-2dcf-4f80-bc23-341651bd9338 application/json -
2024-11-13 10:37:35.193 +05:30  INF  CORS policy execution successful.
2024-11-13 10:37:35.193 +05:30  INF  Executing endpoint 'BAKERBAZZAR.API.Controller.UserController.Dashboard (BAKERBAZZAR.API)'
2024-11-13 10:37:35.194 +05:30  INF  Route matched with {action = "Dashboard", controller = "User"}. Executing controller action with signature System.Threading.Tasks.Task`1[Microsoft.AspNetCore.Mvc.ActionResult`1[BAKERBAZZAR.API.Models.ApiResponse]] Dashboard(System.String) on controller BAKERBAZZAR.API.Controller.UserController (BAKERBAZZAR.API).
2024-11-13 10:37:35.194 +05:30  INF  Request starting HTTP/1.1 DELETE http://localhost:5145/user/deletecartitem?cartdisplayid=702dcb1e-b399-4b22-a4ad-ac33169d26fd&cartrid=205 application/json -
2024-11-13 10:37:35.194 +05:30  INF  CORS policy execution successful.
2024-11-13 10:37:35.194 +05:30  INF  Executing endpoint 'BAKERBAZZAR.API.Controller.UserController.DeleteCartItem (BAKERBAZZAR.API)'
2024-11-13 10:37:35.194 +05:30  INF  Route matched with {action = "DeleteCartItem", controller = "User"}. Executing controller action with signature System.Threading.Tasks.Task`1[Microsoft.AspNetCore.Mvc.ActionResult`1[BAKERBAZZAR.API.Models.ApiResponse]] DeleteCartItem(System.String, Int32) on controller BAKERBAZZAR.API.Controller.UserController (BAKERBAZZAR.API).
2024-11-13 10:37:35.195 +05:30  INF  Executing ObjectResult, writing value of type 'BAKERBAZZAR.API.Models.ApiResponse'.
2024-11-13 10:37:35.195 +05:30  INF  Executed action BAKERBAZZAR.API.Controller.UserController.DeleteCartItem (BAKERBAZZAR.API) in 1.3301ms
2024-11-13 10:37:35.195 +05:30  INF  Executed endpoint 'BAKERBAZZAR.API.Controller.UserController.DeleteCartItem (BAKERBAZZAR.API)'
2024-11-13 10:37:35.195 +05:30  INF  Request finished HTTP/1.1 DELETE http://localhost:5145/user/deletecartitem?cartdisplayid=702dcb1e-b399-4b22-a4ad-ac33169d26fd&cartrid=205 application/json - - 200 - application/json;+charset=utf-8 1.5578ms
2024-11-13 10:37:35.196 +05:30  INF  Executing ObjectResult, writing value of type 'BAKERBAZZAR.API.Models.ApiResponse'.
2024-11-13 10:37:35.196 +05:30  INF  Executed action BAKERBAZZAR.API.Controller.UserController.Dashboard (BAKERBAZZAR.API) in 2.6697ms
2024-11-13 10:37:35.196 +05:30  INF  Executed endpoint 'BAKERBAZZAR.API.Controller.UserController.Dashboard (BAKERBAZZAR.API)'
2024-11-13 10:37:35.196 +05:30  INF  Request finished HTTP/1.1 GET http://localhost:5145/user/dashboard?displayid=e62f03f4-2dcf-4f80-bc23-341651bd9338 application/json - - 200 - application/json;+charset=utf-8 3.3819ms
2024-11-13 10:37:35.547 +05:30  INF  Request starting HTTP/1.1 OPTIONS http://localhost:5145/user/deletecartitem?cartdisplayid=702dcb1e-b399-4b22-a4ad-ac33169d26fd&cartrid=206 - -
2024-11-13 10:37:35.547 +05:30  INF  CORS policy execution successful.
2024-11-13 10:37:35.547 +05:30  INF  Request finished HTTP/1.1 OPTIONS http://localhost:5145/user/deletecartitem?cartdisplayid=702dcb1e-b399-4b22-a4ad-ac33169d26fd&cartrid=206 - - - 204 - - 0.3407ms
2024-11-13 10:37:35.547 +05:30  INF  Request starting HTTP/1.1 GET http://localhost:5145/user/dashboard?displayid=e62f03f4-2dcf-4f80-bc23-341651bd9338 application/json -
2024-11-13 10:37:35.547 +05:30  INF  CORS policy execution successful.
2024-11-13 10:37:35.547 +05:30  INF  Executing endpoint 'BAKERBAZZAR.API.Controller.UserController.Dashboard (BAKERBAZZAR.API)'
2024-11-13 10:37:35.547 +05:30  INF  Route matched with {action = "Dashboard", controller = "User"}. Executing controller action with signature System.Threading.Tasks.Task`1[Microsoft.AspNetCore.Mvc.ActionResult`1[BAKERBAZZAR.API.Models.ApiResponse]] Dashboard(System.String) on controller BAKERBAZZAR.API.Controller.UserController (BAKERBAZZAR.API).
2024-11-13 10:37:35.548 +05:30  INF  Request starting HTTP/1.1 DELETE http://localhost:5145/user/deletecartitem?cartdisplayid=702dcb1e-b399-4b22-a4ad-ac33169d26fd&cartrid=206 application/json -
2024-11-13 10:37:35.548 +05:30  INF  CORS policy execution successful.
2024-11-13 10:37:35.548 +05:30  INF  Executing endpoint 'BAKERBAZZAR.API.Controller.UserController.DeleteCartItem (BAKERBAZZAR.API)'
2024-11-13 10:37:35.548 +05:30  INF  Route matched with {action = "DeleteCartItem", controller = "User"}. Executing controller action with signature System.Threading.Tasks.Task`1[Microsoft.AspNetCore.Mvc.ActionResult`1[BAKERBAZZAR.API.Models.ApiResponse]] DeleteCartItem(System.String, Int32) on controller BAKERBAZZAR.API.Controller.UserController (BAKERBAZZAR.API).
2024-11-13 10:37:35.558 +05:30  INF  Executing ObjectResult, writing value of type 'BAKERBAZZAR.API.Models.ApiResponse'.
2024-11-13 10:37:35.558 +05:30  INF  Executed action BAKERBAZZAR.API.Controller.UserController.DeleteCartItem (BAKERBAZZAR.API) in 9.8045ms
2024-11-13 10:37:35.558 +05:30  INF  Executed endpoint 'BAKERBAZZAR.API.Controller.UserController.DeleteCartItem (BAKERBAZZAR.API)'
2024-11-13 10:37:35.558 +05:30  INF  Request finished HTTP/1.1 DELETE http://localhost:5145/user/deletecartitem?cartdisplayid=702dcb1e-b399-4b22-a4ad-ac33169d26fd&cartrid=206 application/json - - 200 - application/json;+charset=utf-8 10.0897ms
2024-11-13 10:37:35.567 +05:30  INF  Executing ObjectResult, writing value of type 'BAKERBAZZAR.API.Models.ApiResponse'.
2024-11-13 10:37:35.568 +05:30  INF  Executed action BAKERBAZZAR.API.Controller.UserController.Dashboard (BAKERBAZZAR.API) in 20.4565ms
2024-11-13 10:37:35.568 +05:30  INF  Executed endpoint 'BAKERBAZZAR.API.Controller.UserController.Dashboard (BAKERBAZZAR.API)'
2024-11-13 10:37:35.568 +05:30  INF  Request finished HTTP/1.1 GET http://localhost:5145/user/dashboard?displayid=e62f03f4-2dcf-4f80-bc23-341651bd9338 application/json - - 200 - application/json;+charset=utf-8 20.8405ms
2024-11-13 10:37:36.423 +05:30  INF  Request starting HTTP/1.1 OPTIONS http://localhost:5145/user/deletecartitem?cartdisplayid=702dcb1e-b399-4b22-a4ad-ac33169d26fd&cartrid=199 - -
2024-11-13 10:37:36.424 +05:30  INF  Request starting HTTP/1.1 GET http://localhost:5145/user/dashboard?displayid=e62f03f4-2dcf-4f80-bc23-341651bd9338 application/json -
2024-11-13 10:37:36.424 +05:30  INF  CORS policy execution successful.
2024-11-13 10:37:36.424 +05:30  INF  Request finished HTTP/1.1 OPTIONS http://localhost:5145/user/deletecartitem?cartdisplayid=702dcb1e-b399-4b22-a4ad-ac33169d26fd&cartrid=199 - - - 204 - - 0.4942ms
2024-11-13 10:37:36.424 +05:30  INF  CORS policy execution successful.
2024-11-13 10:37:36.424 +05:30  INF  Executing endpoint 'BAKERBAZZAR.API.Controller.UserController.Dashboard (BAKERBAZZAR.API)'
2024-11-13 10:37:36.424 +05:30  INF  Route matched with {action = "Dashboard", controller = "User"}. Executing controller action with signature System.Threading.Tasks.Task`1[Microsoft.AspNetCore.Mvc.ActionResult`1[BAKERBAZZAR.API.Models.ApiResponse]] Dashboard(System.String) on controller BAKERBAZZAR.API.Controller.UserController (BAKERBAZZAR.API).
2024-11-13 10:37:36.425 +05:30  INF  Request starting HTTP/1.1 DELETE http://localhost:5145/user/deletecartitem?cartdisplayid=702dcb1e-b399-4b22-a4ad-ac33169d26fd&cartrid=199 application/json -
2024-11-13 10:37:36.425 +05:30  INF  CORS policy execution successful.
2024-11-13 10:37:36.425 +05:30  INF  Executing endpoint 'BAKERBAZZAR.API.Controller.UserController.DeleteCartItem (BAKERBAZZAR.API)'
2024-11-13 10:37:36.425 +05:30  INF  Route matched with {action = "DeleteCartItem", controller = "User"}. Executing controller action with signature System.Threading.Tasks.Task`1[Microsoft.AspNetCore.Mvc.ActionResult`1[BAKERBAZZAR.API.Models.ApiResponse]] DeleteCartItem(System.String, Int32) on controller BAKERBAZZAR.API.Controller.UserController (BAKERBAZZAR.API).
2024-11-13 10:37:36.432 +05:30  INF  Executing ObjectResult, writing value of type 'BAKERBAZZAR.API.Models.ApiResponse'.
2024-11-13 10:37:36.432 +05:30  INF  Executed action BAKERBAZZAR.API.Controller.UserController.DeleteCartItem (BAKERBAZZAR.API) in 6.4731ms
2024-11-13 10:37:36.432 +05:30  INF  Executed endpoint 'BAKERBAZZAR.API.Controller.UserController.DeleteCartItem (BAKERBAZZAR.API)'
2024-11-13 10:37:36.432 +05:30  INF  Request finished HTTP/1.1 DELETE http://localhost:5145/user/deletecartitem?cartdisplayid=702dcb1e-b399-4b22-a4ad-ac33169d26fd&cartrid=199 application/json - - 200 - application/json;+charset=utf-8 6.8866ms
2024-11-13 10:37:36.441 +05:30  INF  Executing ObjectResult, writing value of type 'BAKERBAZZAR.API.Models.ApiResponse'.
2024-11-13 10:37:36.442 +05:30  INF  Executed action BAKERBAZZAR.API.Controller.UserController.Dashboard (BAKERBAZZAR.API) in 17.7379ms
2024-11-13 10:37:36.442 +05:30  INF  Executed endpoint 'BAKERBAZZAR.API.Controller.UserController.Dashboard (BAKERBAZZAR.API)'
2024-11-13 10:37:36.442 +05:30  INF  Request finished HTTP/1.1 GET http://localhost:5145/user/dashboard?displayid=e62f03f4-2dcf-4f80-bc23-341651bd9338 application/json - - 200 - application/json;+charset=utf-8 18.2208ms
2024-11-13 10:37:37.792 +05:30  INF  Request starting HTTP/1.1 OPTIONS http://localhost:5145/user/deletecartitem?cartdisplayid=702dcb1e-b399-4b22-a4ad-ac33169d26fd&cartrid=197 - -
2024-11-13 10:37:37.792 +05:30  INF  CORS policy execution successful.
2024-11-13 10:37:37.792 +05:30  INF  Request finished HTTP/1.1 OPTIONS http://localhost:5145/user/deletecartitem?cartdisplayid=702dcb1e-b399-4b22-a4ad-ac33169d26fd&cartrid=197 - - - 204 - - 0.3287ms
2024-11-13 10:37:37.792 +05:30  INF  Request starting HTTP/1.1 GET http://localhost:5145/user/dashboard?displayid=e62f03f4-2dcf-4f80-bc23-341651bd9338 application/json -
2024-11-13 10:37:37.792 +05:30  INF  CORS policy execution successful.
2024-11-13 10:37:37.792 +05:30  INF  Executing endpoint 'BAKERBAZZAR.API.Controller.UserController.Dashboard (BAKERBAZZAR.API)'
2024-11-13 10:37:37.793 +05:30  INF  Route matched with {action = "Dashboard", controller = "User"}. Executing controller action with signature System.Threading.Tasks.Task`1[Microsoft.AspNetCore.Mvc.ActionResult`1[BAKERBAZZAR.API.Models.ApiResponse]] Dashboard(System.String) on controller BAKERBAZZAR.API.Controller.UserController (BAKERBAZZAR.API).
2024-11-13 10:37:37.793 +05:30  INF  Request starting HTTP/1.1 DELETE http://localhost:5145/user/deletecartitem?cartdisplayid=702dcb1e-b399-4b22-a4ad-ac33169d26fd&cartrid=197 application/json -
2024-11-13 10:37:37.793 +05:30  INF  CORS policy execution successful.
2024-11-13 10:37:37.794 +05:30  INF  Executing endpoint 'BAKERBAZZAR.API.Controller.UserController.DeleteCartItem (BAKERBAZZAR.API)'
2024-11-13 10:37:37.794 +05:30  INF  Route matched with {action = "DeleteCartItem", controller = "User"}. Executing controller action with signature System.Threading.Tasks.Task`1[Microsoft.AspNetCore.Mvc.ActionResult`1[BAKERBAZZAR.API.Models.ApiResponse]] DeleteCartItem(System.String, Int32) on controller BAKERBAZZAR.API.Controller.UserController (BAKERBAZZAR.API).
2024-11-13 10:37:37.801 +05:30  INF  Executing ObjectResult, writing value of type 'BAKERBAZZAR.API.Models.ApiResponse'.
2024-11-13 10:37:37.802 +05:30  INF  Executed action BAKERBAZZAR.API.Controller.UserController.DeleteCartItem (BAKERBAZZAR.API) in 8.3356ms
2024-11-13 10:37:37.802 +05:30  INF  Executed endpoint 'BAKERBAZZAR.API.Controller.UserController.DeleteCartItem (BAKERBAZZAR.API)'
2024-11-13 10:37:37.802 +05:30  INF  Request finished HTTP/1.1 DELETE http://localhost:5145/user/deletecartitem?cartdisplayid=702dcb1e-b399-4b22-a4ad-ac33169d26fd&cartrid=197 application/json - - 200 - application/json;+charset=utf-8 8.8493ms
2024-11-13 10:37:37.812 +05:30  INF  Executing ObjectResult, writing value of type 'BAKERBAZZAR.API.Models.ApiResponse'.
2024-11-13 10:37:37.813 +05:30  INF  Executed action BAKERBAZZAR.API.Controller.UserController.Dashboard (BAKERBAZZAR.API) in 19.9213ms
2024-11-13 10:37:37.813 +05:30  INF  Executed endpoint 'BAKERBAZZAR.API.Controller.UserController.Dashboard (BAKERBAZZAR.API)'
2024-11-13 10:37:37.813 +05:30  INF  Request finished HTTP/1.1 GET http://localhost:5145/user/dashboard?displayid=e62f03f4-2dcf-4f80-bc23-341651bd9338 application/json - - 200 - application/json;+charset=utf-8 20.4615ms
2024-11-13 10:37:41.431 +05:30  INF  Request starting HTTP/1.1 GET http://localhost:5145/User/CartDetails?displayid=702dcb1e-b399-4b22-a4ad-ac33169d26fd - -
2024-11-13 10:37:41.432 +05:30  INF  CORS policy execution successful.
2024-11-13 10:37:41.432 +05:30  INF  Executing endpoint 'BAKERBAZZAR.API.Controller.UserController.CartDetails (BAKERBAZZAR.API)'
2024-11-13 10:37:41.432 +05:30  INF  Route matched with {action = "CartDetails", controller = "User"}. Executing controller action with signature System.Threading.Tasks.Task`1[Microsoft.AspNetCore.Mvc.ActionResult`1[BAKERBAZZAR.API.Models.ApiResponse]] CartDetails(System.String) on controller BAKERBAZZAR.API.Controller.UserController (BAKERBAZZAR.API).
2024-11-13 10:37:41.433 +05:30  INF  Request starting HTTP/1.1 GET http://localhost:5145/User/Category - -
2024-11-13 10:37:41.434 +05:30  INF  CORS policy execution successful.
2024-11-13 10:37:41.434 +05:30  INF  Executing endpoint 'BAKERBAZZAR.API.Controller.UserController.Category (BAKERBAZZAR.API)'
2024-11-13 10:37:41.434 +05:30  INF  Route matched with {action = "Category", controller = "User"}. Executing controller action with signature System.Threading.Tasks.Task`1[Microsoft.AspNetCore.Mvc.ActionResult`1[BAKERBAZZAR.API.Models.ApiResponse]] Category(System.String) on controller BAKERBAZZAR.API.Controller.UserController (BAKERBAZZAR.API).
2024-11-13 10:37:41.435 +05:30  INF  Request starting HTTP/1.1 GET http://localhost:5145/user/products?categoryid= - -
2024-11-13 10:37:41.435 +05:30  INF  CORS policy execution successful.
2024-11-13 10:37:41.435 +05:30  INF  Executing endpoint 'BAKERBAZZAR.API.Controller.UserController.Products (BAKERBAZZAR.API)'
2024-11-13 10:37:41.435 +05:30  INF  Route matched with {action = "Products", controller = "User"}. Executing controller action with signature System.Threading.Tasks.Task`1[Microsoft.AspNetCore.Mvc.ActionResult`1[BAKERBAZZAR.API.Models.ApiResponse]] Products(System.String, System.String) on controller BAKERBAZZAR.API.Controller.UserController (BAKERBAZZAR.API).
2024-11-13 10:37:41.531 +05:30  INF  Request starting HTTP/1.1 GET http://localhost:5145/user/myorders?displayid=e62f03f4-2dcf-4f80-bc23-341651bd9338 - -
2024-11-13 10:37:41.532 +05:30  INF  CORS policy execution successful.
2024-11-13 10:37:41.532 +05:30  INF  Executing endpoint 'BAKERBAZZAR.API.Controller.UserController.MyOrders (BAKERBAZZAR.API)'
2024-11-13 10:37:41.532 +05:30  INF  Route matched with {action = "MyOrders", controller = "User"}. Executing controller action with signature System.Threading.Tasks.Task`1[Microsoft.AspNetCore.Mvc.ActionResult`1[BAKERBAZZAR.API.Models.ApiResponse]] MyOrders(System.String, System.String, System.String) on controller BAKERBAZZAR.API.Controller.UserController (BAKERBAZZAR.API).
2024-11-13 10:37:41.538 +05:30  INF  Executing ObjectResult, writing value of type 'BAKERBAZZAR.API.Models.ApiResponse'.
2024-11-13 10:37:41.539 +05:30  INF  Executed action BAKERBAZZAR.API.Controller.UserController.Category (BAKERBAZZAR.API) in 104.5966ms
2024-11-13 10:37:41.539 +05:30  INF  Executed endpoint 'BAKERBAZZAR.API.Controller.UserController.Category (BAKERBAZZAR.API)'
2024-11-13 10:37:41.539 +05:30  INF  Request finished HTTP/1.1 GET http://localhost:5145/User/Category - - - 200 - application/json;+charset=utf-8 105.3132ms
2024-11-13 10:37:41.556 +05:30  INF  Request starting HTTP/1.1 GET http://localhost:5145/User/Category - -
2024-11-13 10:37:41.556 +05:30  INF  CORS policy execution successful.
2024-11-13 10:37:41.557 +05:30  INF  Executing endpoint 'BAKERBAZZAR.API.Controller.UserController.Category (BAKERBAZZAR.API)'
2024-11-13 10:37:41.557 +05:30  INF  Route matched with {action = "Category", controller = "User"}. Executing controller action with signature System.Threading.Tasks.Task`1[Microsoft.AspNetCore.Mvc.ActionResult`1[BAKERBAZZAR.API.Models.ApiResponse]] Category(System.String) on controller BAKERBAZZAR.API.Controller.UserController (BAKERBAZZAR.API).
2024-11-13 10:37:41.565 +05:30  INF  Executing ObjectResult, writing value of type 'BAKERBAZZAR.API.Models.ApiResponse'.
2024-11-13 10:37:41.565 +05:30  INF  Executed action BAKERBAZZAR.API.Controller.UserController.Category (BAKERBAZZAR.API) in 8.222ms
2024-11-13 10:37:41.565 +05:30  INF  Executed endpoint 'BAKERBAZZAR.API.Controller.UserController.Category (BAKERBAZZAR.API)'
2024-11-13 10:37:41.565 +05:30  INF  Request finished HTTP/1.1 GET http://localhost:5145/User/Category - - - 200 - application/json;+charset=utf-8 9.1838ms
2024-11-13 10:37:41.579 +05:30  INF  Executing ObjectResult, writing value of type 'BAKERBAZZAR.API.Models.ApiResponse'.
2024-11-13 10:37:41.580 +05:30  INF  Executed action BAKERBAZZAR.API.Controller.UserController.CartDetails (BAKERBAZZAR.API) in 147.4675ms
2024-11-13 10:37:41.580 +05:30  INF  Executed endpoint 'BAKERBAZZAR.API.Controller.UserController.CartDetails (BAKERBAZZAR.API)'
2024-11-13 10:37:41.580 +05:30  INF  Request finished HTTP/1.1 GET http://localhost:5145/User/CartDetails?displayid=702dcb1e-b399-4b22-a4ad-ac33169d26fd - - - 200 - application/json;+charset=utf-8 148.5111ms
2024-11-13 10:37:41.583 +05:30  INF  Request starting HTTP/1.1 GET http://localhost:5145/User/CartDetails?displayid=702dcb1e-b399-4b22-a4ad-ac33169d26fd - -
2024-11-13 10:37:41.583 +05:30  INF  CORS policy execution successful.
2024-11-13 10:37:41.583 +05:30  INF  Executing endpoint 'BAKERBAZZAR.API.Controller.UserController.CartDetails (BAKERBAZZAR.API)'
2024-11-13 10:37:41.584 +05:30  INF  Route matched with {action = "CartDetails", controller = "User"}. Executing controller action with signature System.Threading.Tasks.Task`1[Microsoft.AspNetCore.Mvc.ActionResult`1[BAKERBAZZAR.API.Models.ApiResponse]] CartDetails(System.String) on controller BAKERBAZZAR.API.Controller.UserController (BAKERBAZZAR.API).
2024-11-13 10:37:41.587 +05:30  INF  Executing ObjectResult, writing value of type 'BAKERBAZZAR.API.Models.ApiResponse'.
2024-11-13 10:37:41.588 +05:30  INF  Executed action BAKERBAZZAR.API.Controller.UserController.CartDetails (BAKERBAZZAR.API) in 3.7957ms
2024-11-13 10:37:41.588 +05:30  INF  Executed endpoint 'BAKERBAZZAR.API.Controller.UserController.CartDetails (BAKERBAZZAR.API)'
2024-11-13 10:37:41.589 +05:30  INF  Request finished HTTP/1.1 GET http://localhost:5145/User/CartDetails?displayid=702dcb1e-b399-4b22-a4ad-ac33169d26fd - - - 200 - application/json;+charset=utf-8 5.8852ms
2024-11-13 10:37:41.597 +05:30  INF  Executing ObjectResult, writing value of type 'BAKERBAZZAR.API.Models.ApiResponse'.
2024-11-13 10:37:41.600 +05:30  INF  Executed action BAKERBAZZAR.API.Controller.UserController.Products (BAKERBAZZAR.API) in 164.5375ms
2024-11-13 10:37:41.600 +05:30  INF  Executed endpoint 'BAKERBAZZAR.API.Controller.UserController.Products (BAKERBAZZAR.API)'
2024-11-13 10:37:41.600 +05:30  INF  Request finished HTTP/1.1 GET http://localhost:5145/user/products?categoryid= - - - 200 - application/json;+charset=utf-8 165.1144ms
2024-11-13 10:37:41.605 +05:30  INF  Request starting HTTP/1.1 GET http://localhost:5145/user/products?categoryid= - -
2024-11-13 10:37:41.605 +05:30  INF  CORS policy execution successful.
2024-11-13 10:37:41.605 +05:30  INF  Executing endpoint 'BAKERBAZZAR.API.Controller.UserController.Products (BAKERBAZZAR.API)'
2024-11-13 10:37:41.605 +05:30  INF  Route matched with {action = "Products", controller = "User"}. Executing controller action with signature System.Threading.Tasks.Task`1[Microsoft.AspNetCore.Mvc.ActionResult`1[BAKERBAZZAR.API.Models.ApiResponse]] Products(System.String, System.String) on controller BAKERBAZZAR.API.Controller.UserController (BAKERBAZZAR.API).
2024-11-13 10:37:41.623 +05:30  INF  Executing ObjectResult, writing value of type 'BAKERBAZZAR.API.Models.ApiResponse'.
2024-11-13 10:37:41.637 +05:30  INF  Executed action BAKERBAZZAR.API.Controller.UserController.Products (BAKERBAZZAR.API) in 32.0791ms
2024-11-13 10:37:41.637 +05:30  INF  Executed endpoint 'BAKERBAZZAR.API.Controller.UserController.Products (BAKERBAZZAR.API)'
2024-11-13 10:37:41.637 +05:30  INF  Request finished HTTP/1.1 GET http://localhost:5145/user/products?categoryid= - - - 200 - application/json;+charset=utf-8 32.9414ms
2024-11-13 10:37:41.756 +05:30  INF  Executing ObjectResult, writing value of type 'BAKERBAZZAR.API.Models.ApiResponse'.
2024-11-13 10:37:41.756 +05:30  INF  Executed action BAKERBAZZAR.API.Controller.UserController.MyOrders (BAKERBAZZAR.API) in 223.8602ms
2024-11-13 10:37:41.756 +05:30  INF  Executed endpoint 'BAKERBAZZAR.API.Controller.UserController.MyOrders (BAKERBAZZAR.API)'
2024-11-13 10:37:41.756 +05:30  INF  Request finished HTTP/1.1 GET http://localhost:5145/user/myorders?displayid=e62f03f4-2dcf-4f80-bc23-341651bd9338 - - - 200 - application/json;+charset=utf-8 224.4528ms
2024-11-13 10:38:43.964 +05:30  INF  Request starting HTTP/1.1 OPTIONS http://localhost:5145/user/category - -
2024-11-13 10:38:43.965 +05:30  INF  CORS policy execution successful.
2024-11-13 10:38:43.965 +05:30  INF  Request finished HTTP/1.1 OPTIONS http://localhost:5145/user/category - - - 204 - - 0.8149ms
2024-11-13 10:38:43.967 +05:30  INF  Request starting HTTP/1.1 GET http://localhost:5145/user/category application/json -
2024-11-13 10:38:43.967 +05:30  INF  CORS policy execution successful.
2024-11-13 10:38:43.967 +05:30  INF  Executing endpoint 'BAKERBAZZAR.API.Controller.UserController.Category (BAKERBAZZAR.API)'
2024-11-13 10:38:43.967 +05:30  INF  Route matched with {action = "Category", controller = "User"}. Executing controller action with signature System.Threading.Tasks.Task`1[Microsoft.AspNetCore.Mvc.ActionResult`1[BAKERBAZZAR.API.Models.ApiResponse]] Category(System.String) on controller BAKERBAZZAR.API.Controller.UserController (BAKERBAZZAR.API).
2024-11-13 10:38:43.998 +05:30  INF  Executing ObjectResult, writing value of type 'BAKERBAZZAR.API.Models.ApiResponse'.
2024-11-13 10:38:43.998 +05:30  INF  Executed action BAKERBAZZAR.API.Controller.UserController.Category (BAKERBAZZAR.API) in 30.9916ms
2024-11-13 10:38:43.998 +05:30  INF  Executed endpoint 'BAKERBAZZAR.API.Controller.UserController.Category (BAKERBAZZAR.API)'
2024-11-13 10:38:43.999 +05:30  INF  Request finished HTTP/1.1 GET http://localhost:5145/user/category application/json - - 200 - application/json;+charset=utf-8 31.7669ms
2024-11-13 10:38:58.629 +05:30  INF  Request starting HTTP/1.1 OPTIONS http://localhost:5145/user/category - -
2024-11-13 10:38:58.629 +05:30  INF  CORS policy execution successful.
2024-11-13 10:38:58.629 +05:30  INF  Request finished HTTP/1.1 OPTIONS http://localhost:5145/user/category - - - 204 - - 0.2702ms
2024-11-13 10:38:58.630 +05:30  INF  Request starting HTTP/1.1 GET http://localhost:5145/user/category application/json -
2024-11-13 10:38:58.630 +05:30  INF  CORS policy execution successful.
2024-11-13 10:38:58.630 +05:30  INF  Executing endpoint 'BAKERBAZZAR.API.Controller.UserController.Category (BAKERBAZZAR.API)'
2024-11-13 10:38:58.631 +05:30  INF  Route matched with {action = "Category", controller = "User"}. Executing controller action with signature System.Threading.Tasks.Task`1[Microsoft.AspNetCore.Mvc.ActionResult`1[BAKERBAZZAR.API.Models.ApiResponse]] Category(System.String) on controller BAKERBAZZAR.API.Controller.UserController (BAKERBAZZAR.API).
2024-11-13 10:38:58.633 +05:30  INF  Executing ObjectResult, writing value of type 'BAKERBAZZAR.API.Models.ApiResponse'.
2024-11-13 10:38:58.633 +05:30  INF  Executed action BAKERBAZZAR.API.Controller.UserController.Category (BAKERBAZZAR.API) in 2.2964ms
2024-11-13 10:38:58.633 +05:30  INF  Executed endpoint 'BAKERBAZZAR.API.Controller.UserController.Category (BAKERBAZZAR.API)'
2024-11-13 10:38:58.633 +05:30  INF  Request finished HTTP/1.1 GET http://localhost:5145/user/category application/json - - 200 - application/json;+charset=utf-8 2.6808ms
2024-11-13 10:38:59.202 +05:30  INF  Request starting HTTP/1.1 GET http://localhost:5145/user/category application/json -
2024-11-13 10:38:59.210 +05:30  INF  CORS policy execution successful.
2024-11-13 10:38:59.210 +05:30  INF  Executing endpoint 'BAKERBAZZAR.API.Controller.UserController.Category (BAKERBAZZAR.API)'
2024-11-13 10:38:59.210 +05:30  INF  Route matched with {action = "Category", controller = "User"}. Executing controller action with signature System.Threading.Tasks.Task`1[Microsoft.AspNetCore.Mvc.ActionResult`1[BAKERBAZZAR.API.Models.ApiResponse]] Category(System.String) on controller BAKERBAZZAR.API.Controller.UserController (BAKERBAZZAR.API).
2024-11-13 10:38:59.339 +05:30  INF  Executing ObjectResult, writing value of type 'BAKERBAZZAR.API.Models.ApiResponse'.
2024-11-13 10:38:59.343 +05:30  INF  Executed action BAKERBAZZAR.API.Controller.UserController.Category (BAKERBAZZAR.API) in 4.9319ms
2024-11-13 10:38:59.343 +05:30  INF  Executed endpoint 'BAKERBAZZAR.API.Controller.UserController.Category (BAKERBAZZAR.API)'
2024-11-13 10:38:59.343 +05:30  INF  Request finished HTTP/1.1 GET http://localhost:5145/user/category application/json - - 200 - application/json;+charset=utf-8 140.6865ms
2024-11-13 10:39:13.341 +05:30  INF  Request starting HTTP/1.1 OPTIONS http://localhost:5145/user/cartdetails?displayId=702dcb1e-b399-4b22-a4ad-ac33169d26fd - -
2024-11-13 10:39:13.341 +05:30  INF  CORS policy execution successful.
2024-11-13 10:39:13.342 +05:30  INF  Request finished HTTP/1.1 OPTIONS http://localhost:5145/user/cartdetails?displayId=702dcb1e-b399-4b22-a4ad-ac33169d26fd - - - 204 - - 1.1537ms
2024-11-13 10:39:13.345 +05:30  INF  Request starting HTTP/1.1 GET http://localhost:5145/user/cartdetails?displayId=702dcb1e-b399-4b22-a4ad-ac33169d26fd application/json -
2024-11-13 10:39:13.345 +05:30  INF  CORS policy execution successful.
2024-11-13 10:39:13.346 +05:30  INF  Executing endpoint 'BAKERBAZZAR.API.Controller.UserController.CartDetails (BAKERBAZZAR.API)'
2024-11-13 10:39:13.346 +05:30  INF  Route matched with {action = "CartDetails", controller = "User"}. Executing controller action with signature System.Threading.Tasks.Task`1[Microsoft.AspNetCore.Mvc.ActionResult`1[BAKERBAZZAR.API.Models.ApiResponse]] CartDetails(System.String) on controller BAKERBAZZAR.API.Controller.UserController (BAKERBAZZAR.API).
2024-11-13 10:39:13.376 +05:30  INF  Executing ObjectResult, writing value of type 'BAKERBAZZAR.API.Models.ApiResponse'.
2024-11-13 10:39:13.376 +05:30  INF  Executed action BAKERBAZZAR.API.Controller.UserController.CartDetails (BAKERBAZZAR.API) in 30.2582ms
2024-11-13 10:39:13.376 +05:30  INF  Executed endpoint 'BAKERBAZZAR.API.Controller.UserController.CartDetails (BAKERBAZZAR.API)'
2024-11-13 10:39:13.376 +05:30  INF  Request finished HTTP/1.1 GET http://localhost:5145/user/cartdetails?displayId=702dcb1e-b399-4b22-a4ad-ac33169d26fd application/json - - 200 - application/json;+charset=utf-8 31.0888ms
2024-11-13 10:39:21.933 +05:30  INF  Request starting HTTP/1.1 OPTIONS http://localhost:5145/user/category - -
2024-11-13 10:39:21.934 +05:30  INF  CORS policy execution successful.
2024-11-13 10:39:21.934 +05:30  INF  Request finished HTTP/1.1 OPTIONS http://localhost:5145/user/category - - - 204 - - 0.2879ms
2024-11-13 10:39:21.938 +05:30  INF  Request starting HTTP/1.1 GET http://localhost:5145/user/category application/json -
2024-11-13 10:39:21.939 +05:30  INF  CORS policy execution successful.
2024-11-13 10:39:21.939 +05:30  INF  Executing endpoint 'BAKERBAZZAR.API.Controller.UserController.Category (BAKERBAZZAR.API)'
2024-11-13 10:39:21.939 +05:30  INF  Route matched with {action = "Category", controller = "User"}. Executing controller action with signature System.Threading.Tasks.Task`1[Microsoft.AspNetCore.Mvc.ActionResult`1[BAKERBAZZAR.API.Models.ApiResponse]] Category(System.String) on controller BAKERBAZZAR.API.Controller.UserController (BAKERBAZZAR.API).
2024-11-13 10:39:21.972 +05:30  INF  Executing ObjectResult, writing value of type 'BAKERBAZZAR.API.Models.ApiResponse'.
2024-11-13 10:39:21.972 +05:30  INF  Executed action BAKERBAZZAR.API.Controller.UserController.Category (BAKERBAZZAR.API) in 33.1995ms
2024-11-13 10:39:21.972 +05:30  INF  Executed endpoint 'BAKERBAZZAR.API.Controller.UserController.Category (BAKERBAZZAR.API)'
2024-11-13 10:39:21.972 +05:30  INF  Request finished HTTP/1.1 GET http://localhost:5145/user/category application/json - - 200 - application/json;+charset=utf-8 33.5417ms
2024-11-13 10:39:23.700 +05:30  INF  Request starting HTTP/1.1 OPTIONS http://localhost:5145/user/products?categoryid=3e85ca1f-91c2-42f2-9b05-bd920051c25e - -
2024-11-13 10:39:23.701 +05:30  INF  CORS policy execution successful.
2024-11-13 10:39:23.701 +05:30  INF  Request finished HTTP/1.1 OPTIONS http://localhost:5145/user/products?categoryid=3e85ca1f-91c2-42f2-9b05-bd920051c25e - - - 204 - - 0.3970ms
2024-11-13 10:39:23.703 +05:30  INF  Request starting HTTP/1.1 GET http://localhost:5145/user/products?categoryid=3e85ca1f-91c2-42f2-9b05-bd920051c25e application/json -
2024-11-13 10:39:23.704 +05:30  INF  CORS policy execution successful.
2024-11-13 10:39:23.705 +05:30  INF  Executing endpoint 'BAKERBAZZAR.API.Controller.UserController.Products (BAKERBAZZAR.API)'
2024-11-13 10:39:23.705 +05:30  INF  Route matched with {action = "Products", controller = "User"}. Executing controller action with signature System.Threading.Tasks.Task`1[Microsoft.AspNetCore.Mvc.ActionResult`1[BAKERBAZZAR.API.Models.ApiResponse]] Products(System.String, System.String) on controller BAKERBAZZAR.API.Controller.UserController (BAKERBAZZAR.API).
2024-11-13 10:39:23.719 +05:30  INF  Executing ObjectResult, writing value of type 'BAKERBAZZAR.API.Models.ApiResponse'.
2024-11-13 10:39:23.719 +05:30  INF  Executed action BAKERBAZZAR.API.Controller.UserController.Products (BAKERBAZZAR.API) in 13.8374ms
2024-11-13 10:39:23.719 +05:30  INF  Executed endpoint 'BAKERBAZZAR.API.Controller.UserController.Products (BAKERBAZZAR.API)'
2024-11-13 10:39:23.719 +05:30  INF  Request finished HTTP/1.1 GET http://localhost:5145/user/products?categoryid=3e85ca1f-91c2-42f2-9b05-bd920051c25e application/json - - 200 - application/json;+charset=utf-8 15.8188ms
2024-11-13 10:39:53.173 +05:30  INF  Request starting HTTP/1.1 OPTIONS http://localhost:5145/user/category - -
2024-11-13 10:39:53.173 +05:30  INF  CORS policy execution successful.
2024-11-13 10:39:53.173 +05:30  INF  Request finished HTTP/1.1 OPTIONS http://localhost:5145/user/category - - - 204 - - 0.6014ms
2024-11-13 10:39:53.175 +05:30  INF  Request starting HTTP/1.1 GET http://localhost:5145/user/category application/json -
2024-11-13 10:39:53.175 +05:30  INF  CORS policy execution successful.
2024-11-13 10:39:53.175 +05:30  INF  Executing endpoint 'BAKERBAZZAR.API.Controller.UserController.Category (BAKERBAZZAR.API)'
2024-11-13 10:39:53.175 +05:30  INF  Route matched with {action = "Category", controller = "User"}. Executing controller action with signature System.Threading.Tasks.Task`1[Microsoft.AspNetCore.Mvc.ActionResult`1[BAKERBAZZAR.API.Models.ApiResponse]] Category(System.String) on controller BAKERBAZZAR.API.Controller.UserController (BAKERBAZZAR.API).
2024-11-13 10:39:53.180 +05:30  INF  Executing ObjectResult, writing value of type 'BAKERBAZZAR.API.Models.ApiResponse'.
2024-11-13 10:39:53.180 +05:30  INF  Executed action BAKERBAZZAR.API.Controller.UserController.Category (BAKERBAZZAR.API) in 5.4254ms
2024-11-13 10:39:53.180 +05:30  INF  Executed endpoint 'BAKERBAZZAR.API.Controller.UserController.Category (BAKERBAZZAR.API)'
2024-11-13 10:39:53.180 +05:30  INF  Request finished HTTP/1.1 GET http://localhost:5145/user/category application/json - - 200 - application/json;+charset=utf-8 5.8120ms
2024-11-13 10:39:54.934 +05:30  INF  Request starting HTTP/1.1 OPTIONS http://localhost:5145/user/products?categoryid=3e85ca1f-91c2-42f2-9b05-bd920051c25e - -
2024-11-13 10:39:54.934 +05:30  INF  CORS policy execution successful.
2024-11-13 10:39:54.934 +05:30  INF  Request finished HTTP/1.1 OPTIONS http://localhost:5145/user/products?categoryid=3e85ca1f-91c2-42f2-9b05-bd920051c25e - - - 204 - - 0.1647ms
2024-11-13 10:39:54.935 +05:30  INF  Request starting HTTP/1.1 GET http://localhost:5145/user/products?categoryid=3e85ca1f-91c2-42f2-9b05-bd920051c25e application/json -
2024-11-13 10:39:54.935 +05:30  INF  CORS policy execution successful.
2024-11-13 10:39:54.935 +05:30  INF  Executing endpoint 'BAKERBAZZAR.API.Controller.UserController.Products (BAKERBAZZAR.API)'
2024-11-13 10:39:54.935 +05:30  INF  Route matched with {action = "Products", controller = "User"}. Executing controller action with signature System.Threading.Tasks.Task`1[Microsoft.AspNetCore.Mvc.ActionResult`1[BAKERBAZZAR.API.Models.ApiResponse]] Products(System.String, System.String) on controller BAKERBAZZAR.API.Controller.UserController (BAKERBAZZAR.API).
2024-11-13 10:39:54.936 +05:30  INF  Executing ObjectResult, writing value of type 'BAKERBAZZAR.API.Models.ApiResponse'.
2024-11-13 10:39:54.937 +05:30  INF  Executed action BAKERBAZZAR.API.Controller.UserController.Products (BAKERBAZZAR.API) in 1.6469ms
2024-11-13 10:39:54.937 +05:30  INF  Executed endpoint 'BAKERBAZZAR.API.Controller.UserController.Products (BAKERBAZZAR.API)'
2024-11-13 10:39:54.937 +05:30  INF  Request finished HTTP/1.1 GET http://localhost:5145/user/products?categoryid=3e85ca1f-91c2-42f2-9b05-bd920051c25e application/json - - 200 - application/json;+charset=utf-8 1.9519ms
2024-11-13 10:39:55.882 +05:30  INF  Request starting HTTP/1.1 GET http://localhost:5145/user/category application/json -
2024-11-13 10:39:55.882 +05:30  INF  CORS policy execution successful.
2024-11-13 10:39:55.882 +05:30  INF  Executing endpoint 'BAKERBAZZAR.API.Controller.UserController.Category (BAKERBAZZAR.API)'
2024-11-13 10:39:55.882 +05:30  INF  Route matched with {action = "Category", controller = "User"}. Executing controller action with signature System.Threading.Tasks.Task`1[Microsoft.AspNetCore.Mvc.ActionResult`1[BAKERBAZZAR.API.Models.ApiResponse]] Category(System.String) on controller BAKERBAZZAR.API.Controller.UserController (BAKERBAZZAR.API).
2024-11-13 10:39:55.883 +05:30  INF  Executing ObjectResult, writing value of type 'BAKERBAZZAR.API.Models.ApiResponse'.
2024-11-13 10:39:55.883 +05:30  INF  Executed action BAKERBAZZAR.API.Controller.UserController.Category (BAKERBAZZAR.API) in 1.4376ms
2024-11-13 10:39:55.883 +05:30  INF  Executed endpoint 'BAKERBAZZAR.API.Controller.UserController.Category (BAKERBAZZAR.API)'
2024-11-13 10:39:55.883 +05:30  INF  Request finished HTTP/1.1 GET http://localhost:5145/user/category application/json - - 200 - application/json;+charset=utf-8 1.8442ms
2024-11-13 10:39:57.095 +05:30  INF  Request starting HTTP/1.1 GET http://localhost:5145/user/products?categoryid=3e85ca1f-91c2-42f2-9b05-bd920051c25e application/json -
2024-11-13 10:39:57.095 +05:30  INF  CORS policy execution successful.
2024-11-13 10:39:57.095 +05:30  INF  Executing endpoint 'BAKERBAZZAR.API.Controller.UserController.Products (BAKERBAZZAR.API)'
2024-11-13 10:39:57.095 +05:30  INF  Route matched with {action = "Products", controller = "User"}. Executing controller action with signature System.Threading.Tasks.Task`1[Microsoft.AspNetCore.Mvc.ActionResult`1[BAKERBAZZAR.API.Models.ApiResponse]] Products(System.String, System.String) on controller BAKERBAZZAR.API.Controller.UserController (BAKERBAZZAR.API).
2024-11-13 10:39:57.098 +05:30  INF  Executing ObjectResult, writing value of type 'BAKERBAZZAR.API.Models.ApiResponse'.
2024-11-13 10:39:57.099 +05:30  INF  Executed action BAKERBAZZAR.API.Controller.UserController.Products (BAKERBAZZAR.API) in 3.7025ms
2024-11-13 10:39:57.099 +05:30  INF  Executed endpoint 'BAKERBAZZAR.API.Controller.UserController.Products (BAKERBAZZAR.API)'
2024-11-13 10:39:57.099 +05:30  INF  Request finished HTTP/1.1 GET http://localhost:5145/user/products?categoryid=3e85ca1f-91c2-42f2-9b05-bd920051c25e application/json - - 200 - application/json;+charset=utf-8 4.1182ms
2024-11-13 10:39:58.886 +05:30  INF  Request starting HTTP/1.1 OPTIONS http://localhost:5145/user/category - -
2024-11-13 10:39:58.886 +05:30  INF  CORS policy execution successful.
2024-11-13 10:39:58.886 +05:30  INF  Request finished HTTP/1.1 OPTIONS http://localhost:5145/user/category - - - 204 - - 0.3020ms
2024-11-13 10:39:58.887 +05:30  INF  Request starting HTTP/1.1 GET http://localhost:5145/user/category application/json -
2024-11-13 10:39:58.887 +05:30  INF  CORS policy execution successful.
2024-11-13 10:39:58.887 +05:30  INF  Executing endpoint 'BAKERBAZZAR.API.Controller.UserController.Category (BAKERBAZZAR.API)'
2024-11-13 10:39:58.887 +05:30  INF  Route matched with {action = "Category", controller = "User"}. Executing controller action with signature System.Threading.Tasks.Task`1[Microsoft.AspNetCore.Mvc.ActionResult`1[BAKERBAZZAR.API.Models.ApiResponse]] Category(System.String) on controller BAKERBAZZAR.API.Controller.UserController (BAKERBAZZAR.API).
2024-11-13 10:39:58.889 +05:30  INF  Executing ObjectResult, writing value of type 'BAKERBAZZAR.API.Models.ApiResponse'.
2024-11-13 10:39:58.889 +05:30  INF  Executed action BAKERBAZZAR.API.Controller.UserController.Category (BAKERBAZZAR.API) in 1.5798ms
2024-11-13 10:39:58.889 +05:30  INF  Executed endpoint 'BAKERBAZZAR.API.Controller.UserController.Category (BAKERBAZZAR.API)'
2024-11-13 10:39:58.889 +05:30  INF  Request finished HTTP/1.1 GET http://localhost:5145/user/category application/json - - 200 - application/json;+charset=utf-8 1.9856ms
2024-11-13 10:40:22.418 +05:30  INF  Request starting HTTP/1.1 OPTIONS http://localhost:5145/user/getmyaddresses?displayid=e62f03f4-2dcf-4f80-bc23-341651bd9338 - -
2024-11-13 10:40:22.418 +05:30  INF  CORS policy execution successful.
2024-11-13 10:40:22.418 +05:30  INF  Request finished HTTP/1.1 OPTIONS http://localhost:5145/user/getmyaddresses?displayid=e62f03f4-2dcf-4f80-bc23-341651bd9338 - - - 204 - - 0.2172ms
2024-11-13 10:40:22.420 +05:30  INF  Request starting HTTP/1.1 GET http://localhost:5145/user/getmyaddresses?displayid=e62f03f4-2dcf-4f80-bc23-341651bd9338 application/json -
2024-11-13 10:40:22.421 +05:30  INF  CORS policy execution successful.
2024-11-13 10:40:22.421 +05:30  INF  Executing endpoint 'BAKERBAZZAR.API.Controller.UserController.GetAddress (BAKERBAZZAR.API)'
2024-11-13 10:40:22.434 +05:30  INF  Route matched with {action = "GetAddress", controller = "User"}. Executing controller action with signature System.Threading.Tasks.Task`1[Microsoft.AspNetCore.Mvc.ActionResult`1[BAKERBAZZAR.API.Models.ApiResponse]] GetAddress(System.String) on controller BAKERBAZZAR.API.Controller.UserController (BAKERBAZZAR.API).
2024-11-13 10:40:22.451 +05:30  INF  Executing ObjectResult, writing value of type 'BAKERBAZZAR.API.Models.ApiResponse'.
2024-11-13 10:40:22.454 +05:30  INF  Executed action BAKERBAZZAR.API.Controller.UserController.GetAddress (BAKERBAZZAR.API) in 19.144ms
2024-11-13 10:40:22.454 +05:30  INF  Executed endpoint 'BAKERBAZZAR.API.Controller.UserController.GetAddress (BAKERBAZZAR.API)'
2024-11-13 10:40:22.454 +05:30  INF  Request finished HTTP/1.1 GET http://localhost:5145/user/getmyaddresses?displayid=e62f03f4-2dcf-4f80-bc23-341651bd9338 application/json - - 200 - application/json;+charset=utf-8 33.5639ms
2024-11-13 10:40:38.998 +05:30  INF  Request starting HTTP/1.1 OPTIONS http://localhost:5145/user/cartdetails?displayId=702dcb1e-b399-4b22-a4ad-ac33169d26fd - -
2024-11-13 10:40:38.998 +05:30  INF  CORS policy execution successful.
2024-11-13 10:40:38.998 +05:30  INF  Request finished HTTP/1.1 OPTIONS http://localhost:5145/user/cartdetails?displayId=702dcb1e-b399-4b22-a4ad-ac33169d26fd - - - 204 - - 0.3036ms
2024-11-13 10:40:38.999 +05:30  INF  Request starting HTTP/1.1 GET http://localhost:5145/user/cartdetails?displayId=702dcb1e-b399-4b22-a4ad-ac33169d26fd application/json -
2024-11-13 10:40:39.000 +05:30  INF  CORS policy execution successful.
2024-11-13 10:40:39.000 +05:30  INF  Executing endpoint 'BAKERBAZZAR.API.Controller.UserController.CartDetails (BAKERBAZZAR.API)'
2024-11-13 10:40:39.000 +05:30  INF  Route matched with {action = "CartDetails", controller = "User"}. Executing controller action with signature System.Threading.Tasks.Task`1[Microsoft.AspNetCore.Mvc.ActionResult`1[BAKERBAZZAR.API.Models.ApiResponse]] CartDetails(System.String) on controller BAKERBAZZAR.API.Controller.UserController (BAKERBAZZAR.API).
2024-11-13 10:40:39.039 +05:30  INF  Executing ObjectResult, writing value of type 'BAKERBAZZAR.API.Models.ApiResponse'.
2024-11-13 10:40:39.039 +05:30  INF  Executed action BAKERBAZZAR.API.Controller.UserController.CartDetails (BAKERBAZZAR.API) in 39.6202ms
2024-11-13 10:40:39.039 +05:30  INF  Executed endpoint 'BAKERBAZZAR.API.Controller.UserController.CartDetails (BAKERBAZZAR.API)'
2024-11-13 10:40:39.039 +05:30  INF  Request finished HTTP/1.1 GET http://localhost:5145/user/cartdetails?displayId=702dcb1e-b399-4b22-a4ad-ac33169d26fd application/json - - 200 - application/json;+charset=utf-8 40.1135ms
2024-11-13 10:40:44.170 +05:30  INF  Request starting HTTP/1.1 OPTIONS http://localhost:5145/user/updatecartitem?linerid=207&qty=2 - -
2024-11-13 10:40:44.170 +05:30  INF  CORS policy execution successful.
2024-11-13 10:40:44.171 +05:30  INF  Request finished HTTP/1.1 OPTIONS http://localhost:5145/user/updatecartitem?linerid=207&qty=2 - - - 204 - - 0.2248ms
2024-11-13 10:40:44.172 +05:30  INF  Request starting HTTP/1.1 OPTIONS http://localhost:5145/user/cartdetails?displayId=702dcb1e-b399-4b22-a4ad-ac33169d26fd - -
2024-11-13 10:40:44.172 +05:30  INF  Request starting HTTP/1.1 PUT http://localhost:5145/user/updatecartitem?linerid=207&qty=2 application/json 0
2024-11-13 10:40:44.172 +05:30  INF  CORS policy execution successful.
2024-11-13 10:40:44.172 +05:30  INF  CORS policy execution successful.
2024-11-13 10:40:44.172 +05:30  INF  Request finished HTTP/1.1 OPTIONS http://localhost:5145/user/cartdetails?displayId=702dcb1e-b399-4b22-a4ad-ac33169d26fd - - - 204 - - 0.2233ms
2024-11-13 10:40:44.172 +05:30  INF  Executing endpoint 'BAKERBAZZAR.API.Controller.UserController.UpdateCartItem (BAKERBAZZAR.API)'
2024-11-13 10:40:44.173 +05:30  INF  Request starting HTTP/1.1 GET http://localhost:5145/user/cartdetails?displayId=702dcb1e-b399-4b22-a4ad-ac33169d26fd application/json -
2024-11-13 10:40:44.173 +05:30  INF  CORS policy execution successful.
2024-11-13 10:40:44.173 +05:30  INF  Executing endpoint 'BAKERBAZZAR.API.Controller.UserController.CartDetails (BAKERBAZZAR.API)'
2024-11-13 10:40:44.173 +05:30  INF  Route matched with {action = "CartDetails", controller = "User"}. Executing controller action with signature System.Threading.Tasks.Task`1[Microsoft.AspNetCore.Mvc.ActionResult`1[BAKERBAZZAR.API.Models.ApiResponse]] CartDetails(System.String) on controller BAKERBAZZAR.API.Controller.UserController (BAKERBAZZAR.API).
2024-11-13 10:40:44.175 +05:30  INF  Executing ObjectResult, writing value of type 'BAKERBAZZAR.API.Models.ApiResponse'.
2024-11-13 10:40:44.175 +05:30  INF  Executed action BAKERBAZZAR.API.Controller.UserController.CartDetails (BAKERBAZZAR.API) in 2.3646ms
2024-11-13 10:40:44.175 +05:30  INF  Executed endpoint 'BAKERBAZZAR.API.Controller.UserController.CartDetails (BAKERBAZZAR.API)'
2024-11-13 10:40:44.175 +05:30  INF  Request finished HTTP/1.1 GET http://localhost:5145/user/cartdetails?displayId=702dcb1e-b399-4b22-a4ad-ac33169d26fd application/json - - 200 - application/json;+charset=utf-8 2.5833ms
2024-11-13 10:40:44.177 +05:30  INF  Route matched with {action = "UpdateCartItem", controller = "User"}. Executing controller action with signature System.Threading.Tasks.Task`1[Microsoft.AspNetCore.Mvc.ActionResult`1[BAKERBAZZAR.API.Models.ApiResponse]] UpdateCartItem(Int32, Int32) on controller BAKERBAZZAR.API.Controller.UserController (BAKERBAZZAR.API).
2024-11-13 10:40:44.190 +05:30  INF  Executing ObjectResult, writing value of type 'BAKERBAZZAR.API.Models.ApiResponse'.
2024-11-13 10:40:44.190 +05:30  INF  Executed action BAKERBAZZAR.API.Controller.UserController.UpdateCartItem (BAKERBAZZAR.API) in 13.0179ms
2024-11-13 10:40:44.190 +05:30  INF  Executed endpoint 'BAKERBAZZAR.API.Controller.UserController.UpdateCartItem (BAKERBAZZAR.API)'
2024-11-13 10:40:44.190 +05:30  INF  Request finished HTTP/1.1 PUT http://localhost:5145/user/updatecartitem?linerid=207&qty=2 application/json 0 - 200 - application/json;+charset=utf-8 18.4641ms
2024-11-13 10:40:44.770 +05:30  INF  Request starting HTTP/1.1 PUT http://localhost:5145/user/updatecartitem?linerid=207&qty=2 application/json 0
2024-11-13 10:40:44.771 +05:30  INF  CORS policy execution successful.
2024-11-13 10:40:44.771 +05:30  INF  Executing endpoint 'BAKERBAZZAR.API.Controller.UserController.UpdateCartItem (BAKERBAZZAR.API)'
2024-11-13 10:40:44.771 +05:30  INF  Route matched with {action = "UpdateCartItem", controller = "User"}. Executing controller action with signature System.Threading.Tasks.Task`1[Microsoft.AspNetCore.Mvc.ActionResult`1[BAKERBAZZAR.API.Models.ApiResponse]] UpdateCartItem(Int32, Int32) on controller BAKERBAZZAR.API.Controller.UserController (BAKERBAZZAR.API).
2024-11-13 10:40:44.771 +05:30  INF  Request starting HTTP/1.1 GET http://localhost:5145/user/cartdetails?displayId=702dcb1e-b399-4b22-a4ad-ac33169d26fd application/json -
2024-11-13 10:40:44.771 +05:30  INF  CORS policy execution successful.
2024-11-13 10:40:44.771 +05:30  INF  Executing endpoint 'BAKERBAZZAR.API.Controller.UserController.CartDetails (BAKERBAZZAR.API)'
2024-11-13 10:40:44.771 +05:30  INF  Route matched with {action = "CartDetails", controller = "User"}. Executing controller action with signature System.Threading.Tasks.Task`1[Microsoft.AspNetCore.Mvc.ActionResult`1[BAKERBAZZAR.API.Models.ApiResponse]] CartDetails(System.String) on controller BAKERBAZZAR.API.Controller.UserController (BAKERBAZZAR.API).
2024-11-13 10:40:44.774 +05:30  INF  Executing ObjectResult, writing value of type 'BAKERBAZZAR.API.Models.ApiResponse'.
2024-11-13 10:40:44.774 +05:30  INF  Executed action BAKERBAZZAR.API.Controller.UserController.UpdateCartItem (BAKERBAZZAR.API) in 3.2731ms
2024-11-13 10:40:44.774 +05:30  INF  Executed endpoint 'BAKERBAZZAR.API.Controller.UserController.UpdateCartItem (BAKERBAZZAR.API)'
2024-11-13 10:40:44.774 +05:30  INF  Request finished HTTP/1.1 PUT http://localhost:5145/user/updatecartitem?linerid=207&qty=2 application/json 0 - 200 - application/json;+charset=utf-8 3.7102ms
2024-11-13 10:40:44.775 +05:30  INF  Executing ObjectResult, writing value of type 'BAKERBAZZAR.API.Models.ApiResponse'.
2024-11-13 10:40:44.775 +05:30  INF  Executed action BAKERBAZZAR.API.Controller.UserController.CartDetails (BAKERBAZZAR.API) in 3.5152ms
2024-11-13 10:40:44.775 +05:30  INF  Executed endpoint 'BAKERBAZZAR.API.Controller.UserController.CartDetails (BAKERBAZZAR.API)'
2024-11-13 10:40:44.775 +05:30  INF  Request finished HTTP/1.1 GET http://localhost:5145/user/cartdetails?displayId=702dcb1e-b399-4b22-a4ad-ac33169d26fd application/json - - 200 - application/json;+charset=utf-8 3.9506ms
2024-11-13 10:40:45.240 +05:30  INF  Request starting HTTP/1.1 OPTIONS http://localhost:5145/user/updatecartitem?linerid=207&qty=3 - -
2024-11-13 10:40:45.240 +05:30  INF  CORS policy execution successful.
2024-11-13 10:40:45.240 +05:30  INF  Request starting HTTP/1.1 GET http://localhost:5145/user/cartdetails?displayId=702dcb1e-b399-4b22-a4ad-ac33169d26fd application/json -
2024-11-13 10:40:45.240 +05:30  INF  CORS policy execution successful.
2024-11-13 10:40:45.240 +05:30  INF  Executing endpoint 'BAKERBAZZAR.API.Controller.UserController.CartDetails (BAKERBAZZAR.API)'
2024-11-13 10:40:45.240 +05:30  INF  Route matched with {action = "CartDetails", controller = "User"}. Executing controller action with signature System.Threading.Tasks.Task`1[Microsoft.AspNetCore.Mvc.ActionResult`1[BAKERBAZZAR.API.Models.ApiResponse]] CartDetails(System.String) on controller BAKERBAZZAR.API.Controller.UserController (BAKERBAZZAR.API).
2024-11-13 10:40:45.240 +05:30  INF  Request finished HTTP/1.1 OPTIONS http://localhost:5145/user/updatecartitem?linerid=207&qty=3 - - - 204 - - 0.2350ms
2024-11-13 10:40:45.241 +05:30  INF  Request starting HTTP/1.1 PUT http://localhost:5145/user/updatecartitem?linerid=207&qty=3 application/json 0
2024-11-13 10:40:45.241 +05:30  INF  CORS policy execution successful.
2024-11-13 10:40:45.241 +05:30  INF  Executing endpoint 'BAKERBAZZAR.API.Controller.UserController.UpdateCartItem (BAKERBAZZAR.API)'
2024-11-13 10:40:45.241 +05:30  INF  Route matched with {action = "UpdateCartItem", controller = "User"}. Executing controller action with signature System.Threading.Tasks.Task`1[Microsoft.AspNetCore.Mvc.ActionResult`1[BAKERBAZZAR.API.Models.ApiResponse]] UpdateCartItem(Int32, Int32) on controller BAKERBAZZAR.API.Controller.UserController (BAKERBAZZAR.API).
2024-11-13 10:40:45.242 +05:30  INF  Executing ObjectResult, writing value of type 'BAKERBAZZAR.API.Models.ApiResponse'.
2024-11-13 10:40:45.242 +05:30  INF  Executed action BAKERBAZZAR.API.Controller.UserController.UpdateCartItem (BAKERBAZZAR.API) in 1.0096ms
2024-11-13 10:40:45.242 +05:30  INF  Executed endpoint 'BAKERBAZZAR.API.Controller.UserController.UpdateCartItem (BAKERBAZZAR.API)'
2024-11-13 10:40:45.242 +05:30  INF  Request finished HTTP/1.1 PUT http://localhost:5145/user/updatecartitem?linerid=207&qty=3 application/json 0 - 200 - application/json;+charset=utf-8 1.1885ms
2024-11-13 10:40:45.242 +05:30  INF  Executing ObjectResult, writing value of type 'BAKERBAZZAR.API.Models.ApiResponse'.
2024-11-13 10:40:45.242 +05:30  INF  Executed action BAKERBAZZAR.API.Controller.UserController.CartDetails (BAKERBAZZAR.API) in 1.8528ms
2024-11-13 10:40:45.242 +05:30  INF  Executed endpoint 'BAKERBAZZAR.API.Controller.UserController.CartDetails (BAKERBAZZAR.API)'
2024-11-13 10:40:45.242 +05:30  INF  Request finished HTTP/1.1 GET http://localhost:5145/user/cartdetails?displayId=702dcb1e-b399-4b22-a4ad-ac33169d26fd application/json - - 200 - application/json;+charset=utf-8 2.1220ms
2024-11-13 10:40:45.416 +05:30  INF  Request starting HTTP/1.1 OPTIONS http://localhost:5145/user/updatecartitem?linerid=207&qty=4 - -
2024-11-13 10:40:45.416 +05:30  INF  CORS policy execution successful.
2024-11-13 10:40:45.416 +05:30  INF  Request finished HTTP/1.1 OPTIONS http://localhost:5145/user/updatecartitem?linerid=207&qty=4 - - - 204 - - 0.1802ms
2024-11-13 10:40:45.417 +05:30  INF  Request starting HTTP/1.1 GET http://localhost:5145/user/cartdetails?displayId=702dcb1e-b399-4b22-a4ad-ac33169d26fd application/json -
2024-11-13 10:40:45.417 +05:30  INF  CORS policy execution successful.
2024-11-13 10:40:45.417 +05:30  INF  Executing endpoint 'BAKERBAZZAR.API.Controller.UserController.CartDetails (BAKERBAZZAR.API)'
2024-11-13 10:40:45.417 +05:30  INF  Request starting HTTP/1.1 PUT http://localhost:5145/user/updatecartitem?linerid=207&qty=4 application/json 0
2024-11-13 10:40:45.417 +05:30  INF  Route matched with {action = "CartDetails", controller = "User"}. Executing controller action with signature System.Threading.Tasks.Task`1[Microsoft.AspNetCore.Mvc.ActionResult`1[BAKERBAZZAR.API.Models.ApiResponse]] CartDetails(System.String) on controller BAKERBAZZAR.API.Controller.UserController (BAKERBAZZAR.API).
2024-11-13 10:40:45.417 +05:30  INF  CORS policy execution successful.
2024-11-13 10:40:45.417 +05:30  INF  Executing endpoint 'BAKERBAZZAR.API.Controller.UserController.UpdateCartItem (BAKERBAZZAR.API)'
2024-11-13 10:40:45.417 +05:30  INF  Route matched with {action = "UpdateCartItem", controller = "User"}. Executing controller action with signature System.Threading.Tasks.Task`1[Microsoft.AspNetCore.Mvc.ActionResult`1[BAKERBAZZAR.API.Models.ApiResponse]] UpdateCartItem(Int32, Int32) on controller BAKERBAZZAR.API.Controller.UserController (BAKERBAZZAR.API).
2024-11-13 10:40:45.418 +05:30  INF  Executing ObjectResult, writing value of type 'BAKERBAZZAR.API.Models.ApiResponse'.
2024-11-13 10:40:45.418 +05:30  INF  Executed action BAKERBAZZAR.API.Controller.UserController.UpdateCartItem (BAKERBAZZAR.API) in 1.1281ms
2024-11-13 10:40:45.418 +05:30  INF  Executed endpoint 'BAKERBAZZAR.API.Controller.UserController.UpdateCartItem (BAKERBAZZAR.API)'
2024-11-13 10:40:45.418 +05:30  INF  Request finished HTTP/1.1 PUT http://localhost:5145/user/updatecartitem?linerid=207&qty=4 application/json 0 - 200 - application/json;+charset=utf-8 1.2830ms
2024-11-13 10:40:45.419 +05:30  INF  Executing ObjectResult, writing value of type 'BAKERBAZZAR.API.Models.ApiResponse'.
2024-11-13 10:40:45.419 +05:30  INF  Executed action BAKERBAZZAR.API.Controller.UserController.CartDetails (BAKERBAZZAR.API) in 1.8342ms
2024-11-13 10:40:45.419 +05:30  INF  Executed endpoint 'BAKERBAZZAR.API.Controller.UserController.CartDetails (BAKERBAZZAR.API)'
2024-11-13 10:40:45.419 +05:30  INF  Request finished HTTP/1.1 GET http://localhost:5145/user/cartdetails?displayId=702dcb1e-b399-4b22-a4ad-ac33169d26fd application/json - - 200 - application/json;+charset=utf-8 2.0877ms
2024-11-13 10:40:45.601 +05:30  INF  Request starting HTTP/1.1 OPTIONS http://localhost:5145/user/updatecartitem?linerid=207&qty=5 - -
2024-11-13 10:40:45.601 +05:30  INF  CORS policy execution successful.
2024-11-13 10:40:45.601 +05:30  INF  Request finished HTTP/1.1 OPTIONS http://localhost:5145/user/updatecartitem?linerid=207&qty=5 - - - 204 - - 0.1802ms
2024-11-13 10:40:45.601 +05:30  INF  Request starting HTTP/1.1 GET http://localhost:5145/user/cartdetails?displayId=702dcb1e-b399-4b22-a4ad-ac33169d26fd application/json -
2024-11-13 10:40:45.602 +05:30  INF  CORS policy execution successful.
2024-11-13 10:40:45.602 +05:30  INF  Executing endpoint 'BAKERBAZZAR.API.Controller.UserController.CartDetails (BAKERBAZZAR.API)'
2024-11-13 10:40:45.602 +05:30  INF  Route matched with {action = "CartDetails", controller = "User"}. Executing controller action with signature System.Threading.Tasks.Task`1[Microsoft.AspNetCore.Mvc.ActionResult`1[BAKERBAZZAR.API.Models.ApiResponse]] CartDetails(System.String) on controller BAKERBAZZAR.API.Controller.UserController (BAKERBAZZAR.API).
2024-11-13 10:40:45.602 +05:30  INF  Request starting HTTP/1.1 PUT http://localhost:5145/user/updatecartitem?linerid=207&qty=5 application/json 0
2024-11-13 10:40:45.602 +05:30  INF  CORS policy execution successful.
2024-11-13 10:40:45.602 +05:30  INF  Executing endpoint 'BAKERBAZZAR.API.Controller.UserController.UpdateCartItem (BAKERBAZZAR.API)'
2024-11-13 10:40:45.602 +05:30  INF  Route matched with {action = "UpdateCartItem", controller = "User"}. Executing controller action with signature System.Threading.Tasks.Task`1[Microsoft.AspNetCore.Mvc.ActionResult`1[BAKERBAZZAR.API.Models.ApiResponse]] UpdateCartItem(Int32, Int32) on controller BAKERBAZZAR.API.Controller.UserController (BAKERBAZZAR.API).
2024-11-13 10:40:45.603 +05:30  INF  Executing ObjectResult, writing value of type 'BAKERBAZZAR.API.Models.ApiResponse'.
2024-11-13 10:40:45.604 +05:30  INF  Executed action BAKERBAZZAR.API.Controller.UserController.UpdateCartItem (BAKERBAZZAR.API) in 1.527ms
2024-11-13 10:40:45.604 +05:30  INF  Executed endpoint 'BAKERBAZZAR.API.Controller.UserController.UpdateCartItem (BAKERBAZZAR.API)'
2024-11-13 10:40:45.604 +05:30  INF  Request finished HTTP/1.1 PUT http://localhost:5145/user/updatecartitem?linerid=207&qty=5 application/json 0 - 200 - application/json;+charset=utf-8 1.7102ms
2024-11-13 10:40:45.604 +05:30  INF  Executing ObjectResult, writing value of type 'BAKERBAZZAR.API.Models.ApiResponse'.
2024-11-13 10:40:45.604 +05:30  INF  Executed action BAKERBAZZAR.API.Controller.UserController.CartDetails (BAKERBAZZAR.API) in 2.2168ms
2024-11-13 10:40:45.604 +05:30  INF  Executed endpoint 'BAKERBAZZAR.API.Controller.UserController.CartDetails (BAKERBAZZAR.API)'
2024-11-13 10:40:45.604 +05:30  INF  Request finished HTTP/1.1 GET http://localhost:5145/user/cartdetails?displayId=702dcb1e-b399-4b22-a4ad-ac33169d26fd application/json - - 200 - application/json;+charset=utf-8 2.5325ms
2024-11-13 10:40:45.803 +05:30  INF  Request starting HTTP/1.1 OPTIONS http://localhost:5145/user/updatecartitem?linerid=207&qty=6 - -
2024-11-13 10:40:45.803 +05:30  INF  CORS policy execution successful.
2024-11-13 10:40:45.803 +05:30  INF  Request finished HTTP/1.1 OPTIONS http://localhost:5145/user/updatecartitem?linerid=207&qty=6 - - - 204 - - 0.2505ms
2024-11-13 10:40:45.803 +05:30  INF  Request starting HTTP/1.1 GET http://localhost:5145/user/cartdetails?displayId=702dcb1e-b399-4b22-a4ad-ac33169d26fd application/json -
2024-11-13 10:40:45.803 +05:30  INF  CORS policy execution successful.
2024-11-13 10:40:45.803 +05:30  INF  Executing endpoint 'BAKERBAZZAR.API.Controller.UserController.CartDetails (BAKERBAZZAR.API)'
2024-11-13 10:40:45.803 +05:30  INF  Route matched with {action = "CartDetails", controller = "User"}. Executing controller action with signature System.Threading.Tasks.Task`1[Microsoft.AspNetCore.Mvc.ActionResult`1[BAKERBAZZAR.API.Models.ApiResponse]] CartDetails(System.String) on controller BAKERBAZZAR.API.Controller.UserController (BAKERBAZZAR.API).
2024-11-13 10:40:45.804 +05:30  INF  Request starting HTTP/1.1 PUT http://localhost:5145/user/updatecartitem?linerid=207&qty=6 application/json 0
2024-11-13 10:40:45.804 +05:30  INF  CORS policy execution successful.
2024-11-13 10:40:45.804 +05:30  INF  Executing endpoint 'BAKERBAZZAR.API.Controller.UserController.UpdateCartItem (BAKERBAZZAR.API)'
2024-11-13 10:40:45.804 +05:30  INF  Route matched with {action = "UpdateCartItem", controller = "User"}. Executing controller action with signature System.Threading.Tasks.Task`1[Microsoft.AspNetCore.Mvc.ActionResult`1[BAKERBAZZAR.API.Models.ApiResponse]] UpdateCartItem(Int32, Int32) on controller BAKERBAZZAR.API.Controller.UserController (BAKERBAZZAR.API).
2024-11-13 10:40:45.806 +05:30  INF  Executing ObjectResult, writing value of type 'BAKERBAZZAR.API.Models.ApiResponse'.
2024-11-13 10:40:45.806 +05:30  INF  Executed action BAKERBAZZAR.API.Controller.UserController.UpdateCartItem (BAKERBAZZAR.API) in 2.3659ms
2024-11-13 10:40:45.806 +05:30  INF  Executed endpoint 'BAKERBAZZAR.API.Controller.UserController.UpdateCartItem (BAKERBAZZAR.API)'
2024-11-13 10:40:45.806 +05:30  INF  Request finished HTTP/1.1 PUT http://localhost:5145/user/updatecartitem?linerid=207&qty=6 application/json 0 - 200 - application/json;+charset=utf-8 2.6254ms
2024-11-13 10:40:45.807 +05:30  INF  Executing ObjectResult, writing value of type 'BAKERBAZZAR.API.Models.ApiResponse'.
2024-11-13 10:40:45.807 +05:30  INF  Executed action BAKERBAZZAR.API.Controller.UserController.CartDetails (BAKERBAZZAR.API) in 3.3306ms
2024-11-13 10:40:45.807 +05:30  INF  Executed endpoint 'BAKERBAZZAR.API.Controller.UserController.CartDetails (BAKERBAZZAR.API)'
2024-11-13 10:40:45.807 +05:30  INF  Request finished HTTP/1.1 GET http://localhost:5145/user/cartdetails?displayId=702dcb1e-b399-4b22-a4ad-ac33169d26fd application/json - - 200 - application/json;+charset=utf-8 3.5545ms
2024-11-13 10:40:46.609 +05:30  INF  Request starting HTTP/1.1 OPTIONS http://localhost:5145/user/updatecartitem?linerid=207&qty=7 - -
2024-11-13 10:40:46.609 +05:30  INF  CORS policy execution successful.
2024-11-13 10:40:46.610 +05:30  INF  Request finished HTTP/1.1 OPTIONS http://localhost:5145/user/updatecartitem?linerid=207&qty=7 - - - 204 - - 0.1764ms
2024-11-13 10:40:46.610 +05:30  INF  Request starting HTTP/1.1 GET http://localhost:5145/user/cartdetails?displayId=702dcb1e-b399-4b22-a4ad-ac33169d26fd application/json -
2024-11-13 10:40:46.610 +05:30  INF  CORS policy execution successful.
2024-11-13 10:40:46.610 +05:30  INF  Executing endpoint 'BAKERBAZZAR.API.Controller.UserController.CartDetails (BAKERBAZZAR.API)'
2024-11-13 10:40:46.610 +05:30  INF  Route matched with {action = "CartDetails", controller = "User"}. Executing controller action with signature System.Threading.Tasks.Task`1[Microsoft.AspNetCore.Mvc.ActionResult`1[BAKERBAZZAR.API.Models.ApiResponse]] CartDetails(System.String) on controller BAKERBAZZAR.API.Controller.UserController (BAKERBAZZAR.API).
2024-11-13 10:40:46.610 +05:30  INF  Request starting HTTP/1.1 PUT http://localhost:5145/user/updatecartitem?linerid=207&qty=7 application/json 0
2024-11-13 10:40:46.610 +05:30  INF  CORS policy execution successful.
2024-11-13 10:40:46.610 +05:30  INF  Executing endpoint 'BAKERBAZZAR.API.Controller.UserController.UpdateCartItem (BAKERBAZZAR.API)'
2024-11-13 10:40:46.610 +05:30  INF  Route matched with {action = "UpdateCartItem", controller = "User"}. Executing controller action with signature System.Threading.Tasks.Task`1[Microsoft.AspNetCore.Mvc.ActionResult`1[BAKERBAZZAR.API.Models.ApiResponse]] UpdateCartItem(Int32, Int32) on controller BAKERBAZZAR.API.Controller.UserController (BAKERBAZZAR.API).
2024-11-13 10:40:46.612 +05:30  INF  Executing ObjectResult, writing value of type 'BAKERBAZZAR.API.Models.ApiResponse'.
2024-11-13 10:40:46.612 +05:30  INF  Executed action BAKERBAZZAR.API.Controller.UserController.UpdateCartItem (BAKERBAZZAR.API) in 1.5056ms
2024-11-13 10:40:46.612 +05:30  INF  Executed endpoint 'BAKERBAZZAR.API.Controller.UserController.UpdateCartItem (BAKERBAZZAR.API)'
2024-11-13 10:40:46.612 +05:30  INF  Request finished HTTP/1.1 PUT http://localhost:5145/user/updatecartitem?linerid=207&qty=7 application/json 0 - 200 - application/json;+charset=utf-8 1.7460ms
2024-11-13 10:40:46.612 +05:30  INF  Executing ObjectResult, writing value of type 'BAKERBAZZAR.API.Models.ApiResponse'.
2024-11-13 10:40:46.612 +05:30  INF  Executed action BAKERBAZZAR.API.Controller.UserController.CartDetails (BAKERBAZZAR.API) in 2.4835ms
2024-11-13 10:40:46.612 +05:30  INF  Executed endpoint 'BAKERBAZZAR.API.Controller.UserController.CartDetails (BAKERBAZZAR.API)'
2024-11-13 10:40:46.612 +05:30  INF  Request finished HTTP/1.1 GET http://localhost:5145/user/cartdetails?displayId=702dcb1e-b399-4b22-a4ad-ac33169d26fd application/json - - 200 - application/json;+charset=utf-8 2.7063ms
2024-11-13 10:40:46.893 +05:30  INF  Request starting HTTP/1.1 OPTIONS http://localhost:5145/user/updatecartitem?linerid=207&qty=8 - -
2024-11-13 10:40:46.893 +05:30  INF  CORS policy execution successful.
2024-11-13 10:40:46.893 +05:30  INF  Request finished HTTP/1.1 OPTIONS http://localhost:5145/user/updatecartitem?linerid=207&qty=8 - - - 204 - - 0.2429ms
2024-11-13 10:40:46.893 +05:30  INF  Request starting HTTP/1.1 GET http://localhost:5145/user/cartdetails?displayId=702dcb1e-b399-4b22-a4ad-ac33169d26fd application/json -
2024-11-13 10:40:46.893 +05:30  INF  CORS policy execution successful.
2024-11-13 10:40:46.893 +05:30  INF  Executing endpoint 'BAKERBAZZAR.API.Controller.UserController.CartDetails (BAKERBAZZAR.API)'
2024-11-13 10:40:46.893 +05:30  INF  Route matched with {action = "CartDetails", controller = "User"}. Executing controller action with signature System.Threading.Tasks.Task`1[Microsoft.AspNetCore.Mvc.ActionResult`1[BAKERBAZZAR.API.Models.ApiResponse]] CartDetails(System.String) on controller BAKERBAZZAR.API.Controller.UserController (BAKERBAZZAR.API).
2024-11-13 10:40:46.894 +05:30  INF  Request starting HTTP/1.1 PUT http://localhost:5145/user/updatecartitem?linerid=207&qty=8 application/json 0
2024-11-13 10:40:46.894 +05:30  INF  CORS policy execution successful.
2024-11-13 10:40:46.894 +05:30  INF  Executing endpoint 'BAKERBAZZAR.API.Controller.UserController.UpdateCartItem (BAKERBAZZAR.API)'
2024-11-13 10:40:46.894 +05:30  INF  Route matched with {action = "UpdateCartItem", controller = "User"}. Executing controller action with signature System.Threading.Tasks.Task`1[Microsoft.AspNetCore.Mvc.ActionResult`1[BAKERBAZZAR.API.Models.ApiResponse]] UpdateCartItem(Int32, Int32) on controller BAKERBAZZAR.API.Controller.UserController (BAKERBAZZAR.API).
2024-11-13 10:40:46.895 +05:30  INF  Executing ObjectResult, writing value of type 'BAKERBAZZAR.API.Models.ApiResponse'.
2024-11-13 10:40:46.895 +05:30  INF  Executed action BAKERBAZZAR.API.Controller.UserController.UpdateCartItem (BAKERBAZZAR.API) in 1.1387ms
2024-11-13 10:40:46.895 +05:30  INF  Executed endpoint 'BAKERBAZZAR.API.Controller.UserController.UpdateCartItem (BAKERBAZZAR.API)'
2024-11-13 10:40:46.895 +05:30  INF  Request finished HTTP/1.1 PUT http://localhost:5145/user/updatecartitem?linerid=207&qty=8 application/json 0 - 200 - application/json;+charset=utf-8 1.3539ms
2024-11-13 10:40:46.895 +05:30  INF  Executing ObjectResult, writing value of type 'BAKERBAZZAR.API.Models.ApiResponse'.
2024-11-13 10:40:46.895 +05:30  INF  Executed action BAKERBAZZAR.API.Controller.UserController.CartDetails (BAKERBAZZAR.API) in 2.0501ms
2024-11-13 10:40:46.895 +05:30  INF  Executed endpoint 'BAKERBAZZAR.API.Controller.UserController.CartDetails (BAKERBAZZAR.API)'
2024-11-13 10:40:46.895 +05:30  INF  Request finished HTTP/1.1 GET http://localhost:5145/user/cartdetails?displayId=702dcb1e-b399-4b22-a4ad-ac33169d26fd application/json - - 200 - application/json;+charset=utf-8 2.3502ms
2024-11-13 10:40:47.238 +05:30  INF  Request starting HTTP/1.1 OPTIONS http://localhost:5145/user/updatecartitem?linerid=207&qty=9 - -
2024-11-13 10:40:47.238 +05:30  INF  CORS policy execution successful.
2024-11-13 10:40:47.238 +05:30  INF  Request finished HTTP/1.1 OPTIONS http://localhost:5145/user/updatecartitem?linerid=207&qty=9 - - - 204 - - 0.1882ms
2024-11-13 10:40:47.239 +05:30  INF  Request starting HTTP/1.1 GET http://localhost:5145/user/cartdetails?displayId=702dcb1e-b399-4b22-a4ad-ac33169d26fd application/json -
2024-11-13 10:40:47.239 +05:30  INF  CORS policy execution successful.
2024-11-13 10:40:47.239 +05:30  INF  Executing endpoint 'BAKERBAZZAR.API.Controller.UserController.CartDetails (BAKERBAZZAR.API)'
2024-11-13 10:40:47.239 +05:30  INF  Request starting HTTP/1.1 PUT http://localhost:5145/user/updatecartitem?linerid=207&qty=9 application/json 0
2024-11-13 10:40:47.239 +05:30  INF  Route matched with {action = "CartDetails", controller = "User"}. Executing controller action with signature System.Threading.Tasks.Task`1[Microsoft.AspNetCore.Mvc.ActionResult`1[BAKERBAZZAR.API.Models.ApiResponse]] CartDetails(System.String) on controller BAKERBAZZAR.API.Controller.UserController (BAKERBAZZAR.API).
2024-11-13 10:40:47.239 +05:30  INF  CORS policy execution successful.
2024-11-13 10:40:47.239 +05:30  INF  Executing endpoint 'BAKERBAZZAR.API.Controller.UserController.UpdateCartItem (BAKERBAZZAR.API)'
2024-11-13 10:40:47.239 +05:30  INF  Route matched with {action = "UpdateCartItem", controller = "User"}. Executing controller action with signature System.Threading.Tasks.Task`1[Microsoft.AspNetCore.Mvc.ActionResult`1[BAKERBAZZAR.API.Models.ApiResponse]] UpdateCartItem(Int32, Int32) on controller BAKERBAZZAR.API.Controller.UserController (BAKERBAZZAR.API).
2024-11-13 10:40:47.240 +05:30  INF  Executing ObjectResult, writing value of type 'BAKERBAZZAR.API.Models.ApiResponse'.
2024-11-13 10:40:47.241 +05:30  INF  Executed action BAKERBAZZAR.API.Controller.UserController.UpdateCartItem (BAKERBAZZAR.API) in 1.4062ms
2024-11-13 10:40:47.241 +05:30  INF  Executed endpoint 'BAKERBAZZAR.API.Controller.UserController.UpdateCartItem (BAKERBAZZAR.API)'
2024-11-13 10:40:47.241 +05:30  INF  Request finished HTTP/1.1 PUT http://localhost:5145/user/updatecartitem?linerid=207&qty=9 application/json 0 - 200 - application/json;+charset=utf-8 1.6871ms
2024-11-13 10:40:47.241 +05:30  INF  Executing ObjectResult, writing value of type 'BAKERBAZZAR.API.Models.ApiResponse'.
2024-11-13 10:40:47.242 +05:30  INF  Executed action BAKERBAZZAR.API.Controller.UserController.CartDetails (BAKERBAZZAR.API) in 2.498ms
2024-11-13 10:40:47.242 +05:30  INF  Executed endpoint 'BAKERBAZZAR.API.Controller.UserController.CartDetails (BAKERBAZZAR.API)'
2024-11-13 10:40:47.242 +05:30  INF  Request finished HTTP/1.1 GET http://localhost:5145/user/cartdetails?displayId=702dcb1e-b399-4b22-a4ad-ac33169d26fd application/json - - 200 - application/json;+charset=utf-8 2.9349ms
2024-11-13 10:40:47.488 +05:30  INF  Request starting HTTP/1.1 OPTIONS http://localhost:5145/user/updatecartitem?linerid=207&qty=10 - -
2024-11-13 10:40:47.488 +05:30  INF  CORS policy execution successful.
2024-11-13 10:40:47.488 +05:30  INF  Request finished HTTP/1.1 OPTIONS http://localhost:5145/user/updatecartitem?linerid=207&qty=10 - - - 204 - - 0.1719ms
2024-11-13 10:40:47.489 +05:30  INF  Request starting HTTP/1.1 GET http://localhost:5145/user/cartdetails?displayId=702dcb1e-b399-4b22-a4ad-ac33169d26fd application/json -
2024-11-13 10:40:47.489 +05:30  INF  CORS policy execution successful.
2024-11-13 10:40:47.489 +05:30  INF  Executing endpoint 'BAKERBAZZAR.API.Controller.UserController.CartDetails (BAKERBAZZAR.API)'
2024-11-13 10:40:47.489 +05:30  INF  Route matched with {action = "CartDetails", controller = "User"}. Executing controller action with signature System.Threading.Tasks.Task`1[Microsoft.AspNetCore.Mvc.ActionResult`1[BAKERBAZZAR.API.Models.ApiResponse]] CartDetails(System.String) on controller BAKERBAZZAR.API.Controller.UserController (BAKERBAZZAR.API).
2024-11-13 10:40:47.489 +05:30  INF  Request starting HTTP/1.1 PUT http://localhost:5145/user/updatecartitem?linerid=207&qty=10 application/json 0
2024-11-13 10:40:47.489 +05:30  INF  CORS policy execution successful.
2024-11-13 10:40:47.489 +05:30  INF  Executing endpoint 'BAKERBAZZAR.API.Controller.UserController.UpdateCartItem (BAKERBAZZAR.API)'
2024-11-13 10:40:47.489 +05:30  INF  Route matched with {action = "UpdateCartItem", controller = "User"}. Executing controller action with signature System.Threading.Tasks.Task`1[Microsoft.AspNetCore.Mvc.ActionResult`1[BAKERBAZZAR.API.Models.ApiResponse]] UpdateCartItem(Int32, Int32) on controller BAKERBAZZAR.API.Controller.UserController (BAKERBAZZAR.API).
2024-11-13 10:40:47.491 +05:30  INF  Executing ObjectResult, writing value of type 'BAKERBAZZAR.API.Models.ApiResponse'.
2024-11-13 10:40:47.491 +05:30  INF  Executed action BAKERBAZZAR.API.Controller.UserController.UpdateCartItem (BAKERBAZZAR.API) in 1.4483ms
2024-11-13 10:40:47.491 +05:30  INF  Executed endpoint 'BAKERBAZZAR.API.Controller.UserController.UpdateCartItem (BAKERBAZZAR.API)'
2024-11-13 10:40:47.491 +05:30  INF  Request finished HTTP/1.1 PUT http://localhost:5145/user/updatecartitem?linerid=207&qty=10 application/json 0 - 200 - application/json;+charset=utf-8 1.6790ms
2024-11-13 10:40:47.491 +05:30  INF  Executing ObjectResult, writing value of type 'BAKERBAZZAR.API.Models.ApiResponse'.
2024-11-13 10:40:47.491 +05:30  INF  Executed action BAKERBAZZAR.API.Controller.UserController.CartDetails (BAKERBAZZAR.API) in 2.0714ms
2024-11-13 10:40:47.491 +05:30  INF  Executed endpoint 'BAKERBAZZAR.API.Controller.UserController.CartDetails (BAKERBAZZAR.API)'
2024-11-13 10:40:47.491 +05:30  INF  Request finished HTTP/1.1 GET http://localhost:5145/user/cartdetails?displayId=702dcb1e-b399-4b22-a4ad-ac33169d26fd application/json - - 200 - application/json;+charset=utf-8 2.4222ms
2024-11-13 10:40:47.697 +05:30  INF  Request starting HTTP/1.1 OPTIONS http://localhost:5145/user/updatecartitem?linerid=207&qty=11 - -
2024-11-13 10:40:47.697 +05:30  INF  CORS policy execution successful.
2024-11-13 10:40:47.697 +05:30  INF  Request finished HTTP/1.1 OPTIONS http://localhost:5145/user/updatecartitem?linerid=207&qty=11 - - - 204 - - 0.2568ms
2024-11-13 10:40:47.698 +05:30  INF  Request starting HTTP/1.1 GET http://localhost:5145/user/cartdetails?displayId=702dcb1e-b399-4b22-a4ad-ac33169d26fd application/json -
2024-11-13 10:40:47.698 +05:30  INF  CORS policy execution successful.
2024-11-13 10:40:47.698 +05:30  INF  Executing endpoint 'BAKERBAZZAR.API.Controller.UserController.CartDetails (BAKERBAZZAR.API)'
2024-11-13 10:40:47.698 +05:30  INF  Route matched with {action = "CartDetails", controller = "User"}. Executing controller action with signature System.Threading.Tasks.Task`1[Microsoft.AspNetCore.Mvc.ActionResult`1[BAKERBAZZAR.API.Models.ApiResponse]] CartDetails(System.String) on controller BAKERBAZZAR.API.Controller.UserController (BAKERBAZZAR.API).
2024-11-13 10:40:47.698 +05:30  INF  Request starting HTTP/1.1 PUT http://localhost:5145/user/updatecartitem?linerid=207&qty=11 application/json 0
2024-11-13 10:40:47.698 +05:30  INF  CORS policy execution successful.
2024-11-13 10:40:47.698 +05:30  INF  Executing endpoint 'BAKERBAZZAR.API.Controller.UserController.UpdateCartItem (BAKERBAZZAR.API)'
2024-11-13 10:40:47.698 +05:30  INF  Route matched with {action = "UpdateCartItem", controller = "User"}. Executing controller action with signature System.Threading.Tasks.Task`1[Microsoft.AspNetCore.Mvc.ActionResult`1[BAKERBAZZAR.API.Models.ApiResponse]] UpdateCartItem(Int32, Int32) on controller BAKERBAZZAR.API.Controller.UserController (BAKERBAZZAR.API).
2024-11-13 10:40:47.700 +05:30  INF  Executing ObjectResult, writing value of type 'BAKERBAZZAR.API.Models.ApiResponse'.
2024-11-13 10:40:47.700 +05:30  INF  Executed action BAKERBAZZAR.API.Controller.UserController.UpdateCartItem (BAKERBAZZAR.API) in 2.0008ms
2024-11-13 10:40:47.700 +05:30  INF  Executed endpoint 'BAKERBAZZAR.API.Controller.UserController.UpdateCartItem (BAKERBAZZAR.API)'
2024-11-13 10:40:47.700 +05:30  INF  Request finished HTTP/1.1 PUT http://localhost:5145/user/updatecartitem?linerid=207&qty=11 application/json 0 - 200 - application/json;+charset=utf-8 2.3000ms
2024-11-13 10:40:47.701 +05:30  INF  Executing ObjectResult, writing value of type 'BAKERBAZZAR.API.Models.ApiResponse'.
2024-11-13 10:40:47.701 +05:30  INF  Executed action BAKERBAZZAR.API.Controller.UserController.CartDetails (BAKERBAZZAR.API) in 2.9097ms
2024-11-13 10:40:47.701 +05:30  INF  Executed endpoint 'BAKERBAZZAR.API.Controller.UserController.CartDetails (BAKERBAZZAR.API)'
2024-11-13 10:40:47.701 +05:30  INF  Request finished HTTP/1.1 GET http://localhost:5145/user/cartdetails?displayId=702dcb1e-b399-4b22-a4ad-ac33169d26fd application/json - - 200 - application/json;+charset=utf-8 3.1470ms
2024-11-13 10:40:48.163 +05:30  INF  Request starting HTTP/1.1 OPTIONS http://localhost:5145/user/updatecartitem?linerid=207&qty=12 - -
2024-11-13 10:40:48.163 +05:30  INF  CORS policy execution successful.
2024-11-13 10:40:48.163 +05:30  INF  Request finished HTTP/1.1 OPTIONS http://localhost:5145/user/updatecartitem?linerid=207&qty=12 - - - 204 - - 0.2061ms
2024-11-13 10:40:48.163 +05:30  INF  Request starting HTTP/1.1 GET http://localhost:5145/user/cartdetails?displayId=702dcb1e-b399-4b22-a4ad-ac33169d26fd application/json -
2024-11-13 10:40:48.163 +05:30  INF  CORS policy execution successful.
2024-11-13 10:40:48.163 +05:30  INF  Executing endpoint 'BAKERBAZZAR.API.Controller.UserController.CartDetails (BAKERBAZZAR.API)'
2024-11-13 10:40:48.164 +05:30  INF  Route matched with {action = "CartDetails", controller = "User"}. Executing controller action with signature System.Threading.Tasks.Task`1[Microsoft.AspNetCore.Mvc.ActionResult`1[BAKERBAZZAR.API.Models.ApiResponse]] CartDetails(System.String) on controller BAKERBAZZAR.API.Controller.UserController (BAKERBAZZAR.API).
2024-11-13 10:40:48.164 +05:30  INF  Request starting HTTP/1.1 PUT http://localhost:5145/user/updatecartitem?linerid=207&qty=12 application/json 0
2024-11-13 10:40:48.164 +05:30  INF  CORS policy execution successful.
2024-11-13 10:40:48.164 +05:30  INF  Executing endpoint 'BAKERBAZZAR.API.Controller.UserController.UpdateCartItem (BAKERBAZZAR.API)'
2024-11-13 10:40:48.164 +05:30  INF  Route matched with {action = "UpdateCartItem", controller = "User"}. Executing controller action with signature System.Threading.Tasks.Task`1[Microsoft.AspNetCore.Mvc.ActionResult`1[BAKERBAZZAR.API.Models.ApiResponse]] UpdateCartItem(Int32, Int32) on controller BAKERBAZZAR.API.Controller.UserController (BAKERBAZZAR.API).
2024-11-13 10:40:48.166 +05:30  INF  Executing ObjectResult, writing value of type 'BAKERBAZZAR.API.Models.ApiResponse'.
2024-11-13 10:40:48.166 +05:30  INF  Executed action BAKERBAZZAR.API.Controller.UserController.UpdateCartItem (BAKERBAZZAR.API) in 1.6787ms
2024-11-13 10:40:48.166 +05:30  INF  Executed endpoint 'BAKERBAZZAR.API.Controller.UserController.UpdateCartItem (BAKERBAZZAR.API)'
2024-11-13 10:40:48.166 +05:30  INF  Request finished HTTP/1.1 PUT http://localhost:5145/user/updatecartitem?linerid=207&qty=12 application/json 0 - 200 - application/json;+charset=utf-8 1.9250ms
2024-11-13 10:40:48.166 +05:30  INF  Executing ObjectResult, writing value of type 'BAKERBAZZAR.API.Models.ApiResponse'.
2024-11-13 10:40:48.166 +05:30  INF  Executed action BAKERBAZZAR.API.Controller.UserController.CartDetails (BAKERBAZZAR.API) in 2.3893ms
2024-11-13 10:40:48.166 +05:30  INF  Executed endpoint 'BAKERBAZZAR.API.Controller.UserController.CartDetails (BAKERBAZZAR.API)'
2024-11-13 10:40:48.166 +05:30  INF  Request finished HTTP/1.1 GET http://localhost:5145/user/cartdetails?displayId=702dcb1e-b399-4b22-a4ad-ac33169d26fd application/json - - 200 - application/json;+charset=utf-8 2.6951ms
2024-11-13 10:40:48.348 +05:30  INF  Request starting HTTP/1.1 OPTIONS http://localhost:5145/user/updatecartitem?linerid=207&qty=13 - -
2024-11-13 10:40:48.348 +05:30  INF  CORS policy execution successful.
2024-11-13 10:40:48.348 +05:30  INF  Request finished HTTP/1.1 OPTIONS http://localhost:5145/user/updatecartitem?linerid=207&qty=13 - - - 204 - - 0.2069ms
2024-11-13 10:40:48.348 +05:30  INF  Request starting HTTP/1.1 GET http://localhost:5145/user/cartdetails?displayId=702dcb1e-b399-4b22-a4ad-ac33169d26fd application/json -
2024-11-13 10:40:48.348 +05:30  INF  CORS policy execution successful.
2024-11-13 10:40:48.348 +05:30  INF  Executing endpoint 'BAKERBAZZAR.API.Controller.UserController.CartDetails (BAKERBAZZAR.API)'
2024-11-13 10:40:48.349 +05:30  INF  Route matched with {action = "CartDetails", controller = "User"}. Executing controller action with signature System.Threading.Tasks.Task`1[Microsoft.AspNetCore.Mvc.ActionResult`1[BAKERBAZZAR.API.Models.ApiResponse]] CartDetails(System.String) on controller BAKERBAZZAR.API.Controller.UserController (BAKERBAZZAR.API).
2024-11-13 10:40:48.349 +05:30  INF  Request starting HTTP/1.1 PUT http://localhost:5145/user/updatecartitem?linerid=207&qty=13 application/json 0
2024-11-13 10:40:48.349 +05:30  INF  CORS policy execution successful.
2024-11-13 10:40:48.349 +05:30  INF  Executing endpoint 'BAKERBAZZAR.API.Controller.UserController.UpdateCartItem (BAKERBAZZAR.API)'
2024-11-13 10:40:48.349 +05:30  INF  Route matched with {action = "UpdateCartItem", controller = "User"}. Executing controller action with signature System.Threading.Tasks.Task`1[Microsoft.AspNetCore.Mvc.ActionResult`1[BAKERBAZZAR.API.Models.ApiResponse]] UpdateCartItem(Int32, Int32) on controller BAKERBAZZAR.API.Controller.UserController (BAKERBAZZAR.API).
2024-11-13 10:40:48.350 +05:30  INF  Executing ObjectResult, writing value of type 'BAKERBAZZAR.API.Models.ApiResponse'.
2024-11-13 10:40:48.351 +05:30  INF  Executed action BAKERBAZZAR.API.Controller.UserController.CartDetails (BAKERBAZZAR.API) in 1.9942ms
2024-11-13 10:40:48.351 +05:30  INF  Executed endpoint 'BAKERBAZZAR.API.Controller.UserController.CartDetails (BAKERBAZZAR.API)'
2024-11-13 10:40:48.351 +05:30  INF  Request finished HTTP/1.1 GET http://localhost:5145/user/cartdetails?displayId=702dcb1e-b399-4b22-a4ad-ac33169d26fd application/json - - 200 - application/json;+charset=utf-8 2.2116ms
2024-11-13 10:40:48.351 +05:30  INF  Executing ObjectResult, writing value of type 'BAKERBAZZAR.API.Models.ApiResponse'.
2024-11-13 10:40:48.351 +05:30  INF  Executed action BAKERBAZZAR.API.Controller.UserController.UpdateCartItem (BAKERBAZZAR.API) in 1.7908ms
2024-11-13 10:40:48.351 +05:30  INF  Executed endpoint 'BAKERBAZZAR.API.Controller.UserController.UpdateCartItem (BAKERBAZZAR.API)'
2024-11-13 10:40:48.351 +05:30  INF  Request finished HTTP/1.1 PUT http://localhost:5145/user/updatecartitem?linerid=207&qty=13 application/json 0 - 200 - application/json;+charset=utf-8 2.0184ms
2024-11-13 10:40:48.670 +05:30  INF  Request starting HTTP/1.1 OPTIONS http://localhost:5145/user/updatecartitem?linerid=207&qty=14 - -
2024-11-13 10:40:48.670 +05:30  INF  CORS policy execution successful.
2024-11-13 10:40:48.670 +05:30  INF  Request finished HTTP/1.1 OPTIONS http://localhost:5145/user/updatecartitem?linerid=207&qty=14 - - - 204 - - 0.2561ms
2024-11-13 10:40:48.670 +05:30  INF  Request starting HTTP/1.1 GET http://localhost:5145/user/cartdetails?displayId=702dcb1e-b399-4b22-a4ad-ac33169d26fd application/json -
2024-11-13 10:40:48.670 +05:30  INF  CORS policy execution successful.
2024-11-13 10:40:48.670 +05:30  INF  Executing endpoint 'BAKERBAZZAR.API.Controller.UserController.CartDetails (BAKERBAZZAR.API)'
2024-11-13 10:40:48.670 +05:30  INF  Route matched with {action = "CartDetails", controller = "User"}. Executing controller action with signature System.Threading.Tasks.Task`1[Microsoft.AspNetCore.Mvc.ActionResult`1[BAKERBAZZAR.API.Models.ApiResponse]] CartDetails(System.String) on controller BAKERBAZZAR.API.Controller.UserController (BAKERBAZZAR.API).
2024-11-13 10:40:48.671 +05:30  INF  Request starting HTTP/1.1 PUT http://localhost:5145/user/updatecartitem?linerid=207&qty=14 application/json 0
2024-11-13 10:40:48.671 +05:30  INF  CORS policy execution successful.
2024-11-13 10:40:48.671 +05:30  INF  Executing endpoint 'BAKERBAZZAR.API.Controller.UserController.UpdateCartItem (BAKERBAZZAR.API)'
2024-11-13 10:40:48.671 +05:30  INF  Route matched with {action = "UpdateCartItem", controller = "User"}. Executing controller action with signature System.Threading.Tasks.Task`1[Microsoft.AspNetCore.Mvc.ActionResult`1[BAKERBAZZAR.API.Models.ApiResponse]] UpdateCartItem(Int32, Int32) on controller BAKERBAZZAR.API.Controller.UserController (BAKERBAZZAR.API).
2024-11-13 10:40:48.673 +05:30  INF  Executing ObjectResult, writing value of type 'BAKERBAZZAR.API.Models.ApiResponse'.
2024-11-13 10:40:48.673 +05:30  INF  Executed action BAKERBAZZAR.API.Controller.UserController.UpdateCartItem (BAKERBAZZAR.API) in 1.6732ms
2024-11-13 10:40:48.673 +05:30  INF  Executed endpoint 'BAKERBAZZAR.API.Controller.UserController.UpdateCartItem (BAKERBAZZAR.API)'
2024-11-13 10:40:48.673 +05:30  INF  Request finished HTTP/1.1 PUT http://localhost:5145/user/updatecartitem?linerid=207&qty=14 application/json 0 - 200 - application/json;+charset=utf-8 2.0631ms
2024-11-13 10:40:48.673 +05:30  INF  Executing ObjectResult, writing value of type 'BAKERBAZZAR.API.Models.ApiResponse'.
2024-11-13 10:40:48.674 +05:30  INF  Executed action BAKERBAZZAR.API.Controller.UserController.CartDetails (BAKERBAZZAR.API) in 3.0488ms
2024-11-13 10:40:48.674 +05:30  INF  Executed endpoint 'BAKERBAZZAR.API.Controller.UserController.CartDetails (BAKERBAZZAR.API)'
2024-11-13 10:40:48.674 +05:30  INF  Request finished HTTP/1.1 GET http://localhost:5145/user/cartdetails?displayId=702dcb1e-b399-4b22-a4ad-ac33169d26fd application/json - - 200 - application/json;+charset=utf-8 3.3139ms
2024-11-13 10:40:48.920 +05:30  INF  Request starting HTTP/1.1 OPTIONS http://localhost:5145/user/updatecartitem?linerid=207&qty=15 - -
2024-11-13 10:40:48.920 +05:30  INF  CORS policy execution successful.
2024-11-13 10:40:48.920 +05:30  INF  Request finished HTTP/1.1 OPTIONS http://localhost:5145/user/updatecartitem?linerid=207&qty=15 - - - 204 - - 0.1901ms
2024-11-13 10:40:48.921 +05:30  INF  Request starting HTTP/1.1 GET http://localhost:5145/user/cartdetails?displayId=702dcb1e-b399-4b22-a4ad-ac33169d26fd application/json -
2024-11-13 10:40:48.921 +05:30  INF  CORS policy execution successful.
2024-11-13 10:40:48.921 +05:30  INF  Executing endpoint 'BAKERBAZZAR.API.Controller.UserController.CartDetails (BAKERBAZZAR.API)'
2024-11-13 10:40:48.921 +05:30  INF  Route matched with {action = "CartDetails", controller = "User"}. Executing controller action with signature System.Threading.Tasks.Task`1[Microsoft.AspNetCore.Mvc.ActionResult`1[BAKERBAZZAR.API.Models.ApiResponse]] CartDetails(System.String) on controller BAKERBAZZAR.API.Controller.UserController (BAKERBAZZAR.API).
2024-11-13 10:40:48.921 +05:30  INF  Request starting HTTP/1.1 PUT http://localhost:5145/user/updatecartitem?linerid=207&qty=15 application/json 0
2024-11-13 10:40:48.921 +05:30  INF  CORS policy execution successful.
2024-11-13 10:40:48.921 +05:30  INF  Executing endpoint 'BAKERBAZZAR.API.Controller.UserController.UpdateCartItem (BAKERBAZZAR.API)'
2024-11-13 10:40:48.921 +05:30  INF  Route matched with {action = "UpdateCartItem", controller = "User"}. Executing controller action with signature System.Threading.Tasks.Task`1[Microsoft.AspNetCore.Mvc.ActionResult`1[BAKERBAZZAR.API.Models.ApiResponse]] UpdateCartItem(Int32, Int32) on controller BAKERBAZZAR.API.Controller.UserController (BAKERBAZZAR.API).
2024-11-13 10:40:48.923 +05:30  INF  Executing ObjectResult, writing value of type 'BAKERBAZZAR.API.Models.ApiResponse'.
2024-11-13 10:40:48.923 +05:30  INF  Executed action BAKERBAZZAR.API.Controller.UserController.UpdateCartItem (BAKERBAZZAR.API) in 1.6429ms
2024-11-13 10:40:48.923 +05:30  INF  Executed endpoint 'BAKERBAZZAR.API.Controller.UserController.UpdateCartItem (BAKERBAZZAR.API)'
2024-11-13 10:40:48.923 +05:30  INF  Request finished HTTP/1.1 PUT http://localhost:5145/user/updatecartitem?linerid=207&qty=15 application/json 0 - 200 - application/json;+charset=utf-8 1.8670ms
2024-11-13 10:40:48.923 +05:30  INF  Executing ObjectResult, writing value of type 'BAKERBAZZAR.API.Models.ApiResponse'.
2024-11-13 10:40:48.924 +05:30  INF  Executed action BAKERBAZZAR.API.Controller.UserController.CartDetails (BAKERBAZZAR.API) in 2.3149ms
2024-11-13 10:40:48.924 +05:30  INF  Executed endpoint 'BAKERBAZZAR.API.Controller.UserController.CartDetails (BAKERBAZZAR.API)'
2024-11-13 10:40:48.924 +05:30  INF  Request finished HTTP/1.1 GET http://localhost:5145/user/cartdetails?displayId=702dcb1e-b399-4b22-a4ad-ac33169d26fd application/json - - 200 - application/json;+charset=utf-8 2.6368ms
2024-11-13 10:40:49.097 +05:30  INF  Request starting HTTP/1.1 OPTIONS http://localhost:5145/user/updatecartitem?linerid=207&qty=16 - -
2024-11-13 10:40:49.097 +05:30  INF  CORS policy execution successful.
2024-11-13 10:40:49.097 +05:30  INF  Request finished HTTP/1.1 OPTIONS http://localhost:5145/user/updatecartitem?linerid=207&qty=16 - - - 204 - - 0.2292ms
2024-11-13 10:40:49.098 +05:30  INF  Request starting HTTP/1.1 GET http://localhost:5145/user/cartdetails?displayId=702dcb1e-b399-4b22-a4ad-ac33169d26fd application/json -
2024-11-13 10:40:49.098 +05:30  INF  CORS policy execution successful.
2024-11-13 10:40:49.098 +05:30  INF  Executing endpoint 'BAKERBAZZAR.API.Controller.UserController.CartDetails (BAKERBAZZAR.API)'
2024-11-13 10:40:49.098 +05:30  INF  Route matched with {action = "CartDetails", controller = "User"}. Executing controller action with signature System.Threading.Tasks.Task`1[Microsoft.AspNetCore.Mvc.ActionResult`1[BAKERBAZZAR.API.Models.ApiResponse]] CartDetails(System.String) on controller BAKERBAZZAR.API.Controller.UserController (BAKERBAZZAR.API).
2024-11-13 10:40:49.098 +05:30  INF  Request starting HTTP/1.1 PUT http://localhost:5145/user/updatecartitem?linerid=207&qty=16 application/json 0
2024-11-13 10:40:49.098 +05:30  INF  CORS policy execution successful.
2024-11-13 10:40:49.098 +05:30  INF  Executing endpoint 'BAKERBAZZAR.API.Controller.UserController.UpdateCartItem (BAKERBAZZAR.API)'
2024-11-13 10:40:49.098 +05:30  INF  Route matched with {action = "UpdateCartItem", controller = "User"}. Executing controller action with signature System.Threading.Tasks.Task`1[Microsoft.AspNetCore.Mvc.ActionResult`1[BAKERBAZZAR.API.Models.ApiResponse]] UpdateCartItem(Int32, Int32) on controller BAKERBAZZAR.API.Controller.UserController (BAKERBAZZAR.API).
2024-11-13 10:40:49.101 +05:30  INF  Executing ObjectResult, writing value of type 'BAKERBAZZAR.API.Models.ApiResponse'.
2024-11-13 10:40:49.101 +05:30  INF  Executing ObjectResult, writing value of type 'BAKERBAZZAR.API.Models.ApiResponse'.
2024-11-13 10:40:49.101 +05:30  INF  Executed action BAKERBAZZAR.API.Controller.UserController.UpdateCartItem (BAKERBAZZAR.API) in 2.4094ms
2024-11-13 10:40:49.101 +05:30  INF  Executed endpoint 'BAKERBAZZAR.API.Controller.UserController.UpdateCartItem (BAKERBAZZAR.API)'
2024-11-13 10:40:49.101 +05:30  INF  Executed action BAKERBAZZAR.API.Controller.UserController.CartDetails (BAKERBAZZAR.API) in 3.1729ms
2024-11-13 10:40:49.101 +05:30  INF  Request finished HTTP/1.1 PUT http://localhost:5145/user/updatecartitem?linerid=207&qty=16 application/json 0 - 200 - application/json;+charset=utf-8 2.7349ms
2024-11-13 10:40:49.101 +05:30  INF  Executed endpoint 'BAKERBAZZAR.API.Controller.UserController.CartDetails (BAKERBAZZAR.API)'
2024-11-13 10:40:49.101 +05:30  INF  Request finished HTTP/1.1 GET http://localhost:5145/user/cartdetails?displayId=702dcb1e-b399-4b22-a4ad-ac33169d26fd application/json - - 200 - application/json;+charset=utf-8 3.4378ms
2024-11-13 10:40:49.283 +05:30  INF  Request starting HTTP/1.1 PUT http://localhost:5145/user/updatecartitem?linerid=207&qty=16 application/json 0
2024-11-13 10:40:49.283 +05:30  INF  CORS policy execution successful.
2024-11-13 10:40:49.283 +05:30  INF  Executing endpoint 'BAKERBAZZAR.API.Controller.UserController.UpdateCartItem (BAKERBAZZAR.API)'
2024-11-13 10:40:49.283 +05:30  INF  Request starting HTTP/1.1 OPTIONS http://localhost:5145/user/cartdetails?displayId=702dcb1e-b399-4b22-a4ad-ac33169d26fd - -
2024-11-13 10:40:49.283 +05:30  INF  Route matched with {action = "UpdateCartItem", controller = "User"}. Executing controller action with signature System.Threading.Tasks.Task`1[Microsoft.AspNetCore.Mvc.ActionResult`1[BAKERBAZZAR.API.Models.ApiResponse]] UpdateCartItem(Int32, Int32) on controller BAKERBAZZAR.API.Controller.UserController (BAKERBAZZAR.API).
2024-11-13 10:40:49.283 +05:30  INF  CORS policy execution successful.
2024-11-13 10:40:49.283 +05:30  INF  Request finished HTTP/1.1 OPTIONS http://localhost:5145/user/cartdetails?displayId=702dcb1e-b399-4b22-a4ad-ac33169d26fd - - - 204 - - 0.1628ms
2024-11-13 10:40:49.284 +05:30  INF  Request starting HTTP/1.1 GET http://localhost:5145/user/cartdetails?displayId=702dcb1e-b399-4b22-a4ad-ac33169d26fd application/json -
2024-11-13 10:40:49.284 +05:30  INF  CORS policy execution successful.
2024-11-13 10:40:49.284 +05:30  INF  Executing endpoint 'BAKERBAZZAR.API.Controller.UserController.CartDetails (BAKERBAZZAR.API)'
2024-11-13 10:40:49.284 +05:30  INF  Route matched with {action = "CartDetails", controller = "User"}. Executing controller action with signature System.Threading.Tasks.Task`1[Microsoft.AspNetCore.Mvc.ActionResult`1[BAKERBAZZAR.API.Models.ApiResponse]] CartDetails(System.String) on controller BAKERBAZZAR.API.Controller.UserController (BAKERBAZZAR.API).
2024-11-13 10:40:49.285 +05:30  INF  Executing ObjectResult, writing value of type 'BAKERBAZZAR.API.Models.ApiResponse'.
2024-11-13 10:40:49.285 +05:30  INF  Executed action BAKERBAZZAR.API.Controller.UserController.UpdateCartItem (BAKERBAZZAR.API) in 1.4734ms
2024-11-13 10:40:49.285 +05:30  INF  Executed endpoint 'BAKERBAZZAR.API.Controller.UserController.UpdateCartItem (BAKERBAZZAR.API)'
2024-11-13 10:40:49.285 +05:30  INF  Request finished HTTP/1.1 PUT http://localhost:5145/user/updatecartitem?linerid=207&qty=16 application/json 0 - 200 - application/json;+charset=utf-8 1.8789ms
2024-11-13 10:40:49.286 +05:30  INF  Executing ObjectResult, writing value of type 'BAKERBAZZAR.API.Models.ApiResponse'.
2024-11-13 10:40:49.286 +05:30  INF  Executed action BAKERBAZZAR.API.Controller.UserController.CartDetails (BAKERBAZZAR.API) in 2.1358ms
2024-11-13 10:40:49.286 +05:30  INF  Executed endpoint 'BAKERBAZZAR.API.Controller.UserController.CartDetails (BAKERBAZZAR.API)'
2024-11-13 10:40:49.286 +05:30  INF  Request finished HTTP/1.1 GET http://localhost:5145/user/cartdetails?displayId=702dcb1e-b399-4b22-a4ad-ac33169d26fd application/json - - 200 - application/json;+charset=utf-8 2.3664ms
2024-11-13 10:40:49.607 +05:30  INF  Request starting HTTP/1.1 OPTIONS http://localhost:5145/user/updatecartitem?linerid=207&qty=17 - -
2024-11-13 10:40:49.607 +05:30  INF  CORS policy execution successful.
2024-11-13 10:40:49.607 +05:30  INF  Request finished HTTP/1.1 OPTIONS http://localhost:5145/user/updatecartitem?linerid=207&qty=17 - - - 204 - - 0.2915ms
2024-11-13 10:40:49.608 +05:30  INF  Request starting HTTP/1.1 GET http://localhost:5145/user/cartdetails?displayId=702dcb1e-b399-4b22-a4ad-ac33169d26fd application/json -
2024-11-13 10:40:49.608 +05:30  INF  CORS policy execution successful.
2024-11-13 10:40:49.608 +05:30  INF  Request starting HTTP/1.1 PUT http://localhost:5145/user/updatecartitem?linerid=207&qty=17 application/json 0
2024-11-13 10:40:49.609 +05:30  INF  Executing endpoint 'BAKERBAZZAR.API.Controller.UserController.CartDetails (BAKERBAZZAR.API)'
2024-11-13 10:40:49.609 +05:30  INF  CORS policy execution successful.
2024-11-13 10:40:49.609 +05:30  INF  Executing endpoint 'BAKERBAZZAR.API.Controller.UserController.UpdateCartItem (BAKERBAZZAR.API)'
2024-11-13 10:40:49.609 +05:30  INF  Route matched with {action = "UpdateCartItem", controller = "User"}. Executing controller action with signature System.Threading.Tasks.Task`1[Microsoft.AspNetCore.Mvc.ActionResult`1[BAKERBAZZAR.API.Models.ApiResponse]] UpdateCartItem(Int32, Int32) on controller BAKERBAZZAR.API.Controller.UserController (BAKERBAZZAR.API).
2024-11-13 10:40:49.609 +05:30  INF  Route matched with {action = "CartDetails", controller = "User"}. Executing controller action with signature System.Threading.Tasks.Task`1[Microsoft.AspNetCore.Mvc.ActionResult`1[BAKERBAZZAR.API.Models.ApiResponse]] CartDetails(System.String) on controller BAKERBAZZAR.API.Controller.UserController (BAKERBAZZAR.API).
2024-11-13 10:40:49.610 +05:30  INF  Executing ObjectResult, writing value of type 'BAKERBAZZAR.API.Models.ApiResponse'.
2024-11-13 10:40:49.610 +05:30  INF  Executed action BAKERBAZZAR.API.Controller.UserController.UpdateCartItem (BAKERBAZZAR.API) in 1.5635ms
2024-11-13 10:40:49.610 +05:30  INF  Executed endpoint 'BAKERBAZZAR.API.Controller.UserController.UpdateCartItem (BAKERBAZZAR.API)'
2024-11-13 10:40:49.610 +05:30  INF  Request finished HTTP/1.1 PUT http://localhost:5145/user/updatecartitem?linerid=207&qty=17 application/json 0 - 200 - application/json;+charset=utf-8 1.8687ms
2024-11-13 10:40:49.612 +05:30  INF  Executing ObjectResult, writing value of type 'BAKERBAZZAR.API.Models.ApiResponse'.
2024-11-13 10:40:49.612 +05:30  INF  Executed action BAKERBAZZAR.API.Controller.UserController.CartDetails (BAKERBAZZAR.API) in 3.1534ms
2024-11-13 10:40:49.612 +05:30  INF  Executed endpoint 'BAKERBAZZAR.API.Controller.UserController.CartDetails (BAKERBAZZAR.API)'
2024-11-13 10:40:49.612 +05:30  INF  Request finished HTTP/1.1 GET http://localhost:5145/user/cartdetails?displayId=702dcb1e-b399-4b22-a4ad-ac33169d26fd application/json - - 200 - application/json;+charset=utf-8 4.3159ms
2024-11-13 10:40:49.856 +05:30  INF  Request starting HTTP/1.1 OPTIONS http://localhost:5145/user/updatecartitem?linerid=207&qty=18 - -
2024-11-13 10:40:49.856 +05:30  INF  CORS policy execution successful.
2024-11-13 10:40:49.856 +05:30  INF  Request finished HTTP/1.1 OPTIONS http://localhost:5145/user/updatecartitem?linerid=207&qty=18 - - - 204 - - 0.1997ms
2024-11-13 10:40:49.856 +05:30  INF  Request starting HTTP/1.1 GET http://localhost:5145/user/cartdetails?displayId=702dcb1e-b399-4b22-a4ad-ac33169d26fd application/json -
2024-11-13 10:40:49.856 +05:30  INF  CORS policy execution successful.
2024-11-13 10:40:49.856 +05:30  INF  Executing endpoint 'BAKERBAZZAR.API.Controller.UserController.CartDetails (BAKERBAZZAR.API)'
2024-11-13 10:40:49.856 +05:30  INF  Route matched with {action = "CartDetails", controller = "User"}. Executing controller action with signature System.Threading.Tasks.Task`1[Microsoft.AspNetCore.Mvc.ActionResult`1[BAKERBAZZAR.API.Models.ApiResponse]] CartDetails(System.String) on controller BAKERBAZZAR.API.Controller.UserController (BAKERBAZZAR.API).
2024-11-13 10:40:49.857 +05:30  INF  Request starting HTTP/1.1 PUT http://localhost:5145/user/updatecartitem?linerid=207&qty=18 application/json 0
2024-11-13 10:40:49.857 +05:30  INF  CORS policy execution successful.
2024-11-13 10:40:49.857 +05:30  INF  Executing endpoint 'BAKERBAZZAR.API.Controller.UserController.UpdateCartItem (BAKERBAZZAR.API)'
2024-11-13 10:40:49.857 +05:30  INF  Route matched with {action = "UpdateCartItem", controller = "User"}. Executing controller action with signature System.Threading.Tasks.Task`1[Microsoft.AspNetCore.Mvc.ActionResult`1[BAKERBAZZAR.API.Models.ApiResponse]] UpdateCartItem(Int32, Int32) on controller BAKERBAZZAR.API.Controller.UserController (BAKERBAZZAR.API).
2024-11-13 10:40:49.858 +05:30  INF  Executing ObjectResult, writing value of type 'BAKERBAZZAR.API.Models.ApiResponse'.
2024-11-13 10:40:49.858 +05:30  INF  Executed action BAKERBAZZAR.API.Controller.UserController.UpdateCartItem (BAKERBAZZAR.API) in 1.1688ms
2024-11-13 10:40:49.858 +05:30  INF  Executed endpoint 'BAKERBAZZAR.API.Controller.UserController.UpdateCartItem (BAKERBAZZAR.API)'
2024-11-13 10:40:49.858 +05:30  INF  Request finished HTTP/1.1 PUT http://localhost:5145/user/updatecartitem?linerid=207&qty=18 application/json 0 - 200 - application/json;+charset=utf-8 1.4340ms
2024-11-13 10:40:49.860 +05:30  INF  Executing ObjectResult, writing value of type 'BAKERBAZZAR.API.Models.ApiResponse'.
2024-11-13 10:40:49.860 +05:30  INF  Executed action BAKERBAZZAR.API.Controller.UserController.CartDetails (BAKERBAZZAR.API) in 3.2678ms
2024-11-13 10:40:49.860 +05:30  INF  Executed endpoint 'BAKERBAZZAR.API.Controller.UserController.CartDetails (BAKERBAZZAR.API)'
2024-11-13 10:40:49.860 +05:30  INF  Request finished HTTP/1.1 GET http://localhost:5145/user/cartdetails?displayId=702dcb1e-b399-4b22-a4ad-ac33169d26fd application/json - - 200 - application/json;+charset=utf-8 3.5816ms
2024-11-13 10:40:50.115 +05:30  INF  Request starting HTTP/1.1 OPTIONS http://localhost:5145/user/updatecartitem?linerid=207&qty=19 - -
2024-11-13 10:40:50.115 +05:30  INF  CORS policy execution successful.
2024-11-13 10:40:50.115 +05:30  INF  Request finished HTTP/1.1 OPTIONS http://localhost:5145/user/updatecartitem?linerid=207&qty=19 - - - 204 - - 0.2250ms
2024-11-13 10:40:50.115 +05:30  INF  Request starting HTTP/1.1 GET http://localhost:5145/user/cartdetails?displayId=702dcb1e-b399-4b22-a4ad-ac33169d26fd application/json -
2024-11-13 10:40:50.115 +05:30  INF  CORS policy execution successful.
2024-11-13 10:40:50.115 +05:30  INF  Executing endpoint 'BAKERBAZZAR.API.Controller.UserController.CartDetails (BAKERBAZZAR.API)'
2024-11-13 10:40:50.116 +05:30  INF  Route matched with {action = "CartDetails", controller = "User"}. Executing controller action with signature System.Threading.Tasks.Task`1[Microsoft.AspNetCore.Mvc.ActionResult`1[BAKERBAZZAR.API.Models.ApiResponse]] CartDetails(System.String) on controller BAKERBAZZAR.API.Controller.UserController (BAKERBAZZAR.API).
2024-11-13 10:40:50.116 +05:30  INF  Request starting HTTP/1.1 PUT http://localhost:5145/user/updatecartitem?linerid=207&qty=19 application/json 0
2024-11-13 10:40:50.116 +05:30  INF  CORS policy execution successful.
2024-11-13 10:40:50.116 +05:30  INF  Executing endpoint 'BAKERBAZZAR.API.Controller.UserController.UpdateCartItem (BAKERBAZZAR.API)'
2024-11-13 10:40:50.116 +05:30  INF  Route matched with {action = "UpdateCartItem", controller = "User"}. Executing controller action with signature System.Threading.Tasks.Task`1[Microsoft.AspNetCore.Mvc.ActionResult`1[BAKERBAZZAR.API.Models.ApiResponse]] UpdateCartItem(Int32, Int32) on controller BAKERBAZZAR.API.Controller.UserController (BAKERBAZZAR.API).
2024-11-13 10:40:50.117 +05:30  INF  Executing ObjectResult, writing value of type 'BAKERBAZZAR.API.Models.ApiResponse'.
2024-11-13 10:40:50.117 +05:30  INF  Executed action BAKERBAZZAR.API.Controller.UserController.UpdateCartItem (BAKERBAZZAR.API) in 1.5201ms
2024-11-13 10:40:50.117 +05:30  INF  Executed endpoint 'BAKERBAZZAR.API.Controller.UserController.UpdateCartItem (BAKERBAZZAR.API)'
2024-11-13 10:40:50.117 +05:30  INF  Request finished HTTP/1.1 PUT http://localhost:5145/user/updatecartitem?linerid=207&qty=19 application/json 0 - 200 - application/json;+charset=utf-8 1.7409ms
2024-11-13 10:40:50.117 +05:30  INF  Executing ObjectResult, writing value of type 'BAKERBAZZAR.API.Models.ApiResponse'.
2024-11-13 10:40:50.118 +05:30  INF  Executed action BAKERBAZZAR.API.Controller.UserController.CartDetails (BAKERBAZZAR.API) in 1.9785ms
2024-11-13 10:40:50.118 +05:30  INF  Executed endpoint 'BAKERBAZZAR.API.Controller.UserController.CartDetails (BAKERBAZZAR.API)'
2024-11-13 10:40:50.118 +05:30  INF  Request finished HTTP/1.1 GET http://localhost:5145/user/cartdetails?displayId=702dcb1e-b399-4b22-a4ad-ac33169d26fd application/json - - 200 - application/json;+charset=utf-8 2.1968ms
2024-11-13 10:40:52.580 +05:30  INF  Request starting HTTP/1.1 PUT http://localhost:5145/user/updatecartitem?linerid=207&qty=18 application/json 0
2024-11-13 10:40:52.580 +05:30  INF  CORS policy execution successful.
2024-11-13 10:40:52.580 +05:30  INF  Executing endpoint 'BAKERBAZZAR.API.Controller.UserController.UpdateCartItem (BAKERBAZZAR.API)'
2024-11-13 10:40:52.580 +05:30  INF  Route matched with {action = "UpdateCartItem", controller = "User"}. Executing controller action with signature System.Threading.Tasks.Task`1[Microsoft.AspNetCore.Mvc.ActionResult`1[BAKERBAZZAR.API.Models.ApiResponse]] UpdateCartItem(Int32, Int32) on controller BAKERBAZZAR.API.Controller.UserController (BAKERBAZZAR.API).
2024-11-13 10:40:52.580 +05:30  INF  Request starting HTTP/1.1 GET http://localhost:5145/user/cartdetails?displayId=702dcb1e-b399-4b22-a4ad-ac33169d26fd application/json -
2024-11-13 10:40:52.580 +05:30  INF  CORS policy execution successful.
2024-11-13 10:40:52.580 +05:30  INF  Executing endpoint 'BAKERBAZZAR.API.Controller.UserController.CartDetails (BAKERBAZZAR.API)'
2024-11-13 10:40:52.580 +05:30  INF  Route matched with {action = "CartDetails", controller = "User"}. Executing controller action with signature System.Threading.Tasks.Task`1[Microsoft.AspNetCore.Mvc.ActionResult`1[BAKERBAZZAR.API.Models.ApiResponse]] CartDetails(System.String) on controller BAKERBAZZAR.API.Controller.UserController (BAKERBAZZAR.API).
2024-11-13 10:40:52.582 +05:30  INF  Executing ObjectResult, writing value of type 'BAKERBAZZAR.API.Models.ApiResponse'.
2024-11-13 10:40:52.582 +05:30  INF  Executed action BAKERBAZZAR.API.Controller.UserController.UpdateCartItem (BAKERBAZZAR.API) in 2.0969ms
2024-11-13 10:40:52.582 +05:30  INF  Executed endpoint 'BAKERBAZZAR.API.Controller.UserController.UpdateCartItem (BAKERBAZZAR.API)'
2024-11-13 10:40:52.582 +05:30  INF  Request finished HTTP/1.1 PUT http://localhost:5145/user/updatecartitem?linerid=207&qty=18 application/json 0 - 200 - application/json;+charset=utf-8 2.5210ms
2024-11-13 10:40:52.583 +05:30  INF  Executing ObjectResult, writing value of type 'BAKERBAZZAR.API.Models.ApiResponse'.
2024-11-13 10:40:52.583 +05:30  INF  Executed action BAKERBAZZAR.API.Controller.UserController.CartDetails (BAKERBAZZAR.API) in 2.7297ms
2024-11-13 10:40:52.583 +05:30  INF  Executed endpoint 'BAKERBAZZAR.API.Controller.UserController.CartDetails (BAKERBAZZAR.API)'
2024-11-13 10:40:52.583 +05:30  INF  Request finished HTTP/1.1 GET http://localhost:5145/user/cartdetails?displayId=702dcb1e-b399-4b22-a4ad-ac33169d26fd application/json - - 200 - application/json;+charset=utf-8 2.9991ms
2024-11-13 10:40:52.773 +05:30  INF  Request starting HTTP/1.1 PUT http://localhost:5145/user/updatecartitem?linerid=207&qty=17 application/json 0
2024-11-13 10:40:52.773 +05:30  INF  CORS policy execution successful.
2024-11-13 10:40:52.773 +05:30  INF  Executing endpoint 'BAKERBAZZAR.API.Controller.UserController.UpdateCartItem (BAKERBAZZAR.API)'
2024-11-13 10:40:52.773 +05:30  INF  Route matched with {action = "UpdateCartItem", controller = "User"}. Executing controller action with signature System.Threading.Tasks.Task`1[Microsoft.AspNetCore.Mvc.ActionResult`1[BAKERBAZZAR.API.Models.ApiResponse]] UpdateCartItem(Int32, Int32) on controller BAKERBAZZAR.API.Controller.UserController (BAKERBAZZAR.API).
2024-11-13 10:40:52.773 +05:30  INF  Request starting HTTP/1.1 GET http://localhost:5145/user/cartdetails?displayId=702dcb1e-b399-4b22-a4ad-ac33169d26fd application/json -
2024-11-13 10:40:52.774 +05:30  INF  CORS policy execution successful.
2024-11-13 10:40:52.774 +05:30  INF  Executing endpoint 'BAKERBAZZAR.API.Controller.UserController.CartDetails (BAKERBAZZAR.API)'
2024-11-13 10:40:52.774 +05:30  INF  Route matched with {action = "CartDetails", controller = "User"}. Executing controller action with signature System.Threading.Tasks.Task`1[Microsoft.AspNetCore.Mvc.ActionResult`1[BAKERBAZZAR.API.Models.ApiResponse]] CartDetails(System.String) on controller BAKERBAZZAR.API.Controller.UserController (BAKERBAZZAR.API).
2024-11-13 10:40:52.775 +05:30  INF  Executing ObjectResult, writing value of type 'BAKERBAZZAR.API.Models.ApiResponse'.
2024-11-13 10:40:52.775 +05:30  INF  Executed action BAKERBAZZAR.API.Controller.UserController.UpdateCartItem (BAKERBAZZAR.API) in 1.7098ms
2024-11-13 10:40:52.775 +05:30  INF  Executed endpoint 'BAKERBAZZAR.API.Controller.UserController.UpdateCartItem (BAKERBAZZAR.API)'
2024-11-13 10:40:52.775 +05:30  INF  Request finished HTTP/1.1 PUT http://localhost:5145/user/updatecartitem?linerid=207&qty=17 application/json 0 - 200 - application/json;+charset=utf-8 2.1671ms
2024-11-13 10:40:52.776 +05:30  INF  Executing ObjectResult, writing value of type 'BAKERBAZZAR.API.Models.ApiResponse'.
2024-11-13 10:40:52.776 +05:30  INF  Executed action BAKERBAZZAR.API.Controller.UserController.CartDetails (BAKERBAZZAR.API) in 2.479ms
2024-11-13 10:40:52.776 +05:30  INF  Executed endpoint 'BAKERBAZZAR.API.Controller.UserController.CartDetails (BAKERBAZZAR.API)'
2024-11-13 10:40:52.776 +05:30  INF  Request finished HTTP/1.1 GET http://localhost:5145/user/cartdetails?displayId=702dcb1e-b399-4b22-a4ad-ac33169d26fd application/json - - 200 - application/json;+charset=utf-8 2.7929ms
2024-11-13 10:40:52.949 +05:30  INF  Request starting HTTP/1.1 PUT http://localhost:5145/user/updatecartitem?linerid=207&qty=16 application/json 0
2024-11-13 10:40:52.949 +05:30  INF  CORS policy execution successful.
2024-11-13 10:40:52.949 +05:30  INF  Executing endpoint 'BAKERBAZZAR.API.Controller.UserController.UpdateCartItem (BAKERBAZZAR.API)'
2024-11-13 10:40:52.949 +05:30  INF  Route matched with {action = "UpdateCartItem", controller = "User"}. Executing controller action with signature System.Threading.Tasks.Task`1[Microsoft.AspNetCore.Mvc.ActionResult`1[BAKERBAZZAR.API.Models.ApiResponse]] UpdateCartItem(Int32, Int32) on controller BAKERBAZZAR.API.Controller.UserController (BAKERBAZZAR.API).
2024-11-13 10:40:52.949 +05:30  INF  Request starting HTTP/1.1 GET http://localhost:5145/user/cartdetails?displayId=702dcb1e-b399-4b22-a4ad-ac33169d26fd application/json -
2024-11-13 10:40:52.949 +05:30  INF  CORS policy execution successful.
2024-11-13 10:40:52.949 +05:30  INF  Executing endpoint 'BAKERBAZZAR.API.Controller.UserController.CartDetails (BAKERBAZZAR.API)'
2024-11-13 10:40:52.949 +05:30  INF  Route matched with {action = "CartDetails", controller = "User"}. Executing controller action with signature System.Threading.Tasks.Task`1[Microsoft.AspNetCore.Mvc.ActionResult`1[BAKERBAZZAR.API.Models.ApiResponse]] CartDetails(System.String) on controller BAKERBAZZAR.API.Controller.UserController (BAKERBAZZAR.API).
2024-11-13 10:40:52.951 +05:30  INF  Executing ObjectResult, writing value of type 'BAKERBAZZAR.API.Models.ApiResponse'.
2024-11-13 10:40:52.951 +05:30  INF  Executed action BAKERBAZZAR.API.Controller.UserController.UpdateCartItem (BAKERBAZZAR.API) in 1.5777ms
2024-11-13 10:40:52.951 +05:30  INF  Executed endpoint 'BAKERBAZZAR.API.Controller.UserController.UpdateCartItem (BAKERBAZZAR.API)'
2024-11-13 10:40:52.951 +05:30  INF  Request finished HTTP/1.1 PUT http://localhost:5145/user/updatecartitem?linerid=207&qty=16 application/json 0 - 200 - application/json;+charset=utf-8 1.9012ms
2024-11-13 10:40:52.951 +05:30  INF  Executing ObjectResult, writing value of type 'BAKERBAZZAR.API.Models.ApiResponse'.
2024-11-13 10:40:52.951 +05:30  INF  Executed action BAKERBAZZAR.API.Controller.UserController.CartDetails (BAKERBAZZAR.API) in 1.5752ms
2024-11-13 10:40:52.951 +05:30  INF  Executed endpoint 'BAKERBAZZAR.API.Controller.UserController.CartDetails (BAKERBAZZAR.API)'
2024-11-13 10:40:52.951 +05:30  INF  Request finished HTTP/1.1 GET http://localhost:5145/user/cartdetails?displayId=702dcb1e-b399-4b22-a4ad-ac33169d26fd application/json - - 200 - application/json;+charset=utf-8 1.7456ms
2024-11-13 10:40:53.094 +05:30  INF  Request starting HTTP/1.1 PUT http://localhost:5145/user/updatecartitem?linerid=207&qty=15 application/json 0
2024-11-13 10:40:53.094 +05:30  INF  CORS policy execution successful.
2024-11-13 10:40:53.094 +05:30  INF  Executing endpoint 'BAKERBAZZAR.API.Controller.UserController.UpdateCartItem (BAKERBAZZAR.API)'
2024-11-13 10:40:53.094 +05:30  INF  Route matched with {action = "UpdateCartItem", controller = "User"}. Executing controller action with signature System.Threading.Tasks.Task`1[Microsoft.AspNetCore.Mvc.ActionResult`1[BAKERBAZZAR.API.Models.ApiResponse]] UpdateCartItem(Int32, Int32) on controller BAKERBAZZAR.API.Controller.UserController (BAKERBAZZAR.API).
2024-11-13 10:40:53.095 +05:30  INF  Request starting HTTP/1.1 GET http://localhost:5145/user/cartdetails?displayId=702dcb1e-b399-4b22-a4ad-ac33169d26fd application/json -
2024-11-13 10:40:53.095 +05:30  INF  CORS policy execution successful.
2024-11-13 10:40:53.095 +05:30  INF  Executing endpoint 'BAKERBAZZAR.API.Controller.UserController.CartDetails (BAKERBAZZAR.API)'
2024-11-13 10:40:53.095 +05:30  INF  Route matched with {action = "CartDetails", controller = "User"}. Executing controller action with signature System.Threading.Tasks.Task`1[Microsoft.AspNetCore.Mvc.ActionResult`1[BAKERBAZZAR.API.Models.ApiResponse]] CartDetails(System.String) on controller BAKERBAZZAR.API.Controller.UserController (BAKERBAZZAR.API).
2024-11-13 10:40:53.096 +05:30  INF  Executing ObjectResult, writing value of type 'BAKERBAZZAR.API.Models.ApiResponse'.
2024-11-13 10:40:53.096 +05:30  INF  Executed action BAKERBAZZAR.API.Controller.UserController.UpdateCartItem (BAKERBAZZAR.API) in 1.2079ms
2024-11-13 10:40:53.096 +05:30  INF  Executed endpoint 'BAKERBAZZAR.API.Controller.UserController.UpdateCartItem (BAKERBAZZAR.API)'
2024-11-13 10:40:53.096 +05:30  INF  Request finished HTTP/1.1 PUT http://localhost:5145/user/updatecartitem?linerid=207&qty=15 application/json 0 - 200 - application/json;+charset=utf-8 1.5037ms
2024-11-13 10:40:53.097 +05:30  INF  Executing ObjectResult, writing value of type 'BAKERBAZZAR.API.Models.ApiResponse'.
2024-11-13 10:40:53.097 +05:30  INF  Executed action BAKERBAZZAR.API.Controller.UserController.CartDetails (BAKERBAZZAR.API) in 2.2368ms
2024-11-13 10:40:53.097 +05:30  INF  Executed endpoint 'BAKERBAZZAR.API.Controller.UserController.CartDetails (BAKERBAZZAR.API)'
2024-11-13 10:40:53.097 +05:30  INF  Request finished HTTP/1.1 GET http://localhost:5145/user/cartdetails?displayId=702dcb1e-b399-4b22-a4ad-ac33169d26fd application/json - - 200 - application/json;+charset=utf-8 2.5323ms
2024-11-13 10:40:53.223 +05:30  INF  Request starting HTTP/1.1 PUT http://localhost:5145/user/updatecartitem?linerid=207&qty=14 application/json 0
2024-11-13 10:40:53.224 +05:30  INF  CORS policy execution successful.
2024-11-13 10:40:53.224 +05:30  INF  Executing endpoint 'BAKERBAZZAR.API.Controller.UserController.UpdateCartItem (BAKERBAZZAR.API)'
2024-11-13 10:40:53.224 +05:30  INF  Route matched with {action = "UpdateCartItem", controller = "User"}. Executing controller action with signature System.Threading.Tasks.Task`1[Microsoft.AspNetCore.Mvc.ActionResult`1[BAKERBAZZAR.API.Models.ApiResponse]] UpdateCartItem(Int32, Int32) on controller BAKERBAZZAR.API.Controller.UserController (BAKERBAZZAR.API).
2024-11-13 10:40:53.224 +05:30  INF  Request starting HTTP/1.1 GET http://localhost:5145/user/cartdetails?displayId=702dcb1e-b399-4b22-a4ad-ac33169d26fd application/json -
2024-11-13 10:40:53.224 +05:30  INF  CORS policy execution successful.
2024-11-13 10:40:53.224 +05:30  INF  Executing endpoint 'BAKERBAZZAR.API.Controller.UserController.CartDetails (BAKERBAZZAR.API)'
2024-11-13 10:40:53.224 +05:30  INF  Route matched with {action = "CartDetails", controller = "User"}. Executing controller action with signature System.Threading.Tasks.Task`1[Microsoft.AspNetCore.Mvc.ActionResult`1[BAKERBAZZAR.API.Models.ApiResponse]] CartDetails(System.String) on controller BAKERBAZZAR.API.Controller.UserController (BAKERBAZZAR.API).
2024-11-13 10:40:53.225 +05:30  INF  Executing ObjectResult, writing value of type 'BAKERBAZZAR.API.Models.ApiResponse'.
2024-11-13 10:40:53.225 +05:30  INF  Executed action BAKERBAZZAR.API.Controller.UserController.UpdateCartItem (BAKERBAZZAR.API) in 1.3028ms
2024-11-13 10:40:53.225 +05:30  INF  Executed endpoint 'BAKERBAZZAR.API.Controller.UserController.UpdateCartItem (BAKERBAZZAR.API)'
2024-11-13 10:40:53.225 +05:30  INF  Request finished HTTP/1.1 PUT http://localhost:5145/user/updatecartitem?linerid=207&qty=14 application/json 0 - 200 - application/json;+charset=utf-8 1.5927ms
2024-11-13 10:40:53.226 +05:30  INF  Executing ObjectResult, writing value of type 'BAKERBAZZAR.API.Models.ApiResponse'.
2024-11-13 10:40:53.226 +05:30  INF  Executed action BAKERBAZZAR.API.Controller.UserController.CartDetails (BAKERBAZZAR.API) in 1.9183ms
2024-11-13 10:40:53.226 +05:30  INF  Executed endpoint 'BAKERBAZZAR.API.Controller.UserController.CartDetails (BAKERBAZZAR.API)'
2024-11-13 10:40:53.226 +05:30  INF  Request finished HTTP/1.1 GET http://localhost:5145/user/cartdetails?displayId=702dcb1e-b399-4b22-a4ad-ac33169d26fd application/json - - 200 - application/json;+charset=utf-8 2.4903ms
2024-11-13 10:40:53.506 +05:30  INF  Request starting HTTP/1.1 OPTIONS http://localhost:5145/user/updatecartitem?linerid=207&qty=13 - -
2024-11-13 10:40:53.506 +05:30  INF  CORS policy execution successful.
2024-11-13 10:40:53.506 +05:30  INF  Request finished HTTP/1.1 OPTIONS http://localhost:5145/user/updatecartitem?linerid=207&qty=13 - - - 204 - - 0.1812ms
2024-11-13 10:40:53.507 +05:30  INF  Request starting HTTP/1.1 GET http://localhost:5145/user/cartdetails?displayId=702dcb1e-b399-4b22-a4ad-ac33169d26fd application/json -
2024-11-13 10:40:53.507 +05:30  INF  CORS policy execution successful.
2024-11-13 10:40:53.507 +05:30  INF  Executing endpoint 'BAKERBAZZAR.API.Controller.UserController.CartDetails (BAKERBAZZAR.API)'
2024-11-13 10:40:53.507 +05:30  INF  Route matched with {action = "CartDetails", controller = "User"}. Executing controller action with signature System.Threading.Tasks.Task`1[Microsoft.AspNetCore.Mvc.ActionResult`1[BAKERBAZZAR.API.Models.ApiResponse]] CartDetails(System.String) on controller BAKERBAZZAR.API.Controller.UserController (BAKERBAZZAR.API).
2024-11-13 10:40:53.507 +05:30  INF  Request starting HTTP/1.1 PUT http://localhost:5145/user/updatecartitem?linerid=207&qty=13 application/json 0
2024-11-13 10:40:53.507 +05:30  INF  CORS policy execution successful.
2024-11-13 10:40:53.507 +05:30  INF  Executing endpoint 'BAKERBAZZAR.API.Controller.UserController.UpdateCartItem (BAKERBAZZAR.API)'
2024-11-13 10:40:53.507 +05:30  INF  Route matched with {action = "UpdateCartItem", controller = "User"}. Executing controller action with signature System.Threading.Tasks.Task`1[Microsoft.AspNetCore.Mvc.ActionResult`1[BAKERBAZZAR.API.Models.ApiResponse]] UpdateCartItem(Int32, Int32) on controller BAKERBAZZAR.API.Controller.UserController (BAKERBAZZAR.API).
2024-11-13 10:40:53.509 +05:30  INF  Executing ObjectResult, writing value of type 'BAKERBAZZAR.API.Models.ApiResponse'.
2024-11-13 10:40:53.509 +05:30  INF  Executed action BAKERBAZZAR.API.Controller.UserController.UpdateCartItem (BAKERBAZZAR.API) in 1.5833ms
2024-11-13 10:40:53.509 +05:30  INF  Executed endpoint 'BAKERBAZZAR.API.Controller.UserController.UpdateCartItem (BAKERBAZZAR.API)'
2024-11-13 10:40:53.509 +05:30  INF  Request finished HTTP/1.1 PUT http://localhost:5145/user/updatecartitem?linerid=207&qty=13 application/json 0 - 200 - application/json;+charset=utf-8 1.8950ms
2024-11-13 10:40:53.510 +05:30  INF  Executing ObjectResult, writing value of type 'BAKERBAZZAR.API.Models.ApiResponse'.
2024-11-13 10:40:53.510 +05:30  INF  Executed action BAKERBAZZAR.API.Controller.UserController.CartDetails (BAKERBAZZAR.API) in 2.6245ms
2024-11-13 10:40:53.510 +05:30  INF  Executed endpoint 'BAKERBAZZAR.API.Controller.UserController.CartDetails (BAKERBAZZAR.API)'
2024-11-13 10:40:53.510 +05:30  INF  Request finished HTTP/1.1 GET http://localhost:5145/user/cartdetails?displayId=702dcb1e-b399-4b22-a4ad-ac33169d26fd application/json - - 200 - application/json;+charset=utf-8 2.8778ms
2024-11-13 10:40:53.659 +05:30  INF  Request starting HTTP/1.1 OPTIONS http://localhost:5145/user/updatecartitem?linerid=207&qty=12 - -
2024-11-13 10:40:53.659 +05:30  INF  CORS policy execution successful.
2024-11-13 10:40:53.659 +05:30  INF  Request finished HTTP/1.1 OPTIONS http://localhost:5145/user/updatecartitem?linerid=207&qty=12 - - - 204 - - 0.2148ms
2024-11-13 10:40:53.659 +05:30  INF  Request starting HTTP/1.1 GET http://localhost:5145/user/cartdetails?displayId=702dcb1e-b399-4b22-a4ad-ac33169d26fd application/json -
2024-11-13 10:40:53.659 +05:30  INF  CORS policy execution successful.
2024-11-13 10:40:53.659 +05:30  INF  Executing endpoint 'BAKERBAZZAR.API.Controller.UserController.CartDetails (BAKERBAZZAR.API)'
2024-11-13 10:40:53.659 +05:30  INF  Route matched with {action = "CartDetails", controller = "User"}. Executing controller action with signature System.Threading.Tasks.Task`1[Microsoft.AspNetCore.Mvc.ActionResult`1[BAKERBAZZAR.API.Models.ApiResponse]] CartDetails(System.String) on controller BAKERBAZZAR.API.Controller.UserController (BAKERBAZZAR.API).
2024-11-13 10:40:53.659 +05:30  INF  Request starting HTTP/1.1 PUT http://localhost:5145/user/updatecartitem?linerid=207&qty=12 application/json 0
2024-11-13 10:40:53.659 +05:30  INF  CORS policy execution successful.
2024-11-13 10:40:53.660 +05:30  INF  Executing endpoint 'BAKERBAZZAR.API.Controller.UserController.UpdateCartItem (BAKERBAZZAR.API)'
2024-11-13 10:40:53.660 +05:30  INF  Route matched with {action = "UpdateCartItem", controller = "User"}. Executing controller action with signature System.Threading.Tasks.Task`1[Microsoft.AspNetCore.Mvc.ActionResult`1[BAKERBAZZAR.API.Models.ApiResponse]] UpdateCartItem(Int32, Int32) on controller BAKERBAZZAR.API.Controller.UserController (BAKERBAZZAR.API).
2024-11-13 10:40:53.662 +05:30  INF  Executing ObjectResult, writing value of type 'BAKERBAZZAR.API.Models.ApiResponse'.
2024-11-13 10:40:53.662 +05:30  INF  Executed action BAKERBAZZAR.API.Controller.UserController.UpdateCartItem (BAKERBAZZAR.API) in 2.1988ms
2024-11-13 10:40:53.662 +05:30  INF  Executed endpoint 'BAKERBAZZAR.API.Controller.UserController.UpdateCartItem (BAKERBAZZAR.API)'
2024-11-13 10:40:53.662 +05:30  INF  Request finished HTTP/1.1 PUT http://localhost:5145/user/updatecartitem?linerid=207&qty=12 application/json 0 - 200 - application/json;+charset=utf-8 2.3656ms
2024-11-13 10:40:53.662 +05:30  INF  Executing ObjectResult, writing value of type 'BAKERBAZZAR.API.Models.ApiResponse'.
2024-11-13 10:40:53.662 +05:30  INF  Executed action BAKERBAZZAR.API.Controller.UserController.CartDetails (BAKERBAZZAR.API) in 2.6684ms
2024-11-13 10:40:53.662 +05:30  INF  Executed endpoint 'BAKERBAZZAR.API.Controller.UserController.CartDetails (BAKERBAZZAR.API)'
2024-11-13 10:40:53.662 +05:30  INF  Request finished HTTP/1.1 GET http://localhost:5145/user/cartdetails?displayId=702dcb1e-b399-4b22-a4ad-ac33169d26fd application/json - - 200 - application/json;+charset=utf-8 2.9651ms
2024-11-13 10:40:53.956 +05:30  INF  Request starting HTTP/1.1 OPTIONS http://localhost:5145/user/updatecartitem?linerid=207&qty=11 - -
2024-11-13 10:40:53.956 +05:30  INF  CORS policy execution successful.
2024-11-13 10:40:53.956 +05:30  INF  Request finished HTTP/1.1 OPTIONS http://localhost:5145/user/updatecartitem?linerid=207&qty=11 - - - 204 - - 0.2409ms
2024-11-13 10:40:53.956 +05:30  INF  Request starting HTTP/1.1 GET http://localhost:5145/user/cartdetails?displayId=702dcb1e-b399-4b22-a4ad-ac33169d26fd application/json -
2024-11-13 10:40:53.956 +05:30  INF  CORS policy execution successful.
2024-11-13 10:40:53.956 +05:30  INF  Executing endpoint 'BAKERBAZZAR.API.Controller.UserController.CartDetails (BAKERBAZZAR.API)'
2024-11-13 10:40:53.956 +05:30  INF  Route matched with {action = "CartDetails", controller = "User"}. Executing controller action with signature System.Threading.Tasks.Task`1[Microsoft.AspNetCore.Mvc.ActionResult`1[BAKERBAZZAR.API.Models.ApiResponse]] CartDetails(System.String) on controller BAKERBAZZAR.API.Controller.UserController (BAKERBAZZAR.API).
2024-11-13 10:40:53.957 +05:30  INF  Request starting HTTP/1.1 PUT http://localhost:5145/user/updatecartitem?linerid=207&qty=11 application/json 0
2024-11-13 10:40:53.957 +05:30  INF  CORS policy execution successful.
2024-11-13 10:40:53.957 +05:30  INF  Executing endpoint 'BAKERBAZZAR.API.Controller.UserController.UpdateCartItem (BAKERBAZZAR.API)'
2024-11-13 10:40:53.957 +05:30  INF  Route matched with {action = "UpdateCartItem", controller = "User"}. Executing controller action with signature System.Threading.Tasks.Task`1[Microsoft.AspNetCore.Mvc.ActionResult`1[BAKERBAZZAR.API.Models.ApiResponse]] UpdateCartItem(Int32, Int32) on controller BAKERBAZZAR.API.Controller.UserController (BAKERBAZZAR.API).
2024-11-13 10:40:53.958 +05:30  INF  Executing ObjectResult, writing value of type 'BAKERBAZZAR.API.Models.ApiResponse'.
2024-11-13 10:40:53.958 +05:30  INF  Executed action BAKERBAZZAR.API.Controller.UserController.UpdateCartItem (BAKERBAZZAR.API) in 1.121ms
2024-11-13 10:40:53.958 +05:30  INF  Executed endpoint 'BAKERBAZZAR.API.Controller.UserController.UpdateCartItem (BAKERBAZZAR.API)'
2024-11-13 10:40:53.958 +05:30  INF  Request finished HTTP/1.1 PUT http://localhost:5145/user/updatecartitem?linerid=207&qty=11 application/json 0 - 200 - application/json;+charset=utf-8 1.3790ms
2024-11-13 10:40:53.958 +05:30  INF  Executing ObjectResult, writing value of type 'BAKERBAZZAR.API.Models.ApiResponse'.
2024-11-13 10:40:53.958 +05:30  INF  Executed action BAKERBAZZAR.API.Controller.UserController.CartDetails (BAKERBAZZAR.API) in 2.0112ms
2024-11-13 10:40:53.958 +05:30  INF  Executed endpoint 'BAKERBAZZAR.API.Controller.UserController.CartDetails (BAKERBAZZAR.API)'
2024-11-13 10:40:53.958 +05:30  INF  Request finished HTTP/1.1 GET http://localhost:5145/user/cartdetails?displayId=702dcb1e-b399-4b22-a4ad-ac33169d26fd application/json - - 200 - application/json;+charset=utf-8 2.2094ms
2024-11-13 10:40:54.995 +05:30  INF  Request starting HTTP/1.1 OPTIONS http://localhost:5145/user/updatecartitem?linerid=198&qty=1 - -
2024-11-13 10:40:54.995 +05:30  INF  Request starting HTTP/1.1 OPTIONS http://localhost:5145/user/cartdetails?displayId=702dcb1e-b399-4b22-a4ad-ac33169d26fd - -
2024-11-13 10:40:54.995 +05:30  INF  CORS policy execution successful.
2024-11-13 10:40:54.995 +05:30  INF  Request finished HTTP/1.1 OPTIONS http://localhost:5145/user/cartdetails?displayId=702dcb1e-b399-4b22-a4ad-ac33169d26fd - - - 204 - - 0.1239ms
2024-11-13 10:40:54.996 +05:30  INF  Request starting HTTP/1.1 GET http://localhost:5145/user/cartdetails?displayId=702dcb1e-b399-4b22-a4ad-ac33169d26fd application/json -
2024-11-13 10:40:54.996 +05:30  INF  CORS policy execution successful.
2024-11-13 10:40:54.996 +05:30  INF  Executing endpoint 'BAKERBAZZAR.API.Controller.UserController.CartDetails (BAKERBAZZAR.API)'
2024-11-13 10:40:54.996 +05:30  INF  Route matched with {action = "CartDetails", controller = "User"}. Executing controller action with signature System.Threading.Tasks.Task`1[Microsoft.AspNetCore.Mvc.ActionResult`1[BAKERBAZZAR.API.Models.ApiResponse]] CartDetails(System.String) on controller BAKERBAZZAR.API.Controller.UserController (BAKERBAZZAR.API).
2024-11-13 10:40:54.995 +05:30  INF  CORS policy execution successful.
2024-11-13 10:40:54.997 +05:30  INF  Request finished HTTP/1.1 OPTIONS http://localhost:5145/user/updatecartitem?linerid=198&qty=1 - - - 204 - - 1.8987ms
2024-11-13 10:40:54.998 +05:30  INF  Request starting HTTP/1.1 PUT http://localhost:5145/user/updatecartitem?linerid=198&qty=1 application/json 0
2024-11-13 10:40:54.998 +05:30  INF  CORS policy execution successful.
2024-11-13 10:40:54.998 +05:30  INF  Executing endpoint 'BAKERBAZZAR.API.Controller.UserController.UpdateCartItem (BAKERBAZZAR.API)'
2024-11-13 10:40:54.998 +05:30  INF  Route matched with {action = "UpdateCartItem", controller = "User"}. Executing controller action with signature System.Threading.Tasks.Task`1[Microsoft.AspNetCore.Mvc.ActionResult`1[BAKERBAZZAR.API.Models.ApiResponse]] UpdateCartItem(Int32, Int32) on controller BAKERBAZZAR.API.Controller.UserController (BAKERBAZZAR.API).
2024-11-13 10:40:54.998 +05:30  INF  Executing ObjectResult, writing value of type 'BAKERBAZZAR.API.Models.ApiResponse'.
2024-11-13 10:40:54.998 +05:30  INF  Executed action BAKERBAZZAR.API.Controller.UserController.CartDetails (BAKERBAZZAR.API) in 1.8043ms
2024-11-13 10:40:54.998 +05:30  INF  Executed endpoint 'BAKERBAZZAR.API.Controller.UserController.CartDetails (BAKERBAZZAR.API)'
2024-11-13 10:40:54.998 +05:30  INF  Request finished HTTP/1.1 GET http://localhost:5145/user/cartdetails?displayId=702dcb1e-b399-4b22-a4ad-ac33169d26fd application/json - - 200 - application/json;+charset=utf-8 2.0379ms
2024-11-13 10:40:54.999 +05:30  INF  Executing ObjectResult, writing value of type 'BAKERBAZZAR.API.Models.ApiResponse'.
2024-11-13 10:40:54.999 +05:30  INF  Executed action BAKERBAZZAR.API.Controller.UserController.UpdateCartItem (BAKERBAZZAR.API) in 1.531ms
2024-11-13 10:40:54.999 +05:30  INF  Executed endpoint 'BAKERBAZZAR.API.Controller.UserController.UpdateCartItem (BAKERBAZZAR.API)'
2024-11-13 10:40:54.999 +05:30  INF  Request finished HTTP/1.1 PUT http://localhost:5145/user/updatecartitem?linerid=198&qty=1 application/json 0 - 200 - application/json;+charset=utf-8 1.7558ms
2024-11-13 10:40:56.071 +05:30  INF  Request starting HTTP/1.1 OPTIONS http://localhost:5145/user/updatecartitem?linerid=198&qty=2 - -
2024-11-13 10:40:56.072 +05:30  INF  CORS policy execution successful.
2024-11-13 10:40:56.072 +05:30  INF  Request finished HTTP/1.1 OPTIONS http://localhost:5145/user/updatecartitem?linerid=198&qty=2 - - - 204 - - 0.1979ms
2024-11-13 10:40:56.072 +05:30  INF  Request starting HTTP/1.1 GET http://localhost:5145/user/cartdetails?displayId=702dcb1e-b399-4b22-a4ad-ac33169d26fd application/json -
2024-11-13 10:40:56.072 +05:30  INF  CORS policy execution successful.
2024-11-13 10:40:56.072 +05:30  INF  Executing endpoint 'BAKERBAZZAR.API.Controller.UserController.CartDetails (BAKERBAZZAR.API)'
2024-11-13 10:40:56.072 +05:30  INF  Route matched with {action = "CartDetails", controller = "User"}. Executing controller action with signature System.Threading.Tasks.Task`1[Microsoft.AspNetCore.Mvc.ActionResult`1[BAKERBAZZAR.API.Models.ApiResponse]] CartDetails(System.String) on controller BAKERBAZZAR.API.Controller.UserController (BAKERBAZZAR.API).
2024-11-13 10:40:56.073 +05:30  INF  Request starting HTTP/1.1 PUT http://localhost:5145/user/updatecartitem?linerid=198&qty=2 application/json 0
2024-11-13 10:40:56.073 +05:30  INF  CORS policy execution successful.
2024-11-13 10:40:56.073 +05:30  INF  Executing endpoint 'BAKERBAZZAR.API.Controller.UserController.UpdateCartItem (BAKERBAZZAR.API)'
2024-11-13 10:40:56.073 +05:30  INF  Route matched with {action = "UpdateCartItem", controller = "User"}. Executing controller action with signature System.Threading.Tasks.Task`1[Microsoft.AspNetCore.Mvc.ActionResult`1[BAKERBAZZAR.API.Models.ApiResponse]] UpdateCartItem(Int32, Int32) on controller BAKERBAZZAR.API.Controller.UserController (BAKERBAZZAR.API).
2024-11-13 10:40:56.074 +05:30  INF  Executing ObjectResult, writing value of type 'BAKERBAZZAR.API.Models.ApiResponse'.
2024-11-13 10:40:56.074 +05:30  INF  Executed action BAKERBAZZAR.API.Controller.UserController.CartDetails (BAKERBAZZAR.API) in 2.2183ms
2024-11-13 10:40:56.074 +05:30  INF  Executed endpoint 'BAKERBAZZAR.API.Controller.UserController.CartDetails (BAKERBAZZAR.API)'
2024-11-13 10:40:56.074 +05:30  INF  Request finished HTTP/1.1 GET http://localhost:5145/user/cartdetails?displayId=702dcb1e-b399-4b22-a4ad-ac33169d26fd application/json - - 200 - application/json;+charset=utf-8 2.4050ms
2024-11-13 10:40:56.075 +05:30  INF  Executing ObjectResult, writing value of type 'BAKERBAZZAR.API.Models.ApiResponse'.
2024-11-13 10:40:56.075 +05:30  INF  Executed action BAKERBAZZAR.API.Controller.UserController.UpdateCartItem (BAKERBAZZAR.API) in 2.5381ms
2024-11-13 10:40:56.075 +05:30  INF  Executed endpoint 'BAKERBAZZAR.API.Controller.UserController.UpdateCartItem (BAKERBAZZAR.API)'
2024-11-13 10:40:56.076 +05:30  INF  Request finished HTTP/1.1 PUT http://localhost:5145/user/updatecartitem?linerid=198&qty=2 application/json 0 - 200 - application/json;+charset=utf-8 3.0001ms
2024-11-13 10:40:56.707 +05:30  INF  Request starting HTTP/1.1 PUT http://localhost:5145/user/updatecartitem?linerid=198&qty=1 application/json 0
2024-11-13 10:40:56.708 +05:30  INF  CORS policy execution successful.
2024-11-13 10:40:56.708 +05:30  INF  Executing endpoint 'BAKERBAZZAR.API.Controller.UserController.UpdateCartItem (BAKERBAZZAR.API)'
2024-11-13 10:40:56.708 +05:30  INF  Route matched with {action = "UpdateCartItem", controller = "User"}. Executing controller action with signature System.Threading.Tasks.Task`1[Microsoft.AspNetCore.Mvc.ActionResult`1[BAKERBAZZAR.API.Models.ApiResponse]] UpdateCartItem(Int32, Int32) on controller BAKERBAZZAR.API.Controller.UserController (BAKERBAZZAR.API).
2024-11-13 10:40:56.709 +05:30  INF  Request starting HTTP/1.1 GET http://localhost:5145/user/cartdetails?displayId=702dcb1e-b399-4b22-a4ad-ac33169d26fd application/json -
2024-11-13 10:40:56.709 +05:30  INF  CORS policy execution successful.
2024-11-13 10:40:56.709 +05:30  INF  Executing endpoint 'BAKERBAZZAR.API.Controller.UserController.CartDetails (BAKERBAZZAR.API)'
2024-11-13 10:40:56.709 +05:30  INF  Route matched with {action = "CartDetails", controller = "User"}. Executing controller action with signature System.Threading.Tasks.Task`1[Microsoft.AspNetCore.Mvc.ActionResult`1[BAKERBAZZAR.API.Models.ApiResponse]] CartDetails(System.String) on controller BAKERBAZZAR.API.Controller.UserController (BAKERBAZZAR.API).
2024-11-13 10:40:56.710 +05:30  INF  Executing ObjectResult, writing value of type 'BAKERBAZZAR.API.Models.ApiResponse'.
2024-11-13 10:40:56.710 +05:30  INF  Executed action BAKERBAZZAR.API.Controller.UserController.UpdateCartItem (BAKERBAZZAR.API) in 2.1198ms
2024-11-13 10:40:56.710 +05:30  INF  Executed endpoint 'BAKERBAZZAR.API.Controller.UserController.UpdateCartItem (BAKERBAZZAR.API)'
2024-11-13 10:40:56.710 +05:30  INF  Request finished HTTP/1.1 PUT http://localhost:5145/user/updatecartitem?linerid=198&qty=1 application/json 0 - 200 - application/json;+charset=utf-8 2.4075ms
2024-11-13 10:40:56.711 +05:30  INF  Executing ObjectResult, writing value of type 'BAKERBAZZAR.API.Models.ApiResponse'.
2024-11-13 10:40:56.711 +05:30  INF  Executed action BAKERBAZZAR.API.Controller.UserController.CartDetails (BAKERBAZZAR.API) in 1.71ms
2024-11-13 10:40:56.711 +05:30  INF  Executed endpoint 'BAKERBAZZAR.API.Controller.UserController.CartDetails (BAKERBAZZAR.API)'
2024-11-13 10:40:56.711 +05:30  INF  Request finished HTTP/1.1 GET http://localhost:5145/user/cartdetails?displayId=702dcb1e-b399-4b22-a4ad-ac33169d26fd application/json - - 200 - application/json;+charset=utf-8 3.4097ms
2024-11-13 10:40:57.243 +05:30  INF  Request starting HTTP/1.1 PUT http://localhost:5145/user/updatecartitem?linerid=198&qty=1 application/json 0
2024-11-13 10:40:57.243 +05:30  INF  CORS policy execution successful.
2024-11-13 10:40:57.243 +05:30  INF  Executing endpoint 'BAKERBAZZAR.API.Controller.UserController.UpdateCartItem (BAKERBAZZAR.API)'
2024-11-13 10:40:57.243 +05:30  INF  Route matched with {action = "UpdateCartItem", controller = "User"}. Executing controller action with signature System.Threading.Tasks.Task`1[Microsoft.AspNetCore.Mvc.ActionResult`1[BAKERBAZZAR.API.Models.ApiResponse]] UpdateCartItem(Int32, Int32) on controller BAKERBAZZAR.API.Controller.UserController (BAKERBAZZAR.API).
2024-11-13 10:40:57.243 +05:30  INF  Request starting HTTP/1.1 GET http://localhost:5145/user/cartdetails?displayId=702dcb1e-b399-4b22-a4ad-ac33169d26fd application/json -
2024-11-13 10:40:57.244 +05:30  INF  CORS policy execution successful.
2024-11-13 10:40:57.244 +05:30  INF  Executing endpoint 'BAKERBAZZAR.API.Controller.UserController.CartDetails (BAKERBAZZAR.API)'
2024-11-13 10:40:57.244 +05:30  INF  Route matched with {action = "CartDetails", controller = "User"}. Executing controller action with signature System.Threading.Tasks.Task`1[Microsoft.AspNetCore.Mvc.ActionResult`1[BAKERBAZZAR.API.Models.ApiResponse]] CartDetails(System.String) on controller BAKERBAZZAR.API.Controller.UserController (BAKERBAZZAR.API).
2024-11-13 10:40:57.246 +05:30  INF  Executing ObjectResult, writing value of type 'BAKERBAZZAR.API.Models.ApiResponse'.
2024-11-13 10:40:57.246 +05:30  INF  Executed action BAKERBAZZAR.API.Controller.UserController.UpdateCartItem (BAKERBAZZAR.API) in 2.6382ms
2024-11-13 10:40:57.246 +05:30  INF  Executed endpoint 'BAKERBAZZAR.API.Controller.UserController.UpdateCartItem (BAKERBAZZAR.API)'
2024-11-13 10:40:57.246 +05:30  INF  Request finished HTTP/1.1 PUT http://localhost:5145/user/updatecartitem?linerid=198&qty=1 application/json 0 - 200 - application/json;+charset=utf-8 2.9545ms
2024-11-13 10:40:57.246 +05:30  INF  Executing ObjectResult, writing value of type 'BAKERBAZZAR.API.Models.ApiResponse'.
2024-11-13 10:40:57.246 +05:30  INF  Executed action BAKERBAZZAR.API.Controller.UserController.CartDetails (BAKERBAZZAR.API) in 2.6606ms
2024-11-13 10:40:57.246 +05:30  INF  Executed endpoint 'BAKERBAZZAR.API.Controller.UserController.CartDetails (BAKERBAZZAR.API)'
2024-11-13 10:40:57.246 +05:30  INF  Request finished HTTP/1.1 GET http://localhost:5145/user/cartdetails?displayId=702dcb1e-b399-4b22-a4ad-ac33169d26fd application/json - - 200 - application/json;+charset=utf-8 2.8808ms
2024-11-13 10:40:57.662 +05:30  INF  Request starting HTTP/1.1 PUT http://localhost:5145/user/updatecartitem?linerid=198&qty=1 application/json 0
2024-11-13 10:40:57.662 +05:30  INF  CORS policy execution successful.
2024-11-13 10:40:57.662 +05:30  INF  Executing endpoint 'BAKERBAZZAR.API.Controller.UserController.UpdateCartItem (BAKERBAZZAR.API)'
2024-11-13 10:40:57.662 +05:30  INF  Route matched with {action = "UpdateCartItem", controller = "User"}. Executing controller action with signature System.Threading.Tasks.Task`1[Microsoft.AspNetCore.Mvc.ActionResult`1[BAKERBAZZAR.API.Models.ApiResponse]] UpdateCartItem(Int32, Int32) on controller BAKERBAZZAR.API.Controller.UserController (BAKERBAZZAR.API).
2024-11-13 10:40:57.662 +05:30  INF  Request starting HTTP/1.1 GET http://localhost:5145/user/cartdetails?displayId=702dcb1e-b399-4b22-a4ad-ac33169d26fd application/json -
2024-11-13 10:40:57.662 +05:30  INF  CORS policy execution successful.
2024-11-13 10:40:57.662 +05:30  INF  Executing endpoint 'BAKERBAZZAR.API.Controller.UserController.CartDetails (BAKERBAZZAR.API)'
2024-11-13 10:40:57.662 +05:30  INF  Route matched with {action = "CartDetails", controller = "User"}. Executing controller action with signature System.Threading.Tasks.Task`1[Microsoft.AspNetCore.Mvc.ActionResult`1[BAKERBAZZAR.API.Models.ApiResponse]] CartDetails(System.String) on controller BAKERBAZZAR.API.Controller.UserController (BAKERBAZZAR.API).
2024-11-13 10:40:57.663 +05:30  INF  Executing ObjectResult, writing value of type 'BAKERBAZZAR.API.Models.ApiResponse'.
2024-11-13 10:40:57.664 +05:30  INF  Executed action BAKERBAZZAR.API.Controller.UserController.UpdateCartItem (BAKERBAZZAR.API) in 1.4393ms
2024-11-13 10:40:57.664 +05:30  INF  Executed endpoint 'BAKERBAZZAR.API.Controller.UserController.UpdateCartItem (BAKERBAZZAR.API)'
2024-11-13 10:40:57.664 +05:30  INF  Request finished HTTP/1.1 PUT http://localhost:5145/user/updatecartitem?linerid=198&qty=1 application/json 0 - 200 - application/json;+charset=utf-8 1.8100ms
2024-11-13 10:40:57.664 +05:30  INF  Executing ObjectResult, writing value of type 'BAKERBAZZAR.API.Models.ApiResponse'.
2024-11-13 10:40:57.665 +05:30  INF  Executed action BAKERBAZZAR.API.Controller.UserController.CartDetails (BAKERBAZZAR.API) in 2.0516ms
2024-11-13 10:40:57.665 +05:30  INF  Executed endpoint 'BAKERBAZZAR.API.Controller.UserController.CartDetails (BAKERBAZZAR.API)'
2024-11-13 10:40:57.665 +05:30  INF  Request finished HTTP/1.1 GET http://localhost:5145/user/cartdetails?displayId=702dcb1e-b399-4b22-a4ad-ac33169d26fd application/json - - 200 - application/json;+charset=utf-8 2.3655ms
2024-11-13 10:40:58.403 +05:30  INF  Request starting HTTP/1.1 OPTIONS http://localhost:5145/user/updatecartitem?linerid=207&qty=10 - -
2024-11-13 10:40:58.403 +05:30  INF  CORS policy execution successful.
2024-11-13 10:40:58.403 +05:30  INF  Request finished HTTP/1.1 OPTIONS http://localhost:5145/user/updatecartitem?linerid=207&qty=10 - - - 204 - - 0.1811ms
2024-11-13 10:40:58.404 +05:30  INF  Request starting HTTP/1.1 GET http://localhost:5145/user/cartdetails?displayId=702dcb1e-b399-4b22-a4ad-ac33169d26fd application/json -
2024-11-13 10:40:58.404 +05:30  INF  CORS policy execution successful.
2024-11-13 10:40:58.404 +05:30  INF  Executing endpoint 'BAKERBAZZAR.API.Controller.UserController.CartDetails (BAKERBAZZAR.API)'
2024-11-13 10:40:58.404 +05:30  INF  Route matched with {action = "CartDetails", controller = "User"}. Executing controller action with signature System.Threading.Tasks.Task`1[Microsoft.AspNetCore.Mvc.ActionResult`1[BAKERBAZZAR.API.Models.ApiResponse]] CartDetails(System.String) on controller BAKERBAZZAR.API.Controller.UserController (BAKERBAZZAR.API).
2024-11-13 10:40:58.404 +05:30  INF  Request starting HTTP/1.1 PUT http://localhost:5145/user/updatecartitem?linerid=207&qty=10 application/json 0
2024-11-13 10:40:58.404 +05:30  INF  CORS policy execution successful.
2024-11-13 10:40:58.404 +05:30  INF  Executing endpoint 'BAKERBAZZAR.API.Controller.UserController.UpdateCartItem (BAKERBAZZAR.API)'
2024-11-13 10:40:58.404 +05:30  INF  Route matched with {action = "UpdateCartItem", controller = "User"}. Executing controller action with signature System.Threading.Tasks.Task`1[Microsoft.AspNetCore.Mvc.ActionResult`1[BAKERBAZZAR.API.Models.ApiResponse]] UpdateCartItem(Int32, Int32) on controller BAKERBAZZAR.API.Controller.UserController (BAKERBAZZAR.API).
2024-11-13 10:40:58.407 +05:30  INF  Executing ObjectResult, writing value of type 'BAKERBAZZAR.API.Models.ApiResponse'.
2024-11-13 10:40:58.407 +05:30  INF  Executed action BAKERBAZZAR.API.Controller.UserController.UpdateCartItem (BAKERBAZZAR.API) in 2.5427ms
2024-11-13 10:40:58.407 +05:30  INF  Executed endpoint 'BAKERBAZZAR.API.Controller.UserController.UpdateCartItem (BAKERBAZZAR.API)'
2024-11-13 10:40:58.407 +05:30  INF  Request finished HTTP/1.1 PUT http://localhost:5145/user/updatecartitem?linerid=207&qty=10 application/json 0 - 200 - application/json;+charset=utf-8 2.8094ms
2024-11-13 10:40:58.407 +05:30  INF  Executing ObjectResult, writing value of type 'BAKERBAZZAR.API.Models.ApiResponse'.
2024-11-13 10:40:58.407 +05:30  INF  Executed action BAKERBAZZAR.API.Controller.UserController.CartDetails (BAKERBAZZAR.API) in 3.7191ms
2024-11-13 10:40:58.408 +05:30  INF  Executed endpoint 'BAKERBAZZAR.API.Controller.UserController.CartDetails (BAKERBAZZAR.API)'
2024-11-13 10:40:58.408 +05:30  INF  Request finished HTTP/1.1 GET http://localhost:5145/user/cartdetails?displayId=702dcb1e-b399-4b22-a4ad-ac33169d26fd application/json - - 200 - application/json;+charset=utf-8 4.0259ms
2024-11-13 10:40:59.598 +05:30  INF  Request starting HTTP/1.1 OPTIONS http://localhost:5145/user/updatecartitem?linerid=207&qty=9 - -
2024-11-13 10:40:59.598 +05:30  INF  CORS policy execution successful.
2024-11-13 10:40:59.598 +05:30  INF  Request finished HTTP/1.1 OPTIONS http://localhost:5145/user/updatecartitem?linerid=207&qty=9 - - - 204 - - 0.2034ms
2024-11-13 10:40:59.599 +05:30  INF  Request starting HTTP/1.1 GET http://localhost:5145/user/cartdetails?displayId=702dcb1e-b399-4b22-a4ad-ac33169d26fd application/json -
2024-11-13 10:40:59.599 +05:30  INF  CORS policy execution successful.
2024-11-13 10:40:59.599 +05:30  INF  Request starting HTTP/1.1 PUT http://localhost:5145/user/updatecartitem?linerid=207&qty=9 application/json 0
2024-11-13 10:40:59.599 +05:30  INF  Executing endpoint 'BAKERBAZZAR.API.Controller.UserController.CartDetails (BAKERBAZZAR.API)'
2024-11-13 10:40:59.599 +05:30  INF  CORS policy execution successful.
2024-11-13 10:40:59.599 +05:30  INF  Executing endpoint 'BAKERBAZZAR.API.Controller.UserController.UpdateCartItem (BAKERBAZZAR.API)'
2024-11-13 10:40:59.599 +05:30  INF  Route matched with {action = "UpdateCartItem", controller = "User"}. Executing controller action with signature System.Threading.Tasks.Task`1[Microsoft.AspNetCore.Mvc.ActionResult`1[BAKERBAZZAR.API.Models.ApiResponse]] UpdateCartItem(Int32, Int32) on controller BAKERBAZZAR.API.Controller.UserController (BAKERBAZZAR.API).
2024-11-13 10:40:59.600 +05:30  INF  Route matched with {action = "CartDetails", controller = "User"}. Executing controller action with signature System.Threading.Tasks.Task`1[Microsoft.AspNetCore.Mvc.ActionResult`1[BAKERBAZZAR.API.Models.ApiResponse]] CartDetails(System.String) on controller BAKERBAZZAR.API.Controller.UserController (BAKERBAZZAR.API).
2024-11-13 10:40:59.601 +05:30  INF  Executing ObjectResult, writing value of type 'BAKERBAZZAR.API.Models.ApiResponse'.
2024-11-13 10:40:59.601 +05:30  INF  Executed action BAKERBAZZAR.API.Controller.UserController.UpdateCartItem (BAKERBAZZAR.API) in 1.1673ms
2024-11-13 10:40:59.601 +05:30  INF  Executed endpoint 'BAKERBAZZAR.API.Controller.UserController.UpdateCartItem (BAKERBAZZAR.API)'
2024-11-13 10:40:59.601 +05:30  INF  Request finished HTTP/1.1 PUT http://localhost:5145/user/updatecartitem?linerid=207&qty=9 application/json 0 - 200 - application/json;+charset=utf-8 1.4167ms
2024-11-13 10:40:59.601 +05:30  INF  Executing ObjectResult, writing value of type 'BAKERBAZZAR.API.Models.ApiResponse'.
2024-11-13 10:40:59.601 +05:30  INF  Executed action BAKERBAZZAR.API.Controller.UserController.CartDetails (BAKERBAZZAR.API) in 1.5268ms
2024-11-13 10:40:59.601 +05:30  INF  Executed endpoint 'BAKERBAZZAR.API.Controller.UserController.CartDetails (BAKERBAZZAR.API)'
2024-11-13 10:40:59.601 +05:30  INF  Request finished HTTP/1.1 GET http://localhost:5145/user/cartdetails?displayId=702dcb1e-b399-4b22-a4ad-ac33169d26fd application/json - - 200 - application/json;+charset=utf-8 2.3699ms
2024-11-13 10:41:00.354 +05:30  INF  Request starting HTTP/1.1 OPTIONS http://localhost:5145/user/updatecartitem?linerid=207&qty=8 - -
2024-11-13 10:41:00.354 +05:30  INF  CORS policy execution successful.
2024-11-13 10:41:00.354 +05:30  INF  Request finished HTTP/1.1 OPTIONS http://localhost:5145/user/updatecartitem?linerid=207&qty=8 - - - 204 - - 0.2707ms
2024-11-13 10:41:00.354 +05:30  INF  Request starting HTTP/1.1 OPTIONS http://localhost:5145/user/cartdetails?displayId=702dcb1e-b399-4b22-a4ad-ac33169d26fd - -
2024-11-13 10:41:00.354 +05:30  INF  CORS policy execution successful.
2024-11-13 10:41:00.354 +05:30  INF  Request finished HTTP/1.1 OPTIONS http://localhost:5145/user/cartdetails?displayId=702dcb1e-b399-4b22-a4ad-ac33169d26fd - - - 204 - - 0.0883ms
2024-11-13 10:41:00.355 +05:30  INF  Request starting HTTP/1.1 PUT http://localhost:5145/user/updatecartitem?linerid=207&qty=8 application/json 0
2024-11-13 10:41:00.355 +05:30  INF  CORS policy execution successful.
2024-11-13 10:41:00.355 +05:30  INF  Executing endpoint 'BAKERBAZZAR.API.Controller.UserController.UpdateCartItem (BAKERBAZZAR.API)'
2024-11-13 10:41:00.355 +05:30  INF  Route matched with {action = "UpdateCartItem", controller = "User"}. Executing controller action with signature System.Threading.Tasks.Task`1[Microsoft.AspNetCore.Mvc.ActionResult`1[BAKERBAZZAR.API.Models.ApiResponse]] UpdateCartItem(Int32, Int32) on controller BAKERBAZZAR.API.Controller.UserController (BAKERBAZZAR.API).
2024-11-13 10:41:00.355 +05:30  INF  Request starting HTTP/1.1 GET http://localhost:5145/user/cartdetails?displayId=702dcb1e-b399-4b22-a4ad-ac33169d26fd application/json -
2024-11-13 10:41:00.356 +05:30  INF  CORS policy execution successful.
2024-11-13 10:41:00.356 +05:30  INF  Executing endpoint 'BAKERBAZZAR.API.Controller.UserController.CartDetails (BAKERBAZZAR.API)'
2024-11-13 10:41:00.356 +05:30  INF  Route matched with {action = "CartDetails", controller = "User"}. Executing controller action with signature System.Threading.Tasks.Task`1[Microsoft.AspNetCore.Mvc.ActionResult`1[BAKERBAZZAR.API.Models.ApiResponse]] CartDetails(System.String) on controller BAKERBAZZAR.API.Controller.UserController (BAKERBAZZAR.API).
2024-11-13 10:41:00.358 +05:30  INF  Executing ObjectResult, writing value of type 'BAKERBAZZAR.API.Models.ApiResponse'.
2024-11-13 10:41:00.358 +05:30  INF  Executed action BAKERBAZZAR.API.Controller.UserController.UpdateCartItem (BAKERBAZZAR.API) in 2.4712ms
2024-11-13 10:41:00.358 +05:30  INF  Executed endpoint 'BAKERBAZZAR.API.Controller.UserController.UpdateCartItem (BAKERBAZZAR.API)'
2024-11-13 10:41:00.358 +05:30  INF  Request finished HTTP/1.1 PUT http://localhost:5145/user/updatecartitem?linerid=207&qty=8 application/json 0 - 200 - application/json;+charset=utf-8 2.7399ms
2024-11-13 10:41:00.358 +05:30  INF  Executing ObjectResult, writing value of type 'BAKERBAZZAR.API.Models.ApiResponse'.
2024-11-13 10:41:00.358 +05:30  INF  Executed action BAKERBAZZAR.API.Controller.UserController.CartDetails (BAKERBAZZAR.API) in 2.6383ms
2024-11-13 10:41:00.358 +05:30  INF  Executed endpoint 'BAKERBAZZAR.API.Controller.UserController.CartDetails (BAKERBAZZAR.API)'
2024-11-13 10:41:00.358 +05:30  INF  Request finished HTTP/1.1 GET http://localhost:5145/user/cartdetails?displayId=702dcb1e-b399-4b22-a4ad-ac33169d26fd application/json - - 200 - application/json;+charset=utf-8 2.9540ms
2024-11-13 10:41:00.900 +05:30  INF  Request starting HTTP/1.1 OPTIONS http://localhost:5145/user/updatecartitem?linerid=207&qty=7 - -
2024-11-13 10:41:00.900 +05:30  INF  CORS policy execution successful.
2024-11-13 10:41:00.900 +05:30  INF  Request finished HTTP/1.1 OPTIONS http://localhost:5145/user/updatecartitem?linerid=207&qty=7 - - - 204 - - 0.1656ms
2024-11-13 10:41:00.901 +05:30  INF  Request starting HTTP/1.1 GET http://localhost:5145/user/cartdetails?displayId=702dcb1e-b399-4b22-a4ad-ac33169d26fd application/json -
2024-11-13 10:41:00.901 +05:30  INF  CORS policy execution successful.
2024-11-13 10:41:00.901 +05:30  INF  Executing endpoint 'BAKERBAZZAR.API.Controller.UserController.CartDetails (BAKERBAZZAR.API)'
2024-11-13 10:41:00.901 +05:30  INF  Route matched with {action = "CartDetails", controller = "User"}. Executing controller action with signature System.Threading.Tasks.Task`1[Microsoft.AspNetCore.Mvc.ActionResult`1[BAKERBAZZAR.API.Models.ApiResponse]] CartDetails(System.String) on controller BAKERBAZZAR.API.Controller.UserController (BAKERBAZZAR.API).
2024-11-13 10:41:00.901 +05:30  INF  Request starting HTTP/1.1 PUT http://localhost:5145/user/updatecartitem?linerid=207&qty=7 application/json 0
2024-11-13 10:41:00.901 +05:30  INF  CORS policy execution successful.
2024-11-13 10:41:00.901 +05:30  INF  Executing endpoint 'BAKERBAZZAR.API.Controller.UserController.UpdateCartItem (BAKERBAZZAR.API)'
2024-11-13 10:41:00.903 +05:30  INF  Route matched with {action = "UpdateCartItem", controller = "User"}. Executing controller action with signature System.Threading.Tasks.Task`1[Microsoft.AspNetCore.Mvc.ActionResult`1[BAKERBAZZAR.API.Models.ApiResponse]] UpdateCartItem(Int32, Int32) on controller BAKERBAZZAR.API.Controller.UserController (BAKERBAZZAR.API).
2024-11-13 10:41:00.903 +05:30  INF  Executing ObjectResult, writing value of type 'BAKERBAZZAR.API.Models.ApiResponse'.
2024-11-13 10:41:00.903 +05:30  INF  Executed action BAKERBAZZAR.API.Controller.UserController.CartDetails (BAKERBAZZAR.API) in 2.06ms
2024-11-13 10:41:00.903 +05:30  INF  Executed endpoint 'BAKERBAZZAR.API.Controller.UserController.CartDetails (BAKERBAZZAR.API)'
2024-11-13 10:41:00.903 +05:30  INF  Request finished HTTP/1.1 GET http://localhost:5145/user/cartdetails?displayId=702dcb1e-b399-4b22-a4ad-ac33169d26fd application/json - - 200 - application/json;+charset=utf-8 2.2229ms
2024-11-13 10:41:00.903 +05:30  INF  Executing ObjectResult, writing value of type 'BAKERBAZZAR.API.Models.ApiResponse'.
2024-11-13 10:41:00.904 +05:30  INF  Executed action BAKERBAZZAR.API.Controller.UserController.UpdateCartItem (BAKERBAZZAR.API) in 0.9748ms
2024-11-13 10:41:00.904 +05:30  INF  Executed endpoint 'BAKERBAZZAR.API.Controller.UserController.UpdateCartItem (BAKERBAZZAR.API)'
2024-11-13 10:41:00.904 +05:30  INF  Request finished HTTP/1.1 PUT http://localhost:5145/user/updatecartitem?linerid=207&qty=7 application/json 0 - 200 - application/json;+charset=utf-8 2.7456ms
2024-11-13 10:41:01.246 +05:30  INF  Request starting HTTP/1.1 PUT http://localhost:5145/user/updatecartitem?linerid=207&qty=7 application/json 0
2024-11-13 10:41:01.246 +05:30  INF  CORS policy execution successful.
2024-11-13 10:41:01.246 +05:30  INF  Executing endpoint 'BAKERBAZZAR.API.Controller.UserController.UpdateCartItem (BAKERBAZZAR.API)'
2024-11-13 10:41:01.246 +05:30  INF  Route matched with {action = "UpdateCartItem", controller = "User"}. Executing controller action with signature System.Threading.Tasks.Task`1[Microsoft.AspNetCore.Mvc.ActionResult`1[BAKERBAZZAR.API.Models.ApiResponse]] UpdateCartItem(Int32, Int32) on controller BAKERBAZZAR.API.Controller.UserController (BAKERBAZZAR.API).
2024-11-13 10:41:01.247 +05:30  INF  Request starting HTTP/1.1 GET http://localhost:5145/user/cartdetails?displayId=702dcb1e-b399-4b22-a4ad-ac33169d26fd application/json -
2024-11-13 10:41:01.247 +05:30  INF  CORS policy execution successful.
2024-11-13 10:41:01.247 +05:30  INF  Executing endpoint 'BAKERBAZZAR.API.Controller.UserController.CartDetails (BAKERBAZZAR.API)'
2024-11-13 10:41:01.247 +05:30  INF  Route matched with {action = "CartDetails", controller = "User"}. Executing controller action with signature System.Threading.Tasks.Task`1[Microsoft.AspNetCore.Mvc.ActionResult`1[BAKERBAZZAR.API.Models.ApiResponse]] CartDetails(System.String) on controller BAKERBAZZAR.API.Controller.UserController (BAKERBAZZAR.API).
2024-11-13 10:41:01.249 +05:30  INF  Executing ObjectResult, writing value of type 'BAKERBAZZAR.API.Models.ApiResponse'.
2024-11-13 10:41:01.249 +05:30  INF  Executed action BAKERBAZZAR.API.Controller.UserController.UpdateCartItem (BAKERBAZZAR.API) in 2.6468ms
2024-11-13 10:41:01.249 +05:30  INF  Executed endpoint 'BAKERBAZZAR.API.Controller.UserController.UpdateCartItem (BAKERBAZZAR.API)'
2024-11-13 10:41:01.249 +05:30  INF  Request finished HTTP/1.1 PUT http://localhost:5145/user/updatecartitem?linerid=207&qty=7 application/json 0 - 200 - application/json;+charset=utf-8 2.9809ms
2024-11-13 10:41:01.249 +05:30  INF  Executing ObjectResult, writing value of type 'BAKERBAZZAR.API.Models.ApiResponse'.
2024-11-13 10:41:01.249 +05:30  INF  Executed action BAKERBAZZAR.API.Controller.UserController.CartDetails (BAKERBAZZAR.API) in 2.7486ms
2024-11-13 10:41:01.249 +05:30  INF  Executed endpoint 'BAKERBAZZAR.API.Controller.UserController.CartDetails (BAKERBAZZAR.API)'
2024-11-13 10:41:01.250 +05:30  INF  Request finished HTTP/1.1 GET http://localhost:5145/user/cartdetails?displayId=702dcb1e-b399-4b22-a4ad-ac33169d26fd application/json - - 200 - application/json;+charset=utf-8 3.0034ms
2024-11-13 10:41:01.529 +05:30  INF  Request starting HTTP/1.1 OPTIONS http://localhost:5145/user/updatecartitem?linerid=207&qty=6 - -
2024-11-13 10:41:01.529 +05:30  INF  CORS policy execution successful.
2024-11-13 10:41:01.529 +05:30  INF  Request finished HTTP/1.1 OPTIONS http://localhost:5145/user/updatecartitem?linerid=207&qty=6 - - - 204 - - 0.2409ms
2024-11-13 10:41:01.529 +05:30  INF  Request starting HTTP/1.1 GET http://localhost:5145/user/cartdetails?displayId=702dcb1e-b399-4b22-a4ad-ac33169d26fd application/json -
2024-11-13 10:41:01.529 +05:30  INF  CORS policy execution successful.
2024-11-13 10:41:01.529 +05:30  INF  Executing endpoint 'BAKERBAZZAR.API.Controller.UserController.CartDetails (BAKERBAZZAR.API)'
2024-11-13 10:41:01.529 +05:30  INF  Route matched with {action = "CartDetails", controller = "User"}. Executing controller action with signature System.Threading.Tasks.Task`1[Microsoft.AspNetCore.Mvc.ActionResult`1[BAKERBAZZAR.API.Models.ApiResponse]] CartDetails(System.String) on controller BAKERBAZZAR.API.Controller.UserController (BAKERBAZZAR.API).
2024-11-13 10:41:01.529 +05:30  INF  Request starting HTTP/1.1 PUT http://localhost:5145/user/updatecartitem?linerid=207&qty=6 application/json 0
2024-11-13 10:41:01.530 +05:30  INF  CORS policy execution successful.
2024-11-13 10:41:01.530 +05:30  INF  Executing endpoint 'BAKERBAZZAR.API.Controller.UserController.UpdateCartItem (BAKERBAZZAR.API)'
2024-11-13 10:41:01.530 +05:30  INF  Route matched with {action = "UpdateCartItem", controller = "User"}. Executing controller action with signature System.Threading.Tasks.Task`1[Microsoft.AspNetCore.Mvc.ActionResult`1[BAKERBAZZAR.API.Models.ApiResponse]] UpdateCartItem(Int32, Int32) on controller BAKERBAZZAR.API.Controller.UserController (BAKERBAZZAR.API).
2024-11-13 10:41:01.532 +05:30  INF  Executing ObjectResult, writing value of type 'BAKERBAZZAR.API.Models.ApiResponse'.
2024-11-13 10:41:01.532 +05:30  INF  Executed action BAKERBAZZAR.API.Controller.UserController.UpdateCartItem (BAKERBAZZAR.API) in 2.2863ms
2024-11-13 10:41:01.532 +05:30  INF  Executed endpoint 'BAKERBAZZAR.API.Controller.UserController.UpdateCartItem (BAKERBAZZAR.API)'
2024-11-13 10:41:01.532 +05:30  INF  Request finished HTTP/1.1 PUT http://localhost:5145/user/updatecartitem?linerid=207&qty=6 application/json 0 - 200 - application/json;+charset=utf-8 2.5097ms
2024-11-13 10:41:01.532 +05:30  INF  Executing ObjectResult, writing value of type 'BAKERBAZZAR.API.Models.ApiResponse'.
2024-11-13 10:41:01.532 +05:30  INF  Executed action BAKERBAZZAR.API.Controller.UserController.CartDetails (BAKERBAZZAR.API) in 3.0461ms
2024-11-13 10:41:01.532 +05:30  INF  Executed endpoint 'BAKERBAZZAR.API.Controller.UserController.CartDetails (BAKERBAZZAR.API)'
2024-11-13 10:41:01.532 +05:30  INF  Request finished HTTP/1.1 GET http://localhost:5145/user/cartdetails?displayId=702dcb1e-b399-4b22-a4ad-ac33169d26fd application/json - - 200 - application/json;+charset=utf-8 3.3456ms
2024-11-13 10:41:01.818 +05:30  INF  Request starting HTTP/1.1 OPTIONS http://localhost:5145/user/updatecartitem?linerid=207&qty=5 - -
2024-11-13 10:41:01.818 +05:30  INF  CORS policy execution successful.
2024-11-13 10:41:01.818 +05:30  INF  Request finished HTTP/1.1 OPTIONS http://localhost:5145/user/updatecartitem?linerid=207&qty=5 - - - 204 - - 0.2168ms
2024-11-13 10:41:01.818 +05:30  INF  Request starting HTTP/1.1 GET http://localhost:5145/user/cartdetails?displayId=702dcb1e-b399-4b22-a4ad-ac33169d26fd application/json -
2024-11-13 10:41:01.818 +05:30  INF  CORS policy execution successful.
2024-11-13 10:41:01.818 +05:30  INF  Executing endpoint 'BAKERBAZZAR.API.Controller.UserController.CartDetails (BAKERBAZZAR.API)'
2024-11-13 10:41:01.818 +05:30  INF  Route matched with {action = "CartDetails", controller = "User"}. Executing controller action with signature System.Threading.Tasks.Task`1[Microsoft.AspNetCore.Mvc.ActionResult`1[BAKERBAZZAR.API.Models.ApiResponse]] CartDetails(System.String) on controller BAKERBAZZAR.API.Controller.UserController (BAKERBAZZAR.API).
2024-11-13 10:41:01.819 +05:30  INF  Request starting HTTP/1.1 PUT http://localhost:5145/user/updatecartitem?linerid=207&qty=5 application/json 0
2024-11-13 10:41:01.819 +05:30  INF  CORS policy execution successful.
2024-11-13 10:41:01.819 +05:30  INF  Executing endpoint 'BAKERBAZZAR.API.Controller.UserController.UpdateCartItem (BAKERBAZZAR.API)'
2024-11-13 10:41:01.819 +05:30  INF  Route matched with {action = "UpdateCartItem", controller = "User"}. Executing controller action with signature System.Threading.Tasks.Task`1[Microsoft.AspNetCore.Mvc.ActionResult`1[BAKERBAZZAR.API.Models.ApiResponse]] UpdateCartItem(Int32, Int32) on controller BAKERBAZZAR.API.Controller.UserController (BAKERBAZZAR.API).
2024-11-13 10:41:01.821 +05:30  INF  Executing ObjectResult, writing value of type 'BAKERBAZZAR.API.Models.ApiResponse'.
2024-11-13 10:41:01.821 +05:30  INF  Executing ObjectResult, writing value of type 'BAKERBAZZAR.API.Models.ApiResponse'.
2024-11-13 10:41:01.822 +05:30  INF  Executed action BAKERBAZZAR.API.Controller.UserController.UpdateCartItem (BAKERBAZZAR.API) in 2.8133ms
2024-11-13 10:41:01.822 +05:30  INF  Executed action BAKERBAZZAR.API.Controller.UserController.CartDetails (BAKERBAZZAR.API) in 3.2997ms
2024-11-13 10:41:01.822 +05:30  INF  Executed endpoint 'BAKERBAZZAR.API.Controller.UserController.UpdateCartItem (BAKERBAZZAR.API)'
2024-11-13 10:41:01.822 +05:30  INF  Executed endpoint 'BAKERBAZZAR.API.Controller.UserController.CartDetails (BAKERBAZZAR.API)'
2024-11-13 10:41:01.822 +05:30  INF  Request finished HTTP/1.1 PUT http://localhost:5145/user/updatecartitem?linerid=207&qty=5 application/json 0 - 200 - application/json;+charset=utf-8 3.0746ms
2024-11-13 10:41:01.822 +05:30  INF  Request finished HTTP/1.1 GET http://localhost:5145/user/cartdetails?displayId=702dcb1e-b399-4b22-a4ad-ac33169d26fd application/json - - 200 - application/json;+charset=utf-8 3.5187ms
2024-11-13 10:41:02.124 +05:30  INF  Request starting HTTP/1.1 OPTIONS http://localhost:5145/user/updatecartitem?linerid=207&qty=4 - -
2024-11-13 10:41:02.124 +05:30  INF  CORS policy execution successful.
2024-11-13 10:41:02.124 +05:30  INF  Request finished HTTP/1.1 OPTIONS http://localhost:5145/user/updatecartitem?linerid=207&qty=4 - - - 204 - - 0.2032ms
2024-11-13 10:41:02.124 +05:30  INF  Request starting HTTP/1.1 GET http://localhost:5145/user/cartdetails?displayId=702dcb1e-b399-4b22-a4ad-ac33169d26fd application/json -
2024-11-13 10:41:02.125 +05:30  INF  CORS policy execution successful.
2024-11-13 10:41:02.125 +05:30  INF  Executing endpoint 'BAKERBAZZAR.API.Controller.UserController.CartDetails (BAKERBAZZAR.API)'
2024-11-13 10:41:02.125 +05:30  INF  Route matched with {action = "CartDetails", controller = "User"}. Executing controller action with signature System.Threading.Tasks.Task`1[Microsoft.AspNetCore.Mvc.ActionResult`1[BAKERBAZZAR.API.Models.ApiResponse]] CartDetails(System.String) on controller BAKERBAZZAR.API.Controller.UserController (BAKERBAZZAR.API).
2024-11-13 10:41:02.125 +05:30  INF  Request starting HTTP/1.1 PUT http://localhost:5145/user/updatecartitem?linerid=207&qty=4 application/json 0
2024-11-13 10:41:02.125 +05:30  INF  CORS policy execution successful.
2024-11-13 10:41:02.125 +05:30  INF  Executing endpoint 'BAKERBAZZAR.API.Controller.UserController.UpdateCartItem (BAKERBAZZAR.API)'
2024-11-13 10:41:02.125 +05:30  INF  Route matched with {action = "UpdateCartItem", controller = "User"}. Executing controller action with signature System.Threading.Tasks.Task`1[Microsoft.AspNetCore.Mvc.ActionResult`1[BAKERBAZZAR.API.Models.ApiResponse]] UpdateCartItem(Int32, Int32) on controller BAKERBAZZAR.API.Controller.UserController (BAKERBAZZAR.API).
2024-11-13 10:41:02.126 +05:30  INF  Executing ObjectResult, writing value of type 'BAKERBAZZAR.API.Models.ApiResponse'.
2024-11-13 10:41:02.126 +05:30  INF  Executed action BAKERBAZZAR.API.Controller.UserController.UpdateCartItem (BAKERBAZZAR.API) in 0.9959ms
2024-11-13 10:41:02.126 +05:30  INF  Executed endpoint 'BAKERBAZZAR.API.Controller.UserController.UpdateCartItem (BAKERBAZZAR.API)'
2024-11-13 10:41:02.126 +05:30  INF  Request finished HTTP/1.1 PUT http://localhost:5145/user/updatecartitem?linerid=207&qty=4 application/json 0 - 200 - application/json;+charset=utf-8 1.2312ms
2024-11-13 10:41:02.127 +05:30  INF  Executing ObjectResult, writing value of type 'BAKERBAZZAR.API.Models.ApiResponse'.
2024-11-13 10:41:02.127 +05:30  INF  Executed action BAKERBAZZAR.API.Controller.UserController.CartDetails (BAKERBAZZAR.API) in 2.1859ms
2024-11-13 10:41:02.127 +05:30  INF  Executed endpoint 'BAKERBAZZAR.API.Controller.UserController.CartDetails (BAKERBAZZAR.API)'
2024-11-13 10:41:02.127 +05:30  INF  Request finished HTTP/1.1 GET http://localhost:5145/user/cartdetails?displayId=702dcb1e-b399-4b22-a4ad-ac33169d26fd application/json - - 200 - application/json;+charset=utf-8 2.3937ms
2024-11-13 10:41:02.431 +05:30  INF  Request starting HTTP/1.1 OPTIONS http://localhost:5145/user/updatecartitem?linerid=207&qty=3 - -
2024-11-13 10:41:02.431 +05:30  INF  CORS policy execution successful.
2024-11-13 10:41:02.431 +05:30  INF  Request finished HTTP/1.1 OPTIONS http://localhost:5145/user/updatecartitem?linerid=207&qty=3 - - - 204 - - 0.2230ms
2024-11-13 10:41:02.431 +05:30  INF  Request starting HTTP/1.1 GET http://localhost:5145/user/cartdetails?displayId=702dcb1e-b399-4b22-a4ad-ac33169d26fd application/json -
2024-11-13 10:41:02.431 +05:30  INF  CORS policy execution successful.
2024-11-13 10:41:02.431 +05:30  INF  Executing endpoint 'BAKERBAZZAR.API.Controller.UserController.CartDetails (BAKERBAZZAR.API)'
2024-11-13 10:41:02.431 +05:30  INF  Route matched with {action = "CartDetails", controller = "User"}. Executing controller action with signature System.Threading.Tasks.Task`1[Microsoft.AspNetCore.Mvc.ActionResult`1[BAKERBAZZAR.API.Models.ApiResponse]] CartDetails(System.String) on controller BAKERBAZZAR.API.Controller.UserController (BAKERBAZZAR.API).
2024-11-13 10:41:02.433 +05:30  INF  Request starting HTTP/1.1 PUT http://localhost:5145/user/updatecartitem?linerid=207&qty=3 application/json 0
2024-11-13 10:41:02.433 +05:30  INF  CORS policy execution successful.
2024-11-13 10:41:02.433 +05:30  INF  Executing endpoint 'BAKERBAZZAR.API.Controller.UserController.UpdateCartItem (BAKERBAZZAR.API)'
2024-11-13 10:41:02.433 +05:30  INF  Route matched with {action = "UpdateCartItem", controller = "User"}. Executing controller action with signature System.Threading.Tasks.Task`1[Microsoft.AspNetCore.Mvc.ActionResult`1[BAKERBAZZAR.API.Models.ApiResponse]] UpdateCartItem(Int32, Int32) on controller BAKERBAZZAR.API.Controller.UserController (BAKERBAZZAR.API).
2024-11-13 10:41:02.433 +05:30  INF  Executing ObjectResult, writing value of type 'BAKERBAZZAR.API.Models.ApiResponse'.
2024-11-13 10:41:02.433 +05:30  INF  Executed action BAKERBAZZAR.API.Controller.UserController.CartDetails (BAKERBAZZAR.API) in 1.8989ms
2024-11-13 10:41:02.433 +05:30  INF  Executed endpoint 'BAKERBAZZAR.API.Controller.UserController.CartDetails (BAKERBAZZAR.API)'
2024-11-13 10:41:02.433 +05:30  INF  Request finished HTTP/1.1 GET http://localhost:5145/user/cartdetails?displayId=702dcb1e-b399-4b22-a4ad-ac33169d26fd application/json - - 200 - application/json;+charset=utf-8 2.1127ms
2024-11-13 10:41:02.434 +05:30  INF  Executing ObjectResult, writing value of type 'BAKERBAZZAR.API.Models.ApiResponse'.
2024-11-13 10:41:02.434 +05:30  INF  Executed action BAKERBAZZAR.API.Controller.UserController.UpdateCartItem (BAKERBAZZAR.API) in 1.0821ms
2024-11-13 10:41:02.434 +05:30  INF  Executed endpoint 'BAKERBAZZAR.API.Controller.UserController.UpdateCartItem (BAKERBAZZAR.API)'
2024-11-13 10:41:02.434 +05:30  INF  Request finished HTTP/1.1 PUT http://localhost:5145/user/updatecartitem?linerid=207&qty=3 application/json 0 - 200 - application/json;+charset=utf-8 1.2905ms
2024-11-13 10:41:03.664 +05:30  INF  Request starting HTTP/1.1 PUT http://localhost:5145/user/updatecartitem?linerid=207&qty=3 application/json 0
2024-11-13 10:41:03.664 +05:30  INF  CORS policy execution successful.
2024-11-13 10:41:03.664 +05:30  INF  Executing endpoint 'BAKERBAZZAR.API.Controller.UserController.UpdateCartItem (BAKERBAZZAR.API)'
2024-11-13 10:41:03.664 +05:30  INF  Route matched with {action = "UpdateCartItem", controller = "User"}. Executing controller action with signature System.Threading.Tasks.Task`1[Microsoft.AspNetCore.Mvc.ActionResult`1[BAKERBAZZAR.API.Models.ApiResponse]] UpdateCartItem(Int32, Int32) on controller BAKERBAZZAR.API.Controller.UserController (BAKERBAZZAR.API).
2024-11-13 10:41:03.664 +05:30  INF  Request starting HTTP/1.1 GET http://localhost:5145/user/cartdetails?displayId=702dcb1e-b399-4b22-a4ad-ac33169d26fd application/json -
2024-11-13 10:41:03.664 +05:30  INF  CORS policy execution successful.
2024-11-13 10:41:03.664 +05:30  INF  Executing endpoint 'BAKERBAZZAR.API.Controller.UserController.CartDetails (BAKERBAZZAR.API)'
2024-11-13 10:41:03.664 +05:30  INF  Route matched with {action = "CartDetails", controller = "User"}. Executing controller action with signature System.Threading.Tasks.Task`1[Microsoft.AspNetCore.Mvc.ActionResult`1[BAKERBAZZAR.API.Models.ApiResponse]] CartDetails(System.String) on controller BAKERBAZZAR.API.Controller.UserController (BAKERBAZZAR.API).
2024-11-13 10:41:03.665 +05:30  INF  Executing ObjectResult, writing value of type 'BAKERBAZZAR.API.Models.ApiResponse'.
2024-11-13 10:41:03.665 +05:30  INF  Executed action BAKERBAZZAR.API.Controller.UserController.UpdateCartItem (BAKERBAZZAR.API) in 1.5443ms
2024-11-13 10:41:03.665 +05:30  INF  Executed endpoint 'BAKERBAZZAR.API.Controller.UserController.UpdateCartItem (BAKERBAZZAR.API)'
2024-11-13 10:41:03.665 +05:30  INF  Request finished HTTP/1.1 PUT http://localhost:5145/user/updatecartitem?linerid=207&qty=3 application/json 0 - 200 - application/json;+charset=utf-8 1.8608ms
2024-11-13 10:41:03.666 +05:30  INF  Executing ObjectResult, writing value of type 'BAKERBAZZAR.API.Models.ApiResponse'.
2024-11-13 10:41:03.666 +05:30  INF  Executed action BAKERBAZZAR.API.Controller.UserController.CartDetails (BAKERBAZZAR.API) in 2.022ms
2024-11-13 10:41:03.666 +05:30  INF  Executed endpoint 'BAKERBAZZAR.API.Controller.UserController.CartDetails (BAKERBAZZAR.API)'
2024-11-13 10:41:03.666 +05:30  INF  Request finished HTTP/1.1 GET http://localhost:5145/user/cartdetails?displayId=702dcb1e-b399-4b22-a4ad-ac33169d26fd application/json - - 200 - application/json;+charset=utf-8 2.3323ms
2024-11-13 10:41:03.921 +05:30  INF  Request starting HTTP/1.1 OPTIONS http://localhost:5145/user/updatecartitem?linerid=207&qty=2 - -
2024-11-13 10:41:03.921 +05:30  INF  CORS policy execution successful.
2024-11-13 10:41:03.922 +05:30  INF  Request finished HTTP/1.1 OPTIONS http://localhost:5145/user/updatecartitem?linerid=207&qty=2 - - - 204 - - 0.2353ms
2024-11-13 10:41:03.922 +05:30  INF  Request starting HTTP/1.1 GET http://localhost:5145/user/cartdetails?displayId=702dcb1e-b399-4b22-a4ad-ac33169d26fd application/json -
2024-11-13 10:41:03.922 +05:30  INF  CORS policy execution successful.
2024-11-13 10:41:03.922 +05:30  INF  Executing endpoint 'BAKERBAZZAR.API.Controller.UserController.CartDetails (BAKERBAZZAR.API)'
2024-11-13 10:41:03.922 +05:30  INF  Route matched with {action = "CartDetails", controller = "User"}. Executing controller action with signature System.Threading.Tasks.Task`1[Microsoft.AspNetCore.Mvc.ActionResult`1[BAKERBAZZAR.API.Models.ApiResponse]] CartDetails(System.String) on controller BAKERBAZZAR.API.Controller.UserController (BAKERBAZZAR.API).
2024-11-13 10:41:03.922 +05:30  INF  Request starting HTTP/1.1 PUT http://localhost:5145/user/updatecartitem?linerid=207&qty=2 application/json 0
2024-11-13 10:41:03.922 +05:30  INF  CORS policy execution successful.
2024-11-13 10:41:03.923 +05:30  INF  Executing endpoint 'BAKERBAZZAR.API.Controller.UserController.UpdateCartItem (BAKERBAZZAR.API)'
2024-11-13 10:41:03.923 +05:30  INF  Route matched with {action = "UpdateCartItem", controller = "User"}. Executing controller action with signature System.Threading.Tasks.Task`1[Microsoft.AspNetCore.Mvc.ActionResult`1[BAKERBAZZAR.API.Models.ApiResponse]] UpdateCartItem(Int32, Int32) on controller BAKERBAZZAR.API.Controller.UserController (BAKERBAZZAR.API).
2024-11-13 10:41:03.925 +05:30  INF  Executing ObjectResult, writing value of type 'BAKERBAZZAR.API.Models.ApiResponse'.
2024-11-13 10:41:03.925 +05:30  INF  Executed action BAKERBAZZAR.API.Controller.UserController.UpdateCartItem (BAKERBAZZAR.API) in 2.4976ms
2024-11-13 10:41:03.925 +05:30  INF  Executed endpoint 'BAKERBAZZAR.API.Controller.UserController.UpdateCartItem (BAKERBAZZAR.API)'
2024-11-13 10:41:03.925 +05:30  INF  Request finished HTTP/1.1 PUT http://localhost:5145/user/updatecartitem?linerid=207&qty=2 application/json 0 - 200 - application/json;+charset=utf-8 2.7617ms
2024-11-13 10:41:03.925 +05:30  INF  Executing ObjectResult, writing value of type 'BAKERBAZZAR.API.Models.ApiResponse'.
2024-11-13 10:41:03.925 +05:30  INF  Executed action BAKERBAZZAR.API.Controller.UserController.CartDetails (BAKERBAZZAR.API) in 3.0379ms
2024-11-13 10:41:03.925 +05:30  INF  Executed endpoint 'BAKERBAZZAR.API.Controller.UserController.CartDetails (BAKERBAZZAR.API)'
2024-11-13 10:41:03.925 +05:30  INF  Request finished HTTP/1.1 GET http://localhost:5145/user/cartdetails?displayId=702dcb1e-b399-4b22-a4ad-ac33169d26fd application/json - - 200 - application/json;+charset=utf-8 3.2814ms
2024-11-13 10:41:04.179 +05:30  INF  Request starting HTTP/1.1 OPTIONS http://localhost:5145/user/updatecartitem?linerid=207&qty=1 - -
2024-11-13 10:41:04.179 +05:30  INF  CORS policy execution successful.
2024-11-13 10:41:04.179 +05:30  INF  Request finished HTTP/1.1 OPTIONS http://localhost:5145/user/updatecartitem?linerid=207&qty=1 - - - 204 - - 0.1796ms
2024-11-13 10:41:04.180 +05:30  INF  Request starting HTTP/1.1 GET http://localhost:5145/user/cartdetails?displayId=702dcb1e-b399-4b22-a4ad-ac33169d26fd application/json -
2024-11-13 10:41:04.180 +05:30  INF  CORS policy execution successful.
2024-11-13 10:41:04.180 +05:30  INF  Executing endpoint 'BAKERBAZZAR.API.Controller.UserController.CartDetails (BAKERBAZZAR.API)'
2024-11-13 10:41:04.180 +05:30  INF  Route matched with {action = "CartDetails", controller = "User"}. Executing controller action with signature System.Threading.Tasks.Task`1[Microsoft.AspNetCore.Mvc.ActionResult`1[BAKERBAZZAR.API.Models.ApiResponse]] CartDetails(System.String) on controller BAKERBAZZAR.API.Controller.UserController (BAKERBAZZAR.API).
2024-11-13 10:41:04.180 +05:30  INF  Request starting HTTP/1.1 PUT http://localhost:5145/user/updatecartitem?linerid=207&qty=1 application/json 0
2024-11-13 10:41:04.180 +05:30  INF  CORS policy execution successful.
2024-11-13 10:41:04.180 +05:30  INF  Executing endpoint 'BAKERBAZZAR.API.Controller.UserController.UpdateCartItem (BAKERBAZZAR.API)'
2024-11-13 10:41:04.180 +05:30  INF  Route matched with {action = "UpdateCartItem", controller = "User"}. Executing controller action with signature System.Threading.Tasks.Task`1[Microsoft.AspNetCore.Mvc.ActionResult`1[BAKERBAZZAR.API.Models.ApiResponse]] UpdateCartItem(Int32, Int32) on controller BAKERBAZZAR.API.Controller.UserController (BAKERBAZZAR.API).
2024-11-13 10:41:04.183 +05:30  INF  Executing ObjectResult, writing value of type 'BAKERBAZZAR.API.Models.ApiResponse'.
2024-11-13 10:41:04.183 +05:30  INF  Executed action BAKERBAZZAR.API.Controller.UserController.UpdateCartItem (BAKERBAZZAR.API) in 2.5557ms
2024-11-13 10:41:04.183 +05:30  INF  Executed endpoint 'BAKERBAZZAR.API.Controller.UserController.UpdateCartItem (BAKERBAZZAR.API)'
2024-11-13 10:41:04.183 +05:30  INF  Request finished HTTP/1.1 PUT http://localhost:5145/user/updatecartitem?linerid=207&qty=1 application/json 0 - 200 - application/json;+charset=utf-8 2.8369ms
2024-11-13 10:41:04.183 +05:30  INF  Executing ObjectResult, writing value of type 'BAKERBAZZAR.API.Models.ApiResponse'.
2024-11-13 10:41:04.183 +05:30  INF  Executed action BAKERBAZZAR.API.Controller.UserController.CartDetails (BAKERBAZZAR.API) in 3.1696ms
2024-11-13 10:41:04.183 +05:30  INF  Executed endpoint 'BAKERBAZZAR.API.Controller.UserController.CartDetails (BAKERBAZZAR.API)'
2024-11-13 10:41:04.183 +05:30  INF  Request finished HTTP/1.1 GET http://localhost:5145/user/cartdetails?displayId=702dcb1e-b399-4b22-a4ad-ac33169d26fd application/json - - 200 - application/json;+charset=utf-8 3.5494ms
2024-11-13 10:41:04.477 +05:30  INF  Request starting HTTP/1.1 PUT http://localhost:5145/user/updatecartitem?linerid=207&qty=1 application/json 0
2024-11-13 10:41:04.477 +05:30  INF  CORS policy execution successful.
2024-11-13 10:41:04.477 +05:30  INF  Executing endpoint 'BAKERBAZZAR.API.Controller.UserController.UpdateCartItem (BAKERBAZZAR.API)'
2024-11-13 10:41:04.477 +05:30  INF  Route matched with {action = "UpdateCartItem", controller = "User"}. Executing controller action with signature System.Threading.Tasks.Task`1[Microsoft.AspNetCore.Mvc.ActionResult`1[BAKERBAZZAR.API.Models.ApiResponse]] UpdateCartItem(Int32, Int32) on controller BAKERBAZZAR.API.Controller.UserController (BAKERBAZZAR.API).
2024-11-13 10:41:04.477 +05:30  INF  Request starting HTTP/1.1 GET http://localhost:5145/user/cartdetails?displayId=702dcb1e-b399-4b22-a4ad-ac33169d26fd application/json -
2024-11-13 10:41:04.477 +05:30  INF  CORS policy execution successful.
2024-11-13 10:41:04.477 +05:30  INF  Executing endpoint 'BAKERBAZZAR.API.Controller.UserController.CartDetails (BAKERBAZZAR.API)'
2024-11-13 10:41:04.477 +05:30  INF  Route matched with {action = "CartDetails", controller = "User"}. Executing controller action with signature System.Threading.Tasks.Task`1[Microsoft.AspNetCore.Mvc.ActionResult`1[BAKERBAZZAR.API.Models.ApiResponse]] CartDetails(System.String) on controller BAKERBAZZAR.API.Controller.UserController (BAKERBAZZAR.API).
2024-11-13 10:41:04.478 +05:30  INF  Executing ObjectResult, writing value of type 'BAKERBAZZAR.API.Models.ApiResponse'.
2024-11-13 10:41:04.478 +05:30  INF  Executed action BAKERBAZZAR.API.Controller.UserController.UpdateCartItem (BAKERBAZZAR.API) in 1.1694ms
2024-11-13 10:41:04.478 +05:30  INF  Executed endpoint 'BAKERBAZZAR.API.Controller.UserController.UpdateCartItem (BAKERBAZZAR.API)'
2024-11-13 10:41:04.478 +05:30  INF  Request finished HTTP/1.1 PUT http://localhost:5145/user/updatecartitem?linerid=207&qty=1 application/json 0 - 200 - application/json;+charset=utf-8 1.4991ms
2024-11-13 10:41:04.479 +05:30  INF  Executing ObjectResult, writing value of type 'BAKERBAZZAR.API.Models.ApiResponse'.
2024-11-13 10:41:04.479 +05:30  INF  Executed action BAKERBAZZAR.API.Controller.UserController.CartDetails (BAKERBAZZAR.API) in 2.0877ms
2024-11-13 10:41:04.479 +05:30  INF  Executed endpoint 'BAKERBAZZAR.API.Controller.UserController.CartDetails (BAKERBAZZAR.API)'
2024-11-13 10:41:04.479 +05:30  INF  Request finished HTTP/1.1 GET http://localhost:5145/user/cartdetails?displayId=702dcb1e-b399-4b22-a4ad-ac33169d26fd application/json - - 200 - application/json;+charset=utf-8 2.2928ms
2024-11-13 10:41:04.776 +05:30  INF  Request starting HTTP/1.1 PUT http://localhost:5145/user/updatecartitem?linerid=207&qty=1 application/json 0
2024-11-13 10:41:04.776 +05:30  INF  CORS policy execution successful.
2024-11-13 10:41:04.776 +05:30  INF  Executing endpoint 'BAKERBAZZAR.API.Controller.UserController.UpdateCartItem (BAKERBAZZAR.API)'
2024-11-13 10:41:04.776 +05:30  INF  Route matched with {action = "UpdateCartItem", controller = "User"}. Executing controller action with signature System.Threading.Tasks.Task`1[Microsoft.AspNetCore.Mvc.ActionResult`1[BAKERBAZZAR.API.Models.ApiResponse]] UpdateCartItem(Int32, Int32) on controller BAKERBAZZAR.API.Controller.UserController (BAKERBAZZAR.API).
2024-11-13 10:41:04.777 +05:30  INF  Request starting HTTP/1.1 GET http://localhost:5145/user/cartdetails?displayId=702dcb1e-b399-4b22-a4ad-ac33169d26fd application/json -
2024-11-13 10:41:04.777 +05:30  INF  CORS policy execution successful.
2024-11-13 10:41:04.777 +05:30  INF  Executing endpoint 'BAKERBAZZAR.API.Controller.UserController.CartDetails (BAKERBAZZAR.API)'
2024-11-13 10:41:04.778 +05:30  INF  Route matched with {action = "CartDetails", controller = "User"}. Executing controller action with signature System.Threading.Tasks.Task`1[Microsoft.AspNetCore.Mvc.ActionResult`1[BAKERBAZZAR.API.Models.ApiResponse]] CartDetails(System.String) on controller BAKERBAZZAR.API.Controller.UserController (BAKERBAZZAR.API).
2024-11-13 10:41:04.779 +05:30  INF  Executing ObjectResult, writing value of type 'BAKERBAZZAR.API.Models.ApiResponse'.
2024-11-13 10:41:04.779 +05:30  INF  Executed action BAKERBAZZAR.API.Controller.UserController.UpdateCartItem (BAKERBAZZAR.API) in 2.4696ms
2024-11-13 10:41:04.779 +05:30  INF  Executed endpoint 'BAKERBAZZAR.API.Controller.UserController.UpdateCartItem (BAKERBAZZAR.API)'
2024-11-13 10:41:04.779 +05:30  INF  Request finished HTTP/1.1 PUT http://localhost:5145/user/updatecartitem?linerid=207&qty=1 application/json 0 - 200 - application/json;+charset=utf-8 2.7841ms
2024-11-13 10:41:04.780 +05:30  INF  Executing ObjectResult, writing value of type 'BAKERBAZZAR.API.Models.ApiResponse'.
2024-11-13 10:41:04.780 +05:30  INF  Executed action BAKERBAZZAR.API.Controller.UserController.CartDetails (BAKERBAZZAR.API) in 2.0296ms
2024-11-13 10:41:04.780 +05:30  INF  Executed endpoint 'BAKERBAZZAR.API.Controller.UserController.CartDetails (BAKERBAZZAR.API)'
2024-11-13 10:41:04.780 +05:30  INF  Request finished HTTP/1.1 GET http://localhost:5145/user/cartdetails?displayId=702dcb1e-b399-4b22-a4ad-ac33169d26fd application/json - - 200 - application/json;+charset=utf-8 3.7257ms
2024-11-13 10:41:05.009 +05:30  INF  Request starting HTTP/1.1 PUT http://localhost:5145/user/updatecartitem?linerid=207&qty=1 application/json 0
2024-11-13 10:41:05.009 +05:30  INF  CORS policy execution successful.
2024-11-13 10:41:05.009 +05:30  INF  Executing endpoint 'BAKERBAZZAR.API.Controller.UserController.UpdateCartItem (BAKERBAZZAR.API)'
2024-11-13 10:41:05.009 +05:30  INF  Route matched with {action = "UpdateCartItem", controller = "User"}. Executing controller action with signature System.Threading.Tasks.Task`1[Microsoft.AspNetCore.Mvc.ActionResult`1[BAKERBAZZAR.API.Models.ApiResponse]] UpdateCartItem(Int32, Int32) on controller BAKERBAZZAR.API.Controller.UserController (BAKERBAZZAR.API).
2024-11-13 10:41:05.009 +05:30  INF  Request starting HTTP/1.1 GET http://localhost:5145/user/cartdetails?displayId=702dcb1e-b399-4b22-a4ad-ac33169d26fd application/json -
2024-11-13 10:41:05.009 +05:30  INF  CORS policy execution successful.
2024-11-13 10:41:05.009 +05:30  INF  Executing endpoint 'BAKERBAZZAR.API.Controller.UserController.CartDetails (BAKERBAZZAR.API)'
2024-11-13 10:41:05.010 +05:30  INF  Route matched with {action = "CartDetails", controller = "User"}. Executing controller action with signature System.Threading.Tasks.Task`1[Microsoft.AspNetCore.Mvc.ActionResult`1[BAKERBAZZAR.API.Models.ApiResponse]] CartDetails(System.String) on controller BAKERBAZZAR.API.Controller.UserController (BAKERBAZZAR.API).
2024-11-13 10:41:05.010 +05:30  INF  Executing ObjectResult, writing value of type 'BAKERBAZZAR.API.Models.ApiResponse'.
2024-11-13 10:41:05.010 +05:30  INF  Executed action BAKERBAZZAR.API.Controller.UserController.UpdateCartItem (BAKERBAZZAR.API) in 1.094ms
2024-11-13 10:41:05.011 +05:30  INF  Executed endpoint 'BAKERBAZZAR.API.Controller.UserController.UpdateCartItem (BAKERBAZZAR.API)'
2024-11-13 10:41:05.011 +05:30  INF  Request finished HTTP/1.1 PUT http://localhost:5145/user/updatecartitem?linerid=207&qty=1 application/json 0 - 200 - application/json;+charset=utf-8 1.6983ms
2024-11-13 10:41:05.011 +05:30  INF  Executing ObjectResult, writing value of type 'BAKERBAZZAR.API.Models.ApiResponse'.
2024-11-13 10:41:05.011 +05:30  INF  Executed action BAKERBAZZAR.API.Controller.UserController.CartDetails (BAKERBAZZAR.API) in 1.4771ms
2024-11-13 10:41:05.011 +05:30  INF  Executed endpoint 'BAKERBAZZAR.API.Controller.UserController.CartDetails (BAKERBAZZAR.API)'
2024-11-13 10:41:05.011 +05:30  INF  Request finished HTTP/1.1 GET http://localhost:5145/user/cartdetails?displayId=702dcb1e-b399-4b22-a4ad-ac33169d26fd application/json - - 200 - application/json;+charset=utf-8 1.8864ms
2024-11-13 10:41:05.259 +05:30  INF  Request starting HTTP/1.1 PUT http://localhost:5145/user/updatecartitem?linerid=207&qty=1 application/json 0
2024-11-13 10:41:05.259 +05:30  INF  CORS policy execution successful.
2024-11-13 10:41:05.259 +05:30  INF  Executing endpoint 'BAKERBAZZAR.API.Controller.UserController.UpdateCartItem (BAKERBAZZAR.API)'
2024-11-13 10:41:05.259 +05:30  INF  Request starting HTTP/1.1 GET http://localhost:5145/user/cartdetails?displayId=702dcb1e-b399-4b22-a4ad-ac33169d26fd application/json -
2024-11-13 10:41:05.259 +05:30  INF  CORS policy execution successful.
2024-11-13 10:41:05.259 +05:30  INF  Executing endpoint 'BAKERBAZZAR.API.Controller.UserController.CartDetails (BAKERBAZZAR.API)'
2024-11-13 10:41:05.259 +05:30  INF  Route matched with {action = "CartDetails", controller = "User"}. Executing controller action with signature System.Threading.Tasks.Task`1[Microsoft.AspNetCore.Mvc.ActionResult`1[BAKERBAZZAR.API.Models.ApiResponse]] CartDetails(System.String) on controller BAKERBAZZAR.API.Controller.UserController (BAKERBAZZAR.API).
2024-11-13 10:41:05.259 +05:30  INF  Route matched with {action = "UpdateCartItem", controller = "User"}. Executing controller action with signature System.Threading.Tasks.Task`1[Microsoft.AspNetCore.Mvc.ActionResult`1[BAKERBAZZAR.API.Models.ApiResponse]] UpdateCartItem(Int32, Int32) on controller BAKERBAZZAR.API.Controller.UserController (BAKERBAZZAR.API).
2024-11-13 10:41:05.260 +05:30  INF  Executing ObjectResult, writing value of type 'BAKERBAZZAR.API.Models.ApiResponse'.
2024-11-13 10:41:05.261 +05:30  INF  Executed action BAKERBAZZAR.API.Controller.UserController.UpdateCartItem (BAKERBAZZAR.API) in 1.0322ms
2024-11-13 10:41:05.261 +05:30  INF  Executed endpoint 'BAKERBAZZAR.API.Controller.UserController.UpdateCartItem (BAKERBAZZAR.API)'
2024-11-13 10:41:05.261 +05:30  INF  Request finished HTTP/1.1 PUT http://localhost:5145/user/updatecartitem?linerid=207&qty=1 application/json 0 - 200 - application/json;+charset=utf-8 1.7520ms
2024-11-13 10:41:05.261 +05:30  INF  Executing ObjectResult, writing value of type 'BAKERBAZZAR.API.Models.ApiResponse'.
2024-11-13 10:41:05.261 +05:30  INF  Executed action BAKERBAZZAR.API.Controller.UserController.CartDetails (BAKERBAZZAR.API) in 1.6502ms
2024-11-13 10:41:05.261 +05:30  INF  Executed endpoint 'BAKERBAZZAR.API.Controller.UserController.CartDetails (BAKERBAZZAR.API)'
2024-11-13 10:41:05.261 +05:30  INF  Request finished HTTP/1.1 GET http://localhost:5145/user/cartdetails?displayId=702dcb1e-b399-4b22-a4ad-ac33169d26fd application/json - - 200 - application/json;+charset=utf-8 1.8489ms
2024-11-13 10:41:06.318 +05:30  INF  Request starting HTTP/1.1 OPTIONS http://localhost:5145/user/deletecartitem?cartdisplayid=702dcb1e-b399-4b22-a4ad-ac33169d26fd&cartrid=198 - -
2024-11-13 10:41:06.318 +05:30  INF  CORS policy execution successful.
2024-11-13 10:41:06.318 +05:30  INF  Request finished HTTP/1.1 OPTIONS http://localhost:5145/user/deletecartitem?cartdisplayid=702dcb1e-b399-4b22-a4ad-ac33169d26fd&cartrid=198 - - - 204 - - 0.1974ms
2024-11-13 10:41:06.318 +05:30  INF  Request starting HTTP/1.1 OPTIONS http://localhost:5145/user/cartdetails?displayId=702dcb1e-b399-4b22-a4ad-ac33169d26fd - -
2024-11-13 10:41:06.318 +05:30  INF  CORS policy execution successful.
2024-11-13 10:41:06.318 +05:30  INF  Request finished HTTP/1.1 OPTIONS http://localhost:5145/user/cartdetails?displayId=702dcb1e-b399-4b22-a4ad-ac33169d26fd - - - 204 - - 0.1009ms
2024-11-13 10:41:06.319 +05:30  INF  Request starting HTTP/1.1 DELETE http://localhost:5145/user/deletecartitem?cartdisplayid=702dcb1e-b399-4b22-a4ad-ac33169d26fd&cartrid=198 application/json -
2024-11-13 10:41:06.319 +05:30  INF  CORS policy execution successful.
2024-11-13 10:41:06.319 +05:30  INF  Executing endpoint 'BAKERBAZZAR.API.Controller.UserController.DeleteCartItem (BAKERBAZZAR.API)'
2024-11-13 10:41:06.319 +05:30  INF  Route matched with {action = "DeleteCartItem", controller = "User"}. Executing controller action with signature System.Threading.Tasks.Task`1[Microsoft.AspNetCore.Mvc.ActionResult`1[BAKERBAZZAR.API.Models.ApiResponse]] DeleteCartItem(System.String, Int32) on controller BAKERBAZZAR.API.Controller.UserController (BAKERBAZZAR.API).
2024-11-13 10:41:06.319 +05:30  INF  Request starting HTTP/1.1 GET http://localhost:5145/user/cartdetails?displayId=702dcb1e-b399-4b22-a4ad-ac33169d26fd application/json -
2024-11-13 10:41:06.319 +05:30  INF  CORS policy execution successful.
2024-11-13 10:41:06.319 +05:30  INF  Executing endpoint 'BAKERBAZZAR.API.Controller.UserController.CartDetails (BAKERBAZZAR.API)'
2024-11-13 10:41:06.319 +05:30  INF  Route matched with {action = "CartDetails", controller = "User"}. Executing controller action with signature System.Threading.Tasks.Task`1[Microsoft.AspNetCore.Mvc.ActionResult`1[BAKERBAZZAR.API.Models.ApiResponse]] CartDetails(System.String) on controller BAKERBAZZAR.API.Controller.UserController (BAKERBAZZAR.API).
2024-11-13 10:41:06.321 +05:30  INF  Executing ObjectResult, writing value of type 'BAKERBAZZAR.API.Models.ApiResponse'.
2024-11-13 10:41:06.321 +05:30  INF  Executed action BAKERBAZZAR.API.Controller.UserController.CartDetails (BAKERBAZZAR.API) in 1.9838ms
2024-11-13 10:41:06.321 +05:30  INF  Executed endpoint 'BAKERBAZZAR.API.Controller.UserController.CartDetails (BAKERBAZZAR.API)'
2024-11-13 10:41:06.321 +05:30  INF  Request finished HTTP/1.1 GET http://localhost:5145/user/cartdetails?displayId=702dcb1e-b399-4b22-a4ad-ac33169d26fd application/json - - 200 - application/json;+charset=utf-8 2.1477ms
2024-11-13 10:41:06.325 +05:30  INF  Executing ObjectResult, writing value of type 'BAKERBAZZAR.API.Models.ApiResponse'.
2024-11-13 10:41:06.325 +05:30  INF  Executed action BAKERBAZZAR.API.Controller.UserController.DeleteCartItem (BAKERBAZZAR.API) in 6.1062ms
2024-11-13 10:41:06.325 +05:30  INF  Executed endpoint 'BAKERBAZZAR.API.Controller.UserController.DeleteCartItem (BAKERBAZZAR.API)'
2024-11-13 10:41:06.325 +05:30  INF  Request finished HTTP/1.1 DELETE http://localhost:5145/user/deletecartitem?cartdisplayid=702dcb1e-b399-4b22-a4ad-ac33169d26fd&cartrid=198 application/json - - 200 - application/json;+charset=utf-8 6.3091ms
2024-11-13 10:41:07.730 +05:30  INF  Request starting HTTP/1.1 DELETE http://localhost:5145/user/deletecartitem?cartdisplayid=702dcb1e-b399-4b22-a4ad-ac33169d26fd&cartrid=198 application/json -
2024-11-13 10:41:07.730 +05:30  INF  CORS policy execution successful.
2024-11-13 10:41:07.730 +05:30  INF  Executing endpoint 'BAKERBAZZAR.API.Controller.UserController.DeleteCartItem (BAKERBAZZAR.API)'
2024-11-13 10:41:07.730 +05:30  INF  Route matched with {action = "DeleteCartItem", controller = "User"}. Executing controller action with signature System.Threading.Tasks.Task`1[Microsoft.AspNetCore.Mvc.ActionResult`1[BAKERBAZZAR.API.Models.ApiResponse]] DeleteCartItem(System.String, Int32) on controller BAKERBAZZAR.API.Controller.UserController (BAKERBAZZAR.API).
2024-11-13 10:41:07.730 +05:30  INF  Request starting HTTP/1.1 GET http://localhost:5145/user/cartdetails?displayId=702dcb1e-b399-4b22-a4ad-ac33169d26fd application/json -
2024-11-13 10:41:07.730 +05:30  INF  CORS policy execution successful.
2024-11-13 10:41:07.730 +05:30  INF  Executing endpoint 'BAKERBAZZAR.API.Controller.UserController.CartDetails (BAKERBAZZAR.API)'
2024-11-13 10:41:07.730 +05:30  INF  Route matched with {action = "CartDetails", controller = "User"}. Executing controller action with signature System.Threading.Tasks.Task`1[Microsoft.AspNetCore.Mvc.ActionResult`1[BAKERBAZZAR.API.Models.ApiResponse]] CartDetails(System.String) on controller BAKERBAZZAR.API.Controller.UserController (BAKERBAZZAR.API).
2024-11-13 10:41:07.731 +05:30  INF  Executing ObjectResult, writing value of type 'BAKERBAZZAR.API.Models.ApiResponse'.
2024-11-13 10:41:07.731 +05:30  INF  Executed action BAKERBAZZAR.API.Controller.UserController.DeleteCartItem (BAKERBAZZAR.API) in 0.963ms
2024-11-13 10:41:07.731 +05:30  INF  Executed endpoint 'BAKERBAZZAR.API.Controller.UserController.DeleteCartItem (BAKERBAZZAR.API)'
2024-11-13 10:41:07.731 +05:30  INF  Request finished HTTP/1.1 DELETE http://localhost:5145/user/deletecartitem?cartdisplayid=702dcb1e-b399-4b22-a4ad-ac33169d26fd&cartrid=198 application/json - - 200 - application/json;+charset=utf-8 1.2043ms
2024-11-13 10:41:07.732 +05:30  INF  Executing ObjectResult, writing value of type 'BAKERBAZZAR.API.Models.ApiResponse'.
2024-11-13 10:41:07.732 +05:30  INF  Executed action BAKERBAZZAR.API.Controller.UserController.CartDetails (BAKERBAZZAR.API) in 1.4651ms
2024-11-13 10:41:07.732 +05:30  INF  Executed endpoint 'BAKERBAZZAR.API.Controller.UserController.CartDetails (BAKERBAZZAR.API)'
2024-11-13 10:41:07.732 +05:30  INF  Request finished HTTP/1.1 GET http://localhost:5145/user/cartdetails?displayId=702dcb1e-b399-4b22-a4ad-ac33169d26fd application/json - - 200 - application/json;+charset=utf-8 1.6895ms
2024-11-13 10:41:32.164 +05:30  INF  Request starting HTTP/1.1 OPTIONS http://localhost:5145/user/cartdetails?displayId=702dcb1e-b399-4b22-a4ad-ac33169d26fd - -
2024-11-13 10:41:32.165 +05:30  INF  CORS policy execution successful.
2024-11-13 10:41:32.165 +05:30  INF  Request finished HTTP/1.1 OPTIONS http://localhost:5145/user/cartdetails?displayId=702dcb1e-b399-4b22-a4ad-ac33169d26fd - - - 204 - - 0.2887ms
2024-11-13 10:41:32.166 +05:30  INF  Request starting HTTP/1.1 GET http://localhost:5145/user/cartdetails?displayId=702dcb1e-b399-4b22-a4ad-ac33169d26fd application/json -
2024-11-13 10:41:32.166 +05:30  INF  CORS policy execution successful.
2024-11-13 10:41:32.166 +05:30  INF  Executing endpoint 'BAKERBAZZAR.API.Controller.UserController.CartDetails (BAKERBAZZAR.API)'
2024-11-13 10:41:32.166 +05:30  INF  Route matched with {action = "CartDetails", controller = "User"}. Executing controller action with signature System.Threading.Tasks.Task`1[Microsoft.AspNetCore.Mvc.ActionResult`1[BAKERBAZZAR.API.Models.ApiResponse]] CartDetails(System.String) on controller BAKERBAZZAR.API.Controller.UserController (BAKERBAZZAR.API).
2024-11-13 10:41:32.776 +05:30  INF  Executing ObjectResult, writing value of type 'BAKERBAZZAR.API.Models.ApiResponse'.
2024-11-13 10:41:32.777 +05:30  INF  Executed action BAKERBAZZAR.API.Controller.UserController.CartDetails (BAKERBAZZAR.API) in 610.5436ms
2024-11-13 10:41:32.777 +05:30  INF  Executed endpoint 'BAKERBAZZAR.API.Controller.UserController.CartDetails (BAKERBAZZAR.API)'
2024-11-13 10:41:32.777 +05:30  INF  Request finished HTTP/1.1 GET http://localhost:5145/user/cartdetails?displayId=702dcb1e-b399-4b22-a4ad-ac33169d26fd application/json - - 200 - application/json;+charset=utf-8 610.8798ms
2024-11-13 10:41:42.715 +05:30  INF  Request starting HTTP/1.1 OPTIONS http://localhost:5145/user/cartdetails?displayId=702dcb1e-b399-4b22-a4ad-ac33169d26fd - -
2024-11-13 10:41:42.715 +05:30  INF  CORS policy execution successful.
2024-11-13 10:41:42.715 +05:30  INF  Request finished HTTP/1.1 OPTIONS http://localhost:5145/user/cartdetails?displayId=702dcb1e-b399-4b22-a4ad-ac33169d26fd - - - 204 - - 0.2300ms
2024-11-13 10:41:42.717 +05:30  INF  Request starting HTTP/1.1 GET http://localhost:5145/user/cartdetails?displayId=702dcb1e-b399-4b22-a4ad-ac33169d26fd application/json -
2024-11-13 10:41:42.717 +05:30  INF  CORS policy execution successful.
2024-11-13 10:41:42.717 +05:30  INF  Executing endpoint 'BAKERBAZZAR.API.Controller.UserController.CartDetails (BAKERBAZZAR.API)'
2024-11-13 10:41:42.717 +05:30  INF  Route matched with {action = "CartDetails", controller = "User"}. Executing controller action with signature System.Threading.Tasks.Task`1[Microsoft.AspNetCore.Mvc.ActionResult`1[BAKERBAZZAR.API.Models.ApiResponse]] CartDetails(System.String) on controller BAKERBAZZAR.API.Controller.UserController (BAKERBAZZAR.API).
2024-11-13 10:41:43.213 +05:30  INF  Executing ObjectResult, writing value of type 'BAKERBAZZAR.API.Models.ApiResponse'.
2024-11-13 10:41:43.215 +05:30  INF  Executed action BAKERBAZZAR.API.Controller.UserController.CartDetails (BAKERBAZZAR.API) in 498.1223ms
2024-11-13 10:41:43.215 +05:30  INF  Executed endpoint 'BAKERBAZZAR.API.Controller.UserController.CartDetails (BAKERBAZZAR.API)'
2024-11-13 10:41:43.216 +05:30  INF  Request finished HTTP/1.1 GET http://localhost:5145/user/cartdetails?displayId=702dcb1e-b399-4b22-a4ad-ac33169d26fd application/json - - 200 - application/json;+charset=utf-8 499.0087ms
2024-11-13 10:41:44.480 +05:30  INF  Request starting HTTP/1.1 OPTIONS http://localhost:5145/user/orderdetails?displayId=702dcb1e-b399-4b22-a4ad-ac33169d26fd&status=placeorder&addressid=1001 - -
2024-11-13 10:41:44.481 +05:30  INF  CORS policy execution successful.
2024-11-13 10:41:44.481 +05:30  INF  Request finished HTTP/1.1 OPTIONS http://localhost:5145/user/orderdetails?displayId=702dcb1e-b399-4b22-a4ad-ac33169d26fd&status=placeorder&addressid=1001 - - - 204 - - 1.0363ms
2024-11-13 10:41:44.487 +05:30  INF  Request starting HTTP/1.1 GET http://localhost:5145/user/orderdetails?displayId=702dcb1e-b399-4b22-a4ad-ac33169d26fd&status=placeorder&addressid=1001 application/json -
2024-11-13 10:41:44.487 +05:30  INF  CORS policy execution successful.
2024-11-13 10:41:44.487 +05:30  INF  Executing endpoint 'BAKERBAZZAR.API.Controller.UserController.OrderDetails (BAKERBAZZAR.API)'
2024-11-13 10:41:44.492 +05:30  INF  Route matched with {action = "OrderDetails", controller = "User"}. Executing controller action with signature System.Threading.Tasks.Task`1[Microsoft.AspNetCore.Mvc.ActionResult`1[BAKERBAZZAR.API.Models.ApiResponse]] OrderDetails(System.String, System.String, Int32) on controller BAKERBAZZAR.API.Controller.UserController (BAKERBAZZAR.API).
2024-11-13 10:41:45.187 +05:30  INF  Executing ObjectResult, writing value of type 'BAKERBAZZAR.API.Models.ApiResponse'.
2024-11-13 10:41:45.206 +05:30  INF  Executed action BAKERBAZZAR.API.Controller.UserController.OrderDetails (BAKERBAZZAR.API) in 713.5254ms
2024-11-13 10:41:45.206 +05:30  INF  Executed endpoint 'BAKERBAZZAR.API.Controller.UserController.OrderDetails (BAKERBAZZAR.API)'
2024-11-13 10:41:45.206 +05:30  INF  Request finished HTTP/1.1 GET http://localhost:5145/user/orderdetails?displayId=702dcb1e-b399-4b22-a4ad-ac33169d26fd&status=placeorder&addressid=1001 application/json - - 200 - application/json;+charset=utf-8 719.0436ms
2024-11-13 10:41:50.053 +05:30  INF  Request starting HTTP/1.1 OPTIONS http://localhost:5145/user/myorders?displayid=e62f03f4-2dcf-4f80-bc23-341651bd9338&keyword=&code=null - -
2024-11-13 10:41:50.053 +05:30  INF  CORS policy execution successful.
2024-11-13 10:41:50.053 +05:30  INF  Request finished HTTP/1.1 OPTIONS http://localhost:5145/user/myorders?displayid=e62f03f4-2dcf-4f80-bc23-341651bd9338&keyword=&code=null - - - 204 - - 0.4649ms
2024-11-13 10:41:50.055 +05:30  INF  Request starting HTTP/1.1 GET http://localhost:5145/user/myorders?displayid=e62f03f4-2dcf-4f80-bc23-341651bd9338&keyword=&code=null application/json -
2024-11-13 10:41:50.055 +05:30  INF  CORS policy execution successful.
2024-11-13 10:41:50.056 +05:30  INF  Executing endpoint 'BAKERBAZZAR.API.Controller.UserController.MyOrders (BAKERBAZZAR.API)'
2024-11-13 10:41:50.056 +05:30  INF  Route matched with {action = "MyOrders", controller = "User"}. Executing controller action with signature System.Threading.Tasks.Task`1[Microsoft.AspNetCore.Mvc.ActionResult`1[BAKERBAZZAR.API.Models.ApiResponse]] MyOrders(System.String, System.String, System.String) on controller BAKERBAZZAR.API.Controller.UserController (BAKERBAZZAR.API).
2024-11-13 10:41:50.275 +05:30  INF  Executing ObjectResult, writing value of type 'BAKERBAZZAR.API.Models.ApiResponse'.
2024-11-13 10:41:50.275 +05:30  INF  Executed action BAKERBAZZAR.API.Controller.UserController.MyOrders (BAKERBAZZAR.API) in 219.1601ms
2024-11-13 10:41:50.275 +05:30  INF  Executed endpoint 'BAKERBAZZAR.API.Controller.UserController.MyOrders (BAKERBAZZAR.API)'
2024-11-13 10:41:50.275 +05:30  INF  Request finished HTTP/1.1 GET http://localhost:5145/user/myorders?displayid=e62f03f4-2dcf-4f80-bc23-341651bd9338&keyword=&code=null application/json - - 200 - application/json;+charset=utf-8 219.7555ms
2024-11-13 10:42:01.103 +05:30  INF  Request starting HTTP/1.1 OPTIONS http://localhost:5145/user/category - -
2024-11-13 10:42:01.103 +05:30  INF  CORS policy execution successful.
2024-11-13 10:42:01.103 +05:30  INF  Request finished HTTP/1.1 OPTIONS http://localhost:5145/user/category - - - 204 - - 0.2468ms
2024-11-13 10:42:01.105 +05:30  INF  Request starting HTTP/1.1 GET http://localhost:5145/user/category application/json -
2024-11-13 10:42:01.105 +05:30  INF  CORS policy execution successful.
2024-11-13 10:42:01.105 +05:30  INF  Executing endpoint 'BAKERBAZZAR.API.Controller.UserController.Category (BAKERBAZZAR.API)'
2024-11-13 10:42:01.105 +05:30  INF  Route matched with {action = "Category", controller = "User"}. Executing controller action with signature System.Threading.Tasks.Task`1[Microsoft.AspNetCore.Mvc.ActionResult`1[BAKERBAZZAR.API.Models.ApiResponse]] Category(System.String) on controller BAKERBAZZAR.API.Controller.UserController (BAKERBAZZAR.API).
2024-11-13 10:42:01.113 +05:30  INF  Executing ObjectResult, writing value of type 'BAKERBAZZAR.API.Models.ApiResponse'.
2024-11-13 10:42:01.113 +05:30  INF  Executed action BAKERBAZZAR.API.Controller.UserController.Category (BAKERBAZZAR.API) in 8.2708ms
2024-11-13 10:42:01.114 +05:30  INF  Executed endpoint 'BAKERBAZZAR.API.Controller.UserController.Category (BAKERBAZZAR.API)'
2024-11-13 10:42:01.114 +05:30  INF  Request finished HTTP/1.1 GET http://localhost:5145/user/category application/json - - 200 - application/json;+charset=utf-8 8.7107ms
2024-11-13 10:42:02.685 +05:30  INF  Request starting HTTP/1.1 OPTIONS http://localhost:5145/user/products?categoryid=3e85ca1f-91c2-42f2-9b05-bd920051c25e - -
2024-11-13 10:42:02.685 +05:30  INF  CORS policy execution successful.
2024-11-13 10:42:02.685 +05:30  INF  Request finished HTTP/1.1 OPTIONS http://localhost:5145/user/products?categoryid=3e85ca1f-91c2-42f2-9b05-bd920051c25e - - - 204 - - 0.4473ms
2024-11-13 10:42:02.687 +05:30  INF  Request starting HTTP/1.1 GET http://localhost:5145/user/products?categoryid=3e85ca1f-91c2-42f2-9b05-bd920051c25e application/json -
2024-11-13 10:42:02.687 +05:30  INF  CORS policy execution successful.
2024-11-13 10:42:02.687 +05:30  INF  Executing endpoint 'BAKERBAZZAR.API.Controller.UserController.Products (BAKERBAZZAR.API)'
2024-11-13 10:42:02.687 +05:30  INF  Route matched with {action = "Products", controller = "User"}. Executing controller action with signature System.Threading.Tasks.Task`1[Microsoft.AspNetCore.Mvc.ActionResult`1[BAKERBAZZAR.API.Models.ApiResponse]] Products(System.String, System.String) on controller BAKERBAZZAR.API.Controller.UserController (BAKERBAZZAR.API).
2024-11-13 10:42:02.696 +05:30  INF  Executing ObjectResult, writing value of type 'BAKERBAZZAR.API.Models.ApiResponse'.
2024-11-13 10:42:02.696 +05:30  INF  Executed action BAKERBAZZAR.API.Controller.UserController.Products (BAKERBAZZAR.API) in 8.6781ms
2024-11-13 10:42:02.696 +05:30  INF  Executed endpoint 'BAKERBAZZAR.API.Controller.UserController.Products (BAKERBAZZAR.API)'
2024-11-13 10:42:02.696 +05:30  INF  Request finished HTTP/1.1 GET http://localhost:5145/user/products?categoryid=3e85ca1f-91c2-42f2-9b05-bd920051c25e application/json - - 200 - application/json;+charset=utf-8 9.2431ms
2024-11-13 10:42:05.033 +05:30  INF  Request starting HTTP/1.1 OPTIONS http://localhost:5145/user/addtocart - -
2024-11-13 10:42:05.033 +05:30  INF  CORS policy execution successful.
2024-11-13 10:42:05.033 +05:30  INF  Request finished HTTP/1.1 OPTIONS http://localhost:5145/user/addtocart - - - 204 - - 0.1627ms
2024-11-13 10:42:05.035 +05:30  INF  Request starting HTTP/1.1 POST http://localhost:5145/user/addtocart application/json 144
2024-11-13 10:42:05.035 +05:30  INF  CORS policy execution successful.
2024-11-13 10:42:05.035 +05:30  INF  Executing endpoint 'BAKERBAZZAR.API.Controller.UserController.AddToCart (BAKERBAZZAR.API)'
2024-11-13 10:42:05.038 +05:30  INF  Route matched with {action = "AddToCart", controller = "User"}. Executing controller action with signature System.Threading.Tasks.Task`1[Microsoft.AspNetCore.Mvc.ActionResult`1[BAKERBAZZAR.API.Models.ApiResponse]] AddToCart(BAKERBAZZAR.API.Models.IO_Templates.AddToCartRequest) on controller BAKERBAZZAR.API.Controller.UserController (BAKERBAZZAR.API).
2024-11-13 10:42:05.068 +05:30  INF  Executing ObjectResult, writing value of type 'BAKERBAZZAR.API.Models.ApiResponse'.
2024-11-13 10:42:05.068 +05:30  INF  Executed action BAKERBAZZAR.API.Controller.UserController.AddToCart (BAKERBAZZAR.API) in 29.8114ms
2024-11-13 10:42:05.068 +05:30  INF  Executed endpoint 'BAKERBAZZAR.API.Controller.UserController.AddToCart (BAKERBAZZAR.API)'
2024-11-13 10:42:05.068 +05:30  INF  Request finished HTTP/1.1 POST http://localhost:5145/user/addtocart application/json 144 - 200 - application/json;+charset=utf-8 33.3747ms
2024-11-13 10:42:07.155 +05:30  INF  Request starting HTTP/1.1 OPTIONS http://localhost:5145/user/cartdetails?displayId=702dcb1e-b399-4b22-a4ad-ac33169d26fd - -
2024-11-13 10:42:07.155 +05:30  INF  CORS policy execution successful.
2024-11-13 10:42:07.155 +05:30  INF  Request finished HTTP/1.1 OPTIONS http://localhost:5145/user/cartdetails?displayId=702dcb1e-b399-4b22-a4ad-ac33169d26fd - - - 204 - - 0.2062ms
2024-11-13 10:42:07.156 +05:30  INF  Request starting HTTP/1.1 GET http://localhost:5145/user/cartdetails?displayId=702dcb1e-b399-4b22-a4ad-ac33169d26fd application/json -
2024-11-13 10:42:07.156 +05:30  INF  CORS policy execution successful.
2024-11-13 10:42:07.156 +05:30  INF  Executing endpoint 'BAKERBAZZAR.API.Controller.UserController.CartDetails (BAKERBAZZAR.API)'
2024-11-13 10:42:07.156 +05:30  INF  Route matched with {action = "CartDetails", controller = "User"}. Executing controller action with signature System.Threading.Tasks.Task`1[Microsoft.AspNetCore.Mvc.ActionResult`1[BAKERBAZZAR.API.Models.ApiResponse]] CartDetails(System.String) on controller BAKERBAZZAR.API.Controller.UserController (BAKERBAZZAR.API).
2024-11-13 10:42:07.172 +05:30  INF  Executing ObjectResult, writing value of type 'BAKERBAZZAR.API.Models.ApiResponse'.
2024-11-13 10:42:07.172 +05:30  INF  Executed action BAKERBAZZAR.API.Controller.UserController.CartDetails (BAKERBAZZAR.API) in 15.4823ms
2024-11-13 10:42:07.172 +05:30  INF  Executed endpoint 'BAKERBAZZAR.API.Controller.UserController.CartDetails (BAKERBAZZAR.API)'
2024-11-13 10:42:07.172 +05:30  INF  Request finished HTTP/1.1 GET http://localhost:5145/user/cartdetails?displayId=702dcb1e-b399-4b22-a4ad-ac33169d26fd application/json - - 200 - application/json;+charset=utf-8 15.8145ms
2024-11-13 10:42:09.077 +05:30  INF  Request starting HTTP/1.1 OPTIONS http://localhost:5145/user/category - -
2024-11-13 10:42:09.077 +05:30  INF  CORS policy execution successful.
2024-11-13 10:42:09.077 +05:30  INF  Request finished HTTP/1.1 OPTIONS http://localhost:5145/user/category - - - 204 - - 0.2069ms
2024-11-13 10:42:09.078 +05:30  INF  Request starting HTTP/1.1 GET http://localhost:5145/user/category application/json -
2024-11-13 10:42:09.078 +05:30  INF  CORS policy execution successful.
2024-11-13 10:42:09.078 +05:30  INF  Executing endpoint 'BAKERBAZZAR.API.Controller.UserController.Category (BAKERBAZZAR.API)'
2024-11-13 10:42:09.078 +05:30  INF  Route matched with {action = "Category", controller = "User"}. Executing controller action with signature System.Threading.Tasks.Task`1[Microsoft.AspNetCore.Mvc.ActionResult`1[BAKERBAZZAR.API.Models.ApiResponse]] Category(System.String) on controller BAKERBAZZAR.API.Controller.UserController (BAKERBAZZAR.API).
2024-11-13 10:42:09.080 +05:30  INF  Executing ObjectResult, writing value of type 'BAKERBAZZAR.API.Models.ApiResponse'.
2024-11-13 10:42:09.080 +05:30  INF  Executed action BAKERBAZZAR.API.Controller.UserController.Category (BAKERBAZZAR.API) in 1.7052ms
2024-11-13 10:42:09.080 +05:30  INF  Executed endpoint 'BAKERBAZZAR.API.Controller.UserController.Category (BAKERBAZZAR.API)'
2024-11-13 10:42:09.080 +05:30  INF  Request finished HTTP/1.1 GET http://localhost:5145/user/category application/json - - 200 - application/json;+charset=utf-8 2.0304ms
2024-11-13 10:42:10.417 +05:30  INF  Request starting HTTP/1.1 OPTIONS http://localhost:5145/user/products?categoryid=3e85ca1f-91c2-42f2-9b05-bd920051c25e - -
2024-11-13 10:42:10.417 +05:30  INF  CORS policy execution successful.
2024-11-13 10:42:10.417 +05:30  INF  Request finished HTTP/1.1 OPTIONS http://localhost:5145/user/products?categoryid=3e85ca1f-91c2-42f2-9b05-bd920051c25e - - - 204 - - 0.2214ms
2024-11-13 10:42:10.419 +05:30  INF  Request starting HTTP/1.1 GET http://localhost:5145/user/products?categoryid=3e85ca1f-91c2-42f2-9b05-bd920051c25e application/json -
2024-11-13 10:42:10.419 +05:30  INF  CORS policy execution successful.
2024-11-13 10:42:10.419 +05:30  INF  Executing endpoint 'BAKERBAZZAR.API.Controller.UserController.Products (BAKERBAZZAR.API)'
2024-11-13 10:42:10.419 +05:30  INF  Route matched with {action = "Products", controller = "User"}. Executing controller action with signature System.Threading.Tasks.Task`1[Microsoft.AspNetCore.Mvc.ActionResult`1[BAKERBAZZAR.API.Models.ApiResponse]] Products(System.String, System.String) on controller BAKERBAZZAR.API.Controller.UserController (BAKERBAZZAR.API).
2024-11-13 10:42:10.421 +05:30  INF  Executing ObjectResult, writing value of type 'BAKERBAZZAR.API.Models.ApiResponse'.
2024-11-13 10:42:10.421 +05:30  INF  Executed action BAKERBAZZAR.API.Controller.UserController.Products (BAKERBAZZAR.API) in 2.0141ms
2024-11-13 10:42:10.421 +05:30  INF  Executed endpoint 'BAKERBAZZAR.API.Controller.UserController.Products (BAKERBAZZAR.API)'
2024-11-13 10:42:10.421 +05:30  INF  Request finished HTTP/1.1 GET http://localhost:5145/user/products?categoryid=3e85ca1f-91c2-42f2-9b05-bd920051c25e application/json - - 200 - application/json;+charset=utf-8 2.4655ms
2024-11-13 10:42:11.638 +05:30  INF  Request starting HTTP/1.1 OPTIONS http://localhost:5145/user/addtocart - -
2024-11-13 10:42:11.638 +05:30  INF  CORS policy execution successful.
2024-11-13 10:42:11.638 +05:30  INF  Request finished HTTP/1.1 OPTIONS http://localhost:5145/user/addtocart - - - 204 - - 0.1556ms
2024-11-13 10:42:11.639 +05:30  INF  Request starting HTTP/1.1 POST http://localhost:5145/user/addtocart application/json 144
2024-11-13 10:42:11.639 +05:30  INF  CORS policy execution successful.
2024-11-13 10:42:11.639 +05:30  INF  Executing endpoint 'BAKERBAZZAR.API.Controller.UserController.AddToCart (BAKERBAZZAR.API)'
2024-11-13 10:42:11.639 +05:30  INF  Route matched with {action = "AddToCart", controller = "User"}. Executing controller action with signature System.Threading.Tasks.Task`1[Microsoft.AspNetCore.Mvc.ActionResult`1[BAKERBAZZAR.API.Models.ApiResponse]] AddToCart(BAKERBAZZAR.API.Models.IO_Templates.AddToCartRequest) on controller BAKERBAZZAR.API.Controller.UserController (BAKERBAZZAR.API).
2024-11-13 10:42:11.640 +05:30  INF  Executing ObjectResult, writing value of type 'BAKERBAZZAR.API.Models.ApiResponse'.
2024-11-13 10:42:11.640 +05:30  INF  Executed action BAKERBAZZAR.API.Controller.UserController.AddToCart (BAKERBAZZAR.API) in 0.8097ms
2024-11-13 10:42:11.640 +05:30  INF  Executed endpoint 'BAKERBAZZAR.API.Controller.UserController.AddToCart (BAKERBAZZAR.API)'
2024-11-13 10:42:11.640 +05:30  INF  Request finished HTTP/1.1 POST http://localhost:5145/user/addtocart application/json 144 - 200 - application/json;+charset=utf-8 1.0063ms
2024-11-13 10:42:12.784 +05:30  INF  Request starting HTTP/1.1 POST http://localhost:5145/user/addtocart application/json 144
2024-11-13 10:42:12.785 +05:30  INF  CORS policy execution successful.
2024-11-13 10:42:12.785 +05:30  INF  Executing endpoint 'BAKERBAZZAR.API.Controller.UserController.AddToCart (BAKERBAZZAR.API)'
2024-11-13 10:42:12.785 +05:30  INF  Route matched with {action = "AddToCart", controller = "User"}. Executing controller action with signature System.Threading.Tasks.Task`1[Microsoft.AspNetCore.Mvc.ActionResult`1[BAKERBAZZAR.API.Models.ApiResponse]] AddToCart(BAKERBAZZAR.API.Models.IO_Templates.AddToCartRequest) on controller BAKERBAZZAR.API.Controller.UserController (BAKERBAZZAR.API).
2024-11-13 10:42:12.785 +05:30  INF  Executing ObjectResult, writing value of type 'BAKERBAZZAR.API.Models.ApiResponse'.
2024-11-13 10:42:12.785 +05:30  INF  Executed action BAKERBAZZAR.API.Controller.UserController.AddToCart (BAKERBAZZAR.API) in 0.7957ms
2024-11-13 10:42:12.785 +05:30  INF  Executed endpoint 'BAKERBAZZAR.API.Controller.UserController.AddToCart (BAKERBAZZAR.API)'
2024-11-13 10:42:12.785 +05:30  INF  Request finished HTTP/1.1 POST http://localhost:5145/user/addtocart application/json 144 - 200 - application/json;+charset=utf-8 1.0421ms
2024-11-13 10:42:14.113 +05:30  INF  Request starting HTTP/1.1 OPTIONS http://localhost:5145/user/cartdetails?displayId=702dcb1e-b399-4b22-a4ad-ac33169d26fd - -
2024-11-13 10:42:14.113 +05:30  INF  CORS policy execution successful.
2024-11-13 10:42:14.114 +05:30  INF  Request finished HTTP/1.1 OPTIONS http://localhost:5145/user/cartdetails?displayId=702dcb1e-b399-4b22-a4ad-ac33169d26fd - - - 204 - - 0.1812ms
2024-11-13 10:42:14.115 +05:30  INF  Request starting HTTP/1.1 GET http://localhost:5145/user/cartdetails?displayId=702dcb1e-b399-4b22-a4ad-ac33169d26fd application/json -
2024-11-13 10:42:14.115 +05:30  INF  CORS policy execution successful.
2024-11-13 10:42:14.115 +05:30  INF  Executing endpoint 'BAKERBAZZAR.API.Controller.UserController.CartDetails (BAKERBAZZAR.API)'
2024-11-13 10:42:14.115 +05:30  INF  Route matched with {action = "CartDetails", controller = "User"}. Executing controller action with signature System.Threading.Tasks.Task`1[Microsoft.AspNetCore.Mvc.ActionResult`1[BAKERBAZZAR.API.Models.ApiResponse]] CartDetails(System.String) on controller BAKERBAZZAR.API.Controller.UserController (BAKERBAZZAR.API).
2024-11-13 10:42:14.115 +05:30  INF  Executing ObjectResult, writing value of type 'BAKERBAZZAR.API.Models.ApiResponse'.
2024-11-13 10:42:14.115 +05:30  INF  Executed action BAKERBAZZAR.API.Controller.UserController.CartDetails (BAKERBAZZAR.API) in 0.6546ms
2024-11-13 10:42:14.115 +05:30  INF  Executed endpoint 'BAKERBAZZAR.API.Controller.UserController.CartDetails (BAKERBAZZAR.API)'
2024-11-13 10:42:14.115 +05:30  INF  Request finished HTTP/1.1 GET http://localhost:5145/user/cartdetails?displayId=702dcb1e-b399-4b22-a4ad-ac33169d26fd application/json - - 200 - application/json;+charset=utf-8 0.9706ms
2024-11-13 10:42:25.216 +05:30  INF  Request starting HTTP/1.1 OPTIONS http://localhost:5145/user/category - -
2024-11-13 10:42:25.216 +05:30  INF  CORS policy execution successful.
2024-11-13 10:42:25.216 +05:30  INF  Request finished HTTP/1.1 OPTIONS http://localhost:5145/user/category - - - 204 - - 0.2371ms
2024-11-13 10:42:25.217 +05:30  INF  Request starting HTTP/1.1 GET http://localhost:5145/user/category application/json -
2024-11-13 10:42:25.217 +05:30  INF  CORS policy execution successful.
2024-11-13 10:42:25.217 +05:30  INF  Executing endpoint 'BAKERBAZZAR.API.Controller.UserController.Category (BAKERBAZZAR.API)'
2024-11-13 10:42:25.217 +05:30  INF  Route matched with {action = "Category", controller = "User"}. Executing controller action with signature System.Threading.Tasks.Task`1[Microsoft.AspNetCore.Mvc.ActionResult`1[BAKERBAZZAR.API.Models.ApiResponse]] Category(System.String) on controller BAKERBAZZAR.API.Controller.UserController (BAKERBAZZAR.API).
2024-11-13 10:42:25.219 +05:30  INF  Executing ObjectResult, writing value of type 'BAKERBAZZAR.API.Models.ApiResponse'.
2024-11-13 10:42:25.219 +05:30  INF  Executed action BAKERBAZZAR.API.Controller.UserController.Category (BAKERBAZZAR.API) in 1.6079ms
2024-11-13 10:42:25.219 +05:30  INF  Executed endpoint 'BAKERBAZZAR.API.Controller.UserController.Category (BAKERBAZZAR.API)'
2024-11-13 10:42:25.219 +05:30  INF  Request finished HTTP/1.1 GET http://localhost:5145/user/category application/json - - 200 - application/json;+charset=utf-8 1.9012ms
2024-11-13 10:42:26.963 +05:30  INF  Request starting HTTP/1.1 OPTIONS http://localhost:5145/user/products?categoryid=3e85ca1f-91c2-42f2-9b05-bd920051c25e - -
2024-11-13 10:42:26.963 +05:30  INF  CORS policy execution successful.
2024-11-13 10:42:26.963 +05:30  INF  Request finished HTTP/1.1 OPTIONS http://localhost:5145/user/products?categoryid=3e85ca1f-91c2-42f2-9b05-bd920051c25e - - - 204 - - 0.1738ms
2024-11-13 10:42:26.964 +05:30  INF  Request starting HTTP/1.1 GET http://localhost:5145/user/products?categoryid=3e85ca1f-91c2-42f2-9b05-bd920051c25e application/json -
2024-11-13 10:42:26.965 +05:30  INF  CORS policy execution successful.
2024-11-13 10:42:26.965 +05:30  INF  Executing endpoint 'BAKERBAZZAR.API.Controller.UserController.Products (BAKERBAZZAR.API)'
2024-11-13 10:42:26.965 +05:30  INF  Route matched with {action = "Products", controller = "User"}. Executing controller action with signature System.Threading.Tasks.Task`1[Microsoft.AspNetCore.Mvc.ActionResult`1[BAKERBAZZAR.API.Models.ApiResponse]] Products(System.String, System.String) on controller BAKERBAZZAR.API.Controller.UserController (BAKERBAZZAR.API).
2024-11-13 10:42:26.967 +05:30  INF  Executing ObjectResult, writing value of type 'BAKERBAZZAR.API.Models.ApiResponse'.
2024-11-13 10:42:26.967 +05:30  INF  Executed action BAKERBAZZAR.API.Controller.UserController.Products (BAKERBAZZAR.API) in 2.1353ms
2024-11-13 10:42:26.967 +05:30  INF  Executed endpoint 'BAKERBAZZAR.API.Controller.UserController.Products (BAKERBAZZAR.API)'
2024-11-13 10:42:26.967 +05:30  INF  Request finished HTTP/1.1 GET http://localhost:5145/user/products?categoryid=3e85ca1f-91c2-42f2-9b05-bd920051c25e application/json - - 200 - application/json;+charset=utf-8 2.5111ms
2024-11-13 10:42:33.287 +05:30  INF  Request starting HTTP/1.1 OPTIONS http://localhost:5145/user/dashboard?displayid=e62f03f4-2dcf-4f80-bc23-341651bd9338 - -
2024-11-13 10:42:33.287 +05:30  INF  CORS policy execution successful.
2024-11-13 10:42:33.287 +05:30  INF  Request finished HTTP/1.1 OPTIONS http://localhost:5145/user/dashboard?displayid=e62f03f4-2dcf-4f80-bc23-341651bd9338 - - - 204 - - 0.1599ms
2024-11-13 10:42:33.289 +05:30  INF  Request starting HTTP/1.1 GET http://localhost:5145/user/dashboard?displayid=e62f03f4-2dcf-4f80-bc23-341651bd9338 application/json -
2024-11-13 10:42:33.289 +05:30  INF  CORS policy execution successful.
2024-11-13 10:42:33.289 +05:30  INF  Executing endpoint 'BAKERBAZZAR.API.Controller.UserController.Dashboard (BAKERBAZZAR.API)'
2024-11-13 10:42:33.289 +05:30  INF  Route matched with {action = "Dashboard", controller = "User"}. Executing controller action with signature System.Threading.Tasks.Task`1[Microsoft.AspNetCore.Mvc.ActionResult`1[BAKERBAZZAR.API.Models.ApiResponse]] Dashboard(System.String) on controller BAKERBAZZAR.API.Controller.UserController (BAKERBAZZAR.API).
2024-11-13 10:42:33.312 +05:30  INF  Executing ObjectResult, writing value of type 'BAKERBAZZAR.API.Models.ApiResponse'.
2024-11-13 10:42:33.312 +05:30  INF  Executed action BAKERBAZZAR.API.Controller.UserController.Dashboard (BAKERBAZZAR.API) in 23.0744ms
2024-11-13 10:42:33.312 +05:30  INF  Executed endpoint 'BAKERBAZZAR.API.Controller.UserController.Dashboard (BAKERBAZZAR.API)'
2024-11-13 10:42:33.312 +05:30  INF  Request finished HTTP/1.1 GET http://localhost:5145/user/dashboard?displayid=e62f03f4-2dcf-4f80-bc23-341651bd9338 application/json - - 200 - application/json;+charset=utf-8 23.5372ms
2024-11-13 10:42:52.656 +05:30  INF  Request starting HTTP/1.1 OPTIONS http://localhost:5145/user/category - -
2024-11-13 10:42:52.656 +05:30  INF  CORS policy execution successful.
2024-11-13 10:42:52.656 +05:30  INF  Request finished HTTP/1.1 OPTIONS http://localhost:5145/user/category - - - 204 - - 0.2000ms
2024-11-13 10:42:52.657 +05:30  INF  Request starting HTTP/1.1 GET http://localhost:5145/user/category application/json -
2024-11-13 10:42:52.657 +05:30  INF  CORS policy execution successful.
2024-11-13 10:42:52.657 +05:30  INF  Executing endpoint 'BAKERBAZZAR.API.Controller.UserController.Category (BAKERBAZZAR.API)'
2024-11-13 10:42:52.658 +05:30  INF  Route matched with {action = "Category", controller = "User"}. Executing controller action with signature System.Threading.Tasks.Task`1[Microsoft.AspNetCore.Mvc.ActionResult`1[BAKERBAZZAR.API.Models.ApiResponse]] Category(System.String) on controller BAKERBAZZAR.API.Controller.UserController (BAKERBAZZAR.API).
2024-11-13 10:42:52.689 +05:30  INF  Executing ObjectResult, writing value of type 'BAKERBAZZAR.API.Models.ApiResponse'.
2024-11-13 10:42:52.689 +05:30  INF  Executed action BAKERBAZZAR.API.Controller.UserController.Category (BAKERBAZZAR.API) in 31.3787ms
2024-11-13 10:42:52.689 +05:30  INF  Executed endpoint 'BAKERBAZZAR.API.Controller.UserController.Category (BAKERBAZZAR.API)'
2024-11-13 10:42:52.689 +05:30  INF  Request finished HTTP/1.1 GET http://localhost:5145/user/category application/json - - 200 - application/json;+charset=utf-8 31.7995ms
2024-11-13 10:42:54.322 +05:30  INF  Request starting HTTP/1.1 OPTIONS http://localhost:5145/user/products?categoryid=3e85ca1f-91c2-42f2-9b05-bd920051c25e - -
2024-11-13 10:42:54.322 +05:30  INF  CORS policy execution successful.
2024-11-13 10:42:54.322 +05:30  INF  Request finished HTTP/1.1 OPTIONS http://localhost:5145/user/products?categoryid=3e85ca1f-91c2-42f2-9b05-bd920051c25e - - - 204 - - 0.2077ms
2024-11-13 10:42:54.323 +05:30  INF  Request starting HTTP/1.1 GET http://localhost:5145/user/products?categoryid=3e85ca1f-91c2-42f2-9b05-bd920051c25e application/json -
2024-11-13 10:42:54.324 +05:30  INF  CORS policy execution successful.
2024-11-13 10:42:54.324 +05:30  INF  Executing endpoint 'BAKERBAZZAR.API.Controller.UserController.Products (BAKERBAZZAR.API)'
2024-11-13 10:42:54.324 +05:30  INF  Route matched with {action = "Products", controller = "User"}. Executing controller action with signature System.Threading.Tasks.Task`1[Microsoft.AspNetCore.Mvc.ActionResult`1[BAKERBAZZAR.API.Models.ApiResponse]] Products(System.String, System.String) on controller BAKERBAZZAR.API.Controller.UserController (BAKERBAZZAR.API).
2024-11-13 10:42:54.332 +05:30  INF  Executing ObjectResult, writing value of type 'BAKERBAZZAR.API.Models.ApiResponse'.
2024-11-13 10:42:54.332 +05:30  INF  Executed action BAKERBAZZAR.API.Controller.UserController.Products (BAKERBAZZAR.API) in 8.1392ms
2024-11-13 10:42:54.332 +05:30  INF  Executed endpoint 'BAKERBAZZAR.API.Controller.UserController.Products (BAKERBAZZAR.API)'
2024-11-13 10:42:54.332 +05:30  INF  Request finished HTTP/1.1 GET http://localhost:5145/user/products?categoryid=3e85ca1f-91c2-42f2-9b05-bd920051c25e application/json - - 200 - application/json;+charset=utf-8 8.5360ms
2024-11-13 10:42:55.773 +05:30  INF  Request starting HTTP/1.1 OPTIONS http://localhost:5145/user/addtocart - -
2024-11-13 10:42:55.773 +05:30  INF  CORS policy execution successful.
2024-11-13 10:42:55.773 +05:30  INF  Request finished HTTP/1.1 OPTIONS http://localhost:5145/user/addtocart - - - 204 - - 0.1560ms
2024-11-13 10:42:55.773 +05:30  INF  Request starting HTTP/1.1 POST http://localhost:5145/user/addtocart application/json 144
2024-11-13 10:42:55.773 +05:30  INF  CORS policy execution successful.
2024-11-13 10:42:55.774 +05:30  INF  Executing endpoint 'BAKERBAZZAR.API.Controller.UserController.AddToCart (BAKERBAZZAR.API)'
2024-11-13 10:42:55.774 +05:30  INF  Route matched with {action = "AddToCart", controller = "User"}. Executing controller action with signature System.Threading.Tasks.Task`1[Microsoft.AspNetCore.Mvc.ActionResult`1[BAKERBAZZAR.API.Models.ApiResponse]] AddToCart(BAKERBAZZAR.API.Models.IO_Templates.AddToCartRequest) on controller BAKERBAZZAR.API.Controller.UserController (BAKERBAZZAR.API).
2024-11-13 10:42:55.782 +05:30  INF  Executing ObjectResult, writing value of type 'BAKERBAZZAR.API.Models.ApiResponse'.
2024-11-13 10:42:55.782 +05:30  INF  Executed action BAKERBAZZAR.API.Controller.UserController.AddToCart (BAKERBAZZAR.API) in 8.4682ms
2024-11-13 10:42:55.782 +05:30  INF  Executed endpoint 'BAKERBAZZAR.API.Controller.UserController.AddToCart (BAKERBAZZAR.API)'
2024-11-13 10:42:55.782 +05:30  INF  Request finished HTTP/1.1 POST http://localhost:5145/user/addtocart application/json 144 - 200 - application/json;+charset=utf-8 8.6735ms
2024-11-13 10:42:57.342 +05:30  INF  Request starting HTTP/1.1 POST http://localhost:5145/user/addtocart application/json 144
2024-11-13 10:42:57.342 +05:30  INF  CORS policy execution successful.
2024-11-13 10:42:57.342 +05:30  INF  Executing endpoint 'BAKERBAZZAR.API.Controller.UserController.AddToCart (BAKERBAZZAR.API)'
2024-11-13 10:42:57.342 +05:30  INF  Route matched with {action = "AddToCart", controller = "User"}. Executing controller action with signature System.Threading.Tasks.Task`1[Microsoft.AspNetCore.Mvc.ActionResult`1[BAKERBAZZAR.API.Models.ApiResponse]] AddToCart(BAKERBAZZAR.API.Models.IO_Templates.AddToCartRequest) on controller BAKERBAZZAR.API.Controller.UserController (BAKERBAZZAR.API).
2024-11-13 10:42:57.343 +05:30  INF  Executing ObjectResult, writing value of type 'BAKERBAZZAR.API.Models.ApiResponse'.
2024-11-13 10:42:57.343 +05:30  INF  Executed action BAKERBAZZAR.API.Controller.UserController.AddToCart (BAKERBAZZAR.API) in 0.6991ms
2024-11-13 10:42:57.343 +05:30  INF  Executed endpoint 'BAKERBAZZAR.API.Controller.UserController.AddToCart (BAKERBAZZAR.API)'
2024-11-13 10:42:57.343 +05:30  INF  Request finished HTTP/1.1 POST http://localhost:5145/user/addtocart application/json 144 - 200 - application/json;+charset=utf-8 0.9494ms
2024-11-13 10:42:58.976 +05:30  INF  Request starting HTTP/1.1 OPTIONS http://localhost:5145/user/cartdetails?displayId=702dcb1e-b399-4b22-a4ad-ac33169d26fd - -
2024-11-13 10:42:58.976 +05:30  INF  CORS policy execution successful.
2024-11-13 10:42:58.977 +05:30  INF  Request finished HTTP/1.1 OPTIONS http://localhost:5145/user/cartdetails?displayId=702dcb1e-b399-4b22-a4ad-ac33169d26fd - - - 204 - - 0.1909ms
2024-11-13 10:42:58.978 +05:30  INF  Request starting HTTP/1.1 GET http://localhost:5145/user/cartdetails?displayId=702dcb1e-b399-4b22-a4ad-ac33169d26fd application/json -
2024-11-13 10:42:58.978 +05:30  INF  CORS policy execution successful.
2024-11-13 10:42:58.978 +05:30  INF  Executing endpoint 'BAKERBAZZAR.API.Controller.UserController.CartDetails (BAKERBAZZAR.API)'
2024-11-13 10:42:58.978 +05:30  INF  Route matched with {action = "CartDetails", controller = "User"}. Executing controller action with signature System.Threading.Tasks.Task`1[Microsoft.AspNetCore.Mvc.ActionResult`1[BAKERBAZZAR.API.Models.ApiResponse]] CartDetails(System.String) on controller BAKERBAZZAR.API.Controller.UserController (BAKERBAZZAR.API).
2024-11-13 10:42:58.990 +05:30  INF  Executing ObjectResult, writing value of type 'BAKERBAZZAR.API.Models.ApiResponse'.
2024-11-13 10:42:58.990 +05:30  INF  Executed action BAKERBAZZAR.API.Controller.UserController.CartDetails (BAKERBAZZAR.API) in 12.0123ms
2024-11-13 10:42:58.990 +05:30  INF  Executed endpoint 'BAKERBAZZAR.API.Controller.UserController.CartDetails (BAKERBAZZAR.API)'
2024-11-13 10:42:58.990 +05:30  INF  Request finished HTTP/1.1 GET http://localhost:5145/user/cartdetails?displayId=702dcb1e-b399-4b22-a4ad-ac33169d26fd application/json - - 200 - application/json;+charset=utf-8 12.5120ms
2024-11-13 10:43:02.563 +05:30  INF  Request starting HTTP/1.1 OPTIONS http://localhost:5145/user/category - -
2024-11-13 10:43:02.563 +05:30  INF  CORS policy execution successful.
2024-11-13 10:43:02.563 +05:30  INF  Request finished HTTP/1.1 OPTIONS http://localhost:5145/user/category - - - 204 - - 0.3200ms
2024-11-13 10:43:02.566 +05:30  INF  Request starting HTTP/1.1 GET http://localhost:5145/user/category application/json -
2024-11-13 10:43:02.566 +05:30  INF  CORS policy execution successful.
2024-11-13 10:43:02.566 +05:30  INF  Executing endpoint 'BAKERBAZZAR.API.Controller.UserController.Category (BAKERBAZZAR.API)'
2024-11-13 10:43:02.566 +05:30  INF  Route matched with {action = "Category", controller = "User"}. Executing controller action with signature System.Threading.Tasks.Task`1[Microsoft.AspNetCore.Mvc.ActionResult`1[BAKERBAZZAR.API.Models.ApiResponse]] Category(System.String) on controller BAKERBAZZAR.API.Controller.UserController (BAKERBAZZAR.API).
2024-11-13 10:43:02.569 +05:30  INF  Executing ObjectResult, writing value of type 'BAKERBAZZAR.API.Models.ApiResponse'.
2024-11-13 10:43:02.569 +05:30  INF  Executed action BAKERBAZZAR.API.Controller.UserController.Category (BAKERBAZZAR.API) in 2.7882ms
2024-11-13 10:43:02.569 +05:30  INF  Executed endpoint 'BAKERBAZZAR.API.Controller.UserController.Category (BAKERBAZZAR.API)'
2024-11-13 10:43:02.569 +05:30  INF  Request finished HTTP/1.1 GET http://localhost:5145/user/category application/json - - 200 - application/json;+charset=utf-8 3.2088ms
2024-11-13 10:43:04.114 +05:30  INF  Request starting HTTP/1.1 OPTIONS http://localhost:5145/user/products?categoryid=3e85ca1f-91c2-42f2-9b05-bd920051c25e - -
2024-11-13 10:43:04.115 +05:30  INF  CORS policy execution successful.
2024-11-13 10:43:04.115 +05:30  INF  Request finished HTTP/1.1 OPTIONS http://localhost:5145/user/products?categoryid=3e85ca1f-91c2-42f2-9b05-bd920051c25e - - - 204 - - 0.1942ms
2024-11-13 10:43:04.115 +05:30  INF  Request starting HTTP/1.1 GET http://localhost:5145/user/products?categoryid=3e85ca1f-91c2-42f2-9b05-bd920051c25e application/json -
2024-11-13 10:43:04.116 +05:30  INF  CORS policy execution successful.
2024-11-13 10:43:04.116 +05:30  INF  Executing endpoint 'BAKERBAZZAR.API.Controller.UserController.Products (BAKERBAZZAR.API)'
2024-11-13 10:43:04.116 +05:30  INF  Route matched with {action = "Products", controller = "User"}. Executing controller action with signature System.Threading.Tasks.Task`1[Microsoft.AspNetCore.Mvc.ActionResult`1[BAKERBAZZAR.API.Models.ApiResponse]] Products(System.String, System.String) on controller BAKERBAZZAR.API.Controller.UserController (BAKERBAZZAR.API).
2024-11-13 10:43:04.117 +05:30  INF  Executing ObjectResult, writing value of type 'BAKERBAZZAR.API.Models.ApiResponse'.
2024-11-13 10:43:04.117 +05:30  INF  Executed action BAKERBAZZAR.API.Controller.UserController.Products (BAKERBAZZAR.API) in 1.7748ms
2024-11-13 10:43:04.118 +05:30  INF  Executed endpoint 'BAKERBAZZAR.API.Controller.UserController.Products (BAKERBAZZAR.API)'
2024-11-13 10:43:04.118 +05:30  INF  Request finished HTTP/1.1 GET http://localhost:5145/user/products?categoryid=3e85ca1f-91c2-42f2-9b05-bd920051c25e application/json - - 200 - application/json;+charset=utf-8 2.0839ms
2024-11-13 10:43:28.184 +05:30  INF  Request starting HTTP/1.1 OPTIONS http://localhost:5145/user/dashboard?displayid=e62f03f4-2dcf-4f80-bc23-341651bd9338 - -
2024-11-13 10:43:28.184 +05:30  INF  CORS policy execution successful.
2024-11-13 10:43:28.185 +05:30  INF  Request finished HTTP/1.1 OPTIONS http://localhost:5145/user/dashboard?displayid=e62f03f4-2dcf-4f80-bc23-341651bd9338 - - - 204 - - 0.3358ms
2024-11-13 10:43:28.186 +05:30  INF  Request starting HTTP/1.1 GET http://localhost:5145/user/dashboard?displayid=e62f03f4-2dcf-4f80-bc23-341651bd9338 application/json -
2024-11-13 10:43:28.186 +05:30  INF  CORS policy execution successful.
2024-11-13 10:43:28.186 +05:30  INF  Executing endpoint 'BAKERBAZZAR.API.Controller.UserController.Dashboard (BAKERBAZZAR.API)'
2024-11-13 10:43:28.186 +05:30  INF  Route matched with {action = "Dashboard", controller = "User"}. Executing controller action with signature System.Threading.Tasks.Task`1[Microsoft.AspNetCore.Mvc.ActionResult`1[BAKERBAZZAR.API.Models.ApiResponse]] Dashboard(System.String) on controller BAKERBAZZAR.API.Controller.UserController (BAKERBAZZAR.API).
2024-11-13 10:43:28.206 +05:30  INF  Executing ObjectResult, writing value of type 'BAKERBAZZAR.API.Models.ApiResponse'.
2024-11-13 10:43:28.206 +05:30  INF  Executed action BAKERBAZZAR.API.Controller.UserController.Dashboard (BAKERBAZZAR.API) in 20.1868ms
2024-11-13 10:43:28.206 +05:30  INF  Executed endpoint 'BAKERBAZZAR.API.Controller.UserController.Dashboard (BAKERBAZZAR.API)'
2024-11-13 10:43:28.206 +05:30  INF  Request finished HTTP/1.1 GET http://localhost:5145/user/dashboard?displayid=e62f03f4-2dcf-4f80-bc23-341651bd9338 application/json - - 200 - application/json;+charset=utf-8 20.5775ms
2024-11-13 10:43:30.089 +05:30  INF  Request starting HTTP/1.1 OPTIONS http://localhost:5145/user/category - -
2024-11-13 10:43:30.089 +05:30  INF  CORS policy execution successful.
2024-11-13 10:43:30.089 +05:30  INF  Request finished HTTP/1.1 OPTIONS http://localhost:5145/user/category - - - 204 - - 0.4591ms
2024-11-13 10:43:30.092 +05:30  INF  Request starting HTTP/1.1 GET http://localhost:5145/user/category application/json -
2024-11-13 10:43:30.093 +05:30  INF  CORS policy execution successful.
2024-11-13 10:43:30.093 +05:30  INF  Executing endpoint 'BAKERBAZZAR.API.Controller.UserController.Category (BAKERBAZZAR.API)'
2024-11-13 10:43:30.093 +05:30  INF  Route matched with {action = "Category", controller = "User"}. Executing controller action with signature System.Threading.Tasks.Task`1[Microsoft.AspNetCore.Mvc.ActionResult`1[BAKERBAZZAR.API.Models.ApiResponse]] Category(System.String) on controller BAKERBAZZAR.API.Controller.UserController (BAKERBAZZAR.API).
2024-11-13 10:43:30.095 +05:30  INF  Executing ObjectResult, writing value of type 'BAKERBAZZAR.API.Models.ApiResponse'.
2024-11-13 10:43:30.096 +05:30  INF  Executed action BAKERBAZZAR.API.Controller.UserController.Category (BAKERBAZZAR.API) in 2.7001ms
2024-11-13 10:43:30.096 +05:30  INF  Executed endpoint 'BAKERBAZZAR.API.Controller.UserController.Category (BAKERBAZZAR.API)'
2024-11-13 10:43:30.096 +05:30  INF  Request finished HTTP/1.1 GET http://localhost:5145/user/category application/json - - 200 - application/json;+charset=utf-8 3.3857ms
2024-11-13 10:43:31.192 +05:30  INF  Request starting HTTP/1.1 OPTIONS http://localhost:5145/user/products?categoryid=3e85ca1f-91c2-42f2-9b05-bd920051c25e - -
2024-11-13 10:43:31.192 +05:30  INF  CORS policy execution successful.
2024-11-13 10:43:31.192 +05:30  INF  Request finished HTTP/1.1 OPTIONS http://localhost:5145/user/products?categoryid=3e85ca1f-91c2-42f2-9b05-bd920051c25e - - - 204 - - 0.1926ms
2024-11-13 10:43:31.194 +05:30  INF  Request starting HTTP/1.1 GET http://localhost:5145/user/products?categoryid=3e85ca1f-91c2-42f2-9b05-bd920051c25e application/json -
2024-11-13 10:43:31.194 +05:30  INF  CORS policy execution successful.
2024-11-13 10:43:31.194 +05:30  INF  Executing endpoint 'BAKERBAZZAR.API.Controller.UserController.Products (BAKERBAZZAR.API)'
2024-11-13 10:43:31.194 +05:30  INF  Route matched with {action = "Products", controller = "User"}. Executing controller action with signature System.Threading.Tasks.Task`1[Microsoft.AspNetCore.Mvc.ActionResult`1[BAKERBAZZAR.API.Models.ApiResponse]] Products(System.String, System.String) on controller BAKERBAZZAR.API.Controller.UserController (BAKERBAZZAR.API).
2024-11-13 10:43:31.195 +05:30  INF  Executing ObjectResult, writing value of type 'BAKERBAZZAR.API.Models.ApiResponse'.
2024-11-13 10:43:31.195 +05:30  INF  Executed action BAKERBAZZAR.API.Controller.UserController.Products (BAKERBAZZAR.API) in 1.3271ms
2024-11-13 10:43:31.195 +05:30  INF  Executed endpoint 'BAKERBAZZAR.API.Controller.UserController.Products (BAKERBAZZAR.API)'
2024-11-13 10:43:31.195 +05:30  INF  Request finished HTTP/1.1 GET http://localhost:5145/user/products?categoryid=3e85ca1f-91c2-42f2-9b05-bd920051c25e application/json - - 200 - application/json;+charset=utf-8 1.7283ms
2024-11-13 10:45:27.214 +05:30  INF  Request starting HTTP/1.1 OPTIONS http://localhost:5145/user/myorders?displayid=e62f03f4-2dcf-4f80-bc23-341651bd9338&keyword=&code=null - -
2024-11-13 10:45:27.214 +05:30  INF  CORS policy execution successful.
2024-11-13 10:45:27.214 +05:30  INF  Request finished HTTP/1.1 OPTIONS http://localhost:5145/user/myorders?displayid=e62f03f4-2dcf-4f80-bc23-341651bd9338&keyword=&code=null - - - 204 - - 0.2922ms
2024-11-13 10:45:27.215 +05:30  INF  Request starting HTTP/1.1 GET http://localhost:5145/user/myorders?displayid=e62f03f4-2dcf-4f80-bc23-341651bd9338&keyword=&code=null application/json -
2024-11-13 10:45:27.215 +05:30  INF  CORS policy execution successful.
2024-11-13 10:45:27.215 +05:30  INF  Executing endpoint 'BAKERBAZZAR.API.Controller.UserController.MyOrders (BAKERBAZZAR.API)'
2024-11-13 10:45:27.215 +05:30  INF  Route matched with {action = "MyOrders", controller = "User"}. Executing controller action with signature System.Threading.Tasks.Task`1[Microsoft.AspNetCore.Mvc.ActionResult`1[BAKERBAZZAR.API.Models.ApiResponse]] MyOrders(System.String, System.String, System.String) on controller BAKERBAZZAR.API.Controller.UserController (BAKERBAZZAR.API).
2024-11-13 10:45:27.255 +05:30  INF  Executing ObjectResult, writing value of type 'BAKERBAZZAR.API.Models.ApiResponse'.
2024-11-13 10:45:27.255 +05:30  INF  Executed action BAKERBAZZAR.API.Controller.UserController.MyOrders (BAKERBAZZAR.API) in 39.8448ms
2024-11-13 10:45:27.255 +05:30  INF  Executed endpoint 'BAKERBAZZAR.API.Controller.UserController.MyOrders (BAKERBAZZAR.API)'
2024-11-13 10:45:27.256 +05:30  INF  Request finished HTTP/1.1 GET http://localhost:5145/user/myorders?displayid=e62f03f4-2dcf-4f80-bc23-341651bd9338&keyword=&code=null application/json - - 200 - application/json;+charset=utf-8 40.2690ms
2024-11-13 10:45:35.735 +05:30  INF  Request starting HTTP/1.1 OPTIONS http://localhost:5145/user/myorders?displayid=e62f03f4-2dcf-4f80-bc23-341651bd9338&keyword=&code=null - -
2024-11-13 10:45:35.735 +05:30  INF  CORS policy execution successful.
2024-11-13 10:45:35.735 +05:30  INF  Request finished HTTP/1.1 OPTIONS http://localhost:5145/user/myorders?displayid=e62f03f4-2dcf-4f80-bc23-341651bd9338&keyword=&code=null - - - 204 - - 0.2770ms
2024-11-13 10:45:35.736 +05:30  INF  Request starting HTTP/1.1 GET http://localhost:5145/user/myorders?displayid=e62f03f4-2dcf-4f80-bc23-341651bd9338&keyword=&code=null application/json -
2024-11-13 10:45:35.736 +05:30  INF  CORS policy execution successful.
2024-11-13 10:45:35.736 +05:30  INF  Executing endpoint 'BAKERBAZZAR.API.Controller.UserController.MyOrders (BAKERBAZZAR.API)'
2024-11-13 10:45:35.736 +05:30  INF  Route matched with {action = "MyOrders", controller = "User"}. Executing controller action with signature System.Threading.Tasks.Task`1[Microsoft.AspNetCore.Mvc.ActionResult`1[BAKERBAZZAR.API.Models.ApiResponse]] MyOrders(System.String, System.String, System.String) on controller BAKERBAZZAR.API.Controller.UserController (BAKERBAZZAR.API).
2024-11-13 10:45:35.739 +05:30  INF  Executing ObjectResult, writing value of type 'BAKERBAZZAR.API.Models.ApiResponse'.
2024-11-13 10:45:35.739 +05:30  INF  Executed action BAKERBAZZAR.API.Controller.UserController.MyOrders (BAKERBAZZAR.API) in 2.5075ms
2024-11-13 10:45:35.739 +05:30  INF  Executed endpoint 'BAKERBAZZAR.API.Controller.UserController.MyOrders (BAKERBAZZAR.API)'
2024-11-13 10:45:35.739 +05:30  INF  Request finished HTTP/1.1 GET http://localhost:5145/user/myorders?displayid=e62f03f4-2dcf-4f80-bc23-341651bd9338&keyword=&code=null application/json - - 200 - application/json;+charset=utf-8 2.8644ms
2024-11-13 10:45:38.228 +05:30  INF  Request starting HTTP/1.1 OPTIONS http://localhost:5145/user/myorders?displayid=e62f03f4-2dcf-4f80-bc23-341651bd9338&keyword=&code=trackorder - -
2024-11-13 10:45:38.228 +05:30  INF  CORS policy execution successful.
2024-11-13 10:45:38.228 +05:30  INF  Request finished HTTP/1.1 OPTIONS http://localhost:5145/user/myorders?displayid=e62f03f4-2dcf-4f80-bc23-341651bd9338&keyword=&code=trackorder - - - 204 - - 0.2176ms
2024-11-13 10:45:38.229 +05:30  INF  Request starting HTTP/1.1 GET http://localhost:5145/user/myorders?displayid=e62f03f4-2dcf-4f80-bc23-341651bd9338&keyword=&code=trackorder application/json -
2024-11-13 10:45:38.229 +05:30  INF  CORS policy execution successful.
2024-11-13 10:45:38.230 +05:30  INF  Executing endpoint 'BAKERBAZZAR.API.Controller.UserController.MyOrders (BAKERBAZZAR.API)'
2024-11-13 10:45:38.230 +05:30  INF  Route matched with {action = "MyOrders", controller = "User"}. Executing controller action with signature System.Threading.Tasks.Task`1[Microsoft.AspNetCore.Mvc.ActionResult`1[BAKERBAZZAR.API.Models.ApiResponse]] MyOrders(System.String, System.String, System.String) on controller BAKERBAZZAR.API.Controller.UserController (BAKERBAZZAR.API).
2024-11-13 10:45:38.238 +05:30  INF  Executing ObjectResult, writing value of type 'BAKERBAZZAR.API.Models.ApiResponse'.
2024-11-13 10:45:38.238 +05:30  INF  Executed action BAKERBAZZAR.API.Controller.UserController.MyOrders (BAKERBAZZAR.API) in 8.3636ms
2024-11-13 10:45:38.238 +05:30  INF  Executed endpoint 'BAKERBAZZAR.API.Controller.UserController.MyOrders (BAKERBAZZAR.API)'
2024-11-13 10:45:38.238 +05:30  INF  Request finished HTTP/1.1 GET http://localhost:5145/user/myorders?displayid=e62f03f4-2dcf-4f80-bc23-341651bd9338&keyword=&code=trackorder application/json - - 200 - application/json;+charset=utf-8 9.0707ms
2024-11-13 10:45:41.530 +05:30  INF  Request starting HTTP/1.1 OPTIONS http://localhost:5145/user/myorders?displayid=e62f03f4-2dcf-4f80-bc23-341651bd9338&keyword=&code=null - -
2024-11-13 10:45:41.530 +05:30  INF  CORS policy execution successful.
2024-11-13 10:45:41.531 +05:30  INF  Request finished HTTP/1.1 OPTIONS http://localhost:5145/user/myorders?displayid=e62f03f4-2dcf-4f80-bc23-341651bd9338&keyword=&code=null - - - 204 - - 0.5645ms
2024-11-13 10:45:41.532 +05:30  INF  Request starting HTTP/1.1 GET http://localhost:5145/user/myorders?displayid=e62f03f4-2dcf-4f80-bc23-341651bd9338&keyword=&code=null application/json -
2024-11-13 10:45:41.532 +05:30  INF  CORS policy execution successful.
2024-11-13 10:45:41.532 +05:30  INF  Executing endpoint 'BAKERBAZZAR.API.Controller.UserController.MyOrders (BAKERBAZZAR.API)'
2024-11-13 10:45:41.532 +05:30  INF  Route matched with {action = "MyOrders", controller = "User"}. Executing controller action with signature System.Threading.Tasks.Task`1[Microsoft.AspNetCore.Mvc.ActionResult`1[BAKERBAZZAR.API.Models.ApiResponse]] MyOrders(System.String, System.String, System.String) on controller BAKERBAZZAR.API.Controller.UserController (BAKERBAZZAR.API).
2024-11-13 10:45:41.535 +05:30  INF  Executing ObjectResult, writing value of type 'BAKERBAZZAR.API.Models.ApiResponse'.
2024-11-13 10:45:41.535 +05:30  INF  Executed action BAKERBAZZAR.API.Controller.UserController.MyOrders (BAKERBAZZAR.API) in 2.7546ms
2024-11-13 10:45:41.535 +05:30  INF  Executed endpoint 'BAKERBAZZAR.API.Controller.UserController.MyOrders (BAKERBAZZAR.API)'
2024-11-13 10:45:41.535 +05:30  INF  Request finished HTTP/1.1 GET http://localhost:5145/user/myorders?displayid=e62f03f4-2dcf-4f80-bc23-341651bd9338&keyword=&code=null application/json - - 200 - application/json;+charset=utf-8 3.2143ms
2024-11-13 10:45:46.044 +05:30  INF  Request starting HTTP/1.1 OPTIONS http://localhost:5145/user/category - -
2024-11-13 10:45:46.044 +05:30  INF  CORS policy execution successful.
2024-11-13 10:45:46.044 +05:30  INF  Request finished HTTP/1.1 OPTIONS http://localhost:5145/user/category - - - 204 - - 0.2155ms
2024-11-13 10:45:46.045 +05:30  INF  Request starting HTTP/1.1 GET http://localhost:5145/user/category application/json -
2024-11-13 10:45:46.046 +05:30  INF  CORS policy execution successful.
2024-11-13 10:45:46.046 +05:30  INF  Executing endpoint 'BAKERBAZZAR.API.Controller.UserController.Category (BAKERBAZZAR.API)'
2024-11-13 10:45:46.046 +05:30  INF  Route matched with {action = "Category", controller = "User"}. Executing controller action with signature System.Threading.Tasks.Task`1[Microsoft.AspNetCore.Mvc.ActionResult`1[BAKERBAZZAR.API.Models.ApiResponse]] Category(System.String) on controller BAKERBAZZAR.API.Controller.UserController (BAKERBAZZAR.API).
2024-11-13 10:45:46.060 +05:30  INF  Executing ObjectResult, writing value of type 'BAKERBAZZAR.API.Models.ApiResponse'.
2024-11-13 10:45:46.060 +05:30  INF  Executed action BAKERBAZZAR.API.Controller.UserController.Category (BAKERBAZZAR.API) in 13.9487ms
2024-11-13 10:45:46.060 +05:30  INF  Executed endpoint 'BAKERBAZZAR.API.Controller.UserController.Category (BAKERBAZZAR.API)'
2024-11-13 10:45:46.060 +05:30  INF  Request finished HTTP/1.1 GET http://localhost:5145/user/category application/json - - 200 - application/json;+charset=utf-8 14.2674ms
2024-11-13 10:45:52.395 +05:30  INF  Request starting HTTP/1.1 OPTIONS http://localhost:5145/user/cartdetails?displayId=702dcb1e-b399-4b22-a4ad-ac33169d26fd - -
2024-11-13 10:45:52.396 +05:30  INF  CORS policy execution successful.
2024-11-13 10:45:52.396 +05:30  INF  Request finished HTTP/1.1 OPTIONS http://localhost:5145/user/cartdetails?displayId=702dcb1e-b399-4b22-a4ad-ac33169d26fd - - - 204 - - 0.1808ms
2024-11-13 10:45:52.397 +05:30  INF  Request starting HTTP/1.1 GET http://localhost:5145/user/cartdetails?displayId=702dcb1e-b399-4b22-a4ad-ac33169d26fd application/json -
2024-11-13 10:45:52.397 +05:30  INF  CORS policy execution successful.
2024-11-13 10:45:52.397 +05:30  INF  Executing endpoint 'BAKERBAZZAR.API.Controller.UserController.CartDetails (BAKERBAZZAR.API)'
2024-11-13 10:45:52.397 +05:30  INF  Route matched with {action = "CartDetails", controller = "User"}. Executing controller action with signature System.Threading.Tasks.Task`1[Microsoft.AspNetCore.Mvc.ActionResult`1[BAKERBAZZAR.API.Models.ApiResponse]] CartDetails(System.String) on controller BAKERBAZZAR.API.Controller.UserController (BAKERBAZZAR.API).
2024-11-13 10:45:52.412 +05:30  INF  Executing ObjectResult, writing value of type 'BAKERBAZZAR.API.Models.ApiResponse'.
2024-11-13 10:45:52.412 +05:30  INF  Executed action BAKERBAZZAR.API.Controller.UserController.CartDetails (BAKERBAZZAR.API) in 15.1216ms
2024-11-13 10:45:52.412 +05:30  INF  Executed endpoint 'BAKERBAZZAR.API.Controller.UserController.CartDetails (BAKERBAZZAR.API)'
2024-11-13 10:45:52.412 +05:30  INF  Request finished HTTP/1.1 GET http://localhost:5145/user/cartdetails?displayId=702dcb1e-b399-4b22-a4ad-ac33169d26fd application/json - - 200 - application/json;+charset=utf-8 15.5772ms
2024-11-13 10:45:54.595 +05:30  INF  Request starting HTTP/1.1 OPTIONS http://localhost:5145/user/category - -
2024-11-13 10:45:54.595 +05:30  INF  CORS policy execution successful.
2024-11-13 10:45:54.595 +05:30  INF  Request finished HTTP/1.1 OPTIONS http://localhost:5145/user/category - - - 204 - - 0.4520ms
2024-11-13 10:45:54.599 +05:30  INF  Request starting HTTP/1.1 GET http://localhost:5145/user/category application/json -
2024-11-13 10:45:54.599 +05:30  INF  CORS policy execution successful.
2024-11-13 10:45:54.600 +05:30  INF  Executing endpoint 'BAKERBAZZAR.API.Controller.UserController.Category (BAKERBAZZAR.API)'
2024-11-13 10:45:54.600 +05:30  INF  Route matched with {action = "Category", controller = "User"}. Executing controller action with signature System.Threading.Tasks.Task`1[Microsoft.AspNetCore.Mvc.ActionResult`1[BAKERBAZZAR.API.Models.ApiResponse]] Category(System.String) on controller BAKERBAZZAR.API.Controller.UserController (BAKERBAZZAR.API).
2024-11-13 10:45:54.614 +05:30  INF  Executing ObjectResult, writing value of type 'BAKERBAZZAR.API.Models.ApiResponse'.
2024-11-13 10:45:54.614 +05:30  INF  Executed action BAKERBAZZAR.API.Controller.UserController.Category (BAKERBAZZAR.API) in 14.2684ms
2024-11-13 10:45:54.614 +05:30  INF  Executed endpoint 'BAKERBAZZAR.API.Controller.UserController.Category (BAKERBAZZAR.API)'
2024-11-13 10:45:54.614 +05:30  INF  Request finished HTTP/1.1 GET http://localhost:5145/user/category application/json - - 200 - application/json;+charset=utf-8 15.0047ms
2024-11-13 10:45:57.200 +05:30  INF  Request starting HTTP/1.1 OPTIONS http://localhost:5145/user/myorders?displayid=e62f03f4-2dcf-4f80-bc23-341651bd9338&keyword=&code=null - -
2024-11-13 10:45:57.200 +05:30  INF  CORS policy execution successful.
2024-11-13 10:45:57.200 +05:30  INF  Request finished HTTP/1.1 OPTIONS http://localhost:5145/user/myorders?displayid=e62f03f4-2dcf-4f80-bc23-341651bd9338&keyword=&code=null - - - 204 - - 0.2050ms
2024-11-13 10:45:57.201 +05:30  INF  Request starting HTTP/1.1 GET http://localhost:5145/user/myorders?displayid=e62f03f4-2dcf-4f80-bc23-341651bd9338&keyword=&code=null application/json -
2024-11-13 10:45:57.201 +05:30  INF  CORS policy execution successful.
2024-11-13 10:45:57.201 +05:30  INF  Executing endpoint 'BAKERBAZZAR.API.Controller.UserController.MyOrders (BAKERBAZZAR.API)'
2024-11-13 10:45:57.201 +05:30  INF  Route matched with {action = "MyOrders", controller = "User"}. Executing controller action with signature System.Threading.Tasks.Task`1[Microsoft.AspNetCore.Mvc.ActionResult`1[BAKERBAZZAR.API.Models.ApiResponse]] MyOrders(System.String, System.String, System.String) on controller BAKERBAZZAR.API.Controller.UserController (BAKERBAZZAR.API).
2024-11-13 10:45:57.240 +05:30  INF  Executing ObjectResult, writing value of type 'BAKERBAZZAR.API.Models.ApiResponse'.
2024-11-13 10:45:57.241 +05:30  INF  Executed action BAKERBAZZAR.API.Controller.UserController.MyOrders (BAKERBAZZAR.API) in 39.6488ms
2024-11-13 10:45:57.241 +05:30  INF  Executed endpoint 'BAKERBAZZAR.API.Controller.UserController.MyOrders (BAKERBAZZAR.API)'
2024-11-13 10:45:57.241 +05:30  INF  Request finished HTTP/1.1 GET http://localhost:5145/user/myorders?displayid=e62f03f4-2dcf-4f80-bc23-341651bd9338&keyword=&code=null application/json - - 200 - application/json;+charset=utf-8 39.9560ms
2024-11-13 10:50:57.049 +05:30  INF  Request starting HTTP/1.1 GET http://localhost:5145/User/CartDetails?displayid=702dcb1e-b399-4b22-a4ad-ac33169d26fd - -
2024-11-13 10:50:57.050 +05:30  INF  CORS policy execution successful.
2024-11-13 10:50:57.050 +05:30  INF  Executing endpoint 'BAKERBAZZAR.API.Controller.UserController.CartDetails (BAKERBAZZAR.API)'
2024-11-13 10:50:57.050 +05:30  INF  Route matched with {action = "CartDetails", controller = "User"}. Executing controller action with signature System.Threading.Tasks.Task`1[Microsoft.AspNetCore.Mvc.ActionResult`1[BAKERBAZZAR.API.Models.ApiResponse]] CartDetails(System.String) on controller BAKERBAZZAR.API.Controller.UserController (BAKERBAZZAR.API).
2024-11-13 10:50:57.076 +05:30  INF  Executing ObjectResult, writing value of type 'BAKERBAZZAR.API.Models.ApiResponse'.
2024-11-13 10:50:57.076 +05:30  INF  Executed action BAKERBAZZAR.API.Controller.UserController.CartDetails (BAKERBAZZAR.API) in 25.7875ms
2024-11-13 10:50:57.076 +05:30  INF  Executed endpoint 'BAKERBAZZAR.API.Controller.UserController.CartDetails (BAKERBAZZAR.API)'
2024-11-13 10:50:57.076 +05:30  INF  Request finished HTTP/1.1 GET http://localhost:5145/User/CartDetails?displayid=702dcb1e-b399-4b22-a4ad-ac33169d26fd - - - 200 - application/json;+charset=utf-8 27.3792ms
2024-11-13 10:50:57.077 +05:30  INF  Request starting HTTP/1.1 GET http://localhost:5145/User/CartDetails?displayid=702dcb1e-b399-4b22-a4ad-ac33169d26fd - -
2024-11-13 10:50:57.078 +05:30  INF  CORS policy execution successful.
2024-11-13 10:50:57.078 +05:30  INF  Executing endpoint 'BAKERBAZZAR.API.Controller.UserController.CartDetails (BAKERBAZZAR.API)'
2024-11-13 10:50:57.078 +05:30  INF  Route matched with {action = "CartDetails", controller = "User"}. Executing controller action with signature System.Threading.Tasks.Task`1[Microsoft.AspNetCore.Mvc.ActionResult`1[BAKERBAZZAR.API.Models.ApiResponse]] CartDetails(System.String) on controller BAKERBAZZAR.API.Controller.UserController (BAKERBAZZAR.API).
2024-11-13 10:50:57.078 +05:30  INF  Executing ObjectResult, writing value of type 'BAKERBAZZAR.API.Models.ApiResponse'.
2024-11-13 10:50:57.078 +05:30  INF  Executed action BAKERBAZZAR.API.Controller.UserController.CartDetails (BAKERBAZZAR.API) in 0.5844ms
2024-11-13 10:50:57.078 +05:30  INF  Executed endpoint 'BAKERBAZZAR.API.Controller.UserController.CartDetails (BAKERBAZZAR.API)'
2024-11-13 10:50:57.078 +05:30  INF  Request finished HTTP/1.1 GET http://localhost:5145/User/CartDetails?displayid=702dcb1e-b399-4b22-a4ad-ac33169d26fd - - - 200 - application/json;+charset=utf-8 0.9634ms
2024-11-13 10:51:00.501 +05:30  INF  Request starting HTTP/1.1 GET http://localhost:5145/User/CartDetails?displayid=702dcb1e-b399-4b22-a4ad-ac33169d26fd - -
2024-11-13 10:51:00.501 +05:30  INF  CORS policy execution successful.
2024-11-13 10:51:00.501 +05:30  INF  Executing endpoint 'BAKERBAZZAR.API.Controller.UserController.CartDetails (BAKERBAZZAR.API)'
2024-11-13 10:51:00.501 +05:30  INF  Route matched with {action = "CartDetails", controller = "User"}. Executing controller action with signature System.Threading.Tasks.Task`1[Microsoft.AspNetCore.Mvc.ActionResult`1[BAKERBAZZAR.API.Models.ApiResponse]] CartDetails(System.String) on controller BAKERBAZZAR.API.Controller.UserController (BAKERBAZZAR.API).
2024-11-13 10:51:00.503 +05:30  INF  Executing ObjectResult, writing value of type 'BAKERBAZZAR.API.Models.ApiResponse'.
2024-11-13 10:51:00.503 +05:30  INF  Executed action BAKERBAZZAR.API.Controller.UserController.CartDetails (BAKERBAZZAR.API) in 1.9365ms
2024-11-13 10:51:00.503 +05:30  INF  Executed endpoint 'BAKERBAZZAR.API.Controller.UserController.CartDetails (BAKERBAZZAR.API)'
2024-11-13 10:51:00.503 +05:30  INF  Request finished HTTP/1.1 GET http://localhost:5145/User/CartDetails?displayid=702dcb1e-b399-4b22-a4ad-ac33169d26fd - - - 200 - application/json;+charset=utf-8 2.3257ms
2024-11-13 10:51:00.505 +05:30  INF  Request starting HTTP/1.1 GET http://localhost:5145/User/CartDetails?displayid=702dcb1e-b399-4b22-a4ad-ac33169d26fd - -
2024-11-13 10:51:00.506 +05:30  INF  CORS policy execution successful.
2024-11-13 10:51:00.506 +05:30  INF  Executing endpoint 'BAKERBAZZAR.API.Controller.UserController.CartDetails (BAKERBAZZAR.API)'
2024-11-13 10:51:00.506 +05:30  INF  Route matched with {action = "CartDetails", controller = "User"}. Executing controller action with signature System.Threading.Tasks.Task`1[Microsoft.AspNetCore.Mvc.ActionResult`1[BAKERBAZZAR.API.Models.ApiResponse]] CartDetails(System.String) on controller BAKERBAZZAR.API.Controller.UserController (BAKERBAZZAR.API).
2024-11-13 10:51:00.506 +05:30  INF  Executing ObjectResult, writing value of type 'BAKERBAZZAR.API.Models.ApiResponse'.
2024-11-13 10:51:00.507 +05:30  INF  Executed action BAKERBAZZAR.API.Controller.UserController.CartDetails (BAKERBAZZAR.API) in 0.855ms
2024-11-13 10:51:00.507 +05:30  INF  Executed endpoint 'BAKERBAZZAR.API.Controller.UserController.CartDetails (BAKERBAZZAR.API)'
2024-11-13 10:51:00.507 +05:30  INF  Request finished HTTP/1.1 GET http://localhost:5145/User/CartDetails?displayid=702dcb1e-b399-4b22-a4ad-ac33169d26fd - - - 200 - application/json;+charset=utf-8 1.3217ms
2024-11-13 10:51:03.956 +05:30  INF  Request starting HTTP/1.1 OPTIONS http://localhost:5145/User/AddToCart - -
2024-11-13 10:51:03.956 +05:30  INF  CORS policy execution successful.
2024-11-13 10:51:03.956 +05:30  INF  Request finished HTTP/1.1 OPTIONS http://localhost:5145/User/AddToCart - - - 204 - - 0.2926ms
2024-11-13 10:51:03.957 +05:30  INF  Request starting HTTP/1.1 POST http://localhost:5145/User/AddToCart application/json 140
2024-11-13 10:51:03.957 +05:30  INF  CORS policy execution successful.
2024-11-13 10:51:03.957 +05:30  INF  Executing endpoint 'BAKERBAZZAR.API.Controller.UserController.AddToCart (BAKERBAZZAR.API)'
2024-11-13 10:51:03.957 +05:30  INF  Route matched with {action = "AddToCart", controller = "User"}. Executing controller action with signature System.Threading.Tasks.Task`1[Microsoft.AspNetCore.Mvc.ActionResult`1[BAKERBAZZAR.API.Models.ApiResponse]] AddToCart(BAKERBAZZAR.API.Models.IO_Templates.AddToCartRequest) on controller BAKERBAZZAR.API.Controller.UserController (BAKERBAZZAR.API).
2024-11-13 10:51:03.967 +05:30  INF  Executing ObjectResult, writing value of type 'BAKERBAZZAR.API.Models.ApiResponse'.
2024-11-13 10:51:03.967 +05:30  INF  Executed action BAKERBAZZAR.API.Controller.UserController.AddToCart (BAKERBAZZAR.API) in 9.5425ms
2024-11-13 10:51:03.967 +05:30  INF  Executed endpoint 'BAKERBAZZAR.API.Controller.UserController.AddToCart (BAKERBAZZAR.API)'
2024-11-13 10:51:03.967 +05:30  INF  Request finished HTTP/1.1 POST http://localhost:5145/User/AddToCart application/json 140 - 200 - application/json;+charset=utf-8 9.8082ms
2024-11-13 10:51:05.683 +05:30  INF  Request starting HTTP/1.1 GET http://localhost:5145/User/CartDetails?displayid=702dcb1e-b399-4b22-a4ad-ac33169d26fd - -
2024-11-13 10:51:05.683 +05:30  INF  CORS policy execution successful.
2024-11-13 10:51:05.683 +05:30  INF  Executing endpoint 'BAKERBAZZAR.API.Controller.UserController.CartDetails (BAKERBAZZAR.API)'
2024-11-13 10:51:05.683 +05:30  INF  Route matched with {action = "CartDetails", controller = "User"}. Executing controller action with signature System.Threading.Tasks.Task`1[Microsoft.AspNetCore.Mvc.ActionResult`1[BAKERBAZZAR.API.Models.ApiResponse]] CartDetails(System.String) on controller BAKERBAZZAR.API.Controller.UserController (BAKERBAZZAR.API).
2024-11-13 10:51:05.684 +05:30  INF  Executing ObjectResult, writing value of type 'BAKERBAZZAR.API.Models.ApiResponse'.
2024-11-13 10:51:05.686 +05:30  INF  Executed action BAKERBAZZAR.API.Controller.UserController.CartDetails (BAKERBAZZAR.API) in 2.3292ms
2024-11-13 10:51:05.686 +05:30  INF  Executed endpoint 'BAKERBAZZAR.API.Controller.UserController.CartDetails (BAKERBAZZAR.API)'
2024-11-13 10:51:05.687 +05:30  INF  Request finished HTTP/1.1 GET http://localhost:5145/User/CartDetails?displayid=702dcb1e-b399-4b22-a4ad-ac33169d26fd - - - 200 - application/json;+charset=utf-8 3.7071ms
2024-11-13 10:51:05.690 +05:30  INF  Request starting HTTP/1.1 GET http://localhost:5145/User/CartDetails?displayid=702dcb1e-b399-4b22-a4ad-ac33169d26fd - -
2024-11-13 10:51:05.690 +05:30  INF  CORS policy execution successful.
2024-11-13 10:51:05.690 +05:30  INF  Executing endpoint 'BAKERBAZZAR.API.Controller.UserController.CartDetails (BAKERBAZZAR.API)'
2024-11-13 10:51:05.690 +05:30  INF  Route matched with {action = "CartDetails", controller = "User"}. Executing controller action with signature System.Threading.Tasks.Task`1[Microsoft.AspNetCore.Mvc.ActionResult`1[BAKERBAZZAR.API.Models.ApiResponse]] CartDetails(System.String) on controller BAKERBAZZAR.API.Controller.UserController (BAKERBAZZAR.API).
2024-11-13 10:51:05.692 +05:30  INF  Executing ObjectResult, writing value of type 'BAKERBAZZAR.API.Models.ApiResponse'.
2024-11-13 10:51:05.693 +05:30  INF  Executed action BAKERBAZZAR.API.Controller.UserController.CartDetails (BAKERBAZZAR.API) in 2.3875ms
2024-11-13 10:51:05.693 +05:30  INF  Executed endpoint 'BAKERBAZZAR.API.Controller.UserController.CartDetails (BAKERBAZZAR.API)'
2024-11-13 10:51:05.693 +05:30  INF  Request finished HTTP/1.1 GET http://localhost:5145/User/CartDetails?displayid=702dcb1e-b399-4b22-a4ad-ac33169d26fd - - - 200 - application/json;+charset=utf-8 3.0704ms
2024-11-13 10:51:12.477 +05:30  INF  Request starting HTTP/1.1 GET http://localhost:5145/User/CartDetails?displayid=702dcb1e-b399-4b22-a4ad-ac33169d26fd - -
2024-11-13 10:51:12.478 +05:30  INF  CORS policy execution successful.
2024-11-13 10:51:12.478 +05:30  INF  Executing endpoint 'BAKERBAZZAR.API.Controller.UserController.CartDetails (BAKERBAZZAR.API)'
2024-11-13 10:51:12.478 +05:30  INF  Route matched with {action = "CartDetails", controller = "User"}. Executing controller action with signature System.Threading.Tasks.Task`1[Microsoft.AspNetCore.Mvc.ActionResult`1[BAKERBAZZAR.API.Models.ApiResponse]] CartDetails(System.String) on controller BAKERBAZZAR.API.Controller.UserController (BAKERBAZZAR.API).
2024-11-13 10:51:12.479 +05:30  INF  Executing ObjectResult, writing value of type 'BAKERBAZZAR.API.Models.ApiResponse'.
2024-11-13 10:51:12.479 +05:30  INF  Executed action BAKERBAZZAR.API.Controller.UserController.CartDetails (BAKERBAZZAR.API) in 1.1817ms
2024-11-13 10:51:12.479 +05:30  INF  Executed endpoint 'BAKERBAZZAR.API.Controller.UserController.CartDetails (BAKERBAZZAR.API)'
2024-11-13 10:51:12.479 +05:30  INF  Request finished HTTP/1.1 GET http://localhost:5145/User/CartDetails?displayid=702dcb1e-b399-4b22-a4ad-ac33169d26fd - - - 200 - application/json;+charset=utf-8 1.7315ms
2024-11-13 10:51:12.480 +05:30  INF  Request starting HTTP/1.1 GET http://localhost:5145/User/CartDetails?displayid=702dcb1e-b399-4b22-a4ad-ac33169d26fd - -
2024-11-13 10:51:12.480 +05:30  INF  CORS policy execution successful.
2024-11-13 10:51:12.480 +05:30  INF  Executing endpoint 'BAKERBAZZAR.API.Controller.UserController.CartDetails (BAKERBAZZAR.API)'
2024-11-13 10:51:12.481 +05:30  INF  Route matched with {action = "CartDetails", controller = "User"}. Executing controller action with signature System.Threading.Tasks.Task`1[Microsoft.AspNetCore.Mvc.ActionResult`1[BAKERBAZZAR.API.Models.ApiResponse]] CartDetails(System.String) on controller BAKERBAZZAR.API.Controller.UserController (BAKERBAZZAR.API).
2024-11-13 10:51:12.481 +05:30  INF  Executing ObjectResult, writing value of type 'BAKERBAZZAR.API.Models.ApiResponse'.
2024-11-13 10:51:12.482 +05:30  INF  Executed action BAKERBAZZAR.API.Controller.UserController.CartDetails (BAKERBAZZAR.API) in 1.1817ms
2024-11-13 10:51:12.482 +05:30  INF  Executed endpoint 'BAKERBAZZAR.API.Controller.UserController.CartDetails (BAKERBAZZAR.API)'
2024-11-13 10:51:12.482 +05:30  INF  Request finished HTTP/1.1 GET http://localhost:5145/User/CartDetails?displayid=702dcb1e-b399-4b22-a4ad-ac33169d26fd - - - 200 - application/json;+charset=utf-8 1.7616ms
2024-11-13 10:51:14.722 +05:30  INF  Request starting HTTP/1.1 GET http://localhost:5145/User/CartDetails?displayid=702dcb1e-b399-4b22-a4ad-ac33169d26fd - -
2024-11-13 10:51:14.722 +05:30  INF  CORS policy execution successful.
2024-11-13 10:51:14.723 +05:30  INF  Executing endpoint 'BAKERBAZZAR.API.Controller.UserController.CartDetails (BAKERBAZZAR.API)'
2024-11-13 10:51:14.723 +05:30  INF  Route matched with {action = "CartDetails", controller = "User"}. Executing controller action with signature System.Threading.Tasks.Task`1[Microsoft.AspNetCore.Mvc.ActionResult`1[BAKERBAZZAR.API.Models.ApiResponse]] CartDetails(System.String) on controller BAKERBAZZAR.API.Controller.UserController (BAKERBAZZAR.API).
2024-11-13 10:51:14.724 +05:30  INF  Executing ObjectResult, writing value of type 'BAKERBAZZAR.API.Models.ApiResponse'.
2024-11-13 10:51:14.724 +05:30  INF  Executed action BAKERBAZZAR.API.Controller.UserController.CartDetails (BAKERBAZZAR.API) in 1.2463ms
2024-11-13 10:51:14.724 +05:30  INF  Executed endpoint 'BAKERBAZZAR.API.Controller.UserController.CartDetails (BAKERBAZZAR.API)'
2024-11-13 10:51:14.724 +05:30  INF  Request finished HTTP/1.1 GET http://localhost:5145/User/CartDetails?displayid=702dcb1e-b399-4b22-a4ad-ac33169d26fd - - - 200 - application/json;+charset=utf-8 2.2593ms
2024-11-13 10:51:14.724 +05:30  INF  Request starting HTTP/1.1 GET http://localhost:5145/User/Category - -
2024-11-13 10:51:14.724 +05:30  INF  CORS policy execution successful.
2024-11-13 10:51:14.724 +05:30  INF  Executing endpoint 'BAKERBAZZAR.API.Controller.UserController.Category (BAKERBAZZAR.API)'
2024-11-13 10:51:14.724 +05:30  INF  Route matched with {action = "Category", controller = "User"}. Executing controller action with signature System.Threading.Tasks.Task`1[Microsoft.AspNetCore.Mvc.ActionResult`1[BAKERBAZZAR.API.Models.ApiResponse]] Category(System.String) on controller BAKERBAZZAR.API.Controller.UserController (BAKERBAZZAR.API).
2024-11-13 10:51:14.728 +05:30  INF  Request starting HTTP/1.1 GET http://localhost:5145/user/products?categoryid= - -
2024-11-13 10:51:14.729 +05:30  INF  CORS policy execution successful.
2024-11-13 10:51:14.729 +05:30  INF  Executing endpoint 'BAKERBAZZAR.API.Controller.UserController.Products (BAKERBAZZAR.API)'
2024-11-13 10:51:14.729 +05:30  INF  Route matched with {action = "Products", controller = "User"}. Executing controller action with signature System.Threading.Tasks.Task`1[Microsoft.AspNetCore.Mvc.ActionResult`1[BAKERBAZZAR.API.Models.ApiResponse]] Products(System.String, System.String) on controller BAKERBAZZAR.API.Controller.UserController (BAKERBAZZAR.API).
2024-11-13 10:51:14.729 +05:30  INF  Request starting HTTP/1.1 GET http://localhost:5145/User/CartDetails?displayid=702dcb1e-b399-4b22-a4ad-ac33169d26fd - -
2024-11-13 10:51:14.730 +05:30  INF  CORS policy execution successful.
2024-11-13 10:51:14.730 +05:30  INF  Executing endpoint 'BAKERBAZZAR.API.Controller.UserController.CartDetails (BAKERBAZZAR.API)'
2024-11-13 10:51:14.730 +05:30  INF  Route matched with {action = "CartDetails", controller = "User"}. Executing controller action with signature System.Threading.Tasks.Task`1[Microsoft.AspNetCore.Mvc.ActionResult`1[BAKERBAZZAR.API.Models.ApiResponse]] CartDetails(System.String) on controller BAKERBAZZAR.API.Controller.UserController (BAKERBAZZAR.API).
2024-11-13 10:51:14.740 +05:30  INF  Executing ObjectResult, writing value of type 'BAKERBAZZAR.API.Models.ApiResponse'.
2024-11-13 10:51:14.740 +05:30  INF  Executed action BAKERBAZZAR.API.Controller.UserController.Category (BAKERBAZZAR.API) in 15.3312ms
2024-11-13 10:51:14.740 +05:30  INF  Executed endpoint 'BAKERBAZZAR.API.Controller.UserController.Category (BAKERBAZZAR.API)'
2024-11-13 10:51:14.740 +05:30  INF  Request finished HTTP/1.1 GET http://localhost:5145/User/Category - - - 200 - application/json;+charset=utf-8 15.7269ms
2024-11-13 10:51:14.740 +05:30  INF  Executing ObjectResult, writing value of type 'BAKERBAZZAR.API.Models.ApiResponse'.
2024-11-13 10:51:14.740 +05:30  INF  Executed action BAKERBAZZAR.API.Controller.UserController.CartDetails (BAKERBAZZAR.API) in 10.2104ms
2024-11-13 10:51:14.740 +05:30  INF  Executed endpoint 'BAKERBAZZAR.API.Controller.UserController.CartDetails (BAKERBAZZAR.API)'
2024-11-13 10:51:14.740 +05:30  INF  Request finished HTTP/1.1 GET http://localhost:5145/User/CartDetails?displayid=702dcb1e-b399-4b22-a4ad-ac33169d26fd - - - 200 - application/json;+charset=utf-8 10.8945ms
2024-11-13 10:51:14.743 +05:30  INF  Request starting HTTP/1.1 GET http://localhost:5145/User/Category - -
2024-11-13 10:51:14.743 +05:30  INF  CORS policy execution successful.
2024-11-13 10:51:14.743 +05:30  INF  Executing endpoint 'BAKERBAZZAR.API.Controller.UserController.Category (BAKERBAZZAR.API)'
2024-11-13 10:51:14.743 +05:30  INF  Route matched with {action = "Category", controller = "User"}. Executing controller action with signature System.Threading.Tasks.Task`1[Microsoft.AspNetCore.Mvc.ActionResult`1[BAKERBAZZAR.API.Models.ApiResponse]] Category(System.String) on controller BAKERBAZZAR.API.Controller.UserController (BAKERBAZZAR.API).
2024-11-13 10:51:14.746 +05:30  INF  Executing ObjectResult, writing value of type 'BAKERBAZZAR.API.Models.ApiResponse'.
2024-11-13 10:51:14.746 +05:30  INF  Executed action BAKERBAZZAR.API.Controller.UserController.Category (BAKERBAZZAR.API) in 2.6873ms
2024-11-13 10:51:14.746 +05:30  INF  Executed endpoint 'BAKERBAZZAR.API.Controller.UserController.Category (BAKERBAZZAR.API)'
2024-11-13 10:51:14.746 +05:30  INF  Request finished HTTP/1.1 GET http://localhost:5145/User/Category - - - 200 - application/json;+charset=utf-8 3.4911ms
2024-11-13 10:51:14.773 +05:30  INF  Executing ObjectResult, writing value of type 'BAKERBAZZAR.API.Models.ApiResponse'.
2024-11-13 10:51:14.775 +05:30  INF  Executed action BAKERBAZZAR.API.Controller.UserController.Products (BAKERBAZZAR.API) in 46.1733ms
2024-11-13 10:51:14.775 +05:30  INF  Executed endpoint 'BAKERBAZZAR.API.Controller.UserController.Products (BAKERBAZZAR.API)'
2024-11-13 10:51:14.775 +05:30  INF  Request finished HTTP/1.1 GET http://localhost:5145/user/products?categoryid= - - - 200 - application/json;+charset=utf-8 47.1220ms
2024-11-13 10:51:14.778 +05:30  INF  Request starting HTTP/1.1 GET http://localhost:5145/user/products?categoryid= - -
2024-11-13 10:51:14.778 +05:30  INF  CORS policy execution successful.
2024-11-13 10:51:14.778 +05:30  INF  Executing endpoint 'BAKERBAZZAR.API.Controller.UserController.Products (BAKERBAZZAR.API)'
2024-11-13 10:51:14.778 +05:30  INF  Route matched with {action = "Products", controller = "User"}. Executing controller action with signature System.Threading.Tasks.Task`1[Microsoft.AspNetCore.Mvc.ActionResult`1[BAKERBAZZAR.API.Models.ApiResponse]] Products(System.String, System.String) on controller BAKERBAZZAR.API.Controller.UserController (BAKERBAZZAR.API).
2024-11-13 10:51:14.783 +05:30  INF  Executing ObjectResult, writing value of type 'BAKERBAZZAR.API.Models.ApiResponse'.
2024-11-13 10:51:14.784 +05:30  INF  Request starting HTTP/1.1 GET http://localhost:5145/user/myorders?displayid=e62f03f4-2dcf-4f80-bc23-341651bd9338 - -
2024-11-13 10:51:14.784 +05:30  INF  Executed action BAKERBAZZAR.API.Controller.UserController.Products (BAKERBAZZAR.API) in 5.6235ms
2024-11-13 10:51:14.784 +05:30  INF  Executed endpoint 'BAKERBAZZAR.API.Controller.UserController.Products (BAKERBAZZAR.API)'
2024-11-13 10:51:14.784 +05:30  INF  CORS policy execution successful.
2024-11-13 10:51:14.784 +05:30  INF  Request finished HTTP/1.1 GET http://localhost:5145/user/products?categoryid= - - - 200 - application/json;+charset=utf-8 6.1985ms
2024-11-13 10:51:14.784 +05:30  INF  Executing endpoint 'BAKERBAZZAR.API.Controller.UserController.MyOrders (BAKERBAZZAR.API)'
2024-11-13 10:51:14.784 +05:30  INF  Route matched with {action = "MyOrders", controller = "User"}. Executing controller action with signature System.Threading.Tasks.Task`1[Microsoft.AspNetCore.Mvc.ActionResult`1[BAKERBAZZAR.API.Models.ApiResponse]] MyOrders(System.String, System.String, System.String) on controller BAKERBAZZAR.API.Controller.UserController (BAKERBAZZAR.API).
2024-11-13 10:51:14.820 +05:30  INF  Executing ObjectResult, writing value of type 'BAKERBAZZAR.API.Models.ApiResponse'.
2024-11-13 10:51:14.820 +05:30  INF  Executed action BAKERBAZZAR.API.Controller.UserController.MyOrders (BAKERBAZZAR.API) in 35.8723ms
2024-11-13 10:51:14.820 +05:30  INF  Executed endpoint 'BAKERBAZZAR.API.Controller.UserController.MyOrders (BAKERBAZZAR.API)'
2024-11-13 10:51:14.820 +05:30  INF  Request finished HTTP/1.1 GET http://localhost:5145/user/myorders?displayid=e62f03f4-2dcf-4f80-bc23-341651bd9338 - - - 200 - application/json;+charset=utf-8 36.6230ms
2024-11-13 10:53:21.054 +05:30  INF  Request starting HTTP/1.1 GET http://localhost:5145/User/CartDetails?displayid=702dcb1e-b399-4b22-a4ad-ac33169d26fd - -
2024-11-13 10:53:21.054 +05:30  INF  CORS policy execution successful.
2024-11-13 10:53:21.054 +05:30  INF  Executing endpoint 'BAKERBAZZAR.API.Controller.UserController.CartDetails (BAKERBAZZAR.API)'
2024-11-13 10:53:21.054 +05:30  INF  Route matched with {action = "CartDetails", controller = "User"}. Executing controller action with signature System.Threading.Tasks.Task`1[Microsoft.AspNetCore.Mvc.ActionResult`1[BAKERBAZZAR.API.Models.ApiResponse]] CartDetails(System.String) on controller BAKERBAZZAR.API.Controller.UserController (BAKERBAZZAR.API).
2024-11-13 10:53:21.082 +05:30  INF  Executing ObjectResult, writing value of type 'BAKERBAZZAR.API.Models.ApiResponse'.
2024-11-13 10:53:21.082 +05:30  INF  Executed action BAKERBAZZAR.API.Controller.UserController.CartDetails (BAKERBAZZAR.API) in 27.9841ms
2024-11-13 10:53:21.082 +05:30  INF  Executed endpoint 'BAKERBAZZAR.API.Controller.UserController.CartDetails (BAKERBAZZAR.API)'
2024-11-13 10:53:21.082 +05:30  INF  Request finished HTTP/1.1 GET http://localhost:5145/User/CartDetails?displayid=702dcb1e-b399-4b22-a4ad-ac33169d26fd - - - 200 - application/json;+charset=utf-8 28.7487ms
2024-11-13 10:53:21.221 +05:30  INF  Request starting HTTP/1.1 GET http://localhost:5145/User/CartDetails?displayid=702dcb1e-b399-4b22-a4ad-ac33169d26fd - -
2024-11-13 10:53:21.221 +05:30  INF  CORS policy execution successful.
2024-11-13 10:53:21.222 +05:30  INF  Executing endpoint 'BAKERBAZZAR.API.Controller.UserController.CartDetails (BAKERBAZZAR.API)'
2024-11-13 10:53:21.222 +05:30  INF  Route matched with {action = "CartDetails", controller = "User"}. Executing controller action with signature System.Threading.Tasks.Task`1[Microsoft.AspNetCore.Mvc.ActionResult`1[BAKERBAZZAR.API.Models.ApiResponse]] CartDetails(System.String) on controller BAKERBAZZAR.API.Controller.UserController (BAKERBAZZAR.API).
2024-11-13 10:53:21.222 +05:30  INF  Executing ObjectResult, writing value of type 'BAKERBAZZAR.API.Models.ApiResponse'.
2024-11-13 10:53:21.222 +05:30  INF  Executed action BAKERBAZZAR.API.Controller.UserController.CartDetails (BAKERBAZZAR.API) in 0.6302ms
2024-11-13 10:53:21.222 +05:30  INF  Executed endpoint 'BAKERBAZZAR.API.Controller.UserController.CartDetails (BAKERBAZZAR.API)'
2024-11-13 10:53:21.222 +05:30  INF  Request finished HTTP/1.1 GET http://localhost:5145/User/CartDetails?displayid=702dcb1e-b399-4b22-a4ad-ac33169d26fd - - - 200 - application/json;+charset=utf-8 0.9525ms
2024-11-13 10:53:57.388 +05:30  INF  Request starting HTTP/1.1 GET http://localhost:5145/User/GetMyAddresses?displayid=e62f03f4-2dcf-4f80-bc23-341651bd9338 - -
2024-11-13 10:53:57.388 +05:30  INF  CORS policy execution successful.
2024-11-13 10:53:57.388 +05:30  INF  Executing endpoint 'BAKERBAZZAR.API.Controller.UserController.GetAddress (BAKERBAZZAR.API)'
2024-11-13 10:53:57.388 +05:30  INF  Route matched with {action = "GetAddress", controller = "User"}. Executing controller action with signature System.Threading.Tasks.Task`1[Microsoft.AspNetCore.Mvc.ActionResult`1[BAKERBAZZAR.API.Models.ApiResponse]] GetAddress(System.String) on controller BAKERBAZZAR.API.Controller.UserController (BAKERBAZZAR.API).
2024-11-13 10:53:57.406 +05:30  INF  Executing ObjectResult, writing value of type 'BAKERBAZZAR.API.Models.ApiResponse'.
2024-11-13 10:53:57.406 +05:30  INF  Executed action BAKERBAZZAR.API.Controller.UserController.GetAddress (BAKERBAZZAR.API) in 17.6017ms
2024-11-13 10:53:57.406 +05:30  INF  Executed endpoint 'BAKERBAZZAR.API.Controller.UserController.GetAddress (BAKERBAZZAR.API)'
2024-11-13 10:53:57.406 +05:30  INF  Request finished HTTP/1.1 GET http://localhost:5145/User/GetMyAddresses?displayid=e62f03f4-2dcf-4f80-bc23-341651bd9338 - - - 200 - application/json;+charset=utf-8 18.2369ms
2024-11-13 10:53:57.554 +05:30  INF  Request starting HTTP/1.1 GET http://localhost:5145/User/GetMyAddresses?displayid=e62f03f4-2dcf-4f80-bc23-341651bd9338 - -
2024-11-13 10:53:57.554 +05:30  INF  CORS policy execution successful.
2024-11-13 10:53:57.554 +05:30  INF  Executing endpoint 'BAKERBAZZAR.API.Controller.UserController.GetAddress (BAKERBAZZAR.API)'
2024-11-13 10:53:57.554 +05:30  INF  Route matched with {action = "GetAddress", controller = "User"}. Executing controller action with signature System.Threading.Tasks.Task`1[Microsoft.AspNetCore.Mvc.ActionResult`1[BAKERBAZZAR.API.Models.ApiResponse]] GetAddress(System.String) on controller BAKERBAZZAR.API.Controller.UserController (BAKERBAZZAR.API).
2024-11-13 10:53:57.555 +05:30  INF  Executing ObjectResult, writing value of type 'BAKERBAZZAR.API.Models.ApiResponse'.
2024-11-13 10:53:57.556 +05:30  INF  Executed action BAKERBAZZAR.API.Controller.UserController.GetAddress (BAKERBAZZAR.API) in 1.0858ms
2024-11-13 10:53:57.556 +05:30  INF  Executed endpoint 'BAKERBAZZAR.API.Controller.UserController.GetAddress (BAKERBAZZAR.API)'
2024-11-13 10:53:57.556 +05:30  INF  Request finished HTTP/1.1 GET http://localhost:5145/User/GetMyAddresses?displayid=e62f03f4-2dcf-4f80-bc23-341651bd9338 - - - 200 - application/json;+charset=utf-8 1.3825ms
2024-11-13 10:54:01.992 +05:30  INF  Request starting HTTP/1.1 GET http://localhost:5145/User/GetMyAddresses?displayid=e62f03f4-2dcf-4f80-bc23-341651bd9338 - -
2024-11-13 10:54:01.992 +05:30  INF  CORS policy execution successful.
2024-11-13 10:54:01.992 +05:30  INF  Executing endpoint 'BAKERBAZZAR.API.Controller.UserController.GetAddress (BAKERBAZZAR.API)'
2024-11-13 10:54:01.992 +05:30  INF  Route matched with {action = "GetAddress", controller = "User"}. Executing controller action with signature System.Threading.Tasks.Task`1[Microsoft.AspNetCore.Mvc.ActionResult`1[BAKERBAZZAR.API.Models.ApiResponse]] GetAddress(System.String) on controller BAKERBAZZAR.API.Controller.UserController (BAKERBAZZAR.API).
2024-11-13 10:54:01.994 +05:30  INF  Executing ObjectResult, writing value of type 'BAKERBAZZAR.API.Models.ApiResponse'.
2024-11-13 10:54:01.994 +05:30  INF  Executed action BAKERBAZZAR.API.Controller.UserController.GetAddress (BAKERBAZZAR.API) in 1.4287ms
2024-11-13 10:54:01.994 +05:30  INF  Executed endpoint 'BAKERBAZZAR.API.Controller.UserController.GetAddress (BAKERBAZZAR.API)'
2024-11-13 10:54:01.994 +05:30  INF  Request finished HTTP/1.1 GET http://localhost:5145/User/GetMyAddresses?displayid=e62f03f4-2dcf-4f80-bc23-341651bd9338 - - - 200 - application/json;+charset=utf-8 1.9729ms
2024-11-13 10:54:02.160 +05:30  INF  Request starting HTTP/1.1 GET http://localhost:5145/User/GetMyAddresses?displayid=e62f03f4-2dcf-4f80-bc23-341651bd9338 - -
2024-11-13 10:54:02.161 +05:30  INF  CORS policy execution successful.
2024-11-13 10:54:02.161 +05:30  INF  Executing endpoint 'BAKERBAZZAR.API.Controller.UserController.GetAddress (BAKERBAZZAR.API)'
2024-11-13 10:54:02.161 +05:30  INF  Route matched with {action = "GetAddress", controller = "User"}. Executing controller action with signature System.Threading.Tasks.Task`1[Microsoft.AspNetCore.Mvc.ActionResult`1[BAKERBAZZAR.API.Models.ApiResponse]] GetAddress(System.String) on controller BAKERBAZZAR.API.Controller.UserController (BAKERBAZZAR.API).
2024-11-13 10:54:02.162 +05:30  INF  Executing ObjectResult, writing value of type 'BAKERBAZZAR.API.Models.ApiResponse'.
2024-11-13 10:54:02.162 +05:30  INF  Executed action BAKERBAZZAR.API.Controller.UserController.GetAddress (BAKERBAZZAR.API) in 0.9093ms
2024-11-13 10:54:02.162 +05:30  INF  Executed endpoint 'BAKERBAZZAR.API.Controller.UserController.GetAddress (BAKERBAZZAR.API)'
2024-11-13 10:54:02.162 +05:30  INF  Request finished HTTP/1.1 GET http://localhost:5145/User/GetMyAddresses?displayid=e62f03f4-2dcf-4f80-bc23-341651bd9338 - - - 200 - application/json;+charset=utf-8 1.3064ms
2024-11-13 11:06:03.335 +05:30  INF  Request starting HTTP/1.1 OPTIONS http://localhost:5145/admin/userdetails?displayid=e62f03f4-2dcf-4f80-bc23-341651bd9338 - -
2024-11-13 11:06:03.355 +05:30  INF  CORS policy execution successful.
2024-11-13 11:06:03.355 +05:30  INF  Request finished HTTP/1.1 OPTIONS http://localhost:5145/admin/userdetails?displayid=e62f03f4-2dcf-4f80-bc23-341651bd9338 - - - 204 - - 21.9631ms
2024-11-13 11:06:03.358 +05:30  INF  Request starting HTTP/1.1 GET http://localhost:5145/admin/userdetails?displayid=e62f03f4-2dcf-4f80-bc23-341651bd9338 application/json -
2024-11-13 11:06:03.360 +05:30  INF  CORS policy execution successful.
2024-11-13 11:06:03.361 +05:30  INF  Executing endpoint 'BAKERBAZZAR.API.Controller.AdminController.UserDetails (BAKERBAZZAR.API)'
2024-11-13 11:06:03.572 +05:30  INF  Route matched with {action = "UserDetails", controller = "Admin"}. Executing controller action with signature System.Threading.Tasks.Task`1[Microsoft.AspNetCore.Mvc.ActionResult`1[BAKERBAZZAR.API.Models.ApiResponse]] UserDetails(System.String, System.String) on controller BAKERBAZZAR.API.Controller.AdminController (BAKERBAZZAR.API).
2024-11-13 11:06:03.927 +05:30  INF  Executing ObjectResult, writing value of type 'BAKERBAZZAR.API.Models.ApiResponse'.
2024-11-13 11:06:03.931 +05:30  INF  Executed action BAKERBAZZAR.API.Controller.AdminController.UserDetails (BAKERBAZZAR.API) in 358.389ms
2024-11-13 11:06:03.932 +05:30  INF  Executed endpoint 'BAKERBAZZAR.API.Controller.AdminController.UserDetails (BAKERBAZZAR.API)'
2024-11-13 11:06:03.932 +05:30  INF  Request finished HTTP/1.1 GET http://localhost:5145/admin/userdetails?displayid=e62f03f4-2dcf-4f80-bc23-341651bd9338 application/json - - 200 - application/json;+charset=utf-8 573.9667ms
2024-11-13 11:06:09.454 +05:30  INF  Request starting HTTP/1.1 OPTIONS http://localhost:5145/user/updateprofile - -
2024-11-13 11:06:09.454 +05:30  INF  CORS policy execution successful.
2024-11-13 11:06:09.454 +05:30  INF  Request finished HTTP/1.1 OPTIONS http://localhost:5145/user/updateprofile - - - 204 - - 0.2565ms
2024-11-13 11:06:09.457 +05:30  INF  Request starting HTTP/1.1 POST http://localhost:5145/user/updateprofile application/json 137
2024-11-13 11:06:09.457 +05:30  INF  CORS policy execution successful.
2024-11-13 11:06:09.457 +05:30  INF  Executing endpoint 'BAKERBAZZAR.API.Controller.UserController.UpdateProfile (BAKERBAZZAR.API)'
2024-11-13 11:06:09.462 +05:30  INF  Route matched with {action = "UpdateProfile", controller = "User"}. Executing controller action with signature System.Threading.Tasks.Task`1[Microsoft.AspNetCore.Mvc.ActionResult`1[BAKERBAZZAR.API.Models.ApiResponse]] UpdateProfile(BAKERBAZZAR.API.Entities.clsProfile) on controller BAKERBAZZAR.API.Controller.UserController (BAKERBAZZAR.API).
2024-11-13 11:06:09.499 +05:30  INF  Executing ObjectResult, writing value of type 'BAKERBAZZAR.API.Models.ApiResponse'.
2024-11-13 11:06:09.499 +05:30  INF  Executed action BAKERBAZZAR.API.Controller.UserController.UpdateProfile (BAKERBAZZAR.API) in 36.7731ms
2024-11-13 11:06:09.499 +05:30  INF  Executed endpoint 'BAKERBAZZAR.API.Controller.UserController.UpdateProfile (BAKERBAZZAR.API)'
2024-11-13 11:06:09.499 +05:30  INF  Request finished HTTP/1.1 POST http://localhost:5145/user/updateprofile application/json 137 - 200 - application/json;+charset=utf-8 42.0223ms
2024-11-13 11:06:29.482 +05:30  INF  Request starting HTTP/1.1 OPTIONS http://localhost:5145/user/updateprofile - -
2024-11-13 11:06:29.483 +05:30  INF  CORS policy execution successful.
2024-11-13 11:06:29.483 +05:30  INF  Request finished HTTP/1.1 OPTIONS http://localhost:5145/user/updateprofile - - - 204 - - 0.2811ms
2024-11-13 11:06:29.484 +05:30  INF  Request starting HTTP/1.1 POST http://localhost:5145/user/updateprofile application/json 137
2024-11-13 11:06:29.484 +05:30  INF  CORS policy execution successful.
2024-11-13 11:06:29.485 +05:30  INF  Executing endpoint 'BAKERBAZZAR.API.Controller.UserController.UpdateProfile (BAKERBAZZAR.API)'
2024-11-13 11:06:29.485 +05:30  INF  Route matched with {action = "UpdateProfile", controller = "User"}. Executing controller action with signature System.Threading.Tasks.Task`1[Microsoft.AspNetCore.Mvc.ActionResult`1[BAKERBAZZAR.API.Models.ApiResponse]] UpdateProfile(BAKERBAZZAR.API.Entities.clsProfile) on controller BAKERBAZZAR.API.Controller.UserController (BAKERBAZZAR.API).
2024-11-13 11:06:29.491 +05:30  INF  Executing ObjectResult, writing value of type 'BAKERBAZZAR.API.Models.ApiResponse'.
2024-11-13 11:06:29.491 +05:30  INF  Executed action BAKERBAZZAR.API.Controller.UserController.UpdateProfile (BAKERBAZZAR.API) in 5.9218ms
2024-11-13 11:06:29.491 +05:30  INF  Executed endpoint 'BAKERBAZZAR.API.Controller.UserController.UpdateProfile (BAKERBAZZAR.API)'
2024-11-13 11:06:29.491 +05:30  INF  Request finished HTTP/1.1 POST http://localhost:5145/user/updateprofile application/json 137 - 200 - application/json;+charset=utf-8 6.8009ms
2024-11-13 11:07:05.587 +05:30  INF  Request starting HTTP/1.1 OPTIONS http://localhost:5145/user/updateprofile - -
2024-11-13 11:07:05.587 +05:30  INF  CORS policy execution successful.
2024-11-13 11:07:05.587 +05:30  INF  Request finished HTTP/1.1 OPTIONS http://localhost:5145/user/updateprofile - - - 204 - - 0.4062ms
2024-11-13 11:07:05.588 +05:30  INF  Request starting HTTP/1.1 POST http://localhost:5145/user/updateprofile application/json 137
2024-11-13 11:07:05.589 +05:30  INF  CORS policy execution successful.
2024-11-13 11:07:05.589 +05:30  INF  Executing endpoint 'BAKERBAZZAR.API.Controller.UserController.UpdateProfile (BAKERBAZZAR.API)'
2024-11-13 11:07:05.589 +05:30  INF  Route matched with {action = "UpdateProfile", controller = "User"}. Executing controller action with signature System.Threading.Tasks.Task`1[Microsoft.AspNetCore.Mvc.ActionResult`1[BAKERBAZZAR.API.Models.ApiResponse]] UpdateProfile(BAKERBAZZAR.API.Entities.clsProfile) on controller BAKERBAZZAR.API.Controller.UserController (BAKERBAZZAR.API).
2024-11-13 11:07:05.608 +05:30  INF  Executing ObjectResult, writing value of type 'BAKERBAZZAR.API.Models.ApiResponse'.
2024-11-13 11:07:05.608 +05:30  INF  Executed action BAKERBAZZAR.API.Controller.UserController.UpdateProfile (BAKERBAZZAR.API) in 19.2254ms
2024-11-13 11:07:05.608 +05:30  INF  Executed endpoint 'BAKERBAZZAR.API.Controller.UserController.UpdateProfile (BAKERBAZZAR.API)'
2024-11-13 11:07:05.608 +05:30  INF  Request finished HTTP/1.1 POST http://localhost:5145/user/updateprofile application/json 137 - 200 - application/json;+charset=utf-8 19.5228ms
2024-11-13 11:33:51.301 +05:30  INF  Request starting HTTP/1.1 GET http://localhost:5145/User/GetMyAddresses?displayid=e62f03f4-2dcf-4f80-bc23-341651bd9338 - -
2024-11-13 11:33:51.303 +05:30  INF  CORS policy execution successful.
2024-11-13 11:33:51.304 +05:30  INF  Executing endpoint 'BAKERBAZZAR.API.Controller.UserController.GetAddress (BAKERBAZZAR.API)'
2024-11-13 11:33:51.307 +05:30  INF  Route matched with {action = "GetAddress", controller = "User"}. Executing controller action with signature System.Threading.Tasks.Task`1[Microsoft.AspNetCore.Mvc.ActionResult`1[BAKERBAZZAR.API.Models.ApiResponse]] GetAddress(System.String) on controller BAKERBAZZAR.API.Controller.UserController (BAKERBAZZAR.API).
2024-11-13 11:33:51.469 +05:30  INF  Executing ObjectResult, writing value of type 'BAKERBAZZAR.API.Models.ApiResponse'.
2024-11-13 11:33:51.470 +05:30  INF  Executed action BAKERBAZZAR.API.Controller.UserController.GetAddress (BAKERBAZZAR.API) in 162.1456ms
2024-11-13 11:33:51.470 +05:30  INF  Executed endpoint 'BAKERBAZZAR.API.Controller.UserController.GetAddress (BAKERBAZZAR.API)'
2024-11-13 11:33:51.470 +05:30  INF  Request finished HTTP/1.1 GET http://localhost:5145/User/GetMyAddresses?displayid=e62f03f4-2dcf-4f80-bc23-341651bd9338 - - - 200 - application/json;+charset=utf-8 172.6666ms
2024-11-13 11:33:51.474 +05:30  INF  Request starting HTTP/1.1 GET http://localhost:5145/User/GetMyAddresses?displayid=e62f03f4-2dcf-4f80-bc23-341651bd9338 - -
2024-11-13 11:33:51.474 +05:30  INF  CORS policy execution successful.
2024-11-13 11:33:51.474 +05:30  INF  Executing endpoint 'BAKERBAZZAR.API.Controller.UserController.GetAddress (BAKERBAZZAR.API)'
2024-11-13 11:33:51.474 +05:30  INF  Route matched with {action = "GetAddress", controller = "User"}. Executing controller action with signature System.Threading.Tasks.Task`1[Microsoft.AspNetCore.Mvc.ActionResult`1[BAKERBAZZAR.API.Models.ApiResponse]] GetAddress(System.String) on controller BAKERBAZZAR.API.Controller.UserController (BAKERBAZZAR.API).
2024-11-13 11:33:51.485 +05:30  INF  Executing ObjectResult, writing value of type 'BAKERBAZZAR.API.Models.ApiResponse'.
2024-11-13 11:33:51.485 +05:30  INF  Executed action BAKERBAZZAR.API.Controller.UserController.GetAddress (BAKERBAZZAR.API) in 10.8114ms
2024-11-13 11:33:51.485 +05:30  INF  Executed endpoint 'BAKERBAZZAR.API.Controller.UserController.GetAddress (BAKERBAZZAR.API)'
2024-11-13 11:33:51.485 +05:30  INF  Request finished HTTP/1.1 GET http://localhost:5145/User/GetMyAddresses?displayid=e62f03f4-2dcf-4f80-bc23-341651bd9338 - - - 200 - application/json;+charset=utf-8 11.6682ms
2024-11-13 11:34:11.808 +05:30  INF  Request starting HTTP/1.1 OPTIONS http://localhost:5145/user/category - -
2024-11-13 11:34:11.808 +05:30  INF  CORS policy execution successful.
2024-11-13 11:34:11.808 +05:30  INF  Request finished HTTP/1.1 OPTIONS http://localhost:5145/user/category - - - 204 - - 0.4249ms
2024-11-13 11:34:11.810 +05:30  INF  Request starting HTTP/1.1 GET http://localhost:5145/user/category application/json -
2024-11-13 11:34:11.811 +05:30  INF  CORS policy execution successful.
2024-11-13 11:34:11.811 +05:30  INF  Executing endpoint 'BAKERBAZZAR.API.Controller.UserController.Category (BAKERBAZZAR.API)'
2024-11-13 11:34:11.811 +05:30  INF  Route matched with {action = "Category", controller = "User"}. Executing controller action with signature System.Threading.Tasks.Task`1[Microsoft.AspNetCore.Mvc.ActionResult`1[BAKERBAZZAR.API.Models.ApiResponse]] Category(System.String) on controller BAKERBAZZAR.API.Controller.UserController (BAKERBAZZAR.API).
2024-11-13 11:34:11.949 +05:30  INF  Executing ObjectResult, writing value of type 'BAKERBAZZAR.API.Models.ApiResponse'.
2024-11-13 11:34:11.949 +05:30  INF  Executed action BAKERBAZZAR.API.Controller.UserController.Category (BAKERBAZZAR.API) in 138.3209ms
2024-11-13 11:34:11.949 +05:30  INF  Executed endpoint 'BAKERBAZZAR.API.Controller.UserController.Category (BAKERBAZZAR.API)'
2024-11-13 11:34:11.949 +05:30  INF  Request finished HTTP/1.1 GET http://localhost:5145/user/category application/json - - 200 - application/json;+charset=utf-8 138.9787ms
2024-11-13 11:34:14.518 +05:30  INF  Request starting HTTP/1.1 OPTIONS http://localhost:5145/user/products?categoryid=3e85ca1f-91c2-42f2-9b05-bd920051c25e - -
2024-11-13 11:34:14.519 +05:30  INF  CORS policy execution successful.
2024-11-13 11:34:14.519 +05:30  INF  Request finished HTTP/1.1 OPTIONS http://localhost:5145/user/products?categoryid=3e85ca1f-91c2-42f2-9b05-bd920051c25e - - - 204 - - 0.4898ms
2024-11-13 11:34:14.520 +05:30  INF  Request starting HTTP/1.1 GET http://localhost:5145/user/products?categoryid=3e85ca1f-91c2-42f2-9b05-bd920051c25e application/json -
2024-11-13 11:34:14.521 +05:30  INF  CORS policy execution successful.
2024-11-13 11:34:14.521 +05:30  INF  Executing endpoint 'BAKERBAZZAR.API.Controller.UserController.Products (BAKERBAZZAR.API)'
2024-11-13 11:34:14.521 +05:30  INF  Route matched with {action = "Products", controller = "User"}. Executing controller action with signature System.Threading.Tasks.Task`1[Microsoft.AspNetCore.Mvc.ActionResult`1[BAKERBAZZAR.API.Models.ApiResponse]] Products(System.String, System.String) on controller BAKERBAZZAR.API.Controller.UserController (BAKERBAZZAR.API).
2024-11-13 11:34:14.550 +05:30  INF  Executing ObjectResult, writing value of type 'BAKERBAZZAR.API.Models.ApiResponse'.
2024-11-13 11:34:14.551 +05:30  INF  Executed action BAKERBAZZAR.API.Controller.UserController.Products (BAKERBAZZAR.API) in 30.2357ms
2024-11-13 11:34:14.551 +05:30  INF  Executed endpoint 'BAKERBAZZAR.API.Controller.UserController.Products (BAKERBAZZAR.API)'
2024-11-13 11:34:14.551 +05:30  INF  Request finished HTTP/1.1 GET http://localhost:5145/user/products?categoryid=3e85ca1f-91c2-42f2-9b05-bd920051c25e application/json - - 200 - application/json;+charset=utf-8 30.8213ms
2024-11-13 11:40:27.805 +05:30  INF  Request starting HTTP/1.1 GET http://localhost:5145/user/products?categoryid=3e85ca1f-91c2-42f2-9b05-bd920051c25e - -
2024-11-13 11:40:27.809 +05:30  INF  CORS policy execution successful.
2024-11-13 11:40:27.809 +05:30  INF  Executing endpoint 'BAKERBAZZAR.API.Controller.UserController.Products (BAKERBAZZAR.API)'
2024-11-13 11:40:27.810 +05:30  INF  Route matched with {action = "Products", controller = "User"}. Executing controller action with signature System.Threading.Tasks.Task`1[Microsoft.AspNetCore.Mvc.ActionResult`1[BAKERBAZZAR.API.Models.ApiResponse]] Products(System.String, System.String) on controller BAKERBAZZAR.API.Controller.UserController (BAKERBAZZAR.API).
2024-11-13 11:40:27.890 +05:30  INF  Executing ObjectResult, writing value of type 'BAKERBAZZAR.API.Models.ApiResponse'.
2024-11-13 11:40:27.890 +05:30  INF  Executed action BAKERBAZZAR.API.Controller.UserController.Products (BAKERBAZZAR.API) in 80.7648ms
2024-11-13 11:40:27.891 +05:30  INF  Executed endpoint 'BAKERBAZZAR.API.Controller.UserController.Products (BAKERBAZZAR.API)'
2024-11-13 11:40:27.891 +05:30  INF  Request finished HTTP/1.1 GET http://localhost:5145/user/products?categoryid=3e85ca1f-91c2-42f2-9b05-bd920051c25e - - - 200 - application/json;+charset=utf-8 86.7663ms
2024-11-13 11:42:40.299 +05:30  INF  Request starting HTTP/1.1 GET http://localhost:5145/User/Category - -
2024-11-13 11:42:40.299 +05:30  INF  CORS policy execution successful.
2024-11-13 11:42:40.299 +05:30  INF  Executing endpoint 'BAKERBAZZAR.API.Controller.UserController.Category (BAKERBAZZAR.API)'
2024-11-13 11:42:40.299 +05:30  INF  Route matched with {action = "Category", controller = "User"}. Executing controller action with signature System.Threading.Tasks.Task`1[Microsoft.AspNetCore.Mvc.ActionResult`1[BAKERBAZZAR.API.Models.ApiResponse]] Category(System.String) on controller BAKERBAZZAR.API.Controller.UserController (BAKERBAZZAR.API).
2024-11-13 11:42:40.301 +05:30  INF  Request starting HTTP/1.1 GET http://localhost:5145/user/products?categoryid= - -
2024-11-13 11:42:40.301 +05:30  INF  CORS policy execution successful.
2024-11-13 11:42:40.302 +05:30  INF  Executing endpoint 'BAKERBAZZAR.API.Controller.UserController.Products (BAKERBAZZAR.API)'
2024-11-13 11:42:40.302 +05:30  INF  Route matched with {action = "Products", controller = "User"}. Executing controller action with signature System.Threading.Tasks.Task`1[Microsoft.AspNetCore.Mvc.ActionResult`1[BAKERBAZZAR.API.Models.ApiResponse]] Products(System.String, System.String) on controller BAKERBAZZAR.API.Controller.UserController (BAKERBAZZAR.API).
2024-11-13 11:42:40.361 +05:30  INF  Executing ObjectResult, writing value of type 'BAKERBAZZAR.API.Models.ApiResponse'.
2024-11-13 11:42:40.362 +05:30  INF  Executed action BAKERBAZZAR.API.Controller.UserController.Category (BAKERBAZZAR.API) in 62.6218ms
2024-11-13 11:42:40.362 +05:30  INF  Executed endpoint 'BAKERBAZZAR.API.Controller.UserController.Category (BAKERBAZZAR.API)'
2024-11-13 11:42:40.362 +05:30  INF  Executing ObjectResult, writing value of type 'BAKERBAZZAR.API.Models.ApiResponse'.
2024-11-13 11:42:40.362 +05:30  INF  Request finished HTTP/1.1 GET http://localhost:5145/User/Category - - - 200 - application/json;+charset=utf-8 63.7595ms
2024-11-13 11:42:40.364 +05:30  INF  Executed action BAKERBAZZAR.API.Controller.UserController.Products (BAKERBAZZAR.API) in 62.8561ms
2024-11-13 11:42:40.365 +05:30  INF  Executed endpoint 'BAKERBAZZAR.API.Controller.UserController.Products (BAKERBAZZAR.API)'
2024-11-13 11:42:40.367 +05:30  INF  Request finished HTTP/1.1 GET http://localhost:5145/user/products?categoryid= - - - 200 - application/json;+charset=utf-8 66.0017ms
2024-11-13 11:42:40.468 +05:30  INF  Request starting HTTP/1.1 GET http://localhost:5145/User/Category - -
2024-11-13 11:42:40.468 +05:30  INF  CORS policy execution successful.
2024-11-13 11:42:40.469 +05:30  INF  Executing endpoint 'BAKERBAZZAR.API.Controller.UserController.Category (BAKERBAZZAR.API)'
2024-11-13 11:42:40.469 +05:30  INF  Route matched with {action = "Category", controller = "User"}. Executing controller action with signature System.Threading.Tasks.Task`1[Microsoft.AspNetCore.Mvc.ActionResult`1[BAKERBAZZAR.API.Models.ApiResponse]] Category(System.String) on controller BAKERBAZZAR.API.Controller.UserController (BAKERBAZZAR.API).
2024-11-13 11:42:40.471 +05:30  INF  Request starting HTTP/1.1 GET http://localhost:5145/user/products?categoryid= - -
2024-11-13 11:42:40.471 +05:30  INF  CORS policy execution successful.
2024-11-13 11:42:40.471 +05:30  INF  Executing endpoint 'BAKERBAZZAR.API.Controller.UserController.Products (BAKERBAZZAR.API)'
2024-11-13 11:42:40.471 +05:30  INF  Route matched with {action = "Products", controller = "User"}. Executing controller action with signature System.Threading.Tasks.Task`1[Microsoft.AspNetCore.Mvc.ActionResult`1[BAKERBAZZAR.API.Models.ApiResponse]] Products(System.String, System.String) on controller BAKERBAZZAR.API.Controller.UserController (BAKERBAZZAR.API).
2024-11-13 11:42:40.471 +05:30  INF  Executing ObjectResult, writing value of type 'BAKERBAZZAR.API.Models.ApiResponse'.
2024-11-13 11:42:40.472 +05:30  INF  Executed action BAKERBAZZAR.API.Controller.UserController.Category (BAKERBAZZAR.API) in 2.7639ms
2024-11-13 11:42:40.472 +05:30  INF  Executed endpoint 'BAKERBAZZAR.API.Controller.UserController.Category (BAKERBAZZAR.API)'
2024-11-13 11:42:40.472 +05:30  INF  Request finished HTTP/1.1 GET http://localhost:5145/User/Category - - - 200 - application/json;+charset=utf-8 3.9500ms
2024-11-13 11:42:40.473 +05:30  INF  Request starting HTTP/1.1 GET http://localhost:5145/user/myorders?displayid=e62f03f4-2dcf-4f80-bc23-341651bd9338 - -
2024-11-13 11:42:40.473 +05:30  INF  CORS policy execution successful.
2024-11-13 11:42:40.473 +05:30  INF  Executing endpoint 'BAKERBAZZAR.API.Controller.UserController.MyOrders (BAKERBAZZAR.API)'
2024-11-13 11:42:40.474 +05:30  INF  Route matched with {action = "MyOrders", controller = "User"}. Executing controller action with signature System.Threading.Tasks.Task`1[Microsoft.AspNetCore.Mvc.ActionResult`1[BAKERBAZZAR.API.Models.ApiResponse]] MyOrders(System.String, System.String, System.String) on controller BAKERBAZZAR.API.Controller.UserController (BAKERBAZZAR.API).
2024-11-13 11:42:40.477 +05:30  INF  Executing ObjectResult, writing value of type 'BAKERBAZZAR.API.Models.ApiResponse'.
2024-11-13 11:42:40.478 +05:30  INF  Executed action BAKERBAZZAR.API.Controller.UserController.Products (BAKERBAZZAR.API) in 6.354ms
2024-11-13 11:42:40.478 +05:30  INF  Executed endpoint 'BAKERBAZZAR.API.Controller.UserController.Products (BAKERBAZZAR.API)'
2024-11-13 11:42:40.478 +05:30  INF  Request finished HTTP/1.1 GET http://localhost:5145/user/products?categoryid= - - - 200 - application/json;+charset=utf-8 6.7943ms
2024-11-13 11:42:40.716 +05:30  INF  Executing ObjectResult, writing value of type 'BAKERBAZZAR.API.Models.ApiResponse'.
2024-11-13 11:42:40.717 +05:30  INF  Executed action BAKERBAZZAR.API.Controller.UserController.MyOrders (BAKERBAZZAR.API) in 243.1337ms
2024-11-13 11:42:40.717 +05:30  INF  Executed endpoint 'BAKERBAZZAR.API.Controller.UserController.MyOrders (BAKERBAZZAR.API)'
2024-11-13 11:42:40.717 +05:30  INF  Request finished HTTP/1.1 GET http://localhost:5145/user/myorders?displayid=e62f03f4-2dcf-4f80-bc23-341651bd9338 - - - 200 - application/json;+charset=utf-8 243.6714ms
2024-11-13 11:43:18.421 +05:30  INF  Request starting HTTP/1.1 GET http://localhost:5145/User/Category - -
2024-11-13 11:43:18.421 +05:30  INF  Request starting HTTP/1.1 GET http://localhost:5145/user/products?categoryid= - -
2024-11-13 11:43:18.421 +05:30  INF  CORS policy execution successful.
2024-11-13 11:43:18.422 +05:30  INF  CORS policy execution successful.
2024-11-13 11:43:18.422 +05:30  INF  Executing endpoint 'BAKERBAZZAR.API.Controller.UserController.Category (BAKERBAZZAR.API)'
2024-11-13 11:43:18.422 +05:30  INF  Route matched with {action = "Category", controller = "User"}. Executing controller action with signature System.Threading.Tasks.Task`1[Microsoft.AspNetCore.Mvc.ActionResult`1[BAKERBAZZAR.API.Models.ApiResponse]] Category(System.String) on controller BAKERBAZZAR.API.Controller.UserController (BAKERBAZZAR.API).
2024-11-13 11:43:18.422 +05:30  INF  Executing endpoint 'BAKERBAZZAR.API.Controller.UserController.Products (BAKERBAZZAR.API)'
2024-11-13 11:43:18.422 +05:30  INF  Route matched with {action = "Products", controller = "User"}. Executing controller action with signature System.Threading.Tasks.Task`1[Microsoft.AspNetCore.Mvc.ActionResult`1[BAKERBAZZAR.API.Models.ApiResponse]] Products(System.String, System.String) on controller BAKERBAZZAR.API.Controller.UserController (BAKERBAZZAR.API).
2024-11-13 11:43:18.431 +05:30  INF  Executing ObjectResult, writing value of type 'BAKERBAZZAR.API.Models.ApiResponse'.
2024-11-13 11:43:18.431 +05:30  INF  Executed action BAKERBAZZAR.API.Controller.UserController.Category (BAKERBAZZAR.API) in 9.599ms
2024-11-13 11:43:18.431 +05:30  INF  Executed endpoint 'BAKERBAZZAR.API.Controller.UserController.Category (BAKERBAZZAR.API)'
2024-11-13 11:43:18.431 +05:30  INF  Request finished HTTP/1.1 GET http://localhost:5145/User/Category - - - 200 - application/json;+charset=utf-8 10.2109ms
2024-11-13 11:43:18.436 +05:30  INF  Executing ObjectResult, writing value of type 'BAKERBAZZAR.API.Models.ApiResponse'.
2024-11-13 11:43:18.437 +05:30  INF  Request starting HTTP/1.1 GET http://localhost:5145/user/myorders?displayid=e62f03f4-2dcf-4f80-bc23-341651bd9338 - -
2024-11-13 11:43:18.437 +05:30  INF  CORS policy execution successful.
2024-11-13 11:43:18.437 +05:30  INF  Executing endpoint 'BAKERBAZZAR.API.Controller.UserController.MyOrders (BAKERBAZZAR.API)'
2024-11-13 11:43:18.437 +05:30  INF  Route matched with {action = "MyOrders", controller = "User"}. Executing controller action with signature System.Threading.Tasks.Task`1[Microsoft.AspNetCore.Mvc.ActionResult`1[BAKERBAZZAR.API.Models.ApiResponse]] MyOrders(System.String, System.String, System.String) on controller BAKERBAZZAR.API.Controller.UserController (BAKERBAZZAR.API).
2024-11-13 11:43:18.437 +05:30  INF  Executed action BAKERBAZZAR.API.Controller.UserController.Products (BAKERBAZZAR.API) in 14.915ms
2024-11-13 11:43:18.437 +05:30  INF  Executed endpoint 'BAKERBAZZAR.API.Controller.UserController.Products (BAKERBAZZAR.API)'
2024-11-13 11:43:18.437 +05:30  INF  Request finished HTTP/1.1 GET http://localhost:5145/user/products?categoryid= - - - 200 - application/json;+charset=utf-8 15.4062ms
2024-11-13 11:43:18.447 +05:30  INF  Executing ObjectResult, writing value of type 'BAKERBAZZAR.API.Models.ApiResponse'.
2024-11-13 11:43:18.447 +05:30  INF  Executed action BAKERBAZZAR.API.Controller.UserController.MyOrders (BAKERBAZZAR.API) in 10.195ms
2024-11-13 11:43:18.447 +05:30  INF  Executed endpoint 'BAKERBAZZAR.API.Controller.UserController.MyOrders (BAKERBAZZAR.API)'
2024-11-13 11:43:18.447 +05:30  INF  Request finished HTTP/1.1 GET http://localhost:5145/user/myorders?displayid=e62f03f4-2dcf-4f80-bc23-341651bd9338 - - - 200 - application/json;+charset=utf-8 10.4876ms
2024-11-13 11:43:18.591 +05:30  INF  Request starting HTTP/1.1 GET http://localhost:5145/User/Category - -
2024-11-13 11:43:18.591 +05:30  INF  CORS policy execution successful.
2024-11-13 11:43:18.591 +05:30  INF  Executing endpoint 'BAKERBAZZAR.API.Controller.UserController.Category (BAKERBAZZAR.API)'
2024-11-13 11:43:18.591 +05:30  INF  Route matched with {action = "Category", controller = "User"}. Executing controller action with signature System.Threading.Tasks.Task`1[Microsoft.AspNetCore.Mvc.ActionResult`1[BAKERBAZZAR.API.Models.ApiResponse]] Category(System.String) on controller BAKERBAZZAR.API.Controller.UserController (BAKERBAZZAR.API).
2024-11-13 11:43:18.593 +05:30  INF  Executing ObjectResult, writing value of type 'BAKERBAZZAR.API.Models.ApiResponse'.
2024-11-13 11:43:18.593 +05:30  INF  Executed action BAKERBAZZAR.API.Controller.UserController.Category (BAKERBAZZAR.API) in 2.3169ms
2024-11-13 11:43:18.593 +05:30  INF  Executed endpoint 'BAKERBAZZAR.API.Controller.UserController.Category (BAKERBAZZAR.API)'
2024-11-13 11:43:18.593 +05:30  INF  Request finished HTTP/1.1 GET http://localhost:5145/User/Category - - - 200 - application/json;+charset=utf-8 2.6805ms
2024-11-13 11:43:18.593 +05:30  INF  Request starting HTTP/1.1 GET http://localhost:5145/user/products?categoryid= - -
2024-11-13 11:43:18.594 +05:30  INF  CORS policy execution successful.
2024-11-13 11:43:18.594 +05:30  INF  Executing endpoint 'BAKERBAZZAR.API.Controller.UserController.Products (BAKERBAZZAR.API)'
2024-11-13 11:43:18.594 +05:30  INF  Route matched with {action = "Products", controller = "User"}. Executing controller action with signature System.Threading.Tasks.Task`1[Microsoft.AspNetCore.Mvc.ActionResult`1[BAKERBAZZAR.API.Models.ApiResponse]] Products(System.String, System.String) on controller BAKERBAZZAR.API.Controller.UserController (BAKERBAZZAR.API).
2024-11-13 11:43:18.598 +05:30  INF  Executing ObjectResult, writing value of type 'BAKERBAZZAR.API.Models.ApiResponse'.
2024-11-13 11:43:18.602 +05:30  INF  Executed action BAKERBAZZAR.API.Controller.UserController.Products (BAKERBAZZAR.API) in 8.473ms
2024-11-13 11:43:18.602 +05:30  INF  Executed endpoint 'BAKERBAZZAR.API.Controller.UserController.Products (BAKERBAZZAR.API)'
2024-11-13 11:43:18.602 +05:30  INF  Request finished HTTP/1.1 GET http://localhost:5145/user/products?categoryid= - - - 200 - application/json;+charset=utf-8 9.0209ms
2024-11-13 11:50:28.332 +05:30  INF  Request starting HTTP/1.1 GET http://localhost:5145/User/Category - -
2024-11-13 11:50:28.332 +05:30  INF  Request starting HTTP/1.1 GET http://localhost:5145/user/products?categoryid= - -
2024-11-13 11:50:28.348 +05:30  INF  CORS policy execution successful.
2024-11-13 11:50:28.349 +05:30  INF  Executing endpoint 'BAKERBAZZAR.API.Controller.UserController.Products (BAKERBAZZAR.API)'
2024-11-13 11:50:28.350 +05:30  INF  Request starting HTTP/1.1 GET http://localhost:5145/user/myorders?displayid=e62f03f4-2dcf-4f80-bc23-341651bd9338 - -
2024-11-13 11:50:28.350 +05:30  INF  CORS policy execution successful.
2024-11-13 11:50:28.350 +05:30  INF  Executing endpoint 'BAKERBAZZAR.API.Controller.UserController.MyOrders (BAKERBAZZAR.API)'
2024-11-13 11:50:28.350 +05:30  INF  Route matched with {action = "Products", controller = "User"}. Executing controller action with signature System.Threading.Tasks.Task`1[Microsoft.AspNetCore.Mvc.ActionResult`1[BAKERBAZZAR.API.Models.ApiResponse]] Products(System.String, System.String) on controller BAKERBAZZAR.API.Controller.UserController (BAKERBAZZAR.API).
2024-11-13 11:50:28.350 +05:30  INF  Route matched with {action = "MyOrders", controller = "User"}. Executing controller action with signature System.Threading.Tasks.Task`1[Microsoft.AspNetCore.Mvc.ActionResult`1[BAKERBAZZAR.API.Models.ApiResponse]] MyOrders(System.String, System.String, System.String) on controller BAKERBAZZAR.API.Controller.UserController (BAKERBAZZAR.API).
2024-11-13 11:50:28.356 +05:30  INF  CORS policy execution successful.
2024-11-13 11:50:28.357 +05:30  INF  Executing endpoint 'BAKERBAZZAR.API.Controller.UserController.Category (BAKERBAZZAR.API)'
2024-11-13 11:50:28.357 +05:30  INF  Route matched with {action = "Category", controller = "User"}. Executing controller action with signature System.Threading.Tasks.Task`1[Microsoft.AspNetCore.Mvc.ActionResult`1[BAKERBAZZAR.API.Models.ApiResponse]] Category(System.String) on controller BAKERBAZZAR.API.Controller.UserController (BAKERBAZZAR.API).
2024-11-13 11:50:28.671 +05:30  INF  Executing ObjectResult, writing value of type 'BAKERBAZZAR.API.Models.ApiResponse'.
2024-11-13 11:50:28.672 +05:30  INF  Executed action BAKERBAZZAR.API.Controller.UserController.Category (BAKERBAZZAR.API) in 314.7797ms
2024-11-13 11:50:28.672 +05:30  INF  Executed endpoint 'BAKERBAZZAR.API.Controller.UserController.Category (BAKERBAZZAR.API)'
2024-11-13 11:50:28.672 +05:30  INF  Request finished HTTP/1.1 GET http://localhost:5145/User/Category - - - 200 - application/json;+charset=utf-8 343.5664ms
2024-11-13 11:50:28.672 +05:30  INF  Executing ObjectResult, writing value of type 'BAKERBAZZAR.API.Models.ApiResponse'.
2024-11-13 11:50:28.675 +05:30  INF  Request starting HTTP/1.1 GET http://localhost:5145/User/Category - -
2024-11-13 11:50:28.675 +05:30  INF  CORS policy execution successful.
2024-11-13 11:50:28.675 +05:30  INF  Executing endpoint 'BAKERBAZZAR.API.Controller.UserController.Category (BAKERBAZZAR.API)'
2024-11-13 11:50:28.675 +05:30  INF  Route matched with {action = "Category", controller = "User"}. Executing controller action with signature System.Threading.Tasks.Task`1[Microsoft.AspNetCore.Mvc.ActionResult`1[BAKERBAZZAR.API.Models.ApiResponse]] Category(System.String) on controller BAKERBAZZAR.API.Controller.UserController (BAKERBAZZAR.API).
2024-11-13 11:50:28.676 +05:30  INF  Executed action BAKERBAZZAR.API.Controller.UserController.Products (BAKERBAZZAR.API) in 325.5994ms
2024-11-13 11:50:28.676 +05:30  INF  Executed endpoint 'BAKERBAZZAR.API.Controller.UserController.Products (BAKERBAZZAR.API)'
2024-11-13 11:50:28.676 +05:30  INF  Request finished HTTP/1.1 GET http://localhost:5145/user/products?categoryid= - - - 200 - application/json;+charset=utf-8 347.5403ms
2024-11-13 11:50:28.679 +05:30  INF  Request starting HTTP/1.1 GET http://localhost:5145/user/products?categoryid= - -
2024-11-13 11:50:28.679 +05:30  INF  Executing ObjectResult, writing value of type 'BAKERBAZZAR.API.Models.ApiResponse'.
2024-11-13 11:50:28.679 +05:30  INF  CORS policy execution successful.
2024-11-13 11:50:28.679 +05:30  INF  Executing endpoint 'BAKERBAZZAR.API.Controller.UserController.Products (BAKERBAZZAR.API)'
2024-11-13 11:50:28.679 +05:30  INF  Route matched with {action = "Products", controller = "User"}. Executing controller action with signature System.Threading.Tasks.Task`1[Microsoft.AspNetCore.Mvc.ActionResult`1[BAKERBAZZAR.API.Models.ApiResponse]] Products(System.String, System.String) on controller BAKERBAZZAR.API.Controller.UserController (BAKERBAZZAR.API).
2024-11-13 11:50:28.679 +05:30  INF  Executed action BAKERBAZZAR.API.Controller.UserController.Category (BAKERBAZZAR.API) in 3.7324ms
2024-11-13 11:50:28.679 +05:30  INF  Executed endpoint 'BAKERBAZZAR.API.Controller.UserController.Category (BAKERBAZZAR.API)'
2024-11-13 11:50:28.679 +05:30  INF  Request finished HTTP/1.1 GET http://localhost:5145/User/Category - - - 200 - application/json;+charset=utf-8 4.4859ms
2024-11-13 11:50:28.685 +05:30  INF  Executing ObjectResult, writing value of type 'BAKERBAZZAR.API.Models.ApiResponse'.
2024-11-13 11:50:28.686 +05:30  INF  Executed action BAKERBAZZAR.API.Controller.UserController.Products (BAKERBAZZAR.API) in 7.273ms
2024-11-13 11:50:28.686 +05:30  INF  Executed endpoint 'BAKERBAZZAR.API.Controller.UserController.Products (BAKERBAZZAR.API)'
2024-11-13 11:50:28.687 +05:30  INF  Request finished HTTP/1.1 GET http://localhost:5145/user/products?categoryid= - - - 200 - application/json;+charset=utf-8 7.7569ms
2024-11-13 11:50:28.691 +05:30  INF  Executing ObjectResult, writing value of type 'BAKERBAZZAR.API.Models.ApiResponse'.
2024-11-13 11:50:28.692 +05:30  INF  Executed action BAKERBAZZAR.API.Controller.UserController.MyOrders (BAKERBAZZAR.API) in 341.3152ms
2024-11-13 11:50:28.692 +05:30  INF  Executed endpoint 'BAKERBAZZAR.API.Controller.UserController.MyOrders (BAKERBAZZAR.API)'
2024-11-13 11:50:28.692 +05:30  INF  Request finished HTTP/1.1 GET http://localhost:5145/user/myorders?displayid=e62f03f4-2dcf-4f80-bc23-341651bd9338 - - - 200 - application/json;+charset=utf-8 341.9888ms
2024-11-13 12:18:19.517 +05:30  INF  Request starting HTTP/1.1 GET http://localhost:5145/user/myorders?displayid=e62f03f4-2dcf-4f80-bc23-341651bd9338 - -
2024-11-13 12:18:19.517 +05:30  INF  Request starting HTTP/1.1 GET http://localhost:5145/User/Category - -
2024-11-13 12:18:19.517 +05:30  INF  Request starting HTTP/1.1 GET http://localhost:5145/user/products?categoryid= - -
2024-11-13 12:18:19.521 +05:30  INF  CORS policy execution successful.
2024-11-13 12:18:19.521 +05:30  INF  CORS policy execution successful.
2024-11-13 12:18:19.521 +05:30  INF  CORS policy execution successful.
2024-11-13 12:18:19.522 +05:30  INF  Executing endpoint 'BAKERBAZZAR.API.Controller.UserController.MyOrders (BAKERBAZZAR.API)'
2024-11-13 12:18:19.522 +05:30  INF  Executing endpoint 'BAKERBAZZAR.API.Controller.UserController.Products (BAKERBAZZAR.API)'
2024-11-13 12:18:19.522 +05:30  INF  Executing endpoint 'BAKERBAZZAR.API.Controller.UserController.Category (BAKERBAZZAR.API)'
2024-11-13 12:18:19.527 +05:30  INF  Route matched with {action = "MyOrders", controller = "User"}. Executing controller action with signature System.Threading.Tasks.Task`1[Microsoft.AspNetCore.Mvc.ActionResult`1[BAKERBAZZAR.API.Models.ApiResponse]] MyOrders(System.String, System.String, System.String) on controller BAKERBAZZAR.API.Controller.UserController (BAKERBAZZAR.API).
2024-11-13 12:18:19.527 +05:30  INF  Route matched with {action = "Products", controller = "User"}. Executing controller action with signature System.Threading.Tasks.Task`1[Microsoft.AspNetCore.Mvc.ActionResult`1[BAKERBAZZAR.API.Models.ApiResponse]] Products(System.String, System.String) on controller BAKERBAZZAR.API.Controller.UserController (BAKERBAZZAR.API).
2024-11-13 12:18:19.527 +05:30  INF  Route matched with {action = "Category", controller = "User"}. Executing controller action with signature System.Threading.Tasks.Task`1[Microsoft.AspNetCore.Mvc.ActionResult`1[BAKERBAZZAR.API.Models.ApiResponse]] Category(System.String) on controller BAKERBAZZAR.API.Controller.UserController (BAKERBAZZAR.API).
2024-11-13 12:18:19.910 +05:30  INF  Executing ObjectResult, writing value of type 'BAKERBAZZAR.API.Models.ApiResponse'.
2024-11-13 12:18:19.911 +05:30  INF  Executed action BAKERBAZZAR.API.Controller.UserController.Category (BAKERBAZZAR.API) in 381.4461ms
2024-11-13 12:18:19.911 +05:30  INF  Executed endpoint 'BAKERBAZZAR.API.Controller.UserController.Category (BAKERBAZZAR.API)'
2024-11-13 12:18:19.911 +05:30  INF  Request finished HTTP/1.1 GET http://localhost:5145/User/Category - - - 200 - application/json;+charset=utf-8 398.1616ms
2024-11-13 12:18:19.914 +05:30  INF  Executing ObjectResult, writing value of type 'BAKERBAZZAR.API.Models.ApiResponse'.
2024-11-13 12:18:19.914 +05:30  INF  Request starting HTTP/1.1 GET http://localhost:5145/User/Category - -
2024-11-13 12:18:19.915 +05:30  INF  CORS policy execution successful.
2024-11-13 12:18:19.915 +05:30  INF  Executing endpoint 'BAKERBAZZAR.API.Controller.UserController.Category (BAKERBAZZAR.API)'
2024-11-13 12:18:19.915 +05:30  INF  Route matched with {action = "Category", controller = "User"}. Executing controller action with signature System.Threading.Tasks.Task`1[Microsoft.AspNetCore.Mvc.ActionResult`1[BAKERBAZZAR.API.Models.ApiResponse]] Category(System.String) on controller BAKERBAZZAR.API.Controller.UserController (BAKERBAZZAR.API).
2024-11-13 12:18:19.916 +05:30  INF  Executed action BAKERBAZZAR.API.Controller.UserController.Products (BAKERBAZZAR.API) in 387.2418ms
2024-11-13 12:18:19.916 +05:30  INF  Executed endpoint 'BAKERBAZZAR.API.Controller.UserController.Products (BAKERBAZZAR.API)'
2024-11-13 12:18:19.916 +05:30  INF  Request finished HTTP/1.1 GET http://localhost:5145/user/products?categoryid= - - - 200 - application/json;+charset=utf-8 403.0875ms
2024-11-13 12:18:19.917 +05:30  INF  Executing ObjectResult, writing value of type 'BAKERBAZZAR.API.Models.ApiResponse'.
2024-11-13 12:18:19.918 +05:30  INF  Executed action BAKERBAZZAR.API.Controller.UserController.Category (BAKERBAZZAR.API) in 2.4283ms
2024-11-13 12:18:19.918 +05:30  INF  Executed endpoint 'BAKERBAZZAR.API.Controller.UserController.Category (BAKERBAZZAR.API)'
2024-11-13 12:18:19.918 +05:30  INF  Request finished HTTP/1.1 GET http://localhost:5145/User/Category - - - 200 - application/json;+charset=utf-8 3.2646ms
2024-11-13 12:18:19.920 +05:30  INF  Request starting HTTP/1.1 GET http://localhost:5145/user/products?categoryid= - -
2024-11-13 12:18:19.920 +05:30  INF  CORS policy execution successful.
2024-11-13 12:18:19.920 +05:30  INF  Executing endpoint 'BAKERBAZZAR.API.Controller.UserController.Products (BAKERBAZZAR.API)'
2024-11-13 12:18:19.920 +05:30  INF  Route matched with {action = "Products", controller = "User"}. Executing controller action with signature System.Threading.Tasks.Task`1[Microsoft.AspNetCore.Mvc.ActionResult`1[BAKERBAZZAR.API.Models.ApiResponse]] Products(System.String, System.String) on controller BAKERBAZZAR.API.Controller.UserController (BAKERBAZZAR.API).
2024-11-13 12:18:19.928 +05:30  INF  Executing ObjectResult, writing value of type 'BAKERBAZZAR.API.Models.ApiResponse'.
2024-11-13 12:18:19.929 +05:30  INF  Executed action BAKERBAZZAR.API.Controller.UserController.Products (BAKERBAZZAR.API) in 8.3552ms
2024-11-13 12:18:19.929 +05:30  INF  Executed endpoint 'BAKERBAZZAR.API.Controller.UserController.Products (BAKERBAZZAR.API)'
2024-11-13 12:18:19.929 +05:30  INF  Request finished HTTP/1.1 GET http://localhost:5145/user/products?categoryid= - - - 200 - application/json;+charset=utf-8 8.7006ms
2024-11-13 12:18:19.959 +05:30  INF  Executing ObjectResult, writing value of type 'BAKERBAZZAR.API.Models.ApiResponse'.
2024-11-13 12:18:19.960 +05:30  INF  Executed action BAKERBAZZAR.API.Controller.UserController.MyOrders (BAKERBAZZAR.API) in 431.5505ms
2024-11-13 12:18:19.960 +05:30  INF  Executed endpoint 'BAKERBAZZAR.API.Controller.UserController.MyOrders (BAKERBAZZAR.API)'
2024-11-13 12:18:19.960 +05:30  INF  Request finished HTTP/1.1 GET http://localhost:5145/user/myorders?displayid=e62f03f4-2dcf-4f80-bc23-341651bd9338 - - - 200 - application/json;+charset=utf-8 446.3985ms
2024-11-13 12:23:09.313 +05:30  INF  Request starting HTTP/1.1 GET http://localhost:5145/User/Category - -
2024-11-13 12:23:09.314 +05:30  INF  CORS policy execution successful.
2024-11-13 12:23:09.314 +05:30  INF  Executing endpoint 'BAKERBAZZAR.API.Controller.UserController.Category (BAKERBAZZAR.API)'
2024-11-13 12:23:09.314 +05:30  INF  Route matched with {action = "Category", controller = "User"}. Executing controller action with signature System.Threading.Tasks.Task`1[Microsoft.AspNetCore.Mvc.ActionResult`1[BAKERBAZZAR.API.Models.ApiResponse]] Category(System.String) on controller BAKERBAZZAR.API.Controller.UserController (BAKERBAZZAR.API).
2024-11-13 12:23:09.314 +05:30  INF  Request starting HTTP/1.1 GET http://localhost:5145/user/products?categoryid= - -
2024-11-13 12:23:09.314 +05:30  INF  CORS policy execution successful.
2024-11-13 12:23:09.315 +05:30  INF  Executing endpoint 'BAKERBAZZAR.API.Controller.UserController.Products (BAKERBAZZAR.API)'
2024-11-13 12:23:09.315 +05:30  INF  Route matched with {action = "Products", controller = "User"}. Executing controller action with signature System.Threading.Tasks.Task`1[Microsoft.AspNetCore.Mvc.ActionResult`1[BAKERBAZZAR.API.Models.ApiResponse]] Products(System.String, System.String) on controller BAKERBAZZAR.API.Controller.UserController (BAKERBAZZAR.API).
2024-11-13 12:23:09.328 +05:30  INF  Request starting HTTP/1.1 GET http://localhost:5145/user/myorders?displayid=e62f03f4-2dcf-4f80-bc23-341651bd9338 - -
2024-11-13 12:23:09.328 +05:30  INF  CORS policy execution successful.
2024-11-13 12:23:09.328 +05:30  INF  Executing endpoint 'BAKERBAZZAR.API.Controller.UserController.MyOrders (BAKERBAZZAR.API)'
2024-11-13 12:23:09.328 +05:30  INF  Route matched with {action = "MyOrders", controller = "User"}. Executing controller action with signature System.Threading.Tasks.Task`1[Microsoft.AspNetCore.Mvc.ActionResult`1[BAKERBAZZAR.API.Models.ApiResponse]] MyOrders(System.String, System.String, System.String) on controller BAKERBAZZAR.API.Controller.UserController (BAKERBAZZAR.API).
2024-11-13 12:23:09.388 +05:30  INF  Executing ObjectResult, writing value of type 'BAKERBAZZAR.API.Models.ApiResponse'.
2024-11-13 12:23:09.388 +05:30  INF  Executed action BAKERBAZZAR.API.Controller.UserController.Category (BAKERBAZZAR.API) in 73.9143ms
2024-11-13 12:23:09.388 +05:30  INF  Executed endpoint 'BAKERBAZZAR.API.Controller.UserController.Category (BAKERBAZZAR.API)'
2024-11-13 12:23:09.388 +05:30  INF  Request finished HTTP/1.1 GET http://localhost:5145/User/Category - - - 200 - application/json;+charset=utf-8 75.5083ms
2024-11-13 12:23:09.392 +05:30  INF  Executing ObjectResult, writing value of type 'BAKERBAZZAR.API.Models.ApiResponse'.
2024-11-13 12:23:09.394 +05:30  INF  Executed action BAKERBAZZAR.API.Controller.UserController.Products (BAKERBAZZAR.API) in 78.9112ms
2024-11-13 12:23:09.394 +05:30  INF  Executed endpoint 'BAKERBAZZAR.API.Controller.UserController.Products (BAKERBAZZAR.API)'
2024-11-13 12:23:09.394 +05:30  INF  Request finished HTTP/1.1 GET http://localhost:5145/user/products?categoryid= - - - 200 - application/json;+charset=utf-8 79.2932ms
2024-11-13 12:23:09.407 +05:30  INF  Executing ObjectResult, writing value of type 'BAKERBAZZAR.API.Models.ApiResponse'.
2024-11-13 12:23:09.407 +05:30  INF  Executed action BAKERBAZZAR.API.Controller.UserController.MyOrders (BAKERBAZZAR.API) in 79.0313ms
2024-11-13 12:23:09.408 +05:30  INF  Executed endpoint 'BAKERBAZZAR.API.Controller.UserController.MyOrders (BAKERBAZZAR.API)'
2024-11-13 12:23:09.408 +05:30  INF  Request finished HTTP/1.1 GET http://localhost:5145/user/myorders?displayid=e62f03f4-2dcf-4f80-bc23-341651bd9338 - - - 200 - application/json;+charset=utf-8 79.5062ms
2024-11-13 12:23:09.482 +05:30  INF  Request starting HTTP/1.1 GET http://localhost:5145/User/Category - -
2024-11-13 12:23:09.482 +05:30  INF  CORS policy execution successful.
2024-11-13 12:23:09.482 +05:30  INF  Executing endpoint 'BAKERBAZZAR.API.Controller.UserController.Category (BAKERBAZZAR.API)'
2024-11-13 12:23:09.482 +05:30  INF  Route matched with {action = "Category", controller = "User"}. Executing controller action with signature System.Threading.Tasks.Task`1[Microsoft.AspNetCore.Mvc.ActionResult`1[BAKERBAZZAR.API.Models.ApiResponse]] Category(System.String) on controller BAKERBAZZAR.API.Controller.UserController (BAKERBAZZAR.API).
2024-11-13 12:23:09.602 +05:30  INF  Executing ObjectResult, writing value of type 'BAKERBAZZAR.API.Models.ApiResponse'.
2024-11-13 12:23:09.602 +05:30  INF  Executed action BAKERBAZZAR.API.Controller.UserController.Category (BAKERBAZZAR.API) in 119.8686ms
2024-11-13 12:23:09.602 +05:30  INF  Executed endpoint 'BAKERBAZZAR.API.Controller.UserController.Category (BAKERBAZZAR.API)'
2024-11-13 12:23:09.602 +05:30  INF  Request finished HTTP/1.1 GET http://localhost:5145/User/Category - - - 200 - application/json;+charset=utf-8 120.1920ms
2024-11-13 12:23:09.607 +05:30  INF  Request starting HTTP/1.1 GET http://localhost:5145/user/products?categoryid= - -
2024-11-13 12:23:09.607 +05:30  INF  CORS policy execution successful.
2024-11-13 12:23:09.607 +05:30  INF  Executing endpoint 'BAKERBAZZAR.API.Controller.UserController.Products (BAKERBAZZAR.API)'
2024-11-13 12:23:09.607 +05:30  INF  Route matched with {action = "Products", controller = "User"}. Executing controller action with signature System.Threading.Tasks.Task`1[Microsoft.AspNetCore.Mvc.ActionResult`1[BAKERBAZZAR.API.Models.ApiResponse]] Products(System.String, System.String) on controller BAKERBAZZAR.API.Controller.UserController (BAKERBAZZAR.API).
2024-11-13 12:23:09.614 +05:30  INF  Executing ObjectResult, writing value of type 'BAKERBAZZAR.API.Models.ApiResponse'.
2024-11-13 12:23:09.615 +05:30  INF  Executed action BAKERBAZZAR.API.Controller.UserController.Products (BAKERBAZZAR.API) in 7.7598ms
2024-11-13 12:23:09.615 +05:30  INF  Executed endpoint 'BAKERBAZZAR.API.Controller.UserController.Products (BAKERBAZZAR.API)'
2024-11-13 12:23:09.615 +05:30  INF  Request finished HTTP/1.1 GET http://localhost:5145/user/products?categoryid= - - - 200 - application/json;+charset=utf-8 8.4272ms
2024-11-13 12:28:10.599 +05:30  INF  Request starting HTTP/1.1 GET http://localhost:5145/User/Category - -
2024-11-13 12:28:10.599 +05:30  INF  Request starting HTTP/1.1 GET http://localhost:5145/user/products?categoryid= - -
2024-11-13 12:28:10.602 +05:30  INF  CORS policy execution successful.
2024-11-13 12:28:10.603 +05:30  INF  CORS policy execution successful.
2024-11-13 12:28:10.603 +05:30  INF  Executing endpoint 'BAKERBAZZAR.API.Controller.UserController.Products (BAKERBAZZAR.API)'
2024-11-13 12:28:10.603 +05:30  INF  Executing endpoint 'BAKERBAZZAR.API.Controller.UserController.Category (BAKERBAZZAR.API)'
2024-11-13 12:28:10.603 +05:30  INF  Route matched with {action = "Products", controller = "User"}. Executing controller action with signature System.Threading.Tasks.Task`1[Microsoft.AspNetCore.Mvc.ActionResult`1[BAKERBAZZAR.API.Models.ApiResponse]] Products(System.String, System.String) on controller BAKERBAZZAR.API.Controller.UserController (BAKERBAZZAR.API).
2024-11-13 12:28:10.603 +05:30  INF  Route matched with {action = "Category", controller = "User"}. Executing controller action with signature System.Threading.Tasks.Task`1[Microsoft.AspNetCore.Mvc.ActionResult`1[BAKERBAZZAR.API.Models.ApiResponse]] Category(System.String) on controller BAKERBAZZAR.API.Controller.UserController (BAKERBAZZAR.API).
2024-11-13 12:28:10.610 +05:30  INF  Request starting HTTP/1.1 GET http://localhost:5145/user/myorders?displayid=e62f03f4-2dcf-4f80-bc23-341651bd9338 - -
2024-11-13 12:28:10.610 +05:30  INF  CORS policy execution successful.
2024-11-13 12:28:10.610 +05:30  INF  Executing endpoint 'BAKERBAZZAR.API.Controller.UserController.MyOrders (BAKERBAZZAR.API)'
2024-11-13 12:28:10.610 +05:30  INF  Route matched with {action = "MyOrders", controller = "User"}. Executing controller action with signature System.Threading.Tasks.Task`1[Microsoft.AspNetCore.Mvc.ActionResult`1[BAKERBAZZAR.API.Models.ApiResponse]] MyOrders(System.String, System.String, System.String) on controller BAKERBAZZAR.API.Controller.UserController (BAKERBAZZAR.API).
2024-11-13 12:28:10.629 +05:30  INF  Executing ObjectResult, writing value of type 'BAKERBAZZAR.API.Models.ApiResponse'.
2024-11-13 12:28:10.630 +05:30  INF  Executed action BAKERBAZZAR.API.Controller.UserController.Category (BAKERBAZZAR.API) in 26.2907ms
2024-11-13 12:28:10.630 +05:30  INF  Executed endpoint 'BAKERBAZZAR.API.Controller.UserController.Category (BAKERBAZZAR.API)'
2024-11-13 12:28:10.630 +05:30  INF  Request finished HTTP/1.1 GET http://localhost:5145/User/Category - - - 200 - application/json;+charset=utf-8 31.8593ms
2024-11-13 12:28:10.631 +05:30  INF  Executing ObjectResult, writing value of type 'BAKERBAZZAR.API.Models.ApiResponse'.
2024-11-13 12:28:10.638 +05:30  INF  Executed action BAKERBAZZAR.API.Controller.UserController.Products (BAKERBAZZAR.API) in 33.8987ms
2024-11-13 12:28:10.640 +05:30  INF  Executed endpoint 'BAKERBAZZAR.API.Controller.UserController.Products (BAKERBAZZAR.API)'
2024-11-13 12:28:10.640 +05:30  INF  Request finished HTTP/1.1 GET http://localhost:5145/user/products?categoryid= - - - 200 - application/json;+charset=utf-8 41.8764ms
2024-11-13 12:28:10.655 +05:30  INF  Executing ObjectResult, writing value of type 'BAKERBAZZAR.API.Models.ApiResponse'.
2024-11-13 12:28:10.655 +05:30  INF  Executed action BAKERBAZZAR.API.Controller.UserController.MyOrders (BAKERBAZZAR.API) in 44.9823ms
2024-11-13 12:28:10.655 +05:30  INF  Executed endpoint 'BAKERBAZZAR.API.Controller.UserController.MyOrders (BAKERBAZZAR.API)'
2024-11-13 12:28:10.655 +05:30  INF  Request finished HTTP/1.1 GET http://localhost:5145/user/myorders?displayid=e62f03f4-2dcf-4f80-bc23-341651bd9338 - - - 200 - application/json;+charset=utf-8 45.7157ms
2024-11-13 12:28:10.763 +05:30  INF  Request starting HTTP/1.1 GET http://localhost:5145/User/Category - -
2024-11-13 12:28:10.764 +05:30  INF  CORS policy execution successful.
2024-11-13 12:28:10.764 +05:30  INF  Executing endpoint 'BAKERBAZZAR.API.Controller.UserController.Category (BAKERBAZZAR.API)'
2024-11-13 12:28:10.764 +05:30  INF  Route matched with {action = "Category", controller = "User"}. Executing controller action with signature System.Threading.Tasks.Task`1[Microsoft.AspNetCore.Mvc.ActionResult`1[BAKERBAZZAR.API.Models.ApiResponse]] Category(System.String) on controller BAKERBAZZAR.API.Controller.UserController (BAKERBAZZAR.API).
2024-11-13 12:28:10.766 +05:30  INF  Executing ObjectResult, writing value of type 'BAKERBAZZAR.API.Models.ApiResponse'.
2024-11-13 12:28:10.766 +05:30  INF  Executed action BAKERBAZZAR.API.Controller.UserController.Category (BAKERBAZZAR.API) in 1.9001ms
2024-11-13 12:28:10.766 +05:30  INF  Executed endpoint 'BAKERBAZZAR.API.Controller.UserController.Category (BAKERBAZZAR.API)'
2024-11-13 12:28:10.766 +05:30  INF  Request finished HTTP/1.1 GET http://localhost:5145/User/Category - - - 200 - application/json;+charset=utf-8 2.3811ms
2024-11-13 12:28:10.877 +05:30  INF  Request starting HTTP/1.1 GET http://localhost:5145/user/products?categoryid= - -
2024-11-13 12:28:10.878 +05:30  INF  CORS policy execution successful.
2024-11-13 12:28:10.878 +05:30  INF  Executing endpoint 'BAKERBAZZAR.API.Controller.UserController.Products (BAKERBAZZAR.API)'
2024-11-13 12:28:10.878 +05:30  INF  Route matched with {action = "Products", controller = "User"}. Executing controller action with signature System.Threading.Tasks.Task`1[Microsoft.AspNetCore.Mvc.ActionResult`1[BAKERBAZZAR.API.Models.ApiResponse]] Products(System.String, System.String) on controller BAKERBAZZAR.API.Controller.UserController (BAKERBAZZAR.API).
2024-11-13 12:28:10.882 +05:30  INF  Executing ObjectResult, writing value of type 'BAKERBAZZAR.API.Models.ApiResponse'.
2024-11-13 12:28:10.883 +05:30  INF  Executed action BAKERBAZZAR.API.Controller.UserController.Products (BAKERBAZZAR.API) in 5.352ms
2024-11-13 12:28:10.883 +05:30  INF  Executed endpoint 'BAKERBAZZAR.API.Controller.UserController.Products (BAKERBAZZAR.API)'
2024-11-13 12:28:10.883 +05:30  INF  Request finished HTTP/1.1 GET http://localhost:5145/user/products?categoryid= - - - 200 - application/json;+charset=utf-8 6.5890ms
2024-11-13 12:32:25.236 +05:30  INF  Request starting HTTP/1.1 GET http://localhost:5145/User/Category - -
2024-11-13 12:32:25.236 +05:30  INF  Request starting HTTP/1.1 GET http://localhost:5145/user/products?categoryid= - -
2024-11-13 12:32:25.238 +05:30  INF  CORS policy execution successful.
2024-11-13 12:32:25.238 +05:30  INF  CORS policy execution successful.
2024-11-13 12:32:25.239 +05:30  INF  Executing endpoint 'BAKERBAZZAR.API.Controller.UserController.Products (BAKERBAZZAR.API)'
2024-11-13 12:32:25.239 +05:30  INF  Executing endpoint 'BAKERBAZZAR.API.Controller.UserController.Category (BAKERBAZZAR.API)'
2024-11-13 12:32:25.241 +05:30  INF  Route matched with {action = "Products", controller = "User"}. Executing controller action with signature System.Threading.Tasks.Task`1[Microsoft.AspNetCore.Mvc.ActionResult`1[BAKERBAZZAR.API.Models.ApiResponse]] Products(System.String, System.String) on controller BAKERBAZZAR.API.Controller.UserController (BAKERBAZZAR.API).
2024-11-13 12:32:25.241 +05:30  INF  Route matched with {action = "Category", controller = "User"}. Executing controller action with signature System.Threading.Tasks.Task`1[Microsoft.AspNetCore.Mvc.ActionResult`1[BAKERBAZZAR.API.Models.ApiResponse]] Category(System.String) on controller BAKERBAZZAR.API.Controller.UserController (BAKERBAZZAR.API).
2024-11-13 12:32:25.265 +05:30  INF  Request starting HTTP/1.1 GET http://localhost:5145/user/myorders?displayid=e62f03f4-2dcf-4f80-bc23-341651bd9338 - -
2024-11-13 12:32:25.265 +05:30  INF  CORS policy execution successful.
2024-11-13 12:32:25.265 +05:30  INF  Executing endpoint 'BAKERBAZZAR.API.Controller.UserController.MyOrders (BAKERBAZZAR.API)'
2024-11-13 12:32:25.265 +05:30  INF  Route matched with {action = "MyOrders", controller = "User"}. Executing controller action with signature System.Threading.Tasks.Task`1[Microsoft.AspNetCore.Mvc.ActionResult`1[BAKERBAZZAR.API.Models.ApiResponse]] MyOrders(System.String, System.String, System.String) on controller BAKERBAZZAR.API.Controller.UserController (BAKERBAZZAR.API).
2024-11-13 12:32:25.350 +05:30  INF  Executing ObjectResult, writing value of type 'BAKERBAZZAR.API.Models.ApiResponse'.
2024-11-13 12:32:25.351 +05:30  INF  Executing ObjectResult, writing value of type 'BAKERBAZZAR.API.Models.ApiResponse'.
2024-11-13 12:32:25.352 +05:30  INF  Executed action BAKERBAZZAR.API.Controller.UserController.Category (BAKERBAZZAR.API) in 110.7169ms
2024-11-13 12:32:25.352 +05:30  INF  Executed endpoint 'BAKERBAZZAR.API.Controller.UserController.Category (BAKERBAZZAR.API)'
2024-11-13 12:32:25.352 +05:30  INF  Request finished HTTP/1.1 GET http://localhost:5145/User/Category - - - 200 - application/json;+charset=utf-8 119.0913ms
2024-11-13 12:32:25.535 +05:30  INF  Request starting HTTP/1.1 GET http://localhost:5145/user/products?categoryid= - -
2024-11-13 12:32:25.539 +05:30  INF  CORS policy execution successful.
2024-11-13 12:32:25.540 +05:30  INF  Executing endpoint 'BAKERBAZZAR.API.Controller.UserController.Products (BAKERBAZZAR.API)'
2024-11-13 12:32:25.540 +05:30  INF  Route matched with {action = "Products", controller = "User"}. Executing controller action with signature System.Threading.Tasks.Task`1[Microsoft.AspNetCore.Mvc.ActionResult`1[BAKERBAZZAR.API.Models.ApiResponse]] Products(System.String, System.String) on controller BAKERBAZZAR.API.Controller.UserController (BAKERBAZZAR.API).
2024-11-13 12:32:25.544 +05:30  INF  Request starting HTTP/1.1 GET http://localhost:5145/User/Category - -
2024-11-13 12:32:25.544 +05:30  INF  CORS policy execution successful.
2024-11-13 12:32:25.545 +05:30  INF  Executing endpoint 'BAKERBAZZAR.API.Controller.UserController.Category (BAKERBAZZAR.API)'
2024-11-13 12:32:25.545 +05:30  INF  Route matched with {action = "Category", controller = "User"}. Executing controller action with signature System.Threading.Tasks.Task`1[Microsoft.AspNetCore.Mvc.ActionResult`1[BAKERBAZZAR.API.Models.ApiResponse]] Category(System.String) on controller BAKERBAZZAR.API.Controller.UserController (BAKERBAZZAR.API).
2024-11-13 12:32:25.570 +05:30  INF  Executed action BAKERBAZZAR.API.Controller.UserController.Products (BAKERBAZZAR.API) in 328.8809ms
2024-11-13 12:32:25.570 +05:30  INF  Executed endpoint 'BAKERBAZZAR.API.Controller.UserController.Products (BAKERBAZZAR.API)'
2024-11-13 12:32:25.570 +05:30  INF  Request finished HTTP/1.1 GET http://localhost:5145/user/products?categoryid= - - - 200 - application/json;+charset=utf-8 337.1879ms
2024-11-13 12:32:25.593 +05:30  INF  Executing ObjectResult, writing value of type 'BAKERBAZZAR.API.Models.ApiResponse'.
2024-11-13 12:32:25.593 +05:30  INF  Executed action BAKERBAZZAR.API.Controller.UserController.Category (BAKERBAZZAR.API) in 47.947ms
2024-11-13 12:32:25.593 +05:30  INF  Executed endpoint 'BAKERBAZZAR.API.Controller.UserController.Category (BAKERBAZZAR.API)'
2024-11-13 12:32:25.593 +05:30  INF  Request finished HTTP/1.1 GET http://localhost:5145/User/Category - - - 200 - application/json;+charset=utf-8 49.4170ms
2024-11-13 12:32:25.601 +05:30  INF  Executing ObjectResult, writing value of type 'BAKERBAZZAR.API.Models.ApiResponse'.
2024-11-13 12:32:25.601 +05:30  INF  Executed action BAKERBAZZAR.API.Controller.UserController.Products (BAKERBAZZAR.API) in 61.7042ms
2024-11-13 12:32:25.602 +05:30  INF  Executed endpoint 'BAKERBAZZAR.API.Controller.UserController.Products (BAKERBAZZAR.API)'
2024-11-13 12:32:25.602 +05:30  INF  Request finished HTTP/1.1 GET http://localhost:5145/user/products?categoryid= - - - 200 - application/json;+charset=utf-8 66.4742ms
2024-11-13 12:32:25.605 +05:30  INF  Executing ObjectResult, writing value of type 'BAKERBAZZAR.API.Models.ApiResponse'.
2024-11-13 12:32:25.606 +05:30  INF  Executed action BAKERBAZZAR.API.Controller.UserController.MyOrders (BAKERBAZZAR.API) in 340.5657ms
2024-11-13 12:32:25.606 +05:30  INF  Executed endpoint 'BAKERBAZZAR.API.Controller.UserController.MyOrders (BAKERBAZZAR.API)'
2024-11-13 12:32:25.606 +05:30  INF  Request finished HTTP/1.1 GET http://localhost:5145/user/myorders?displayid=e62f03f4-2dcf-4f80-bc23-341651bd9338 - - - 200 - application/json;+charset=utf-8 341.3127ms
2024-11-13 12:38:15.329 +05:30  INF  Request starting HTTP/1.1 GET http://localhost:5145/user/products?categoryid=3e85ca1f-91c2-42f2-9b05-bd920051c25e - -
2024-11-13 12:38:15.332 +05:30  INF  CORS policy execution successful.
2024-11-13 12:38:15.332 +05:30  INF  Executing endpoint 'BAKERBAZZAR.API.Controller.UserController.Products (BAKERBAZZAR.API)'
2024-11-13 12:38:15.334 +05:30  INF  Route matched with {action = "Products", controller = "User"}. Executing controller action with signature System.Threading.Tasks.Task`1[Microsoft.AspNetCore.Mvc.ActionResult`1[BAKERBAZZAR.API.Models.ApiResponse]] Products(System.String, System.String) on controller BAKERBAZZAR.API.Controller.UserController (BAKERBAZZAR.API).
2024-11-13 12:38:15.671 +05:30  INF  Executing ObjectResult, writing value of type 'BAKERBAZZAR.API.Models.ApiResponse'.
2024-11-13 12:38:15.673 +05:30  INF  Executed action BAKERBAZZAR.API.Controller.UserController.Products (BAKERBAZZAR.API) in 338.5462ms
2024-11-13 12:38:15.673 +05:30  INF  Executed endpoint 'BAKERBAZZAR.API.Controller.UserController.Products (BAKERBAZZAR.API)'
2024-11-13 12:38:15.673 +05:30  INF  Request finished HTTP/1.1 GET http://localhost:5145/user/products?categoryid=3e85ca1f-91c2-42f2-9b05-bd920051c25e - - - 200 - application/json;+charset=utf-8 345.8347ms
2024-11-13 12:57:08.831 +05:30  INF  Request starting HTTP/1.1 GET http://localhost:5145/User/Category - -
2024-11-13 12:57:08.831 +05:30  INF  Request starting HTTP/1.1 GET http://localhost:5145/user/products?categoryid= - -
2024-11-13 12:57:08.844 +05:30  INF  Request starting HTTP/1.1 GET http://localhost:5145/user/myorders?displayid=e62f03f4-2dcf-4f80-bc23-341651bd9338 - -
2024-11-13 12:57:08.849 +05:30  INF  CORS policy execution successful.
2024-11-13 12:57:08.849 +05:30  INF  CORS policy execution successful.
2024-11-13 12:57:08.849 +05:30  INF  CORS policy execution successful.
2024-11-13 12:57:08.850 +05:30  INF  Executing endpoint 'BAKERBAZZAR.API.Controller.UserController.MyOrders (BAKERBAZZAR.API)'
2024-11-13 12:57:08.850 +05:30  INF  Executing endpoint 'BAKERBAZZAR.API.Controller.UserController.Category (BAKERBAZZAR.API)'
2024-11-13 12:57:08.850 +05:30  INF  Executing endpoint 'BAKERBAZZAR.API.Controller.UserController.Products (BAKERBAZZAR.API)'
2024-11-13 12:57:08.854 +05:30  INF  Route matched with {action = "Products", controller = "User"}. Executing controller action with signature System.Threading.Tasks.Task`1[Microsoft.AspNetCore.Mvc.ActionResult`1[BAKERBAZZAR.API.Models.ApiResponse]] Products(System.String, System.String) on controller BAKERBAZZAR.API.Controller.UserController (BAKERBAZZAR.API).
2024-11-13 12:57:08.854 +05:30  INF  Route matched with {action = "Category", controller = "User"}. Executing controller action with signature System.Threading.Tasks.Task`1[Microsoft.AspNetCore.Mvc.ActionResult`1[BAKERBAZZAR.API.Models.ApiResponse]] Category(System.String) on controller BAKERBAZZAR.API.Controller.UserController (BAKERBAZZAR.API).
2024-11-13 12:57:08.854 +05:30  INF  Route matched with {action = "MyOrders", controller = "User"}. Executing controller action with signature System.Threading.Tasks.Task`1[Microsoft.AspNetCore.Mvc.ActionResult`1[BAKERBAZZAR.API.Models.ApiResponse]] MyOrders(System.String, System.String, System.String) on controller BAKERBAZZAR.API.Controller.UserController (BAKERBAZZAR.API).
2024-11-13 12:57:09.341 +05:30  INF  Executing ObjectResult, writing value of type 'BAKERBAZZAR.API.Models.ApiResponse'.
2024-11-13 12:57:09.341 +05:30  INF  Executing ObjectResult, writing value of type 'BAKERBAZZAR.API.Models.ApiResponse'.
2024-11-13 12:57:09.345 +05:30  INF  Executed action BAKERBAZZAR.API.Controller.UserController.Category (BAKERBAZZAR.API) in 490.3608ms
2024-11-13 12:57:09.346 +05:30  INF  Executed action BAKERBAZZAR.API.Controller.UserController.Products (BAKERBAZZAR.API) in 491.4406ms
2024-11-13 12:57:09.346 +05:30  INF  Executed endpoint 'BAKERBAZZAR.API.Controller.UserController.Category (BAKERBAZZAR.API)'
2024-11-13 12:57:09.346 +05:30  INF  Executed endpoint 'BAKERBAZZAR.API.Controller.UserController.Products (BAKERBAZZAR.API)'
2024-11-13 12:57:09.346 +05:30  INF  Request finished HTTP/1.1 GET http://localhost:5145/user/products?categoryid= - - - 200 - application/json;+charset=utf-8 524.4603ms
2024-11-13 12:57:09.346 +05:30  INF  Request finished HTTP/1.1 GET http://localhost:5145/User/Category - - - 200 - application/json;+charset=utf-8 523.9647ms
2024-11-13 12:57:09.355 +05:30  INF  Request starting HTTP/1.1 GET http://localhost:5145/User/Category - -
2024-11-13 12:57:09.355 +05:30  INF  Request starting HTTP/1.1 GET http://localhost:5145/user/products?categoryid= - -
2024-11-13 12:57:09.355 +05:30  INF  CORS policy execution successful.
2024-11-13 12:57:09.356 +05:30  INF  CORS policy execution successful.
2024-11-13 12:57:09.356 +05:30  INF  Executing endpoint 'BAKERBAZZAR.API.Controller.UserController.Category (BAKERBAZZAR.API)'
2024-11-13 12:57:09.356 +05:30  INF  Route matched with {action = "Category", controller = "User"}. Executing controller action with signature System.Threading.Tasks.Task`1[Microsoft.AspNetCore.Mvc.ActionResult`1[BAKERBAZZAR.API.Models.ApiResponse]] Category(System.String) on controller BAKERBAZZAR.API.Controller.UserController (BAKERBAZZAR.API).
2024-11-13 12:57:09.356 +05:30  INF  Executing endpoint 'BAKERBAZZAR.API.Controller.UserController.Products (BAKERBAZZAR.API)'
2024-11-13 12:57:09.356 +05:30  INF  Route matched with {action = "Products", controller = "User"}. Executing controller action with signature System.Threading.Tasks.Task`1[Microsoft.AspNetCore.Mvc.ActionResult`1[BAKERBAZZAR.API.Models.ApiResponse]] Products(System.String, System.String) on controller BAKERBAZZAR.API.Controller.UserController (BAKERBAZZAR.API).
2024-11-13 12:57:09.360 +05:30  INF  Executing ObjectResult, writing value of type 'BAKERBAZZAR.API.Models.ApiResponse'.
2024-11-13 12:57:09.360 +05:30  INF  Executing ObjectResult, writing value of type 'BAKERBAZZAR.API.Models.ApiResponse'.
2024-11-13 12:57:09.360 +05:30  INF  Executed action BAKERBAZZAR.API.Controller.UserController.Category (BAKERBAZZAR.API) in 4.1587ms
2024-11-13 12:57:09.360 +05:30  INF  Executed endpoint 'BAKERBAZZAR.API.Controller.UserController.Category (BAKERBAZZAR.API)'
2024-11-13 12:57:09.360 +05:30  INF  Request finished HTTP/1.1 GET http://localhost:5145/User/Category - - - 200 - application/json;+charset=utf-8 5.2737ms
2024-11-13 12:57:09.361 +05:30  INF  Executed action BAKERBAZZAR.API.Controller.UserController.MyOrders (BAKERBAZZAR.API) in 506.6883ms
2024-11-13 12:57:09.361 +05:30  INF  Executed endpoint 'BAKERBAZZAR.API.Controller.UserController.MyOrders (BAKERBAZZAR.API)'
2024-11-13 12:57:09.361 +05:30  INF  Request finished HTTP/1.1 GET http://localhost:5145/user/myorders?displayid=e62f03f4-2dcf-4f80-bc23-341651bd9338 - - - 200 - application/json;+charset=utf-8 516.9484ms
2024-11-13 12:57:09.365 +05:30  INF  Executing ObjectResult, writing value of type 'BAKERBAZZAR.API.Models.ApiResponse'.
2024-11-13 12:57:09.366 +05:30  INF  Executed action BAKERBAZZAR.API.Controller.UserController.Products (BAKERBAZZAR.API) in 9.819ms
2024-11-13 12:57:09.366 +05:30  INF  Executed endpoint 'BAKERBAZZAR.API.Controller.UserController.Products (BAKERBAZZAR.API)'
2024-11-13 12:57:09.366 +05:30  INF  Request finished HTTP/1.1 GET http://localhost:5145/user/products?categoryid= - - - 200 - application/json;+charset=utf-8 10.9419ms
2024-11-13 12:59:10.978 +05:30  INF  Request starting HTTP/1.1 GET http://localhost:5145/user/products?categoryid=3e85ca1f-91c2-42f2-9b05-bd920051c25e - -
2024-11-13 12:59:10.980 +05:30  INF  CORS policy execution successful.
2024-11-13 12:59:10.981 +05:30  INF  Executing endpoint 'BAKERBAZZAR.API.Controller.UserController.Products (BAKERBAZZAR.API)'
2024-11-13 12:59:10.982 +05:30  INF  Route matched with {action = "Products", controller = "User"}. Executing controller action with signature System.Threading.Tasks.Task`1[Microsoft.AspNetCore.Mvc.ActionResult`1[BAKERBAZZAR.API.Models.ApiResponse]] Products(System.String, System.String) on controller BAKERBAZZAR.API.Controller.UserController (BAKERBAZZAR.API).
2024-11-13 12:59:11.069 +05:30  INF  Executing ObjectResult, writing value of type 'BAKERBAZZAR.API.Models.ApiResponse'.
2024-11-13 12:59:11.071 +05:30  INF  Executed action BAKERBAZZAR.API.Controller.UserController.Products (BAKERBAZZAR.API) in 88.9036ms
2024-11-13 12:59:11.072 +05:30  INF  Executed endpoint 'BAKERBAZZAR.API.Controller.UserController.Products (BAKERBAZZAR.API)'
2024-11-13 12:59:11.072 +05:30  INF  Request finished HTTP/1.1 GET http://localhost:5145/user/products?categoryid=3e85ca1f-91c2-42f2-9b05-bd920051c25e - - - 200 - application/json;+charset=utf-8 96.7115ms
2024-11-13 13:00:06.810 +05:30  INF  Request starting HTTP/1.1 GET http://localhost:5145/User/CartDetails?displayid=702dcb1e-b399-4b22-a4ad-ac33169d26fd - -
2024-11-13 13:00:06.811 +05:30  INF  CORS policy execution successful.
2024-11-13 13:00:06.811 +05:30  INF  Executing endpoint 'BAKERBAZZAR.API.Controller.UserController.CartDetails (BAKERBAZZAR.API)'
2024-11-13 13:00:06.811 +05:30  INF  Route matched with {action = "CartDetails", controller = "User"}. Executing controller action with signature System.Threading.Tasks.Task`1[Microsoft.AspNetCore.Mvc.ActionResult`1[BAKERBAZZAR.API.Models.ApiResponse]] CartDetails(System.String) on controller BAKERBAZZAR.API.Controller.UserController (BAKERBAZZAR.API).
2024-11-13 13:00:06.875 +05:30  INF  Executing ObjectResult, writing value of type 'BAKERBAZZAR.API.Models.ApiResponse'.
2024-11-13 13:00:06.876 +05:30  INF  Executed action BAKERBAZZAR.API.Controller.UserController.CartDetails (BAKERBAZZAR.API) in 63.9696ms
2024-11-13 13:00:06.876 +05:30  INF  Executed endpoint 'BAKERBAZZAR.API.Controller.UserController.CartDetails (BAKERBAZZAR.API)'
2024-11-13 13:00:06.876 +05:30  INF  Request finished HTTP/1.1 GET http://localhost:5145/User/CartDetails?displayid=702dcb1e-b399-4b22-a4ad-ac33169d26fd - - - 200 - application/json;+charset=utf-8 65.6299ms
2024-11-13 13:00:06.980 +05:30  INF  Request starting HTTP/1.1 GET http://localhost:5145/User/CartDetails?displayid=702dcb1e-b399-4b22-a4ad-ac33169d26fd - -
2024-11-13 13:00:06.980 +05:30  INF  CORS policy execution successful.
2024-11-13 13:00:06.981 +05:30  INF  Executing endpoint 'BAKERBAZZAR.API.Controller.UserController.CartDetails (BAKERBAZZAR.API)'
2024-11-13 13:00:06.981 +05:30  INF  Route matched with {action = "CartDetails", controller = "User"}. Executing controller action with signature System.Threading.Tasks.Task`1[Microsoft.AspNetCore.Mvc.ActionResult`1[BAKERBAZZAR.API.Models.ApiResponse]] CartDetails(System.String) on controller BAKERBAZZAR.API.Controller.UserController (BAKERBAZZAR.API).
2024-11-13 13:00:06.981 +05:30  INF  Executing ObjectResult, writing value of type 'BAKERBAZZAR.API.Models.ApiResponse'.
2024-11-13 13:00:06.982 +05:30  INF  Executed action BAKERBAZZAR.API.Controller.UserController.CartDetails (BAKERBAZZAR.API) in 0.9102ms
2024-11-13 13:00:06.982 +05:30  INF  Executed endpoint 'BAKERBAZZAR.API.Controller.UserController.CartDetails (BAKERBAZZAR.API)'
2024-11-13 13:00:06.982 +05:30  INF  Request finished HTTP/1.1 GET http://localhost:5145/User/CartDetails?displayid=702dcb1e-b399-4b22-a4ad-ac33169d26fd - - - 200 - application/json;+charset=utf-8 1.3905ms
2024-11-13 13:02:09.745 +05:30  INF  Request starting HTTP/1.1 OPTIONS http://localhost:5145/User/AddToCart - -
2024-11-13 13:02:09.746 +05:30  INF  CORS policy execution successful.
2024-11-13 13:02:09.747 +05:30  INF  Request finished HTTP/1.1 OPTIONS http://localhost:5145/User/AddToCart - - - 204 - - 2.7775ms
2024-11-13 13:02:09.752 +05:30  INF  Request starting HTTP/1.1 POST http://localhost:5145/User/AddToCart application/json 140
2024-11-13 13:02:09.752 +05:30  INF  CORS policy execution successful.
2024-11-13 13:02:09.753 +05:30  INF  Executing endpoint 'BAKERBAZZAR.API.Controller.UserController.AddToCart (BAKERBAZZAR.API)'
2024-11-13 13:02:09.753 +05:30  INF  Route matched with {action = "AddToCart", controller = "User"}. Executing controller action with signature System.Threading.Tasks.Task`1[Microsoft.AspNetCore.Mvc.ActionResult`1[BAKERBAZZAR.API.Models.ApiResponse]] AddToCart(BAKERBAZZAR.API.Models.IO_Templates.AddToCartRequest) on controller BAKERBAZZAR.API.Controller.UserController (BAKERBAZZAR.API).
2024-11-13 13:02:13.750 +05:30  INF  Request starting HTTP/1.1 POST http://localhost:5145/User/AddToCart application/json 140
2024-11-13 13:02:13.750 +05:30  INF  CORS policy execution successful.
2024-11-13 13:02:13.750 +05:30  INF  Executing endpoint 'BAKERBAZZAR.API.Controller.UserController.AddToCart (BAKERBAZZAR.API)'
2024-11-13 13:02:13.750 +05:30  INF  Route matched with {action = "AddToCart", controller = "User"}. Executing controller action with signature System.Threading.Tasks.Task`1[Microsoft.AspNetCore.Mvc.ActionResult`1[BAKERBAZZAR.API.Models.ApiResponse]] AddToCart(BAKERBAZZAR.API.Models.IO_Templates.AddToCartRequest) on controller BAKERBAZZAR.API.Controller.UserController (BAKERBAZZAR.API).
2024-11-13 13:02:25.394 +05:30  INF  Executing ObjectResult, writing value of type 'BAKERBAZZAR.API.Models.ApiResponse'.
2024-11-13 13:02:25.395 +05:30  INF  Executed action BAKERBAZZAR.API.Controller.UserController.AddToCart (BAKERBAZZAR.API) in 15641.3002ms
2024-11-13 13:02:25.395 +05:30  INF  Executed endpoint 'BAKERBAZZAR.API.Controller.UserController.AddToCart (BAKERBAZZAR.API)'
2024-11-13 13:02:25.395 +05:30  INF  Request finished HTTP/1.1 POST http://localhost:5145/User/AddToCart application/json 140 - 200 - application/json;+charset=utf-8 15644.7932ms
2024-11-13 13:02:44.092 +05:30  INF  Request starting HTTP/1.1 OPTIONS http://localhost:5145/User/AddToCart - -
2024-11-13 13:02:44.092 +05:30  INF  CORS policy execution successful.
2024-11-13 13:02:44.092 +05:30  INF  Request finished HTTP/1.1 OPTIONS http://localhost:5145/User/AddToCart - - - 204 - - 0.2917ms
2024-11-13 13:02:44.094 +05:30  INF  Request starting HTTP/1.1 POST http://localhost:5145/User/AddToCart application/json 140
2024-11-13 13:02:44.094 +05:30  INF  CORS policy execution successful.
2024-11-13 13:02:44.094 +05:30  INF  Executing endpoint 'BAKERBAZZAR.API.Controller.UserController.AddToCart (BAKERBAZZAR.API)'
2024-11-13 13:02:44.094 +05:30  INF  Route matched with {action = "AddToCart", controller = "User"}. Executing controller action with signature System.Threading.Tasks.Task`1[Microsoft.AspNetCore.Mvc.ActionResult`1[BAKERBAZZAR.API.Models.ApiResponse]] AddToCart(BAKERBAZZAR.API.Models.IO_Templates.AddToCartRequest) on controller BAKERBAZZAR.API.Controller.UserController (BAKERBAZZAR.API).
2024-11-13 13:02:44.145 +05:30  INF  Executing ObjectResult, writing value of type 'BAKERBAZZAR.API.Models.ApiResponse'.
2024-11-13 13:02:44.145 +05:30  INF  Executed action BAKERBAZZAR.API.Controller.UserController.AddToCart (BAKERBAZZAR.API) in 51.42ms
2024-11-13 13:02:44.145 +05:30  INF  Executed endpoint 'BAKERBAZZAR.API.Controller.UserController.AddToCart (BAKERBAZZAR.API)'
2024-11-13 13:02:44.145 +05:30  INF  Request finished HTTP/1.1 POST http://localhost:5145/User/AddToCart application/json 140 - 200 - application/json;+charset=utf-8 51.7841ms
2024-11-13 13:02:44.173 +05:30  INF  Executing ObjectResult, writing value of type 'BAKERBAZZAR.API.Models.ApiResponse'.
2024-11-13 13:02:44.173 +05:30  INF  Executed action BAKERBAZZAR.API.Controller.UserController.AddToCart (BAKERBAZZAR.API) in 30422.6087ms
2024-11-13 13:02:44.173 +05:30  INF  Executed endpoint 'BAKERBAZZAR.API.Controller.UserController.AddToCart (BAKERBAZZAR.API)'
2024-11-13 13:02:44.173 +05:30  INF  Request finished HTTP/1.1 POST http://localhost:5145/User/AddToCart application/json 140 - 417 - application/json;+charset=utf-8 30423.0620ms
2024-11-13 13:02:54.977 +05:30  INF  Request starting HTTP/1.1 OPTIONS http://localhost:5145/User/AddToCart - -
2024-11-13 13:02:54.978 +05:30  INF  CORS policy execution successful.
2024-11-13 13:02:54.979 +05:30  INF  Request finished HTTP/1.1 OPTIONS http://localhost:5145/User/AddToCart - - - 204 - - 1.9949ms
2024-11-13 13:02:54.980 +05:30  INF  Request starting HTTP/1.1 POST http://localhost:5145/User/AddToCart application/json 140
2024-11-13 13:02:54.980 +05:30  INF  CORS policy execution successful.
2024-11-13 13:02:54.980 +05:30  INF  Executing endpoint 'BAKERBAZZAR.API.Controller.UserController.AddToCart (BAKERBAZZAR.API)'
2024-11-13 13:02:54.980 +05:30  INF  Route matched with {action = "AddToCart", controller = "User"}. Executing controller action with signature System.Threading.Tasks.Task`1[Microsoft.AspNetCore.Mvc.ActionResult`1[BAKERBAZZAR.API.Models.ApiResponse]] AddToCart(BAKERBAZZAR.API.Models.IO_Templates.AddToCartRequest) on controller BAKERBAZZAR.API.Controller.UserController (BAKERBAZZAR.API).
2024-11-13 13:02:59.211 +05:30  INF  Request starting HTTP/1.1 GET http://localhost:5145/User/CartDetails?displayid=702dcb1e-b399-4b22-a4ad-ac33169d26fd - -
2024-11-13 13:02:59.212 +05:30  INF  CORS policy execution successful.
2024-11-13 13:02:59.212 +05:30  INF  Executing endpoint 'BAKERBAZZAR.API.Controller.UserController.CartDetails (BAKERBAZZAR.API)'
2024-11-13 13:02:59.212 +05:30  INF  Route matched with {action = "CartDetails", controller = "User"}. Executing controller action with signature System.Threading.Tasks.Task`1[Microsoft.AspNetCore.Mvc.ActionResult`1[BAKERBAZZAR.API.Models.ApiResponse]] CartDetails(System.String) on controller BAKERBAZZAR.API.Controller.UserController (BAKERBAZZAR.API).
2024-11-13 13:02:59.224 +05:30  INF  Executing ObjectResult, writing value of type 'BAKERBAZZAR.API.Models.ApiResponse'.
2024-11-13 13:02:59.224 +05:30  INF  Executed action BAKERBAZZAR.API.Controller.UserController.AddToCart (BAKERBAZZAR.API) in 4243.334ms
2024-11-13 13:02:59.224 +05:30  INF  Executed endpoint 'BAKERBAZZAR.API.Controller.UserController.AddToCart (BAKERBAZZAR.API)'
2024-11-13 13:02:59.224 +05:30  INF  Request finished HTTP/1.1 POST http://localhost:5145/User/AddToCart application/json 140 - 200 - application/json;+charset=utf-8 4243.8560ms
2024-11-13 13:02:59.230 +05:30  INF  Executing ObjectResult, writing value of type 'BAKERBAZZAR.API.Models.ApiResponse'.
2024-11-13 13:02:59.231 +05:30  INF  Executed action BAKERBAZZAR.API.Controller.UserController.CartDetails (BAKERBAZZAR.API) in 18.0726ms
2024-11-13 13:02:59.231 +05:30  INF  Executed endpoint 'BAKERBAZZAR.API.Controller.UserController.CartDetails (BAKERBAZZAR.API)'
2024-11-13 13:02:59.233 +05:30  INF  Request finished HTTP/1.1 GET http://localhost:5145/User/CartDetails?displayid=702dcb1e-b399-4b22-a4ad-ac33169d26fd - - - 200 - application/json;+charset=utf-8 19.4375ms
2024-11-13 13:02:59.381 +05:30  INF  Request starting HTTP/1.1 GET http://localhost:5145/User/CartDetails?displayid=702dcb1e-b399-4b22-a4ad-ac33169d26fd - -
2024-11-13 13:02:59.381 +05:30  INF  CORS policy execution successful.
2024-11-13 13:02:59.381 +05:30  INF  Executing endpoint 'BAKERBAZZAR.API.Controller.UserController.CartDetails (BAKERBAZZAR.API)'
2024-11-13 13:02:59.381 +05:30  INF  Route matched with {action = "CartDetails", controller = "User"}. Executing controller action with signature System.Threading.Tasks.Task`1[Microsoft.AspNetCore.Mvc.ActionResult`1[BAKERBAZZAR.API.Models.ApiResponse]] CartDetails(System.String) on controller BAKERBAZZAR.API.Controller.UserController (BAKERBAZZAR.API).
2024-11-13 13:02:59.382 +05:30  INF  Executing ObjectResult, writing value of type 'BAKERBAZZAR.API.Models.ApiResponse'.
2024-11-13 13:02:59.382 +05:30  INF  Executed action BAKERBAZZAR.API.Controller.UserController.CartDetails (BAKERBAZZAR.API) in 0.6578ms
2024-11-13 13:02:59.382 +05:30  INF  Executed endpoint 'BAKERBAZZAR.API.Controller.UserController.CartDetails (BAKERBAZZAR.API)'
2024-11-13 13:02:59.382 +05:30  INF  Request finished HTTP/1.1 GET http://localhost:5145/User/CartDetails?displayid=702dcb1e-b399-4b22-a4ad-ac33169d26fd - - - 200 - application/json;+charset=utf-8 0.9854ms
2024-11-13 13:03:05.519 +05:30  INF  Request starting HTTP/1.1 GET http://localhost:5145/User/CartDetails?displayid=702dcb1e-b399-4b22-a4ad-ac33169d26fd - -
2024-11-13 13:03:05.519 +05:30  INF  CORS policy execution successful.
2024-11-13 13:03:05.519 +05:30  INF  Executing endpoint 'BAKERBAZZAR.API.Controller.UserController.CartDetails (BAKERBAZZAR.API)'
2024-11-13 13:03:05.519 +05:30  INF  Route matched with {action = "CartDetails", controller = "User"}. Executing controller action with signature System.Threading.Tasks.Task`1[Microsoft.AspNetCore.Mvc.ActionResult`1[BAKERBAZZAR.API.Models.ApiResponse]] CartDetails(System.String) on controller BAKERBAZZAR.API.Controller.UserController (BAKERBAZZAR.API).
2024-11-13 13:03:05.520 +05:30  INF  Request starting HTTP/1.1 GET http://localhost:5145/User/Category - -
2024-11-13 13:03:05.521 +05:30  INF  Request starting HTTP/1.1 GET http://localhost:5145/user/products?categoryid= - -
2024-11-13 13:03:05.521 +05:30  INF  CORS policy execution successful.
2024-11-13 13:03:05.521 +05:30  INF  CORS policy execution successful.
2024-11-13 13:03:05.521 +05:30  INF  Executing endpoint 'BAKERBAZZAR.API.Controller.UserController.Category (BAKERBAZZAR.API)'
2024-11-13 13:03:05.521 +05:30  INF  Executing endpoint 'BAKERBAZZAR.API.Controller.UserController.Products (BAKERBAZZAR.API)'
2024-11-13 13:03:05.521 +05:30  INF  Route matched with {action = "Category", controller = "User"}. Executing controller action with signature System.Threading.Tasks.Task`1[Microsoft.AspNetCore.Mvc.ActionResult`1[BAKERBAZZAR.API.Models.ApiResponse]] Category(System.String) on controller BAKERBAZZAR.API.Controller.UserController (BAKERBAZZAR.API).
2024-11-13 13:03:05.521 +05:30  INF  Route matched with {action = "Products", controller = "User"}. Executing controller action with signature System.Threading.Tasks.Task`1[Microsoft.AspNetCore.Mvc.ActionResult`1[BAKERBAZZAR.API.Models.ApiResponse]] Products(System.String, System.String) on controller BAKERBAZZAR.API.Controller.UserController (BAKERBAZZAR.API).
2024-11-13 13:03:05.551 +05:30  INF  Executing ObjectResult, writing value of type 'BAKERBAZZAR.API.Models.ApiResponse'.
2024-11-13 13:03:05.552 +05:30  INF  Executed action BAKERBAZZAR.API.Controller.UserController.Category (BAKERBAZZAR.API) in 30.4585ms
2024-11-13 13:03:05.552 +05:30  INF  Executed endpoint 'BAKERBAZZAR.API.Controller.UserController.Category (BAKERBAZZAR.API)'
2024-11-13 13:03:05.552 +05:30  INF  Request finished HTTP/1.1 GET http://localhost:5145/User/Category - - - 200 - application/json;+charset=utf-8 31.3821ms
2024-11-13 13:03:05.663 +05:30  INF  Request starting HTTP/1.1 GET http://localhost:5145/user/myorders?displayid=e62f03f4-2dcf-4f80-bc23-341651bd9338 - -
2024-11-13 13:03:05.663 +05:30  INF  CORS policy execution successful.
2024-11-13 13:03:05.663 +05:30  INF  Executing endpoint 'BAKERBAZZAR.API.Controller.UserController.MyOrders (BAKERBAZZAR.API)'
2024-11-13 13:03:05.663 +05:30  INF  Route matched with {action = "MyOrders", controller = "User"}. Executing controller action with signature System.Threading.Tasks.Task`1[Microsoft.AspNetCore.Mvc.ActionResult`1[BAKERBAZZAR.API.Models.ApiResponse]] MyOrders(System.String, System.String, System.String) on controller BAKERBAZZAR.API.Controller.UserController (BAKERBAZZAR.API).
2024-11-13 13:03:05.845 +05:30  INF  Request starting HTTP/1.1 GET http://localhost:5145/User/Category - -
2024-11-13 13:03:05.845 +05:30  INF  CORS policy execution successful.
2024-11-13 13:03:05.845 +05:30  INF  Executing endpoint 'BAKERBAZZAR.API.Controller.UserController.Category (BAKERBAZZAR.API)'
2024-11-13 13:03:05.846 +05:30  INF  Route matched with {action = "Category", controller = "User"}. Executing controller action with signature System.Threading.Tasks.Task`1[Microsoft.AspNetCore.Mvc.ActionResult`1[BAKERBAZZAR.API.Models.ApiResponse]] Category(System.String) on controller BAKERBAZZAR.API.Controller.UserController (BAKERBAZZAR.API).
2024-11-13 13:03:05.875 +05:30  INF  Executing ObjectResult, writing value of type 'BAKERBAZZAR.API.Models.ApiResponse'.
2024-11-13 13:03:05.875 +05:30  INF  Executed action BAKERBAZZAR.API.Controller.UserController.CartDetails (BAKERBAZZAR.API) in 355.8646ms
2024-11-13 13:03:05.875 +05:30  INF  Executed endpoint 'BAKERBAZZAR.API.Controller.UserController.CartDetails (BAKERBAZZAR.API)'
2024-11-13 13:03:05.875 +05:30  INF  Request finished HTTP/1.1 GET http://localhost:5145/User/CartDetails?displayid=702dcb1e-b399-4b22-a4ad-ac33169d26fd - - - 200 - application/json;+charset=utf-8 356.5057ms
2024-11-13 13:03:05.880 +05:30  INF  Request starting HTTP/1.1 GET http://localhost:5145/User/CartDetails?displayid=702dcb1e-b399-4b22-a4ad-ac33169d26fd - -
2024-11-13 13:03:05.881 +05:30  INF  CORS policy execution successful.
2024-11-13 13:03:05.881 +05:30  INF  Executing endpoint 'BAKERBAZZAR.API.Controller.UserController.CartDetails (BAKERBAZZAR.API)'
2024-11-13 13:03:05.881 +05:30  INF  Route matched with {action = "CartDetails", controller = "User"}. Executing controller action with signature System.Threading.Tasks.Task`1[Microsoft.AspNetCore.Mvc.ActionResult`1[BAKERBAZZAR.API.Models.ApiResponse]] CartDetails(System.String) on controller BAKERBAZZAR.API.Controller.UserController (BAKERBAZZAR.API).
2024-11-13 13:03:05.883 +05:30  INF  Executing ObjectResult, writing value of type 'BAKERBAZZAR.API.Models.ApiResponse'.
2024-11-13 13:03:05.883 +05:30  INF  Executed action BAKERBAZZAR.API.Controller.UserController.CartDetails (BAKERBAZZAR.API) in 2.4019ms
2024-11-13 13:03:05.883 +05:30  INF  Executed endpoint 'BAKERBAZZAR.API.Controller.UserController.CartDetails (BAKERBAZZAR.API)'
2024-11-13 13:03:05.883 +05:30  INF  Request finished HTTP/1.1 GET http://localhost:5145/User/CartDetails?displayid=702dcb1e-b399-4b22-a4ad-ac33169d26fd - - - 200 - application/json;+charset=utf-8 3.1375ms
2024-11-13 13:03:05.954 +05:30  INF  Executing ObjectResult, writing value of type 'BAKERBAZZAR.API.Models.ApiResponse'.
2024-11-13 13:03:05.955 +05:30  INF  Executed action BAKERBAZZAR.API.Controller.UserController.Category (BAKERBAZZAR.API) in 108.915ms
2024-11-13 13:03:05.955 +05:30  INF  Executed endpoint 'BAKERBAZZAR.API.Controller.UserController.Category (BAKERBAZZAR.API)'
2024-11-13 13:03:05.955 +05:30  INF  Request finished HTTP/1.1 GET http://localhost:5145/User/Category - - - 200 - application/json;+charset=utf-8 109.6058ms
2024-11-13 13:03:05.972 +05:30  INF  Executing ObjectResult, writing value of type 'BAKERBAZZAR.API.Models.ApiResponse'.
2024-11-13 13:03:05.974 +05:30  INF  Executed action BAKERBAZZAR.API.Controller.UserController.Products (BAKERBAZZAR.API) in 452.6242ms
2024-11-13 13:03:05.974 +05:30  INF  Executed endpoint 'BAKERBAZZAR.API.Controller.UserController.Products (BAKERBAZZAR.API)'
2024-11-13 13:03:05.974 +05:30  INF  Request finished HTTP/1.1 GET http://localhost:5145/user/products?categoryid= - - - 200 - application/json;+charset=utf-8 453.2950ms
2024-11-13 13:03:05.981 +05:30  INF  Request starting HTTP/1.1 GET http://localhost:5145/user/products?categoryid= - -
2024-11-13 13:03:05.981 +05:30  INF  CORS policy execution successful.
2024-11-13 13:03:05.982 +05:30  INF  Executing endpoint 'BAKERBAZZAR.API.Controller.UserController.Products (BAKERBAZZAR.API)'
2024-11-13 13:03:05.982 +05:30  INF  Route matched with {action = "Products", controller = "User"}. Executing controller action with signature System.Threading.Tasks.Task`1[Microsoft.AspNetCore.Mvc.ActionResult`1[BAKERBAZZAR.API.Models.ApiResponse]] Products(System.String, System.String) on controller BAKERBAZZAR.API.Controller.UserController (BAKERBAZZAR.API).
2024-11-13 13:03:06.005 +05:30  INF  Executing ObjectResult, writing value of type 'BAKERBAZZAR.API.Models.ApiResponse'.
2024-11-13 13:03:06.013 +05:30  INF  Executed action BAKERBAZZAR.API.Controller.UserController.Products (BAKERBAZZAR.API) in 31.0662ms
2024-11-13 13:03:06.014 +05:30  INF  Executed endpoint 'BAKERBAZZAR.API.Controller.UserController.Products (BAKERBAZZAR.API)'
2024-11-13 13:03:06.023 +05:30  INF  Request finished HTTP/1.1 GET http://localhost:5145/user/products?categoryid= - - - 200 - application/json;+charset=utf-8 41.2278ms
2024-11-13 13:03:06.025 +05:30  INF  Executing ObjectResult, writing value of type 'BAKERBAZZAR.API.Models.ApiResponse'.
2024-11-13 13:03:06.026 +05:30  INF  Executed action BAKERBAZZAR.API.Controller.UserController.MyOrders (BAKERBAZZAR.API) in 362.3219ms
2024-11-13 13:03:06.026 +05:30  INF  Executed endpoint 'BAKERBAZZAR.API.Controller.UserController.MyOrders (BAKERBAZZAR.API)'
2024-11-13 13:03:06.026 +05:30  INF  Request finished HTTP/1.1 GET http://localhost:5145/user/myorders?displayid=e62f03f4-2dcf-4f80-bc23-341651bd9338 - - - 200 - application/json;+charset=utf-8 363.0346ms
2024-11-13 13:03:52.458 +05:30  INF  Request starting HTTP/1.1 GET http://localhost:5145/user/products?categoryid=3e85ca1f-91c2-42f2-9b05-bd920051c25e - -
2024-11-13 13:03:52.458 +05:30  INF  CORS policy execution successful.
2024-11-13 13:03:52.458 +05:30  INF  Executing endpoint 'BAKERBAZZAR.API.Controller.UserController.Products (BAKERBAZZAR.API)'
2024-11-13 13:03:52.459 +05:30  INF  Route matched with {action = "Products", controller = "User"}. Executing controller action with signature System.Threading.Tasks.Task`1[Microsoft.AspNetCore.Mvc.ActionResult`1[BAKERBAZZAR.API.Models.ApiResponse]] Products(System.String, System.String) on controller BAKERBAZZAR.API.Controller.UserController (BAKERBAZZAR.API).
2024-11-13 13:03:53.416 +05:30  INF  Executing ObjectResult, writing value of type 'BAKERBAZZAR.API.Models.ApiResponse'.
2024-11-13 13:03:53.416 +05:30  INF  Executed action BAKERBAZZAR.API.Controller.UserController.Products (BAKERBAZZAR.API) in 956.9591ms
2024-11-13 13:03:53.416 +05:30  INF  Executed endpoint 'BAKERBAZZAR.API.Controller.UserController.Products (BAKERBAZZAR.API)'
2024-11-13 13:03:53.416 +05:30  INF  Request finished HTTP/1.1 GET http://localhost:5145/user/products?categoryid=3e85ca1f-91c2-42f2-9b05-bd920051c25e - - - 200 - application/json;+charset=utf-8 959.2990ms
2024-11-13 13:05:40.517 +05:30  INF  Request starting HTTP/1.1 OPTIONS http://localhost:5145/User/AddToCart - -
2024-11-13 13:05:40.517 +05:30  INF  CORS policy execution successful.
2024-11-13 13:05:40.518 +05:30  INF  Request finished HTTP/1.1 OPTIONS http://localhost:5145/User/AddToCart - - - 204 - - 0.4719ms
2024-11-13 13:05:40.520 +05:30  INF  Request starting HTTP/1.1 POST http://localhost:5145/User/AddToCart application/json 140
2024-11-13 13:05:40.520 +05:30  INF  CORS policy execution successful.
2024-11-13 13:05:40.520 +05:30  INF  Executing endpoint 'BAKERBAZZAR.API.Controller.UserController.AddToCart (BAKERBAZZAR.API)'
2024-11-13 13:05:40.520 +05:30  INF  Route matched with {action = "AddToCart", controller = "User"}. Executing controller action with signature System.Threading.Tasks.Task`1[Microsoft.AspNetCore.Mvc.ActionResult`1[BAKERBAZZAR.API.Models.ApiResponse]] AddToCart(BAKERBAZZAR.API.Models.IO_Templates.AddToCartRequest) on controller BAKERBAZZAR.API.Controller.UserController (BAKERBAZZAR.API).
2024-11-13 13:05:40.553 +05:30  INF  Executing ObjectResult, writing value of type 'BAKERBAZZAR.API.Models.ApiResponse'.
2024-11-13 13:05:40.554 +05:30  INF  Executed action BAKERBAZZAR.API.Controller.UserController.AddToCart (BAKERBAZZAR.API) in 33.4994ms
2024-11-13 13:05:40.554 +05:30  INF  Executed endpoint 'BAKERBAZZAR.API.Controller.UserController.AddToCart (BAKERBAZZAR.API)'
2024-11-13 13:05:40.554 +05:30  INF  Request finished HTTP/1.1 POST http://localhost:5145/User/AddToCart application/json 140 - 200 - application/json;+charset=utf-8 34.2593ms
2024-11-13 13:05:51.578 +05:30  INF  Request starting HTTP/1.1 GET http://localhost:5145/User/CartDetails?displayid=702dcb1e-b399-4b22-a4ad-ac33169d26fd - -
2024-11-13 13:05:51.578 +05:30  INF  CORS policy execution successful.
2024-11-13 13:05:51.578 +05:30  INF  Executing endpoint 'BAKERBAZZAR.API.Controller.UserController.CartDetails (BAKERBAZZAR.API)'
2024-11-13 13:05:51.578 +05:30  INF  Route matched with {action = "CartDetails", controller = "User"}. Executing controller action with signature System.Threading.Tasks.Task`1[Microsoft.AspNetCore.Mvc.ActionResult`1[BAKERBAZZAR.API.Models.ApiResponse]] CartDetails(System.String) on controller BAKERBAZZAR.API.Controller.UserController (BAKERBAZZAR.API).
2024-11-13 13:05:59.134 +05:30  INF  Request starting HTTP/1.1 GET http://localhost:5145/User/CartDetails?displayid=702dcb1e-b399-4b22-a4ad-ac33169d26fd - -
2024-11-13 13:05:59.134 +05:30  INF  CORS policy execution successful.
2024-11-13 13:05:59.134 +05:30  INF  Executing endpoint 'BAKERBAZZAR.API.Controller.UserController.CartDetails (BAKERBAZZAR.API)'
2024-11-13 13:05:59.134 +05:30  INF  Route matched with {action = "CartDetails", controller = "User"}. Executing controller action with signature System.Threading.Tasks.Task`1[Microsoft.AspNetCore.Mvc.ActionResult`1[BAKERBAZZAR.API.Models.ApiResponse]] CartDetails(System.String) on controller BAKERBAZZAR.API.Controller.UserController (BAKERBAZZAR.API).
2024-11-13 13:05:59.143 +05:30  INF  Request starting HTTP/1.1 GET http://localhost:5145/User/Category - -
2024-11-13 13:05:59.143 +05:30  INF  CORS policy execution successful.
2024-11-13 13:05:59.144 +05:30  INF  Executing endpoint 'BAKERBAZZAR.API.Controller.UserController.Category (BAKERBAZZAR.API)'
2024-11-13 13:05:59.144 +05:30  INF  Route matched with {action = "Category", controller = "User"}. Executing controller action with signature System.Threading.Tasks.Task`1[Microsoft.AspNetCore.Mvc.ActionResult`1[BAKERBAZZAR.API.Models.ApiResponse]] Category(System.String) on controller BAKERBAZZAR.API.Controller.UserController (BAKERBAZZAR.API).
2024-11-13 13:05:59.145 +05:30  INF  Request starting HTTP/1.1 GET http://localhost:5145/user/products?categoryid= - -
2024-11-13 13:05:59.146 +05:30  INF  CORS policy execution successful.
2024-11-13 13:05:59.146 +05:30  INF  Executing endpoint 'BAKERBAZZAR.API.Controller.UserController.Products (BAKERBAZZAR.API)'
2024-11-13 13:05:59.146 +05:30  INF  Route matched with {action = "Products", controller = "User"}. Executing controller action with signature System.Threading.Tasks.Task`1[Microsoft.AspNetCore.Mvc.ActionResult`1[BAKERBAZZAR.API.Models.ApiResponse]] Products(System.String, System.String) on controller BAKERBAZZAR.API.Controller.UserController (BAKERBAZZAR.API).
2024-11-13 13:05:59.188 +05:30  INF  Request starting HTTP/1.1 GET http://localhost:5145/user/myorders?displayid=e62f03f4-2dcf-4f80-bc23-341651bd9338 - -
2024-11-13 13:05:59.188 +05:30  INF  CORS policy execution successful.
2024-11-13 13:05:59.188 +05:30  INF  Executing endpoint 'BAKERBAZZAR.API.Controller.UserController.MyOrders (BAKERBAZZAR.API)'
2024-11-13 13:05:59.189 +05:30  INF  Route matched with {action = "MyOrders", controller = "User"}. Executing controller action with signature System.Threading.Tasks.Task`1[Microsoft.AspNetCore.Mvc.ActionResult`1[BAKERBAZZAR.API.Models.ApiResponse]] MyOrders(System.String, System.String, System.String) on controller BAKERBAZZAR.API.Controller.UserController (BAKERBAZZAR.API).
2024-11-13 13:05:59.332 +05:30  INF  Executing ObjectResult, writing value of type 'BAKERBAZZAR.API.Models.ApiResponse'.
2024-11-13 13:05:59.333 +05:30  INF  Executed action BAKERBAZZAR.API.Controller.UserController.Category (BAKERBAZZAR.API) in 189.0356ms
2024-11-13 13:05:59.333 +05:30  INF  Executed endpoint 'BAKERBAZZAR.API.Controller.UserController.Category (BAKERBAZZAR.API)'
2024-11-13 13:05:59.333 +05:30  INF  Request finished HTTP/1.1 GET http://localhost:5145/User/Category - - - 200 - application/json;+charset=utf-8 190.1073ms
2024-11-13 13:05:59.334 +05:30  INF  Executing ObjectResult, writing value of type 'BAKERBAZZAR.API.Models.ApiResponse'.
2024-11-13 13:05:59.335 +05:30  INF  Executed action BAKERBAZZAR.API.Controller.UserController.Products (BAKERBAZZAR.API) in 188.7217ms
2024-11-13 13:05:59.335 +05:30  INF  Executed endpoint 'BAKERBAZZAR.API.Controller.UserController.Products (BAKERBAZZAR.API)'
2024-11-13 13:05:59.335 +05:30  INF  Request finished HTTP/1.1 GET http://localhost:5145/user/products?categoryid= - - - 200 - application/json;+charset=utf-8 189.5831ms
2024-11-13 13:05:59.338 +05:30  INF  Request starting HTTP/1.1 GET http://localhost:5145/User/Category - -
2024-11-13 13:05:59.338 +05:30  INF  CORS policy execution successful.
2024-11-13 13:05:59.338 +05:30  INF  Executing endpoint 'BAKERBAZZAR.API.Controller.UserController.Category (BAKERBAZZAR.API)'
2024-11-13 13:05:59.338 +05:30  INF  Route matched with {action = "Category", controller = "User"}. Executing controller action with signature System.Threading.Tasks.Task`1[Microsoft.AspNetCore.Mvc.ActionResult`1[BAKERBAZZAR.API.Models.ApiResponse]] Category(System.String) on controller BAKERBAZZAR.API.Controller.UserController (BAKERBAZZAR.API).
2024-11-13 13:05:59.340 +05:30  INF  Request starting HTTP/1.1 GET http://localhost:5145/user/products?categoryid= - -
2024-11-13 13:05:59.340 +05:30  INF  CORS policy execution successful.
2024-11-13 13:05:59.341 +05:30  INF  Executing endpoint 'BAKERBAZZAR.API.Controller.UserController.Products (BAKERBAZZAR.API)'
2024-11-13 13:05:59.341 +05:30  INF  Route matched with {action = "Products", controller = "User"}. Executing controller action with signature System.Threading.Tasks.Task`1[Microsoft.AspNetCore.Mvc.ActionResult`1[BAKERBAZZAR.API.Models.ApiResponse]] Products(System.String, System.String) on controller BAKERBAZZAR.API.Controller.UserController (BAKERBAZZAR.API).
2024-11-13 13:05:59.348 +05:30  INF  Executing ObjectResult, writing value of type 'BAKERBAZZAR.API.Models.ApiResponse'.
2024-11-13 13:05:59.351 +05:30  INF  Executing ObjectResult, writing value of type 'BAKERBAZZAR.API.Models.ApiResponse'.
2024-11-13 13:05:59.351 +05:30  INF  Executed action BAKERBAZZAR.API.Controller.UserController.CartDetails (BAKERBAZZAR.API) in 216.5077ms
2024-11-13 13:05:59.351 +05:30  INF  Executed endpoint 'BAKERBAZZAR.API.Controller.UserController.CartDetails (BAKERBAZZAR.API)'
2024-11-13 13:05:59.351 +05:30  INF  Request finished HTTP/1.1 GET http://localhost:5145/User/CartDetails?displayid=702dcb1e-b399-4b22-a4ad-ac33169d26fd - - - 200 - application/json;+charset=utf-8 217.4914ms
2024-11-13 13:05:59.355 +05:30  INF  Request starting HTTP/1.1 GET http://localhost:5145/User/CartDetails?displayid=702dcb1e-b399-4b22-a4ad-ac33169d26fd - -
2024-11-13 13:05:59.355 +05:30  INF  CORS policy execution successful.
2024-11-13 13:05:59.356 +05:30  INF  Executing endpoint 'BAKERBAZZAR.API.Controller.UserController.CartDetails (BAKERBAZZAR.API)'
2024-11-13 13:05:59.356 +05:30  INF  Route matched with {action = "CartDetails", controller = "User"}. Executing controller action with signature System.Threading.Tasks.Task`1[Microsoft.AspNetCore.Mvc.ActionResult`1[BAKERBAZZAR.API.Models.ApiResponse]] CartDetails(System.String) on controller BAKERBAZZAR.API.Controller.UserController (BAKERBAZZAR.API).
2024-11-13 13:05:59.356 +05:30  INF  Executing ObjectResult, writing value of type 'BAKERBAZZAR.API.Models.ApiResponse'.
2024-11-13 13:05:59.356 +05:30  INF  Executed action BAKERBAZZAR.API.Controller.UserController.Category (BAKERBAZZAR.API) in 17.6707ms
2024-11-13 13:05:59.356 +05:30  INF  Executed endpoint 'BAKERBAZZAR.API.Controller.UserController.Category (BAKERBAZZAR.API)'
2024-11-13 13:05:59.356 +05:30  INF  Request finished HTTP/1.1 GET http://localhost:5145/User/Category - - - 200 - application/json;+charset=utf-8 19.4554ms
2024-11-13 13:05:59.357 +05:30  INF  Executing ObjectResult, writing value of type 'BAKERBAZZAR.API.Models.ApiResponse'.
2024-11-13 13:05:59.357 +05:30  INF  Executed action BAKERBAZZAR.API.Controller.UserController.CartDetails (BAKERBAZZAR.API) in 1.2057ms
2024-11-13 13:05:59.357 +05:30  INF  Executed endpoint 'BAKERBAZZAR.API.Controller.UserController.CartDetails (BAKERBAZZAR.API)'
2024-11-13 13:05:59.357 +05:30  INF  Request finished HTTP/1.1 GET http://localhost:5145/User/CartDetails?displayid=702dcb1e-b399-4b22-a4ad-ac33169d26fd - - - 200 - application/json;+charset=utf-8 2.4291ms
2024-11-13 13:05:59.394 +05:30  INF  Executed action BAKERBAZZAR.API.Controller.UserController.CartDetails (BAKERBAZZAR.API) in 7815.9412ms
2024-11-13 13:05:59.394 +05:30  INF  Executed endpoint 'BAKERBAZZAR.API.Controller.UserController.CartDetails (BAKERBAZZAR.API)'
2024-11-13 13:05:59.394 +05:30  INF  Request finished HTTP/1.1 GET http://localhost:5145/User/CartDetails?displayid=702dcb1e-b399-4b22-a4ad-ac33169d26fd - - - 0 - application/json;+charset=utf-8 7816.6298ms
2024-11-13 13:05:59.408 +05:30  INF  Executing ObjectResult, writing value of type 'BAKERBAZZAR.API.Models.ApiResponse'.
2024-11-13 13:05:59.411 +05:30  INF  Executed action BAKERBAZZAR.API.Controller.UserController.Products (BAKERBAZZAR.API) in 69.8411ms
2024-11-13 13:05:59.411 +05:30  INF  Executed endpoint 'BAKERBAZZAR.API.Controller.UserController.Products (BAKERBAZZAR.API)'
2024-11-13 13:05:59.412 +05:30  INF  Request finished HTTP/1.1 GET http://localhost:5145/user/products?categoryid= - - - 200 - application/json;+charset=utf-8 71.0080ms
2024-11-13 13:06:01.175 +05:30  INF  Executing ObjectResult, writing value of type 'BAKERBAZZAR.API.Models.ApiResponse'.
2024-11-13 13:06:01.176 +05:30  INF  Executed action BAKERBAZZAR.API.Controller.UserController.MyOrders (BAKERBAZZAR.API) in 1986.9878ms
2024-11-13 13:06:01.176 +05:30  INF  Executed endpoint 'BAKERBAZZAR.API.Controller.UserController.MyOrders (BAKERBAZZAR.API)'
2024-11-13 13:06:01.176 +05:30  INF  Request finished HTTP/1.1 GET http://localhost:5145/user/myorders?displayid=e62f03f4-2dcf-4f80-bc23-341651bd9338 - - - 200 - application/json;+charset=utf-8 1987.7205ms
2024-11-13 13:06:12.909 +05:30  INF  Request starting HTTP/1.1 OPTIONS http://localhost:5145/User/AddToCart - -
2024-11-13 13:06:12.909 +05:30  INF  CORS policy execution successful.
2024-11-13 13:06:12.909 +05:30  INF  Request finished HTTP/1.1 OPTIONS http://localhost:5145/User/AddToCart - - - 204 - - 0.6397ms
2024-11-13 13:06:12.910 +05:30  INF  Request starting HTTP/1.1 POST http://localhost:5145/User/AddToCart application/json 140
2024-11-13 13:06:12.910 +05:30  INF  CORS policy execution successful.
2024-11-13 13:06:12.910 +05:30  INF  Executing endpoint 'BAKERBAZZAR.API.Controller.UserController.AddToCart (BAKERBAZZAR.API)'
2024-11-13 13:06:12.910 +05:30  INF  Route matched with {action = "AddToCart", controller = "User"}. Executing controller action with signature System.Threading.Tasks.Task`1[Microsoft.AspNetCore.Mvc.ActionResult`1[BAKERBAZZAR.API.Models.ApiResponse]] AddToCart(BAKERBAZZAR.API.Models.IO_Templates.AddToCartRequest) on controller BAKERBAZZAR.API.Controller.UserController (BAKERBAZZAR.API).
2024-11-13 13:06:13.619 +05:30  INF  Executing ObjectResult, writing value of type 'BAKERBAZZAR.API.Models.ApiResponse'.
2024-11-13 13:06:13.619 +05:30  INF  Executed action BAKERBAZZAR.API.Controller.UserController.AddToCart (BAKERBAZZAR.API) in 708.5405ms
2024-11-13 13:06:13.619 +05:30  INF  Executed endpoint 'BAKERBAZZAR.API.Controller.UserController.AddToCart (BAKERBAZZAR.API)'
2024-11-13 13:06:13.619 +05:30  INF  Request finished HTTP/1.1 POST http://localhost:5145/User/AddToCart application/json 140 - 200 - application/json;+charset=utf-8 709.0260ms
2024-11-13 13:06:13.819 +05:30  INF  Request starting HTTP/1.1 GET http://localhost:5145/User/CartDetails?displayid=702dcb1e-b399-4b22-a4ad-ac33169d26fd - -
2024-11-13 13:06:13.819 +05:30  INF  CORS policy execution successful.
2024-11-13 13:06:13.819 +05:30  INF  Executing endpoint 'BAKERBAZZAR.API.Controller.UserController.CartDetails (BAKERBAZZAR.API)'
2024-11-13 13:06:13.819 +05:30  INF  Route matched with {action = "CartDetails", controller = "User"}. Executing controller action with signature System.Threading.Tasks.Task`1[Microsoft.AspNetCore.Mvc.ActionResult`1[BAKERBAZZAR.API.Models.ApiResponse]] CartDetails(System.String) on controller BAKERBAZZAR.API.Controller.UserController (BAKERBAZZAR.API).
2024-11-13 13:06:14.115 +05:30  INF  Executing ObjectResult, writing value of type 'BAKERBAZZAR.API.Models.ApiResponse'.
2024-11-13 13:06:14.115 +05:30  INF  Executed action BAKERBAZZAR.API.Controller.UserController.CartDetails (BAKERBAZZAR.API) in 295.8028ms
2024-11-13 13:06:14.115 +05:30  INF  Executed endpoint 'BAKERBAZZAR.API.Controller.UserController.CartDetails (BAKERBAZZAR.API)'
2024-11-13 13:06:14.115 +05:30  INF  Request finished HTTP/1.1 GET http://localhost:5145/User/CartDetails?displayid=702dcb1e-b399-4b22-a4ad-ac33169d26fd - - - 200 - application/json;+charset=utf-8 296.1184ms
2024-11-13 13:06:14.119 +05:30  INF  Request starting HTTP/1.1 GET http://localhost:5145/User/CartDetails?displayid=702dcb1e-b399-4b22-a4ad-ac33169d26fd - -
2024-11-13 13:06:14.119 +05:30  INF  CORS policy execution successful.
2024-11-13 13:06:14.119 +05:30  INF  Executing endpoint 'BAKERBAZZAR.API.Controller.UserController.CartDetails (BAKERBAZZAR.API)'
2024-11-13 13:06:14.119 +05:30  INF  Route matched with {action = "CartDetails", controller = "User"}. Executing controller action with signature System.Threading.Tasks.Task`1[Microsoft.AspNetCore.Mvc.ActionResult`1[BAKERBAZZAR.API.Models.ApiResponse]] CartDetails(System.String) on controller BAKERBAZZAR.API.Controller.UserController (BAKERBAZZAR.API).
2024-11-13 13:06:14.121 +05:30  INF  Executing ObjectResult, writing value of type 'BAKERBAZZAR.API.Models.ApiResponse'.
2024-11-13 13:06:14.121 +05:30  INF  Executed action BAKERBAZZAR.API.Controller.UserController.CartDetails (BAKERBAZZAR.API) in 1.4652ms
2024-11-13 13:06:14.121 +05:30  INF  Executed endpoint 'BAKERBAZZAR.API.Controller.UserController.CartDetails (BAKERBAZZAR.API)'
2024-11-13 13:06:14.121 +05:30  INF  Request finished HTTP/1.1 GET http://localhost:5145/User/CartDetails?displayid=702dcb1e-b399-4b22-a4ad-ac33169d26fd - - - 200 - application/json;+charset=utf-8 1.8627ms
2024-11-13 13:06:16.854 +05:30  INF  Request starting HTTP/1.1 GET http://localhost:5145/User/CartDetails?displayid=702dcb1e-b399-4b22-a4ad-ac33169d26fd - -
2024-11-13 13:06:16.855 +05:30  INF  CORS policy execution successful.
2024-11-13 13:06:16.855 +05:30  INF  Executing endpoint 'BAKERBAZZAR.API.Controller.UserController.CartDetails (BAKERBAZZAR.API)'
2024-11-13 13:06:16.855 +05:30  INF  Route matched with {action = "CartDetails", controller = "User"}. Executing controller action with signature System.Threading.Tasks.Task`1[Microsoft.AspNetCore.Mvc.ActionResult`1[BAKERBAZZAR.API.Models.ApiResponse]] CartDetails(System.String) on controller BAKERBAZZAR.API.Controller.UserController (BAKERBAZZAR.API).
2024-11-13 13:06:16.858 +05:30  INF  Request starting HTTP/1.1 GET http://localhost:5145/User/Category - -
2024-11-13 13:06:16.858 +05:30  INF  Request starting HTTP/1.1 GET http://localhost:5145/user/products?categoryid= - -
2024-11-13 13:06:16.858 +05:30  INF  CORS policy execution successful.
2024-11-13 13:06:16.858 +05:30  INF  CORS policy execution successful.
2024-11-13 13:06:16.858 +05:30  INF  Executing endpoint 'BAKERBAZZAR.API.Controller.UserController.Category (BAKERBAZZAR.API)'
2024-11-13 13:06:16.858 +05:30  INF  Executing endpoint 'BAKERBAZZAR.API.Controller.UserController.Products (BAKERBAZZAR.API)'
2024-11-13 13:06:16.858 +05:30  INF  Route matched with {action = "Category", controller = "User"}. Executing controller action with signature System.Threading.Tasks.Task`1[Microsoft.AspNetCore.Mvc.ActionResult`1[BAKERBAZZAR.API.Models.ApiResponse]] Category(System.String) on controller BAKERBAZZAR.API.Controller.UserController (BAKERBAZZAR.API).
2024-11-13 13:06:16.858 +05:30  INF  Route matched with {action = "Products", controller = "User"}. Executing controller action with signature System.Threading.Tasks.Task`1[Microsoft.AspNetCore.Mvc.ActionResult`1[BAKERBAZZAR.API.Models.ApiResponse]] Products(System.String, System.String) on controller BAKERBAZZAR.API.Controller.UserController (BAKERBAZZAR.API).
2024-11-13 13:06:16.896 +05:30  INF  Request starting HTTP/1.1 GET http://localhost:5145/user/myorders?displayid=e62f03f4-2dcf-4f80-bc23-341651bd9338 - -
2024-11-13 13:06:16.896 +05:30  INF  CORS policy execution successful.
2024-11-13 13:06:16.896 +05:30  INF  Executing endpoint 'BAKERBAZZAR.API.Controller.UserController.MyOrders (BAKERBAZZAR.API)'
2024-11-13 13:06:16.896 +05:30  INF  Route matched with {action = "MyOrders", controller = "User"}. Executing controller action with signature System.Threading.Tasks.Task`1[Microsoft.AspNetCore.Mvc.ActionResult`1[BAKERBAZZAR.API.Models.ApiResponse]] MyOrders(System.String, System.String, System.String) on controller BAKERBAZZAR.API.Controller.UserController (BAKERBAZZAR.API).
2024-11-13 13:06:17.354 +05:30  INF  Executing ObjectResult, writing value of type 'BAKERBAZZAR.API.Models.ApiResponse'.
2024-11-13 13:06:17.355 +05:30  INF  Executed action BAKERBAZZAR.API.Controller.UserController.Products (BAKERBAZZAR.API) in 496.9716ms
2024-11-13 13:06:17.356 +05:30  INF  Executed endpoint 'BAKERBAZZAR.API.Controller.UserController.Products (BAKERBAZZAR.API)'
2024-11-13 13:06:17.356 +05:30  INF  Request finished HTTP/1.1 GET http://localhost:5145/user/products?categoryid= - - - 200 - application/json;+charset=utf-8 497.4641ms
2024-11-13 13:06:17.356 +05:30  INF  Executing ObjectResult, writing value of type 'BAKERBAZZAR.API.Models.ApiResponse'.
2024-11-13 13:06:17.356 +05:30  INF  Executing ObjectResult, writing value of type 'BAKERBAZZAR.API.Models.ApiResponse'.
2024-11-13 13:06:17.356 +05:30  INF  Executed action BAKERBAZZAR.API.Controller.UserController.CartDetails (BAKERBAZZAR.API) in 501.1579ms
2024-11-13 13:06:17.356 +05:30  INF  Executed action BAKERBAZZAR.API.Controller.UserController.Category (BAKERBAZZAR.API) in 497.5798ms
2024-11-13 13:06:17.356 +05:30  INF  Executed endpoint 'BAKERBAZZAR.API.Controller.UserController.CartDetails (BAKERBAZZAR.API)'
2024-11-13 13:06:17.356 +05:30  INF  Executed endpoint 'BAKERBAZZAR.API.Controller.UserController.Category (BAKERBAZZAR.API)'
2024-11-13 13:06:17.356 +05:30  INF  Request finished HTTP/1.1 GET http://localhost:5145/User/CartDetails?displayid=702dcb1e-b399-4b22-a4ad-ac33169d26fd - - - 200 - application/json;+charset=utf-8 501.8558ms
2024-11-13 13:06:17.356 +05:30  INF  Request finished HTTP/1.1 GET http://localhost:5145/User/Category - - - 200 - application/json;+charset=utf-8 498.2141ms
2024-11-13 13:06:17.360 +05:30  INF  Request starting HTTP/1.1 GET http://localhost:5145/user/products?categoryid= - -
2024-11-13 13:06:17.360 +05:30  INF  CORS policy execution successful.
2024-11-13 13:06:17.360 +05:30  INF  Executing endpoint 'BAKERBAZZAR.API.Controller.UserController.Products (BAKERBAZZAR.API)'
2024-11-13 13:06:17.360 +05:30  INF  Route matched with {action = "Products", controller = "User"}. Executing controller action with signature System.Threading.Tasks.Task`1[Microsoft.AspNetCore.Mvc.ActionResult`1[BAKERBAZZAR.API.Models.ApiResponse]] Products(System.String, System.String) on controller BAKERBAZZAR.API.Controller.UserController (BAKERBAZZAR.API).
2024-11-13 13:06:17.361 +05:30  INF  Request starting HTTP/1.1 GET http://localhost:5145/User/Category - -
2024-11-13 13:06:17.361 +05:30  INF  CORS policy execution successful.
2024-11-13 13:06:17.361 +05:30  INF  Executing endpoint 'BAKERBAZZAR.API.Controller.UserController.Category (BAKERBAZZAR.API)'
2024-11-13 13:06:17.361 +05:30  INF  Route matched with {action = "Category", controller = "User"}. Executing controller action with signature System.Threading.Tasks.Task`1[Microsoft.AspNetCore.Mvc.ActionResult`1[BAKERBAZZAR.API.Models.ApiResponse]] Category(System.String) on controller BAKERBAZZAR.API.Controller.UserController (BAKERBAZZAR.API).
2024-11-13 13:06:17.362 +05:30  INF  Request starting HTTP/1.1 GET http://localhost:5145/User/CartDetails?displayid=702dcb1e-b399-4b22-a4ad-ac33169d26fd - -
2024-11-13 13:06:17.362 +05:30  INF  CORS policy execution successful.
2024-11-13 13:06:17.362 +05:30  INF  Executing endpoint 'BAKERBAZZAR.API.Controller.UserController.CartDetails (BAKERBAZZAR.API)'
2024-11-13 13:06:17.362 +05:30  INF  Route matched with {action = "CartDetails", controller = "User"}. Executing controller action with signature System.Threading.Tasks.Task`1[Microsoft.AspNetCore.Mvc.ActionResult`1[BAKERBAZZAR.API.Models.ApiResponse]] CartDetails(System.String) on controller BAKERBAZZAR.API.Controller.UserController (BAKERBAZZAR.API).
2024-11-13 13:06:17.364 +05:30  INF  Executing ObjectResult, writing value of type 'BAKERBAZZAR.API.Models.ApiResponse'.
2024-11-13 13:06:17.364 +05:30  INF  Executed action BAKERBAZZAR.API.Controller.UserController.CartDetails (BAKERBAZZAR.API) in 1.2851ms
2024-11-13 13:06:17.364 +05:30  INF  Executed endpoint 'BAKERBAZZAR.API.Controller.UserController.CartDetails (BAKERBAZZAR.API)'
2024-11-13 13:06:17.364 +05:30  INF  Request finished HTTP/1.1 GET http://localhost:5145/User/CartDetails?displayid=702dcb1e-b399-4b22-a4ad-ac33169d26fd - - - 200 - application/json;+charset=utf-8 1.6909ms
2024-11-13 13:06:17.380 +05:30  INF  Executing ObjectResult, writing value of type 'BAKERBAZZAR.API.Models.ApiResponse'.
2024-11-13 13:06:17.380 +05:30  INF  Executed action BAKERBAZZAR.API.Controller.UserController.Category (BAKERBAZZAR.API) in 19.0813ms
2024-11-13 13:06:17.380 +05:30  INF  Executed endpoint 'BAKERBAZZAR.API.Controller.UserController.Category (BAKERBAZZAR.API)'
2024-11-13 13:06:17.380 +05:30  INF  Request finished HTTP/1.1 GET http://localhost:5145/User/Category - - - 200 - application/json;+charset=utf-8 19.4874ms
2024-11-13 13:06:17.382 +05:30  INF  Executing ObjectResult, writing value of type 'BAKERBAZZAR.API.Models.ApiResponse'.
2024-11-13 13:06:17.383 +05:30  INF  Executed action BAKERBAZZAR.API.Controller.UserController.Products (BAKERBAZZAR.API) in 22.6378ms
2024-11-13 13:06:17.383 +05:30  INF  Executed endpoint 'BAKERBAZZAR.API.Controller.UserController.Products (BAKERBAZZAR.API)'
2024-11-13 13:06:17.383 +05:30  INF  Request finished HTTP/1.1 GET http://localhost:5145/user/products?categoryid= - - - 200 - application/json;+charset=utf-8 23.1237ms
2024-11-13 13:06:44.393 +05:30  INF  Executing ObjectResult, writing value of type 'BAKERBAZZAR.API.Models.ApiResponse'.
2024-11-13 13:06:44.393 +05:30  INF  Executed action BAKERBAZZAR.API.Controller.UserController.MyOrders (BAKERBAZZAR.API) in 27496.9999ms
2024-11-13 13:06:44.394 +05:30  INF  Executed endpoint 'BAKERBAZZAR.API.Controller.UserController.MyOrders (BAKERBAZZAR.API)'
2024-11-13 13:06:44.394 +05:30  INF  Request finished HTTP/1.1 GET http://localhost:5145/user/myorders?displayid=e62f03f4-2dcf-4f80-bc23-341651bd9338 - - - 200 - application/json;+charset=utf-8 27497.7166ms
2024-11-13 13:06:51.179 +05:30  INF  Request starting HTTP/1.1 OPTIONS http://localhost:5145/user/cartdetails?displayId=702dcb1e-b399-4b22-a4ad-ac33169d26fd - -
2024-11-13 13:06:51.180 +05:30  INF  CORS policy execution successful.
2024-11-13 13:06:51.181 +05:30  INF  Request finished HTTP/1.1 OPTIONS http://localhost:5145/user/cartdetails?displayId=702dcb1e-b399-4b22-a4ad-ac33169d26fd - - - 204 - - 1.7650ms
2024-11-13 13:06:51.184 +05:30  INF  Request starting HTTP/1.1 GET http://localhost:5145/user/cartdetails?displayId=702dcb1e-b399-4b22-a4ad-ac33169d26fd application/json -
2024-11-13 13:06:51.184 +05:30  INF  CORS policy execution successful.
2024-11-13 13:06:51.185 +05:30  INF  Executing endpoint 'BAKERBAZZAR.API.Controller.UserController.CartDetails (BAKERBAZZAR.API)'
2024-11-13 13:06:51.185 +05:30  INF  Route matched with {action = "CartDetails", controller = "User"}. Executing controller action with signature System.Threading.Tasks.Task`1[Microsoft.AspNetCore.Mvc.ActionResult`1[BAKERBAZZAR.API.Models.ApiResponse]] CartDetails(System.String) on controller BAKERBAZZAR.API.Controller.UserController (BAKERBAZZAR.API).
2024-11-13 13:06:54.358 +05:30  INF  Request starting HTTP/1.1 OPTIONS http://localhost:5145/user/dashboard?displayid=e62f03f4-2dcf-4f80-bc23-341651bd9338 - -
2024-11-13 13:06:54.358 +05:30  INF  CORS policy execution successful.
2024-11-13 13:06:54.358 +05:30  INF  Request finished HTTP/1.1 OPTIONS http://localhost:5145/user/dashboard?displayid=e62f03f4-2dcf-4f80-bc23-341651bd9338 - - - 204 - - 0.6339ms
2024-11-13 13:06:54.359 +05:30  INF  Request starting HTTP/1.1 GET http://localhost:5145/user/dashboard?displayid=e62f03f4-2dcf-4f80-bc23-341651bd9338 application/json -
2024-11-13 13:06:54.359 +05:30  INF  CORS policy execution successful.
2024-11-13 13:06:54.360 +05:30  INF  Executing endpoint 'BAKERBAZZAR.API.Controller.UserController.Dashboard (BAKERBAZZAR.API)'
2024-11-13 13:06:54.360 +05:30  INF  Route matched with {action = "Dashboard", controller = "User"}. Executing controller action with signature System.Threading.Tasks.Task`1[Microsoft.AspNetCore.Mvc.ActionResult`1[BAKERBAZZAR.API.Models.ApiResponse]] Dashboard(System.String) on controller BAKERBAZZAR.API.Controller.UserController (BAKERBAZZAR.API).
2024-11-13 13:06:54.770 +05:30  INF  Executing ObjectResult, writing value of type 'BAKERBAZZAR.API.Models.ApiResponse'.
2024-11-13 13:06:54.771 +05:30  INF  Executed action BAKERBAZZAR.API.Controller.UserController.CartDetails (BAKERBAZZAR.API) in 3585.4443ms
2024-11-13 13:06:54.771 +05:30  INF  Executed endpoint 'BAKERBAZZAR.API.Controller.UserController.CartDetails (BAKERBAZZAR.API)'
2024-11-13 13:06:54.771 +05:30  INF  Request finished HTTP/1.1 GET http://localhost:5145/user/cartdetails?displayId=702dcb1e-b399-4b22-a4ad-ac33169d26fd application/json - - 200 - application/json;+charset=utf-8 3586.8055ms
2024-11-13 13:06:56.505 +05:30  INF  Request starting HTTP/1.1 OPTIONS http://localhost:5145/user/category - -
2024-11-13 13:06:56.505 +05:30  INF  CORS policy execution successful.
2024-11-13 13:06:56.506 +05:30  INF  Request finished HTTP/1.1 OPTIONS http://localhost:5145/user/category - - - 204 - - 0.1974ms
2024-11-13 13:06:56.511 +05:30  INF  Request starting HTTP/1.1 GET http://localhost:5145/user/category application/json -
2024-11-13 13:06:56.511 +05:30  INF  CORS policy execution successful.
2024-11-13 13:06:56.511 +05:30  INF  Executing endpoint 'BAKERBAZZAR.API.Controller.UserController.Category (BAKERBAZZAR.API)'
2024-11-13 13:06:56.512 +05:30  INF  Route matched with {action = "Category", controller = "User"}. Executing controller action with signature System.Threading.Tasks.Task`1[Microsoft.AspNetCore.Mvc.ActionResult`1[BAKERBAZZAR.API.Models.ApiResponse]] Category(System.String) on controller BAKERBAZZAR.API.Controller.UserController (BAKERBAZZAR.API).
2024-11-13 13:06:56.833 +05:30  INF  Executing ObjectResult, writing value of type 'BAKERBAZZAR.API.Models.ApiResponse'.
2024-11-13 13:06:56.842 +05:30  INF  Executed action BAKERBAZZAR.API.Controller.UserController.Category (BAKERBAZZAR.API) in 330.6135ms
2024-11-13 13:06:56.842 +05:30  INF  Executed endpoint 'BAKERBAZZAR.API.Controller.UserController.Category (BAKERBAZZAR.API)'
2024-11-13 13:06:56.843 +05:30  INF  Request finished HTTP/1.1 GET http://localhost:5145/user/category application/json - - 200 - application/json;+charset=utf-8 331.6629ms
2024-11-13 13:06:56.903 +05:30  INF  Executing ObjectResult, writing value of type 'BAKERBAZZAR.API.Models.ApiResponse'.
2024-11-13 13:06:56.903 +05:30  INF  Executed action BAKERBAZZAR.API.Controller.UserController.Dashboard (BAKERBAZZAR.API) in 2543.6494ms
2024-11-13 13:06:56.904 +05:30  INF  Executed endpoint 'BAKERBAZZAR.API.Controller.UserController.Dashboard (BAKERBAZZAR.API)'
2024-11-13 13:06:56.904 +05:30  INF  Request finished HTTP/1.1 GET http://localhost:5145/user/dashboard?displayid=e62f03f4-2dcf-4f80-bc23-341651bd9338 application/json - - 200 - application/json;+charset=utf-8 2544.4633ms
2024-11-13 13:06:57.771 +05:30  INF  Request starting HTTP/1.1 OPTIONS http://localhost:5145/user/products?categoryid=17d0c86e-148c-42e5-8a35-e4f7fe3b9aa7 - -
2024-11-13 13:06:57.771 +05:30  INF  CORS policy execution successful.
2024-11-13 13:06:57.771 +05:30  INF  Request finished HTTP/1.1 OPTIONS http://localhost:5145/user/products?categoryid=17d0c86e-148c-42e5-8a35-e4f7fe3b9aa7 - - - 204 - - 0.3827ms
2024-11-13 13:06:57.773 +05:30  INF  Request starting HTTP/1.1 GET http://localhost:5145/user/products?categoryid=17d0c86e-148c-42e5-8a35-e4f7fe3b9aa7 application/json -
2024-11-13 13:06:57.774 +05:30  INF  CORS policy execution successful.
2024-11-13 13:06:57.774 +05:30  INF  Executing endpoint 'BAKERBAZZAR.API.Controller.UserController.Products (BAKERBAZZAR.API)'
2024-11-13 13:06:57.774 +05:30  INF  Route matched with {action = "Products", controller = "User"}. Executing controller action with signature System.Threading.Tasks.Task`1[Microsoft.AspNetCore.Mvc.ActionResult`1[BAKERBAZZAR.API.Models.ApiResponse]] Products(System.String, System.String) on controller BAKERBAZZAR.API.Controller.UserController (BAKERBAZZAR.API).
2024-11-13 13:06:57.831 +05:30  INF  Executing ObjectResult, writing value of type 'BAKERBAZZAR.API.Models.ApiResponse'.
2024-11-13 13:06:57.832 +05:30  INF  Executed action BAKERBAZZAR.API.Controller.UserController.Products (BAKERBAZZAR.API) in 57.7175ms
2024-11-13 13:06:57.832 +05:30  INF  Executed endpoint 'BAKERBAZZAR.API.Controller.UserController.Products (BAKERBAZZAR.API)'
2024-11-13 13:06:57.832 +05:30  INF  Request finished HTTP/1.1 GET http://localhost:5145/user/products?categoryid=17d0c86e-148c-42e5-8a35-e4f7fe3b9aa7 application/json - - 200 - application/json;+charset=utf-8 58.7402ms
2024-11-13 13:06:58.938 +05:30  INF  Request starting HTTP/1.1 OPTIONS http://localhost:5145/user/addtocart - -
2024-11-13 13:06:58.938 +05:30  INF  CORS policy execution successful.
2024-11-13 13:06:58.938 +05:30  INF  Request finished HTTP/1.1 OPTIONS http://localhost:5145/user/addtocart - - - 204 - - 0.7896ms
2024-11-13 13:06:58.940 +05:30  INF  Request starting HTTP/1.1 POST http://localhost:5145/user/addtocart application/json 144
2024-11-13 13:06:58.940 +05:30  INF  CORS policy execution successful.
2024-11-13 13:06:58.940 +05:30  INF  Executing endpoint 'BAKERBAZZAR.API.Controller.UserController.AddToCart (BAKERBAZZAR.API)'
2024-11-13 13:06:58.940 +05:30  INF  Route matched with {action = "AddToCart", controller = "User"}. Executing controller action with signature System.Threading.Tasks.Task`1[Microsoft.AspNetCore.Mvc.ActionResult`1[BAKERBAZZAR.API.Models.ApiResponse]] AddToCart(BAKERBAZZAR.API.Models.IO_Templates.AddToCartRequest) on controller BAKERBAZZAR.API.Controller.UserController (BAKERBAZZAR.API).
2024-11-13 13:06:58.975 +05:30  INF  Executing ObjectResult, writing value of type 'BAKERBAZZAR.API.Models.ApiResponse'.
2024-11-13 13:06:58.975 +05:30  INF  Executed action BAKERBAZZAR.API.Controller.UserController.AddToCart (BAKERBAZZAR.API) in 35.094ms
2024-11-13 13:06:58.975 +05:30  INF  Executed endpoint 'BAKERBAZZAR.API.Controller.UserController.AddToCart (BAKERBAZZAR.API)'
2024-11-13 13:06:58.975 +05:30  INF  Request finished HTTP/1.1 POST http://localhost:5145/user/addtocart application/json 144 - 200 - application/json;+charset=utf-8 35.5938ms
2024-11-13 13:07:00.926 +05:30  INF  Request starting HTTP/1.1 OPTIONS http://localhost:5145/user/cartdetails?displayId=702dcb1e-b399-4b22-a4ad-ac33169d26fd - -
2024-11-13 13:07:00.926 +05:30  INF  CORS policy execution successful.
2024-11-13 13:07:00.926 +05:30  INF  Request finished HTTP/1.1 OPTIONS http://localhost:5145/user/cartdetails?displayId=702dcb1e-b399-4b22-a4ad-ac33169d26fd - - - 204 - - 0.3918ms
2024-11-13 13:07:00.928 +05:30  INF  Request starting HTTP/1.1 GET http://localhost:5145/user/cartdetails?displayId=702dcb1e-b399-4b22-a4ad-ac33169d26fd application/json -
2024-11-13 13:07:00.928 +05:30  INF  CORS policy execution successful.
2024-11-13 13:07:00.928 +05:30  INF  Executing endpoint 'BAKERBAZZAR.API.Controller.UserController.CartDetails (BAKERBAZZAR.API)'
2024-11-13 13:07:00.928 +05:30  INF  Route matched with {action = "CartDetails", controller = "User"}. Executing controller action with signature System.Threading.Tasks.Task`1[Microsoft.AspNetCore.Mvc.ActionResult`1[BAKERBAZZAR.API.Models.ApiResponse]] CartDetails(System.String) on controller BAKERBAZZAR.API.Controller.UserController (BAKERBAZZAR.API).
2024-11-13 13:07:01.192 +05:30  INF  Executing ObjectResult, writing value of type 'BAKERBAZZAR.API.Models.ApiResponse'.
2024-11-13 13:07:01.193 +05:30  INF  Executed action BAKERBAZZAR.API.Controller.UserController.CartDetails (BAKERBAZZAR.API) in 264.4574ms
2024-11-13 13:07:01.193 +05:30  INF  Executed endpoint 'BAKERBAZZAR.API.Controller.UserController.CartDetails (BAKERBAZZAR.API)'
2024-11-13 13:07:01.193 +05:30  INF  Request finished HTTP/1.1 GET http://localhost:5145/user/cartdetails?displayId=702dcb1e-b399-4b22-a4ad-ac33169d26fd application/json - - 200 - application/json;+charset=utf-8 265.0323ms
2024-11-13 13:07:03.322 +05:30  INF  Request starting HTTP/1.1 GET http://localhost:5145/user/cartdetails?displayId=702dcb1e-b399-4b22-a4ad-ac33169d26fd application/json -
2024-11-13 13:07:03.323 +05:30  INF  CORS policy execution successful.
2024-11-13 13:07:03.323 +05:30  INF  Executing endpoint 'BAKERBAZZAR.API.Controller.UserController.CartDetails (BAKERBAZZAR.API)'
2024-11-13 13:07:03.323 +05:30  INF  Route matched with {action = "CartDetails", controller = "User"}. Executing controller action with signature System.Threading.Tasks.Task`1[Microsoft.AspNetCore.Mvc.ActionResult`1[BAKERBAZZAR.API.Models.ApiResponse]] CartDetails(System.String) on controller BAKERBAZZAR.API.Controller.UserController (BAKERBAZZAR.API).
2024-11-13 13:07:03.433 +05:30  INF  Executing ObjectResult, writing value of type 'BAKERBAZZAR.API.Models.ApiResponse'.
2024-11-13 13:07:03.433 +05:30  INF  Executed action BAKERBAZZAR.API.Controller.UserController.CartDetails (BAKERBAZZAR.API) in 110.2224ms
2024-11-13 13:07:03.433 +05:30  INF  Executed endpoint 'BAKERBAZZAR.API.Controller.UserController.CartDetails (BAKERBAZZAR.API)'
2024-11-13 13:07:03.433 +05:30  INF  Request finished HTTP/1.1 GET http://localhost:5145/user/cartdetails?displayId=702dcb1e-b399-4b22-a4ad-ac33169d26fd application/json - - 200 - application/json;+charset=utf-8 111.0195ms
2024-11-13 13:07:15.642 +05:30  INF  Request starting HTTP/1.1 OPTIONS http://localhost:5145/authentication/login - -
2024-11-13 13:07:15.645 +05:30  INF  CORS policy execution successful.
2024-11-13 13:07:15.645 +05:30  INF  Request finished HTTP/1.1 OPTIONS http://localhost:5145/authentication/login - - - 204 - - 2.6762ms
2024-11-13 13:07:15.646 +05:30  INF  Request starting HTTP/1.1 POST http://localhost:5145/authentication/login application/json 37
2024-11-13 13:07:15.647 +05:30  INF  CORS policy execution successful.
2024-11-13 13:07:15.647 +05:30  INF  Executing endpoint 'BAKERBAZZAR.API.Controller.AuthenticationController.VerifyUser (BAKERBAZZAR.API)'
2024-11-13 13:07:15.647 +05:30  INF  Route matched with {action = "VerifyUser", controller = "Authentication"}. Executing controller action with signature System.Threading.Tasks.Task`1[Microsoft.AspNetCore.Mvc.ActionResult`1[BAKERBAZZAR.API.Models.ApiResponse]] VerifyUser(BAKERBAZZAR.API.Models.IO_Templates.LoginRequest) on controller BAKERBAZZAR.API.Controller.AuthenticationController (BAKERBAZZAR.API).
2024-11-13 13:07:15.658 +05:30  INF  verify user execution start
2024-11-13 13:07:15.781 +05:30  INF  verify user execution end
2024-11-13 13:07:15.781 +05:30  INF  Executing ObjectResult, writing value of type 'BAKERBAZZAR.API.Models.ApiResponse'.
2024-11-13 13:07:15.781 +05:30  INF  Executed action BAKERBAZZAR.API.Controller.AuthenticationController.VerifyUser (BAKERBAZZAR.API) in 134.1335ms
2024-11-13 13:07:15.781 +05:30  INF  Executed endpoint 'BAKERBAZZAR.API.Controller.AuthenticationController.VerifyUser (BAKERBAZZAR.API)'
2024-11-13 13:07:15.781 +05:30  INF  Request finished HTTP/1.1 POST http://localhost:5145/authentication/login application/json 37 - 200 - application/json;+charset=utf-8 134.8614ms
2024-11-13 13:07:15.941 +05:30  INF  Request starting HTTP/1.1 OPTIONS http://localhost:5145/user/dashboard?displayid=e62f03f4-2dcf-4f80-bc23-341651bd9338 - -
2024-11-13 13:07:15.941 +05:30  INF  CORS policy execution successful.
2024-11-13 13:07:15.941 +05:30  INF  Request finished HTTP/1.1 OPTIONS http://localhost:5145/user/dashboard?displayid=e62f03f4-2dcf-4f80-bc23-341651bd9338 - - - 204 - - 0.2169ms
2024-11-13 13:07:15.942 +05:30  INF  Request starting HTTP/1.1 GET http://localhost:5145/user/dashboard?displayid=e62f03f4-2dcf-4f80-bc23-341651bd9338 application/json -
2024-11-13 13:07:15.942 +05:30  INF  CORS policy execution successful.
2024-11-13 13:07:15.942 +05:30  INF  Executing endpoint 'BAKERBAZZAR.API.Controller.UserController.Dashboard (BAKERBAZZAR.API)'
2024-11-13 13:07:15.942 +05:30  INF  Route matched with {action = "Dashboard", controller = "User"}. Executing controller action with signature System.Threading.Tasks.Task`1[Microsoft.AspNetCore.Mvc.ActionResult`1[BAKERBAZZAR.API.Models.ApiResponse]] Dashboard(System.String) on controller BAKERBAZZAR.API.Controller.UserController (BAKERBAZZAR.API).
2024-11-13 13:07:16.723 +05:30  INF  Executing ObjectResult, writing value of type 'BAKERBAZZAR.API.Models.ApiResponse'.
2024-11-13 13:07:16.724 +05:30  INF  Executed action BAKERBAZZAR.API.Controller.UserController.Dashboard (BAKERBAZZAR.API) in 781.2588ms
2024-11-13 13:07:16.724 +05:30  INF  Executed endpoint 'BAKERBAZZAR.API.Controller.UserController.Dashboard (BAKERBAZZAR.API)'
2024-11-13 13:07:16.724 +05:30  INF  Request finished HTTP/1.1 GET http://localhost:5145/user/dashboard?displayid=e62f03f4-2dcf-4f80-bc23-341651bd9338 application/json - - 200 - application/json;+charset=utf-8 781.6947ms
2024-11-13 13:07:18.846 +05:30  INF  Request starting HTTP/1.1 OPTIONS http://localhost:5145/user/category - -
2024-11-13 13:07:18.846 +05:30  INF  CORS policy execution successful.
2024-11-13 13:07:18.847 +05:30  INF  Request finished HTTP/1.1 OPTIONS http://localhost:5145/user/category - - - 204 - - 0.1922ms
2024-11-13 13:07:18.848 +05:30  INF  Request starting HTTP/1.1 GET http://localhost:5145/user/category application/json -
2024-11-13 13:07:18.848 +05:30  INF  CORS policy execution successful.
2024-11-13 13:07:18.848 +05:30  INF  Executing endpoint 'BAKERBAZZAR.API.Controller.UserController.Category (BAKERBAZZAR.API)'
2024-11-13 13:07:18.848 +05:30  INF  Route matched with {action = "Category", controller = "User"}. Executing controller action with signature System.Threading.Tasks.Task`1[Microsoft.AspNetCore.Mvc.ActionResult`1[BAKERBAZZAR.API.Models.ApiResponse]] Category(System.String) on controller BAKERBAZZAR.API.Controller.UserController (BAKERBAZZAR.API).
2024-11-13 13:07:19.081 +05:30  INF  Executing ObjectResult, writing value of type 'BAKERBAZZAR.API.Models.ApiResponse'.
2024-11-13 13:07:19.082 +05:30  INF  Executed action BAKERBAZZAR.API.Controller.UserController.Category (BAKERBAZZAR.API) in 233.5227ms
2024-11-13 13:07:19.082 +05:30  INF  Executed endpoint 'BAKERBAZZAR.API.Controller.UserController.Category (BAKERBAZZAR.API)'
2024-11-13 13:07:19.082 +05:30  INF  Request finished HTTP/1.1 GET http://localhost:5145/user/category application/json - - 200 - application/json;+charset=utf-8 234.0016ms
2024-11-13 13:07:20.130 +05:30  INF  Request starting HTTP/1.1 OPTIONS http://localhost:5145/user/products?categoryid=3e85ca1f-91c2-42f2-9b05-bd920051c25e - -
2024-11-13 13:07:20.130 +05:30  INF  CORS policy execution successful.
2024-11-13 13:07:20.130 +05:30  INF  Request finished HTTP/1.1 OPTIONS http://localhost:5145/user/products?categoryid=3e85ca1f-91c2-42f2-9b05-bd920051c25e - - - 204 - - 0.2678ms
2024-11-13 13:07:20.132 +05:30  INF  Request starting HTTP/1.1 GET http://localhost:5145/user/products?categoryid=3e85ca1f-91c2-42f2-9b05-bd920051c25e application/json -
2024-11-13 13:07:20.132 +05:30  INF  CORS policy execution successful.
2024-11-13 13:07:20.132 +05:30  INF  Executing endpoint 'BAKERBAZZAR.API.Controller.UserController.Products (BAKERBAZZAR.API)'
2024-11-13 13:07:20.132 +05:30  INF  Route matched with {action = "Products", controller = "User"}. Executing controller action with signature System.Threading.Tasks.Task`1[Microsoft.AspNetCore.Mvc.ActionResult`1[BAKERBAZZAR.API.Models.ApiResponse]] Products(System.String, System.String) on controller BAKERBAZZAR.API.Controller.UserController (BAKERBAZZAR.API).
2024-11-13 13:07:20.323 +05:30  INF  Executing ObjectResult, writing value of type 'BAKERBAZZAR.API.Models.ApiResponse'.
2024-11-13 13:07:20.324 +05:30  INF  Executed action BAKERBAZZAR.API.Controller.UserController.Products (BAKERBAZZAR.API) in 191.1676ms
2024-11-13 13:07:20.324 +05:30  INF  Executed endpoint 'BAKERBAZZAR.API.Controller.UserController.Products (BAKERBAZZAR.API)'
2024-11-13 13:07:20.324 +05:30  INF  Request finished HTTP/1.1 GET http://localhost:5145/user/products?categoryid=3e85ca1f-91c2-42f2-9b05-bd920051c25e application/json - - 200 - application/json;+charset=utf-8 191.5428ms
2024-11-13 13:07:21.224 +05:30  INF  Request starting HTTP/1.1 OPTIONS http://localhost:5145/user/addtocart - -
2024-11-13 13:07:21.224 +05:30  INF  CORS policy execution successful.
2024-11-13 13:07:21.224 +05:30  INF  Request finished HTTP/1.1 OPTIONS http://localhost:5145/user/addtocart - - - 204 - - 0.3302ms
2024-11-13 13:07:21.225 +05:30  INF  Request starting HTTP/1.1 POST http://localhost:5145/user/addtocart application/json 144
2024-11-13 13:07:21.225 +05:30  INF  CORS policy execution successful.
2024-11-13 13:07:21.225 +05:30  INF  Executing endpoint 'BAKERBAZZAR.API.Controller.UserController.AddToCart (BAKERBAZZAR.API)'
2024-11-13 13:07:21.225 +05:30  INF  Route matched with {action = "AddToCart", controller = "User"}. Executing controller action with signature System.Threading.Tasks.Task`1[Microsoft.AspNetCore.Mvc.ActionResult`1[BAKERBAZZAR.API.Models.ApiResponse]] AddToCart(BAKERBAZZAR.API.Models.IO_Templates.AddToCartRequest) on controller BAKERBAZZAR.API.Controller.UserController (BAKERBAZZAR.API).
2024-11-13 13:07:21.859 +05:30  INF  Executing ObjectResult, writing value of type 'BAKERBAZZAR.API.Models.ApiResponse'.
2024-11-13 13:07:21.860 +05:30  INF  Executed action BAKERBAZZAR.API.Controller.UserController.AddToCart (BAKERBAZZAR.API) in 634.072ms
2024-11-13 13:07:21.860 +05:30  INF  Executed endpoint 'BAKERBAZZAR.API.Controller.UserController.AddToCart (BAKERBAZZAR.API)'
2024-11-13 13:07:21.860 +05:30  INF  Request finished HTTP/1.1 POST http://localhost:5145/user/addtocart application/json 144 - 200 - application/json;+charset=utf-8 634.3809ms
2024-11-13 13:07:23.064 +05:30  INF  Request starting HTTP/1.1 OPTIONS http://localhost:5145/user/cartdetails?displayId=54ad4834-4071-46df-9009-2f2bc60bca0a - -
2024-11-13 13:07:23.065 +05:30  INF  CORS policy execution successful.
2024-11-13 13:07:23.065 +05:30  INF  Request finished HTTP/1.1 OPTIONS http://localhost:5145/user/cartdetails?displayId=54ad4834-4071-46df-9009-2f2bc60bca0a - - - 204 - - 0.1902ms
2024-11-13 13:07:23.066 +05:30  INF  Request starting HTTP/1.1 GET http://localhost:5145/user/cartdetails?displayId=54ad4834-4071-46df-9009-2f2bc60bca0a application/json -
2024-11-13 13:07:23.066 +05:30  INF  CORS policy execution successful.
2024-11-13 13:07:23.066 +05:30  INF  Executing endpoint 'BAKERBAZZAR.API.Controller.UserController.CartDetails (BAKERBAZZAR.API)'
2024-11-13 13:07:23.066 +05:30  INF  Route matched with {action = "CartDetails", controller = "User"}. Executing controller action with signature System.Threading.Tasks.Task`1[Microsoft.AspNetCore.Mvc.ActionResult`1[BAKERBAZZAR.API.Models.ApiResponse]] CartDetails(System.String) on controller BAKERBAZZAR.API.Controller.UserController (BAKERBAZZAR.API).
2024-11-13 13:07:23.825 +05:30  INF  Executing ObjectResult, writing value of type 'BAKERBAZZAR.API.Models.ApiResponse'.
2024-11-13 13:07:23.826 +05:30  INF  Executed action BAKERBAZZAR.API.Controller.UserController.CartDetails (BAKERBAZZAR.API) in 759.8627ms
2024-11-13 13:07:23.826 +05:30  INF  Executed endpoint 'BAKERBAZZAR.API.Controller.UserController.CartDetails (BAKERBAZZAR.API)'
2024-11-13 13:07:23.826 +05:30  INF  Request finished HTTP/1.1 GET http://localhost:5145/user/cartdetails?displayId=54ad4834-4071-46df-9009-2f2bc60bca0a application/json - - 200 - application/json;+charset=utf-8 760.3403ms
2024-11-13 13:07:31.401 +05:30  INF  Request starting HTTP/1.1 GET http://localhost:5145/_framework/aspnetcore-browser-refresh.js - -
2024-11-13 13:07:31.422 +05:30  INF  Request finished HTTP/1.1 GET http://localhost:5145/_framework/aspnetcore-browser-refresh.js - - - 200 13766 application/javascript;+charset=utf-8 21.7483ms
2024-11-13 13:07:36.126 +05:30  INF  Request starting HTTP/1.1 OPTIONS http://localhost:5145/User/AddToCart - -
2024-11-13 13:07:36.126 +05:30  INF  CORS policy execution successful.
2024-11-13 13:07:36.126 +05:30  INF  Request finished HTTP/1.1 OPTIONS http://localhost:5145/User/AddToCart - - - 204 - - 0.3262ms
2024-11-13 13:07:36.127 +05:30  INF  Request starting HTTP/1.1 POST http://localhost:5145/User/AddToCart application/json 140
2024-11-13 13:07:36.127 +05:30  INF  CORS policy execution successful.
2024-11-13 13:07:36.127 +05:30  INF  Executing endpoint 'BAKERBAZZAR.API.Controller.UserController.AddToCart (BAKERBAZZAR.API)'
2024-11-13 13:07:36.127 +05:30  INF  Route matched with {action = "AddToCart", controller = "User"}. Executing controller action with signature System.Threading.Tasks.Task`1[Microsoft.AspNetCore.Mvc.ActionResult`1[BAKERBAZZAR.API.Models.ApiResponse]] AddToCart(BAKERBAZZAR.API.Models.IO_Templates.AddToCartRequest) on controller BAKERBAZZAR.API.Controller.UserController (BAKERBAZZAR.API).
2024-11-13 13:07:37.554 +05:30  INF  Request starting HTTP/1.1 GET http://localhost:5145/User/CartDetails?displayid=702dcb1e-b399-4b22-a4ad-ac33169d26fd - -
2024-11-13 13:07:37.554 +05:30  INF  CORS policy execution successful.
2024-11-13 13:07:37.554 +05:30  INF  Executing endpoint 'BAKERBAZZAR.API.Controller.UserController.CartDetails (BAKERBAZZAR.API)'
2024-11-13 13:07:37.554 +05:30  INF  Route matched with {action = "CartDetails", controller = "User"}. Executing controller action with signature System.Threading.Tasks.Task`1[Microsoft.AspNetCore.Mvc.ActionResult`1[BAKERBAZZAR.API.Models.ApiResponse]] CartDetails(System.String) on controller BAKERBAZZAR.API.Controller.UserController (BAKERBAZZAR.API).
2024-11-13 13:07:38.162 +05:30  INF  Executing ObjectResult, writing value of type 'BAKERBAZZAR.API.Models.ApiResponse'.
2024-11-13 13:07:38.163 +05:30  INF  Executed action BAKERBAZZAR.API.Controller.UserController.AddToCart (BAKERBAZZAR.API) in 2035.4475ms
2024-11-13 13:07:38.163 +05:30  INF  Executed endpoint 'BAKERBAZZAR.API.Controller.UserController.AddToCart (BAKERBAZZAR.API)'
2024-11-13 13:07:38.163 +05:30  INF  Request finished HTTP/1.1 POST http://localhost:5145/User/AddToCart application/json 140 - 200 - application/json;+charset=utf-8 2035.9028ms
2024-11-13 13:07:40.486 +05:30  INF  Request starting HTTP/1.1 GET http://localhost:5145/User/CartDetails?displayid=702dcb1e-b399-4b22-a4ad-ac33169d26fd - -
2024-11-13 13:07:40.486 +05:30  INF  CORS policy execution successful.
2024-11-13 13:07:40.487 +05:30  INF  Executing endpoint 'BAKERBAZZAR.API.Controller.UserController.CartDetails (BAKERBAZZAR.API)'
2024-11-13 13:07:40.487 +05:30  INF  Route matched with {action = "CartDetails", controller = "User"}. Executing controller action with signature System.Threading.Tasks.Task`1[Microsoft.AspNetCore.Mvc.ActionResult`1[BAKERBAZZAR.API.Models.ApiResponse]] CartDetails(System.String) on controller BAKERBAZZAR.API.Controller.UserController (BAKERBAZZAR.API).
2024-11-13 13:07:40.491 +05:30  INF  Request starting HTTP/1.1 GET http://localhost:5145/User/Category - -
2024-11-13 13:07:40.492 +05:30  INF  CORS policy execution successful.
2024-11-13 13:07:40.492 +05:30  INF  Executing endpoint 'BAKERBAZZAR.API.Controller.UserController.Category (BAKERBAZZAR.API)'
2024-11-13 13:07:40.493 +05:30  INF  Route matched with {action = "Category", controller = "User"}. Executing controller action with signature System.Threading.Tasks.Task`1[Microsoft.AspNetCore.Mvc.ActionResult`1[BAKERBAZZAR.API.Models.ApiResponse]] Category(System.String) on controller BAKERBAZZAR.API.Controller.UserController (BAKERBAZZAR.API).
2024-11-13 13:07:40.665 +05:30  INF  Request starting HTTP/1.1 GET http://localhost:5145/user/products?categoryid= - -
2024-11-13 13:07:40.665 +05:30  INF  CORS policy execution successful.
2024-11-13 13:07:40.665 +05:30  INF  Executing endpoint 'BAKERBAZZAR.API.Controller.UserController.Products (BAKERBAZZAR.API)'
2024-11-13 13:07:40.698 +05:30  INF  Route matched with {action = "Products", controller = "User"}. Executing controller action with signature System.Threading.Tasks.Task`1[Microsoft.AspNetCore.Mvc.ActionResult`1[BAKERBAZZAR.API.Models.ApiResponse]] Products(System.String, System.String) on controller BAKERBAZZAR.API.Controller.UserController (BAKERBAZZAR.API).
2024-11-13 13:07:40.701 +05:30  INF  Request starting HTTP/1.1 GET http://localhost:5145/user/myorders?displayid=e62f03f4-2dcf-4f80-bc23-341651bd9338 - -
2024-11-13 13:07:40.701 +05:30  INF  CORS policy execution successful.
2024-11-13 13:07:40.701 +05:30  INF  Executing endpoint 'BAKERBAZZAR.API.Controller.UserController.MyOrders (BAKERBAZZAR.API)'
2024-11-13 13:07:40.701 +05:30  INF  Route matched with {action = "MyOrders", controller = "User"}. Executing controller action with signature System.Threading.Tasks.Task`1[Microsoft.AspNetCore.Mvc.ActionResult`1[BAKERBAZZAR.API.Models.ApiResponse]] MyOrders(System.String, System.String, System.String) on controller BAKERBAZZAR.API.Controller.UserController (BAKERBAZZAR.API).
2024-11-13 13:07:40.729 +05:30  INF  Executing ObjectResult, writing value of type 'BAKERBAZZAR.API.Models.ApiResponse'.
2024-11-13 13:07:40.749 +05:30  INF  Executed action BAKERBAZZAR.API.Controller.UserController.CartDetails (BAKERBAZZAR.API) in 3194.1ms
2024-11-13 13:07:40.749 +05:30  INF  Executed endpoint 'BAKERBAZZAR.API.Controller.UserController.CartDetails (BAKERBAZZAR.API)'
2024-11-13 13:07:40.749 +05:30  INF  Request finished HTTP/1.1 GET http://localhost:5145/User/CartDetails?displayid=702dcb1e-b399-4b22-a4ad-ac33169d26fd - - - 0 - application/json;+charset=utf-8 3194.6618ms
2024-11-13 13:07:40.757 +05:30  INF  Executing ObjectResult, writing value of type 'BAKERBAZZAR.API.Models.ApiResponse'.
2024-11-13 13:07:40.758 +05:30  INF  Executed action BAKERBAZZAR.API.Controller.UserController.CartDetails (BAKERBAZZAR.API) in 270.6958ms
2024-11-13 13:07:40.758 +05:30  INF  Executed endpoint 'BAKERBAZZAR.API.Controller.UserController.CartDetails (BAKERBAZZAR.API)'
2024-11-13 13:07:40.758 +05:30  INF  Request finished HTTP/1.1 GET http://localhost:5145/User/CartDetails?displayid=702dcb1e-b399-4b22-a4ad-ac33169d26fd - - - 200 - application/json;+charset=utf-8 271.6788ms
2024-11-13 13:07:40.764 +05:30  INF  Request starting HTTP/1.1 GET http://localhost:5145/User/CartDetails?displayid=702dcb1e-b399-4b22-a4ad-ac33169d26fd - -
2024-11-13 13:07:40.764 +05:30  INF  CORS policy execution successful.
2024-11-13 13:07:40.764 +05:30  INF  Executing endpoint 'BAKERBAZZAR.API.Controller.UserController.CartDetails (BAKERBAZZAR.API)'
2024-11-13 13:07:40.764 +05:30  INF  Route matched with {action = "CartDetails", controller = "User"}. Executing controller action with signature System.Threading.Tasks.Task`1[Microsoft.AspNetCore.Mvc.ActionResult`1[BAKERBAZZAR.API.Models.ApiResponse]] CartDetails(System.String) on controller BAKERBAZZAR.API.Controller.UserController (BAKERBAZZAR.API).
2024-11-13 13:07:40.767 +05:30  INF  Executing ObjectResult, writing value of type 'BAKERBAZZAR.API.Models.ApiResponse'.
2024-11-13 13:07:40.768 +05:30  INF  Executed action BAKERBAZZAR.API.Controller.UserController.CartDetails (BAKERBAZZAR.API) in 3.3474ms
2024-11-13 13:07:40.768 +05:30  INF  Executed endpoint 'BAKERBAZZAR.API.Controller.UserController.CartDetails (BAKERBAZZAR.API)'
2024-11-13 13:07:40.768 +05:30  INF  Request finished HTTP/1.1 GET http://localhost:5145/User/CartDetails?displayid=702dcb1e-b399-4b22-a4ad-ac33169d26fd - - - 200 - application/json;+charset=utf-8 3.8690ms
2024-11-13 13:07:40.845 +05:30  INF  Executing ObjectResult, writing value of type 'BAKERBAZZAR.API.Models.ApiResponse'.
2024-11-13 13:07:40.846 +05:30  INF  Executed action BAKERBAZZAR.API.Controller.UserController.Category (BAKERBAZZAR.API) in 352.4347ms
2024-11-13 13:07:40.846 +05:30  INF  Executed endpoint 'BAKERBAZZAR.API.Controller.UserController.Category (BAKERBAZZAR.API)'
2024-11-13 13:07:40.846 +05:30  INF  Request finished HTTP/1.1 GET http://localhost:5145/User/Category - - - 200 - application/json;+charset=utf-8 354.5233ms
2024-11-13 13:07:40.850 +05:30  INF  Request starting HTTP/1.1 GET http://localhost:5145/User/Category - -
2024-11-13 13:07:40.851 +05:30  INF  CORS policy execution successful.
2024-11-13 13:07:40.851 +05:30  INF  Executing endpoint 'BAKERBAZZAR.API.Controller.UserController.Category (BAKERBAZZAR.API)'
2024-11-13 13:07:40.852 +05:30  INF  Route matched with {action = "Category", controller = "User"}. Executing controller action with signature System.Threading.Tasks.Task`1[Microsoft.AspNetCore.Mvc.ActionResult`1[BAKERBAZZAR.API.Models.ApiResponse]] Category(System.String) on controller BAKERBAZZAR.API.Controller.UserController (BAKERBAZZAR.API).
2024-11-13 13:07:40.854 +05:30  INF  Executing ObjectResult, writing value of type 'BAKERBAZZAR.API.Models.ApiResponse'.
2024-11-13 13:07:40.855 +05:30  INF  Executed action BAKERBAZZAR.API.Controller.UserController.Products (BAKERBAZZAR.API) in 156.6307ms
2024-11-13 13:07:40.855 +05:30  INF  Executed endpoint 'BAKERBAZZAR.API.Controller.UserController.Products (BAKERBAZZAR.API)'
2024-11-13 13:07:40.856 +05:30  INF  Request finished HTTP/1.1 GET http://localhost:5145/user/products?categoryid= - - - 200 - application/json;+charset=utf-8 191.1548ms
2024-11-13 13:07:40.861 +05:30  INF  Request starting HTTP/1.1 GET http://localhost:5145/user/products?categoryid= - -
2024-11-13 13:07:40.861 +05:30  INF  CORS policy execution successful.
2024-11-13 13:07:40.861 +05:30  INF  Executing endpoint 'BAKERBAZZAR.API.Controller.UserController.Products (BAKERBAZZAR.API)'
2024-11-13 13:07:40.861 +05:30  INF  Route matched with {action = "Products", controller = "User"}. Executing controller action with signature System.Threading.Tasks.Task`1[Microsoft.AspNetCore.Mvc.ActionResult`1[BAKERBAZZAR.API.Models.ApiResponse]] Products(System.String, System.String) on controller BAKERBAZZAR.API.Controller.UserController (BAKERBAZZAR.API).
2024-11-13 13:07:40.877 +05:30  INF  Executing ObjectResult, writing value of type 'BAKERBAZZAR.API.Models.ApiResponse'.
2024-11-13 13:07:40.877 +05:30  INF  Executed action BAKERBAZZAR.API.Controller.UserController.Category (BAKERBAZZAR.API) in 24.5764ms
2024-11-13 13:07:40.877 +05:30  INF  Executed endpoint 'BAKERBAZZAR.API.Controller.UserController.Category (BAKERBAZZAR.API)'
2024-11-13 13:07:40.877 +05:30  INF  Request finished HTTP/1.1 GET http://localhost:5145/User/Category - - - 200 - application/json;+charset=utf-8 26.5703ms
2024-11-13 13:07:44.222 +05:30  INF  Request starting HTTP/1.1 GET http://localhost:5145/User/CartDetails?displayid=702dcb1e-b399-4b22-a4ad-ac33169d26fd - -
2024-11-13 13:07:44.222 +05:30  INF  CORS policy execution successful.
2024-11-13 13:07:44.223 +05:30  INF  Executing endpoint 'BAKERBAZZAR.API.Controller.UserController.CartDetails (BAKERBAZZAR.API)'
2024-11-13 13:07:44.223 +05:30  INF  Route matched with {action = "CartDetails", controller = "User"}. Executing controller action with signature System.Threading.Tasks.Task`1[Microsoft.AspNetCore.Mvc.ActionResult`1[BAKERBAZZAR.API.Models.ApiResponse]] CartDetails(System.String) on controller BAKERBAZZAR.API.Controller.UserController (BAKERBAZZAR.API).
2024-11-13 13:07:44.730 +05:30  INF  Executing ObjectResult, writing value of type 'BAKERBAZZAR.API.Models.ApiResponse'.
2024-11-13 13:07:44.730 +05:30  INF  Executed action BAKERBAZZAR.API.Controller.UserController.CartDetails (BAKERBAZZAR.API) in 507.3214ms
2024-11-13 13:07:44.730 +05:30  INF  Executed endpoint 'BAKERBAZZAR.API.Controller.UserController.CartDetails (BAKERBAZZAR.API)'
2024-11-13 13:07:44.730 +05:30  INF  Request finished HTTP/1.1 GET http://localhost:5145/User/CartDetails?displayid=702dcb1e-b399-4b22-a4ad-ac33169d26fd - - - 200 - application/json;+charset=utf-8 508.1687ms
2024-11-13 13:07:44.731 +05:30  INF  Executing ObjectResult, writing value of type 'BAKERBAZZAR.API.Models.ApiResponse'.
2024-11-13 13:07:44.732 +05:30  INF  Executed action BAKERBAZZAR.API.Controller.UserController.Products (BAKERBAZZAR.API) in 3870.3787ms
2024-11-13 13:07:44.732 +05:30  INF  Executed endpoint 'BAKERBAZZAR.API.Controller.UserController.Products (BAKERBAZZAR.API)'
2024-11-13 13:07:44.732 +05:30  INF  Request finished HTTP/1.1 GET http://localhost:5145/user/products?categoryid= - - - 200 - application/json;+charset=utf-8 3870.9189ms
2024-11-13 13:07:44.733 +05:30  INF  Request starting HTTP/1.1 GET http://localhost:5145/User/CartDetails?displayid=702dcb1e-b399-4b22-a4ad-ac33169d26fd - -
2024-11-13 13:07:44.733 +05:30  INF  CORS policy execution successful.
2024-11-13 13:07:44.733 +05:30  INF  Executing endpoint 'BAKERBAZZAR.API.Controller.UserController.CartDetails (BAKERBAZZAR.API)'
2024-11-13 13:07:44.733 +05:30  INF  Route matched with {action = "CartDetails", controller = "User"}. Executing controller action with signature System.Threading.Tasks.Task`1[Microsoft.AspNetCore.Mvc.ActionResult`1[BAKERBAZZAR.API.Models.ApiResponse]] CartDetails(System.String) on controller BAKERBAZZAR.API.Controller.UserController (BAKERBAZZAR.API).
2024-11-13 13:07:44.734 +05:30  INF  Executing ObjectResult, writing value of type 'BAKERBAZZAR.API.Models.ApiResponse'.
2024-11-13 13:07:44.735 +05:30  INF  Executed action BAKERBAZZAR.API.Controller.UserController.CartDetails (BAKERBAZZAR.API) in 1.4456ms
2024-11-13 13:07:44.735 +05:30  INF  Executed endpoint 'BAKERBAZZAR.API.Controller.UserController.CartDetails (BAKERBAZZAR.API)'
2024-11-13 13:07:44.735 +05:30  INF  Request finished HTTP/1.1 GET http://localhost:5145/User/CartDetails?displayid=702dcb1e-b399-4b22-a4ad-ac33169d26fd - - - 200 - application/json;+charset=utf-8 1.9922ms
2024-11-13 13:07:44.766 +05:30  INF  Executing ObjectResult, writing value of type 'BAKERBAZZAR.API.Models.ApiResponse'.
2024-11-13 13:07:44.767 +05:30  INF  Executed action BAKERBAZZAR.API.Controller.UserController.MyOrders (BAKERBAZZAR.API) in 4065.4981ms
2024-11-13 13:07:44.767 +05:30  INF  Executed endpoint 'BAKERBAZZAR.API.Controller.UserController.MyOrders (BAKERBAZZAR.API)'
2024-11-13 13:07:44.767 +05:30  INF  Request finished HTTP/1.1 GET http://localhost:5145/user/myorders?displayid=e62f03f4-2dcf-4f80-bc23-341651bd9338 - - - 200 - application/json;+charset=utf-8 4066.1876ms
2024-11-13 13:10:42.654 +05:30  INF  Request starting HTTP/1.1 OPTIONS http://localhost:5145/user/dashboard?displayid=e62f03f4-2dcf-4f80-bc23-341651bd9338 - -
2024-11-13 13:10:42.654 +05:30  INF  CORS policy execution successful.
2024-11-13 13:10:42.654 +05:30  INF  Request finished HTTP/1.1 OPTIONS http://localhost:5145/user/dashboard?displayid=e62f03f4-2dcf-4f80-bc23-341651bd9338 - - - 204 - - 0.2731ms
2024-11-13 13:10:42.656 +05:30  INF  Request starting HTTP/1.1 GET http://localhost:5145/user/dashboard?displayid=e62f03f4-2dcf-4f80-bc23-341651bd9338 application/json -
2024-11-13 13:10:42.656 +05:30  INF  CORS policy execution successful.
2024-11-13 13:10:42.656 +05:30  INF  Executing endpoint 'BAKERBAZZAR.API.Controller.UserController.Dashboard (BAKERBAZZAR.API)'
2024-11-13 13:10:42.657 +05:30  INF  Route matched with {action = "Dashboard", controller = "User"}. Executing controller action with signature System.Threading.Tasks.Task`1[Microsoft.AspNetCore.Mvc.ActionResult`1[BAKERBAZZAR.API.Models.ApiResponse]] Dashboard(System.String) on controller BAKERBAZZAR.API.Controller.UserController (BAKERBAZZAR.API).
2024-11-13 13:10:42.714 +05:30  INF  Executing ObjectResult, writing value of type 'BAKERBAZZAR.API.Models.ApiResponse'.
2024-11-13 13:10:42.715 +05:30  INF  Executed action BAKERBAZZAR.API.Controller.UserController.Dashboard (BAKERBAZZAR.API) in 58.0343ms
2024-11-13 13:10:42.715 +05:30  INF  Executed endpoint 'BAKERBAZZAR.API.Controller.UserController.Dashboard (BAKERBAZZAR.API)'
2024-11-13 13:10:42.715 +05:30  INF  Request finished HTTP/1.1 GET http://localhost:5145/user/dashboard?displayid=e62f03f4-2dcf-4f80-bc23-341651bd9338 application/json - - 200 - application/json;+charset=utf-8 58.8703ms
2024-11-13 13:29:39.767 +05:30  INF  User profile is available. Using 'C:\Users\kamal\AppData\Local\ASP.NET\DataProtection-Keys' as key repository and Windows DPAPI to encrypt keys at rest.
2024-11-13 13:29:39.976 +05:30  INF  Now listening on: http://localhost:5145
2024-11-13 13:29:40.031 +05:30  INF  Application started. Press Ctrl+C to shut down.
2024-11-13 13:29:40.032 +05:30  INF  Hosting environment: Development
2024-11-13 13:29:40.032 +05:30  INF  Content root path: C:\Users\kamal\OneDrive\Desktop\BakerBazzar\API Code\BAKERBAZZAR.API
2024-11-13 13:29:42.461 +05:30  INF  Request starting HTTP/1.1 GET http://localhost:5145/swagger/index.html - -
2024-11-13 13:29:42.996 +05:30  INF  Request finished HTTP/1.1 GET http://localhost:5145/swagger/index.html - - - 200 - text/html;charset=utf-8 538.2969ms
2024-11-13 13:29:43.085 +05:30  INF  Request starting HTTP/1.1 GET http://localhost:5145/_vs/browserLink - -
2024-11-13 13:29:43.088 +05:30  INF  Request starting HTTP/1.1 GET http://localhost:5145/_framework/aspnetcore-browser-refresh.js - -
2024-11-13 13:29:43.090 +05:30  INF  Request finished HTTP/1.1 GET http://localhost:5145/_framework/aspnetcore-browser-refresh.js - - - 200 13766 application/javascript;+charset=utf-8 1.7034ms
2024-11-13 13:29:43.158 +05:30  INF  Request finished HTTP/1.1 GET http://localhost:5145/_vs/browserLink - - - 200 - text/javascript;+charset=UTF-8 73.4613ms
2024-11-13 13:29:43.290 +05:30  INF  Request starting HTTP/1.1 GET http://localhost:5145/swagger/v1/swagger.json - -
2024-11-13 13:29:43.421 +05:30  INF  Request finished HTTP/1.1 GET http://localhost:5145/swagger/v1/swagger.json - - - 200 - application/json;charset=utf-8 130.7297ms
2024-11-13 13:30:59.753 +05:30  INF  Request starting HTTP/1.1 GET http://localhost:5145/User/Category - -
2024-11-13 13:30:59.753 +05:30  INF  Request starting HTTP/1.1 GET http://localhost:5145/user/products?categoryid= - -
2024-11-13 13:30:59.786 +05:30  INF  CORS policy execution successful.
2024-11-13 13:30:59.786 +05:30  INF  CORS policy execution successful.
2024-11-13 13:30:59.820 +05:30  INF  Request starting HTTP/1.1 GET http://localhost:5145/user/myorders?displayid=e62f03f4-2dcf-4f80-bc23-341651bd9338 - -
2024-11-13 13:30:59.825 +05:30  INF  CORS policy execution successful.
2024-11-13 13:30:59.863 +05:30  INF  Executing endpoint 'BAKERBAZZAR.API.Controller.UserController.MyOrders (BAKERBAZZAR.API)'
2024-11-13 13:30:59.863 +05:30  INF  Executing endpoint 'BAKERBAZZAR.API.Controller.UserController.Products (BAKERBAZZAR.API)'
2024-11-13 13:30:59.863 +05:30  INF  Executing endpoint 'BAKERBAZZAR.API.Controller.UserController.Category (BAKERBAZZAR.API)'
2024-11-13 13:30:59.964 +05:30  INF  Route matched with {action = "Products", controller = "User"}. Executing controller action with signature System.Threading.Tasks.Task`1[Microsoft.AspNetCore.Mvc.ActionResult`1[BAKERBAZZAR.API.Models.ApiResponse]] Products(System.String, System.String) on controller BAKERBAZZAR.API.Controller.UserController (BAKERBAZZAR.API).
2024-11-13 13:30:59.964 +05:30  INF  Route matched with {action = "Category", controller = "User"}. Executing controller action with signature System.Threading.Tasks.Task`1[Microsoft.AspNetCore.Mvc.ActionResult`1[BAKERBAZZAR.API.Models.ApiResponse]] Category(System.String) on controller BAKERBAZZAR.API.Controller.UserController (BAKERBAZZAR.API).
2024-11-13 13:30:59.964 +05:30  INF  Route matched with {action = "MyOrders", controller = "User"}. Executing controller action with signature System.Threading.Tasks.Task`1[Microsoft.AspNetCore.Mvc.ActionResult`1[BAKERBAZZAR.API.Models.ApiResponse]] MyOrders(System.String, System.String, System.String) on controller BAKERBAZZAR.API.Controller.UserController (BAKERBAZZAR.API).
2024-11-13 13:31:00.968 +05:30  INF  Executing ObjectResult, writing value of type 'BAKERBAZZAR.API.Models.ApiResponse'.
2024-11-13 13:31:00.968 +05:30  INF  Executing ObjectResult, writing value of type 'BAKERBAZZAR.API.Models.ApiResponse'.
2024-11-13 13:31:00.968 +05:30  INF  Executing ObjectResult, writing value of type 'BAKERBAZZAR.API.Models.ApiResponse'.
2024-11-13 13:31:01.002 +05:30  INF  Executed action BAKERBAZZAR.API.Controller.UserController.Category (BAKERBAZZAR.API) in 1032.5499ms
2024-11-13 13:31:01.002 +05:30  INF  Executed action BAKERBAZZAR.API.Controller.UserController.MyOrders (BAKERBAZZAR.API) in 1032.5498ms
2024-11-13 13:31:01.002 +05:30  INF  Executed action BAKERBAZZAR.API.Controller.UserController.Products (BAKERBAZZAR.API) in 1024.8807ms
2024-11-13 13:31:01.002 +05:30  INF  Request starting HTTP/1.1 GET http://localhost:5145/user/products?categoryid= - -
2024-11-13 13:31:01.002 +05:30  INF  Request starting HTTP/1.1 GET http://localhost:5145/User/Category - -
2024-11-13 13:31:01.003 +05:30  INF  Executed endpoint 'BAKERBAZZAR.API.Controller.UserController.MyOrders (BAKERBAZZAR.API)'
2024-11-13 13:31:01.003 +05:30  INF  Executed endpoint 'BAKERBAZZAR.API.Controller.UserController.Category (BAKERBAZZAR.API)'
2024-11-13 13:31:01.003 +05:30  INF  Executed endpoint 'BAKERBAZZAR.API.Controller.UserController.Products (BAKERBAZZAR.API)'
2024-11-13 13:31:01.004 +05:30  INF  CORS policy execution successful.
2024-11-13 13:31:01.004 +05:30  INF  CORS policy execution successful.
2024-11-13 13:31:01.004 +05:30  INF  Executing endpoint 'BAKERBAZZAR.API.Controller.UserController.Category (BAKERBAZZAR.API)'
2024-11-13 13:31:01.004 +05:30  INF  Executing endpoint 'BAKERBAZZAR.API.Controller.UserController.Products (BAKERBAZZAR.API)'
2024-11-13 13:31:01.004 +05:30  INF  Route matched with {action = "Products", controller = "User"}. Executing controller action with signature System.Threading.Tasks.Task`1[Microsoft.AspNetCore.Mvc.ActionResult`1[BAKERBAZZAR.API.Models.ApiResponse]] Products(System.String, System.String) on controller BAKERBAZZAR.API.Controller.UserController (BAKERBAZZAR.API).
2024-11-13 13:31:01.004 +05:30  INF  Route matched with {action = "Category", controller = "User"}. Executing controller action with signature System.Threading.Tasks.Task`1[Microsoft.AspNetCore.Mvc.ActionResult`1[BAKERBAZZAR.API.Models.ApiResponse]] Category(System.String) on controller BAKERBAZZAR.API.Controller.UserController (BAKERBAZZAR.API).
2024-11-13 13:31:01.007 +05:30  INF  Request finished HTTP/1.1 GET http://localhost:5145/user/products?categoryid= - - - 200 - application/json;+charset=utf-8 1255.4537ms
2024-11-13 13:31:01.007 +05:30  INF  Request finished HTTP/1.1 GET http://localhost:5145/user/myorders?displayid=e62f03f4-2dcf-4f80-bc23-341651bd9338 - - - 200 - application/json;+charset=utf-8 1186.7032ms
2024-11-13 13:31:01.007 +05:30  INF  Request finished HTTP/1.1 GET http://localhost:5145/User/Category - - - 200 - application/json;+charset=utf-8 1255.4513ms
2024-11-13 13:31:01.020 +05:30  INF  Executing ObjectResult, writing value of type 'BAKERBAZZAR.API.Models.ApiResponse'.
2024-11-13 13:31:01.020 +05:30  INF  Executed action BAKERBAZZAR.API.Controller.UserController.Category (BAKERBAZZAR.API) in 15.8953ms
2024-11-13 13:31:01.020 +05:30  INF  Executed endpoint 'BAKERBAZZAR.API.Controller.UserController.Category (BAKERBAZZAR.API)'
2024-11-13 13:31:01.021 +05:30  INF  Request finished HTTP/1.1 GET http://localhost:5145/User/Category - - - 200 - application/json;+charset=utf-8 18.9095ms
2024-11-13 13:31:01.024 +05:30  INF  Executing ObjectResult, writing value of type 'BAKERBAZZAR.API.Models.ApiResponse'.
2024-11-13 13:31:01.026 +05:30  INF  Executed action BAKERBAZZAR.API.Controller.UserController.Products (BAKERBAZZAR.API) in 21.7089ms
2024-11-13 13:31:01.026 +05:30  INF  Executed endpoint 'BAKERBAZZAR.API.Controller.UserController.Products (BAKERBAZZAR.API)'
2024-11-13 13:31:01.026 +05:30  INF  Request finished HTTP/1.1 GET http://localhost:5145/user/products?categoryid= - - - 200 - application/json;+charset=utf-8 24.6061ms
2024-11-13 13:31:01.640 +05:30  INF  Request starting HTTP/1.1 OPTIONS http://localhost:5145/Authentication/Login - -
2024-11-13 13:31:01.640 +05:30  INF  CORS policy execution successful.
2024-11-13 13:31:01.642 +05:30  INF  Request finished HTTP/1.1 OPTIONS http://localhost:5145/Authentication/Login - - - 204 - - 1.5929ms
2024-11-13 13:31:01.644 +05:30  INF  Request starting HTTP/1.1 POST http://localhost:5145/Authentication/Login application/json 37
2024-11-13 13:31:01.644 +05:30  INF  CORS policy execution successful.
2024-11-13 13:31:01.644 +05:30  INF  Executing endpoint 'BAKERBAZZAR.API.Controller.AuthenticationController.VerifyUser (BAKERBAZZAR.API)'
2024-11-13 13:31:01.648 +05:30  INF  Route matched with {action = "VerifyUser", controller = "Authentication"}. Executing controller action with signature System.Threading.Tasks.Task`1[Microsoft.AspNetCore.Mvc.ActionResult`1[BAKERBAZZAR.API.Models.ApiResponse]] VerifyUser(BAKERBAZZAR.API.Models.IO_Templates.LoginRequest) on controller BAKERBAZZAR.API.Controller.AuthenticationController (BAKERBAZZAR.API).
2024-11-13 13:31:01.661 +05:30  INF  verify user execution start
2024-11-13 13:31:01.748 +05:30  INF  verify user execution end
2024-11-13 13:31:01.748 +05:30  INF  Executing ObjectResult, writing value of type 'BAKERBAZZAR.API.Models.ApiResponse'.
2024-11-13 13:31:01.755 +05:30  INF  Executed action BAKERBAZZAR.API.Controller.AuthenticationController.VerifyUser (BAKERBAZZAR.API) in 106.9811ms
2024-11-13 13:31:01.755 +05:30  INF  Executed endpoint 'BAKERBAZZAR.API.Controller.AuthenticationController.VerifyUser (BAKERBAZZAR.API)'
2024-11-13 13:31:01.755 +05:30  INF  Request finished HTTP/1.1 POST http://localhost:5145/Authentication/Login application/json 37 - 200 - application/json;+charset=utf-8 111.0287ms
2024-11-13 13:31:19.978 +05:30  INF  Request starting HTTP/1.1 OPTIONS http://localhost:5145/User/AddToCart - -
2024-11-13 13:31:19.978 +05:30  INF  CORS policy execution successful.
2024-11-13 13:31:19.978 +05:30  INF  Request finished HTTP/1.1 OPTIONS http://localhost:5145/User/AddToCart - - - 204 - - 0.4545ms
2024-11-13 13:31:19.979 +05:30  INF  Request starting HTTP/1.1 POST http://localhost:5145/User/AddToCart application/json 141
2024-11-13 13:31:19.979 +05:30  INF  CORS policy execution successful.
2024-11-13 13:31:19.979 +05:30  INF  Executing endpoint 'BAKERBAZZAR.API.Controller.UserController.AddToCart (BAKERBAZZAR.API)'
2024-11-13 13:31:19.982 +05:30  INF  Route matched with {action = "AddToCart", controller = "User"}. Executing controller action with signature System.Threading.Tasks.Task`1[Microsoft.AspNetCore.Mvc.ActionResult`1[BAKERBAZZAR.API.Models.ApiResponse]] AddToCart(BAKERBAZZAR.API.Models.IO_Templates.AddToCartRequest) on controller BAKERBAZZAR.API.Controller.UserController (BAKERBAZZAR.API).
2024-11-13 13:31:20.018 +05:30  INF  Executing ObjectResult, writing value of type 'BAKERBAZZAR.API.Models.ApiResponse'.
2024-11-13 13:31:20.018 +05:30  INF  Executed action BAKERBAZZAR.API.Controller.UserController.AddToCart (BAKERBAZZAR.API) in 36.5292ms
2024-11-13 13:31:20.018 +05:30  INF  Executed endpoint 'BAKERBAZZAR.API.Controller.UserController.AddToCart (BAKERBAZZAR.API)'
2024-11-13 13:31:20.018 +05:30  INF  Request finished HTTP/1.1 POST http://localhost:5145/User/AddToCart application/json 141 - 200 - application/json;+charset=utf-8 39.3412ms
2024-11-13 13:31:29.676 +05:30  INF  Request starting HTTP/1.1 OPTIONS http://localhost:5145/User/AddToCart - -
2024-11-13 13:31:29.677 +05:30  INF  CORS policy execution successful.
2024-11-13 13:31:29.677 +05:30  INF  Request finished HTTP/1.1 OPTIONS http://localhost:5145/User/AddToCart - - - 204 - - 0.4819ms
2024-11-13 13:31:29.678 +05:30  INF  Request starting HTTP/1.1 POST http://localhost:5145/User/AddToCart application/json 141
2024-11-13 13:31:29.678 +05:30  INF  CORS policy execution successful.
2024-11-13 13:31:29.678 +05:30  INF  Executing endpoint 'BAKERBAZZAR.API.Controller.UserController.AddToCart (BAKERBAZZAR.API)'
2024-11-13 13:31:29.679 +05:30  INF  Route matched with {action = "AddToCart", controller = "User"}. Executing controller action with signature System.Threading.Tasks.Task`1[Microsoft.AspNetCore.Mvc.ActionResult`1[BAKERBAZZAR.API.Models.ApiResponse]] AddToCart(BAKERBAZZAR.API.Models.IO_Templates.AddToCartRequest) on controller BAKERBAZZAR.API.Controller.UserController (BAKERBAZZAR.API).
2024-11-13 13:31:29.695 +05:30  INF  Executing ObjectResult, writing value of type 'BAKERBAZZAR.API.Models.ApiResponse'.
2024-11-13 13:31:29.695 +05:30  INF  Executed action BAKERBAZZAR.API.Controller.UserController.AddToCart (BAKERBAZZAR.API) in 16.4998ms
2024-11-13 13:31:29.695 +05:30  INF  Executed endpoint 'BAKERBAZZAR.API.Controller.UserController.AddToCart (BAKERBAZZAR.API)'
2024-11-13 13:31:29.695 +05:30  INF  Request finished HTTP/1.1 POST http://localhost:5145/User/AddToCart application/json 141 - 200 - application/json;+charset=utf-8 17.2402ms
2024-11-13 13:34:33.617 +05:30  INF  Request starting HTTP/1.1 GET http://localhost:5145/User/CartDetails?displayid=54ad4834-4071-46df-9009-2f2bc60bca0a - -
2024-11-13 13:34:33.618 +05:30  INF  CORS policy execution successful.
2024-11-13 13:34:33.618 +05:30  INF  Executing endpoint 'BAKERBAZZAR.API.Controller.UserController.CartDetails (BAKERBAZZAR.API)'
2024-11-13 13:34:33.629 +05:30  INF  Route matched with {action = "CartDetails", controller = "User"}. Executing controller action with signature System.Threading.Tasks.Task`1[Microsoft.AspNetCore.Mvc.ActionResult`1[BAKERBAZZAR.API.Models.ApiResponse]] CartDetails(System.String) on controller BAKERBAZZAR.API.Controller.UserController (BAKERBAZZAR.API).
2024-11-13 13:34:33.674 +05:30  INF  Executing ObjectResult, writing value of type 'BAKERBAZZAR.API.Models.ApiResponse'.
2024-11-13 13:34:33.686 +05:30  INF  Executed action BAKERBAZZAR.API.Controller.UserController.CartDetails (BAKERBAZZAR.API) in 56.7419ms
2024-11-13 13:34:33.686 +05:30  INF  Executed endpoint 'BAKERBAZZAR.API.Controller.UserController.CartDetails (BAKERBAZZAR.API)'
2024-11-13 13:34:33.687 +05:30  INF  Request finished HTTP/1.1 GET http://localhost:5145/User/CartDetails?displayid=54ad4834-4071-46df-9009-2f2bc60bca0a - - - 200 - application/json;+charset=utf-8 69.5425ms
2024-11-13 13:34:33.688 +05:30  INF  Request starting HTTP/1.1 GET http://localhost:5145/User/CartDetails?displayid=54ad4834-4071-46df-9009-2f2bc60bca0a - -
