2024-11-15 10:32:02.630 +05:30  INF  User profile is available. Using 'C:\Users\kamal\AppData\Local\ASP.NET\DataProtection-Keys' as key repository and Windows DPAPI to encrypt keys at rest.
2024-11-15 10:32:03.110 +05:30  INF  Now listening on: http://localhost:5145
2024-11-15 10:32:03.216 +05:30  INF  Application started. Press Ctrl+C to shut down.
2024-11-15 10:32:03.216 +05:30  INF  Hosting environment: Development
2024-11-15 10:32:03.216 +05:30  INF  Content root path: C:\Users\kamal\OneDrive\Desktop\BakerBazzar\API Code\BAKERBAZZAR.API
2024-11-15 10:32:03.351 +05:30  INF  Request starting HTTP/1.1 OPTIONS http://localhost:5145/Authentication/Login - -
2024-11-15 10:32:03.440 +05:30  INF  CORS policy execution successful.
2024-11-15 10:32:03.461 +05:30  INF  Request finished HTTP/1.1 OPTIONS http://localhost:5145/Authentication/Login - - - 204 - - 114.7400ms
2024-11-15 10:32:03.480 +05:30  INF  Request starting HTTP/1.1 POST http://localhost:5145/Authentication/Login application/json 37
2024-11-15 10:32:03.491 +05:30  INF  CORS policy execution successful.
2024-11-15 10:32:03.574 +05:30  INF  Request starting HTTP/1.1 POST http://localhost:5145/Authentication/Login application/json 37
2024-11-15 10:32:03.577 +05:30  INF  CORS policy execution successful.
2024-11-15 10:32:03.593 +05:30  INF  Executing endpoint 'BAKERBAZZAR.API.Controller.AuthenticationController.VerifyUser (BAKERBAZZAR.API)'
2024-11-15 10:32:03.594 +05:30  INF  Executing endpoint 'BAKERBAZZAR.API.Controller.AuthenticationController.VerifyUser (BAKERBAZZAR.API)'
2024-11-15 10:32:03.640 +05:30  INF  Route matched with {action = "VerifyUser", controller = "Authentication"}. Executing controller action with signature System.Threading.Tasks.Task`1[Microsoft.AspNetCore.Mvc.ActionResult`1[BAKERBAZZAR.API.Models.ApiResponse]] VerifyUser(BAKERBAZZAR.API.Models.IO_Templates.LoginRequest) on controller BAKERBAZZAR.API.Controller.AuthenticationController (BAKERBAZZAR.API).
2024-11-15 10:32:03.640 +05:30  INF  Route matched with {action = "VerifyUser", controller = "Authentication"}. Executing controller action with signature System.Threading.Tasks.Task`1[Microsoft.AspNetCore.Mvc.ActionResult`1[BAKERBAZZAR.API.Models.ApiResponse]] VerifyUser(BAKERBAZZAR.API.Models.IO_Templates.LoginRequest) on controller BAKERBAZZAR.API.Controller.AuthenticationController (BAKERBAZZAR.API).
2024-11-15 10:32:03.688 +05:30  INF  verify user execution start
2024-11-15 10:32:03.688 +05:30  INF  verify user execution start
2024-11-15 10:32:04.516 +05:30  INF  Request starting HTTP/1.1 GET http://localhost:5145/swagger/index.html - -
2024-11-15 10:32:04.975 +05:30  INF  Request finished HTTP/1.1 GET http://localhost:5145/swagger/index.html - - - 200 - text/html;charset=utf-8 458.6792ms
2024-11-15 10:32:05.014 +05:30  INF  Request starting HTTP/1.1 GET http://localhost:5145/_framework/aspnetcore-browser-refresh.js - -
2024-11-15 10:32:05.018 +05:30  INF  Request finished HTTP/1.1 GET http://localhost:5145/_framework/aspnetcore-browser-refresh.js - - - 200 13766 application/javascript;+charset=utf-8 3.8030ms
2024-11-15 10:32:05.024 +05:30  INF  Request starting HTTP/1.1 GET http://localhost:5145/_vs/browserLink - -
2024-11-15 10:32:05.118 +05:30  INF  Request finished HTTP/1.1 GET http://localhost:5145/_vs/browserLink - - - 200 - text/javascript;+charset=UTF-8 93.5019ms
2024-11-15 10:32:05.533 +05:30  INF  Request starting HTTP/1.1 GET http://localhost:5145/swagger/v1/swagger.json - -
2024-11-15 10:32:05.718 +05:30  INF  Request finished HTTP/1.1 GET http://localhost:5145/swagger/v1/swagger.json - - - 200 - application/json;charset=utf-8 185.2107ms
2024-11-15 10:32:07.494 +05:30  INF  Request starting HTTP/1.1 POST http://localhost:5145/Authentication/Login application/json 37
2024-11-15 10:32:07.494 +05:30  INF  CORS policy execution successful.
2024-11-15 10:32:07.497 +05:30  INF  Executing endpoint 'BAKERBAZZAR.API.Controller.AuthenticationController.VerifyUser (BAKERBAZZAR.API)'
2024-11-15 10:32:07.498 +05:30  INF  Route matched with {action = "VerifyUser", controller = "Authentication"}. Executing controller action with signature System.Threading.Tasks.Task`1[Microsoft.AspNetCore.Mvc.ActionResult`1[BAKERBAZZAR.API.Models.ApiResponse]] VerifyUser(BAKERBAZZAR.API.Models.IO_Templates.LoginRequest) on controller BAKERBAZZAR.API.Controller.AuthenticationController (BAKERBAZZAR.API).
2024-11-15 10:32:07.498 +05:30  INF  verify user execution start
2024-11-15 10:32:08.814 +05:30  INF  verify user execution end
2024-11-15 10:32:08.814 +05:30  INF  verify user execution end
2024-11-15 10:32:08.814 +05:30  INF  verify user execution end
2024-11-15 10:32:08.821 +05:30  INF  Executing ObjectResult, writing value of type 'BAKERBAZZAR.API.Models.ApiResponse'.
2024-11-15 10:32:08.821 +05:30  INF  Executing ObjectResult, writing value of type 'BAKERBAZZAR.API.Models.ApiResponse'.
2024-11-15 10:32:08.821 +05:30  INF  Executing ObjectResult, writing value of type 'BAKERBAZZAR.API.Models.ApiResponse'.
2024-11-15 10:32:08.851 +05:30  INF  Executed action BAKERBAZZAR.API.Controller.AuthenticationController.VerifyUser (BAKERBAZZAR.API) in 1350.1678ms
2024-11-15 10:32:08.851 +05:30  INF  Executed action BAKERBAZZAR.API.Controller.AuthenticationController.VerifyUser (BAKERBAZZAR.API) in 5207.3445ms
2024-11-15 10:32:08.851 +05:30  INF  Executed action BAKERBAZZAR.API.Controller.AuthenticationController.VerifyUser (BAKERBAZZAR.API) in 5207.3074ms
2024-11-15 10:32:08.852 +05:30  INF  Executed endpoint 'BAKERBAZZAR.API.Controller.AuthenticationController.VerifyUser (BAKERBAZZAR.API)'
2024-11-15 10:32:08.852 +05:30  INF  Executed endpoint 'BAKERBAZZAR.API.Controller.AuthenticationController.VerifyUser (BAKERBAZZAR.API)'
2024-11-15 10:32:08.852 +05:30  INF  Executed endpoint 'BAKERBAZZAR.API.Controller.AuthenticationController.VerifyUser (BAKERBAZZAR.API)'
2024-11-15 10:32:08.855 +05:30  INF  Request finished HTTP/1.1 POST http://localhost:5145/Authentication/Login application/json 37 - 200 - application/json;+charset=utf-8 5280.5945ms
2024-11-15 10:32:08.855 +05:30  INF  Request finished HTTP/1.1 POST http://localhost:5145/Authentication/Login application/json 37 - 200 - application/json;+charset=utf-8 1361.0728ms
2024-11-15 10:32:08.855 +05:30  INF  Request finished HTTP/1.1 POST http://localhost:5145/Authentication/Login application/json 37 - 200 - application/json;+charset=utf-8 5374.2382ms
2024-11-15 10:32:22.312 +05:30  INF  Request starting HTTP/1.1 GET http://localhost:5145/user/products?categoryid= - -
2024-11-15 10:32:22.312 +05:30  INF  Request starting HTTP/1.1 GET http://localhost:5145/User/Category - -
2024-11-15 10:32:22.313 +05:30  INF  CORS policy execution successful.
2024-11-15 10:32:22.313 +05:30  INF  CORS policy execution successful.
2024-11-15 10:32:22.314 +05:30  INF  Executing endpoint 'BAKERBAZZAR.API.Controller.UserController.Products (BAKERBAZZAR.API)'
2024-11-15 10:32:22.314 +05:30  INF  Executing endpoint 'BAKERBAZZAR.API.Controller.UserController.Category (BAKERBAZZAR.API)'
2024-11-15 10:32:22.323 +05:30  INF  Route matched with {action = "Category", controller = "User"}. Executing controller action with signature System.Threading.Tasks.Task`1[Microsoft.AspNetCore.Mvc.ActionResult`1[BAKERBAZZAR.API.Models.ApiResponse]] Category(System.String) on controller BAKERBAZZAR.API.Controller.UserController (BAKERBAZZAR.API).
2024-11-15 10:32:22.323 +05:30  INF  Route matched with {action = "Products", controller = "User"}. Executing controller action with signature System.Threading.Tasks.Task`1[Microsoft.AspNetCore.Mvc.ActionResult`1[BAKERBAZZAR.API.Models.ApiResponse]] Products(System.String, System.String) on controller BAKERBAZZAR.API.Controller.UserController (BAKERBAZZAR.API).
2024-11-15 10:32:22.382 +05:30  INF  Executing ObjectResult, writing value of type 'BAKERBAZZAR.API.Models.ApiResponse'.
2024-11-15 10:32:22.385 +05:30  INF  Executed action BAKERBAZZAR.API.Controller.UserController.Category (BAKERBAZZAR.API) in 61.6154ms
2024-11-15 10:32:22.385 +05:30  INF  Executed endpoint 'BAKERBAZZAR.API.Controller.UserController.Category (BAKERBAZZAR.API)'
2024-11-15 10:32:22.385 +05:30  INF  Request finished HTTP/1.1 GET http://localhost:5145/User/Category - - - 200 - application/json;+charset=utf-8 73.5636ms
2024-11-15 10:32:22.386 +05:30  INF  Request starting HTTP/1.1 GET http://localhost:5145/User/Category - -
2024-11-15 10:32:22.389 +05:30  INF  CORS policy execution successful.
2024-11-15 10:32:22.389 +05:30  INF  Executing endpoint 'BAKERBAZZAR.API.Controller.UserController.Category (BAKERBAZZAR.API)'
2024-11-15 10:32:22.389 +05:30  INF  Route matched with {action = "Category", controller = "User"}. Executing controller action with signature System.Threading.Tasks.Task`1[Microsoft.AspNetCore.Mvc.ActionResult`1[BAKERBAZZAR.API.Models.ApiResponse]] Category(System.String) on controller BAKERBAZZAR.API.Controller.UserController (BAKERBAZZAR.API).
2024-11-15 10:32:22.392 +05:30  INF  Executing ObjectResult, writing value of type 'BAKERBAZZAR.API.Models.ApiResponse'.
2024-11-15 10:32:22.392 +05:30  INF  Executing ObjectResult, writing value of type 'BAKERBAZZAR.API.Models.ApiResponse'.
2024-11-15 10:32:22.392 +05:30  INF  Executed action BAKERBAZZAR.API.Controller.UserController.Category (BAKERBAZZAR.API) in 2.819ms
2024-11-15 10:32:22.392 +05:30  INF  Executed endpoint 'BAKERBAZZAR.API.Controller.UserController.Category (BAKERBAZZAR.API)'
2024-11-15 10:32:22.392 +05:30  INF  Request finished HTTP/1.1 GET http://localhost:5145/User/Category - - - 200 - application/json;+charset=utf-8 5.8004ms
2024-11-15 10:32:22.408 +05:30  INF  Executed action BAKERBAZZAR.API.Controller.UserController.Products (BAKERBAZZAR.API) in 84.9186ms
2024-11-15 10:32:22.408 +05:30  INF  Executed endpoint 'BAKERBAZZAR.API.Controller.UserController.Products (BAKERBAZZAR.API)'
2024-11-15 10:32:22.408 +05:30  INF  Request finished HTTP/1.1 GET http://localhost:5145/user/products?categoryid= - - - 200 - application/json;+charset=utf-8 96.8105ms
2024-11-15 10:32:22.411 +05:30  INF  Request starting HTTP/1.1 GET http://localhost:5145/user/products?categoryid= - -
2024-11-15 10:32:22.412 +05:30  INF  CORS policy execution successful.
2024-11-15 10:32:22.412 +05:30  INF  Executing endpoint 'BAKERBAZZAR.API.Controller.UserController.Products (BAKERBAZZAR.API)'
2024-11-15 10:32:22.412 +05:30  INF  Route matched with {action = "Products", controller = "User"}. Executing controller action with signature System.Threading.Tasks.Task`1[Microsoft.AspNetCore.Mvc.ActionResult`1[BAKERBAZZAR.API.Models.ApiResponse]] Products(System.String, System.String) on controller BAKERBAZZAR.API.Controller.UserController (BAKERBAZZAR.API).
2024-11-15 10:32:22.436 +05:30  INF  Executing ObjectResult, writing value of type 'BAKERBAZZAR.API.Models.ApiResponse'.
2024-11-15 10:32:22.438 +05:30  INF  Executed action BAKERBAZZAR.API.Controller.UserController.Products (BAKERBAZZAR.API) in 25.499ms
2024-11-15 10:32:22.438 +05:30  INF  Executed endpoint 'BAKERBAZZAR.API.Controller.UserController.Products (BAKERBAZZAR.API)'
2024-11-15 10:32:22.438 +05:30  INF  Request finished HTTP/1.1 GET http://localhost:5145/user/products?categoryid= - - - 200 - application/json;+charset=utf-8 27.0130ms
2024-11-15 10:32:31.531 +05:30  INF  Request starting HTTP/1.1 GET http://localhost:5145/User/CartDetails?displayid=b9768f5d-800f-4cd1-84cb-f7003a7e55a7 - -
2024-11-15 10:32:31.531 +05:30  INF  CORS policy execution successful.
2024-11-15 10:32:31.531 +05:30  INF  Executing endpoint 'BAKERBAZZAR.API.Controller.UserController.CartDetails (BAKERBAZZAR.API)'
2024-11-15 10:32:31.536 +05:30  INF  Route matched with {action = "CartDetails", controller = "User"}. Executing controller action with signature System.Threading.Tasks.Task`1[Microsoft.AspNetCore.Mvc.ActionResult`1[BAKERBAZZAR.API.Models.ApiResponse]] CartDetails(System.String) on controller BAKERBAZZAR.API.Controller.UserController (BAKERBAZZAR.API).
2024-11-15 10:32:31.562 +05:30  INF  Executing ObjectResult, writing value of type 'BAKERBAZZAR.API.Models.ApiResponse'.
2024-11-15 10:32:31.562 +05:30  INF  Executed action BAKERBAZZAR.API.Controller.UserController.CartDetails (BAKERBAZZAR.API) in 25.933ms
2024-11-15 10:32:31.562 +05:30  INF  Executed endpoint 'BAKERBAZZAR.API.Controller.UserController.CartDetails (BAKERBAZZAR.API)'
2024-11-15 10:32:31.562 +05:30  INF  Request finished HTTP/1.1 GET http://localhost:5145/User/CartDetails?displayid=b9768f5d-800f-4cd1-84cb-f7003a7e55a7 - - - 200 - application/json;+charset=utf-8 31.6342ms
2024-11-15 10:32:31.563 +05:30  INF  Request starting HTTP/1.1 GET http://localhost:5145/User/CartDetails?displayid=b9768f5d-800f-4cd1-84cb-f7003a7e55a7 - -
2024-11-15 10:32:31.564 +05:30  INF  CORS policy execution successful.
2024-11-15 10:32:31.564 +05:30  INF  Executing endpoint 'BAKERBAZZAR.API.Controller.UserController.CartDetails (BAKERBAZZAR.API)'
2024-11-15 10:32:31.564 +05:30  INF  Route matched with {action = "CartDetails", controller = "User"}. Executing controller action with signature System.Threading.Tasks.Task`1[Microsoft.AspNetCore.Mvc.ActionResult`1[BAKERBAZZAR.API.Models.ApiResponse]] CartDetails(System.String) on controller BAKERBAZZAR.API.Controller.UserController (BAKERBAZZAR.API).
2024-11-15 10:32:31.564 +05:30  INF  Executing ObjectResult, writing value of type 'BAKERBAZZAR.API.Models.ApiResponse'.
2024-11-15 10:32:31.565 +05:30  INF  Executed action BAKERBAZZAR.API.Controller.UserController.CartDetails (BAKERBAZZAR.API) in 0.839ms
2024-11-15 10:32:31.565 +05:30  INF  Executed endpoint 'BAKERBAZZAR.API.Controller.UserController.CartDetails (BAKERBAZZAR.API)'
2024-11-15 10:32:31.565 +05:30  INF  Request finished HTTP/1.1 GET http://localhost:5145/User/CartDetails?displayid=b9768f5d-800f-4cd1-84cb-f7003a7e55a7 - - - 200 - application/json;+charset=utf-8 1.2837ms
2024-11-15 10:32:34.250 +05:30  INF  Request starting HTTP/1.1 OPTIONS http://localhost:5145/User/AddToCart - -
2024-11-15 10:32:34.250 +05:30  INF  CORS policy execution successful.
2024-11-15 10:32:34.250 +05:30  INF  Request finished HTTP/1.1 OPTIONS http://localhost:5145/User/AddToCart - - - 204 - - 0.3812ms
2024-11-15 10:32:34.251 +05:30  INF  Request starting HTTP/1.1 POST http://localhost:5145/User/AddToCart application/json 140
2024-11-15 10:32:34.251 +05:30  INF  CORS policy execution successful.
2024-11-15 10:32:34.251 +05:30  INF  Executing endpoint 'BAKERBAZZAR.API.Controller.UserController.AddToCart (BAKERBAZZAR.API)'
2024-11-15 10:32:34.253 +05:30  INF  Route matched with {action = "AddToCart", controller = "User"}. Executing controller action with signature System.Threading.Tasks.Task`1[Microsoft.AspNetCore.Mvc.ActionResult`1[BAKERBAZZAR.API.Models.ApiResponse]] AddToCart(BAKERBAZZAR.API.Models.IO_Templates.AddToCartRequest) on controller BAKERBAZZAR.API.Controller.UserController (BAKERBAZZAR.API).
2024-11-15 10:32:34.290 +05:30  INF  Executing ObjectResult, writing value of type 'BAKERBAZZAR.API.Models.ApiResponse'.
2024-11-15 10:32:34.290 +05:30  INF  Executed action BAKERBAZZAR.API.Controller.UserController.AddToCart (BAKERBAZZAR.API) in 36.7343ms
2024-11-15 10:32:34.290 +05:30  INF  Executed endpoint 'BAKERBAZZAR.API.Controller.UserController.AddToCart (BAKERBAZZAR.API)'
2024-11-15 10:32:34.290 +05:30  INF  Request finished HTTP/1.1 POST http://localhost:5145/User/AddToCart application/json 140 - 200 - application/json;+charset=utf-8 39.1845ms
2024-11-15 10:32:35.687 +05:30  INF  Request starting HTTP/1.1 POST http://localhost:5145/User/AddToCart application/json 140
2024-11-15 10:32:35.688 +05:30  INF  CORS policy execution successful.
2024-11-15 10:32:35.688 +05:30  INF  Executing endpoint 'BAKERBAZZAR.API.Controller.UserController.AddToCart (BAKERBAZZAR.API)'
2024-11-15 10:32:35.688 +05:30  INF  Route matched with {action = "AddToCart", controller = "User"}. Executing controller action with signature System.Threading.Tasks.Task`1[Microsoft.AspNetCore.Mvc.ActionResult`1[BAKERBAZZAR.API.Models.ApiResponse]] AddToCart(BAKERBAZZAR.API.Models.IO_Templates.AddToCartRequest) on controller BAKERBAZZAR.API.Controller.UserController (BAKERBAZZAR.API).
2024-11-15 10:32:35.690 +05:30  INF  Executing ObjectResult, writing value of type 'BAKERBAZZAR.API.Models.ApiResponse'.
2024-11-15 10:32:35.690 +05:30  INF  Executed action BAKERBAZZAR.API.Controller.UserController.AddToCart (BAKERBAZZAR.API) in 2.2862ms
2024-11-15 10:32:35.690 +05:30  INF  Executed endpoint 'BAKERBAZZAR.API.Controller.UserController.AddToCart (BAKERBAZZAR.API)'
2024-11-15 10:32:35.690 +05:30  INF  Request finished HTTP/1.1 POST http://localhost:5145/User/AddToCart application/json 140 - 200 - application/json;+charset=utf-8 2.8217ms
2024-11-15 10:32:37.000 +05:30  INF  Request starting HTTP/1.1 POST http://localhost:5145/User/AddToCart application/json 140
2024-11-15 10:32:37.001 +05:30  INF  CORS policy execution successful.
2024-11-15 10:32:37.001 +05:30  INF  Executing endpoint 'BAKERBAZZAR.API.Controller.UserController.AddToCart (BAKERBAZZAR.API)'
2024-11-15 10:32:37.001 +05:30  INF  Route matched with {action = "AddToCart", controller = "User"}. Executing controller action with signature System.Threading.Tasks.Task`1[Microsoft.AspNetCore.Mvc.ActionResult`1[BAKERBAZZAR.API.Models.ApiResponse]] AddToCart(BAKERBAZZAR.API.Models.IO_Templates.AddToCartRequest) on controller BAKERBAZZAR.API.Controller.UserController (BAKERBAZZAR.API).
2024-11-15 10:32:37.003 +05:30  INF  Executing ObjectResult, writing value of type 'BAKERBAZZAR.API.Models.ApiResponse'.
2024-11-15 10:32:37.003 +05:30  INF  Executed action BAKERBAZZAR.API.Controller.UserController.AddToCart (BAKERBAZZAR.API) in 2.1954ms
2024-11-15 10:32:37.003 +05:30  INF  Executed endpoint 'BAKERBAZZAR.API.Controller.UserController.AddToCart (BAKERBAZZAR.API)'
2024-11-15 10:32:37.003 +05:30  INF  Request finished HTTP/1.1 POST http://localhost:5145/User/AddToCart application/json 140 - 200 - application/json;+charset=utf-8 2.7766ms
2024-11-15 10:32:38.041 +05:30  INF  Request starting HTTP/1.1 GET http://localhost:5145/User/CartDetails?displayid=b9768f5d-800f-4cd1-84cb-f7003a7e55a7 - -
2024-11-15 10:32:38.041 +05:30  INF  CORS policy execution successful.
2024-11-15 10:32:38.041 +05:30  INF  Executing endpoint 'BAKERBAZZAR.API.Controller.UserController.CartDetails (BAKERBAZZAR.API)'
2024-11-15 10:32:38.041 +05:30  INF  Route matched with {action = "CartDetails", controller = "User"}. Executing controller action with signature System.Threading.Tasks.Task`1[Microsoft.AspNetCore.Mvc.ActionResult`1[BAKERBAZZAR.API.Models.ApiResponse]] CartDetails(System.String) on controller BAKERBAZZAR.API.Controller.UserController (BAKERBAZZAR.API).
2024-11-15 10:32:38.074 +05:30  INF  Executing ObjectResult, writing value of type 'BAKERBAZZAR.API.Models.ApiResponse'.
2024-11-15 10:32:38.087 +05:30  INF  Executed action BAKERBAZZAR.API.Controller.UserController.CartDetails (BAKERBAZZAR.API) in 45.5709ms
2024-11-15 10:32:38.087 +05:30  INF  Executed endpoint 'BAKERBAZZAR.API.Controller.UserController.CartDetails (BAKERBAZZAR.API)'
2024-11-15 10:32:38.087 +05:30  INF  Request finished HTTP/1.1 GET http://localhost:5145/User/CartDetails?displayid=b9768f5d-800f-4cd1-84cb-f7003a7e55a7 - - - 200 - application/json;+charset=utf-8 46.5573ms
2024-11-15 10:32:38.088 +05:30  INF  Request starting HTTP/1.1 GET http://localhost:5145/User/CartDetails?displayid=b9768f5d-800f-4cd1-84cb-f7003a7e55a7 - -
2024-11-15 10:32:38.089 +05:30  INF  CORS policy execution successful.
2024-11-15 10:32:38.089 +05:30  INF  Executing endpoint 'BAKERBAZZAR.API.Controller.UserController.CartDetails (BAKERBAZZAR.API)'
2024-11-15 10:32:38.089 +05:30  INF  Route matched with {action = "CartDetails", controller = "User"}. Executing controller action with signature System.Threading.Tasks.Task`1[Microsoft.AspNetCore.Mvc.ActionResult`1[BAKERBAZZAR.API.Models.ApiResponse]] CartDetails(System.String) on controller BAKERBAZZAR.API.Controller.UserController (BAKERBAZZAR.API).
2024-11-15 10:32:38.092 +05:30  INF  Executing ObjectResult, writing value of type 'BAKERBAZZAR.API.Models.ApiResponse'.
2024-11-15 10:32:38.093 +05:30  INF  Executed action BAKERBAZZAR.API.Controller.UserController.CartDetails (BAKERBAZZAR.API) in 3.8018ms
2024-11-15 10:32:38.093 +05:30  INF  Executed endpoint 'BAKERBAZZAR.API.Controller.UserController.CartDetails (BAKERBAZZAR.API)'
2024-11-15 10:32:38.093 +05:30  INF  Request finished HTTP/1.1 GET http://localhost:5145/User/CartDetails?displayid=b9768f5d-800f-4cd1-84cb-f7003a7e55a7 - - - 200 - application/json;+charset=utf-8 4.6728ms
2024-11-15 10:32:38.109 +05:30  INF  Request starting HTTP/1.1 OPTIONS http://localhost:5145/user/updatecartitem?linerid=319&qty=1 - -
2024-11-15 10:32:38.110 +05:30  INF  CORS policy execution successful.
2024-11-15 10:32:38.110 +05:30  INF  Request finished HTTP/1.1 OPTIONS http://localhost:5145/user/updatecartitem?linerid=319&qty=1 - - - 204 - - 0.8219ms
2024-11-15 10:32:38.119 +05:30  INF  Request starting HTTP/1.1 OPTIONS http://localhost:5145/user/updatecartitem?linerid=319&qty=1 - -
2024-11-15 10:32:38.120 +05:30  INF  CORS policy execution successful.
2024-11-15 10:32:38.121 +05:30  INF  Request finished HTTP/1.1 OPTIONS http://localhost:5145/user/updatecartitem?linerid=319&qty=1 - - - 204 - - 1.2133ms
2024-11-15 10:32:38.121 +05:30  INF  Request starting HTTP/1.1 OPTIONS http://localhost:5145/user/updatecartitem?linerid=321&qty=1 - -
2024-11-15 10:32:38.121 +05:30  INF  Request starting HTTP/1.1 OPTIONS http://localhost:5145/user/updatecartitem?linerid=320&qty=1 - -
2024-11-15 10:32:38.121 +05:30  INF  CORS policy execution successful.
2024-11-15 10:32:38.121 +05:30  INF  CORS policy execution successful.
2024-11-15 10:32:38.121 +05:30  INF  Request finished HTTP/1.1 OPTIONS http://localhost:5145/user/updatecartitem?linerid=321&qty=1 - - - 204 - - 0.3506ms
2024-11-15 10:32:38.121 +05:30  INF  Request finished HTTP/1.1 OPTIONS http://localhost:5145/user/updatecartitem?linerid=320&qty=1 - - - 204 - - 0.1673ms
2024-11-15 10:32:38.121 +05:30  INF  Request starting HTTP/1.1 PUT http://localhost:5145/user/updatecartitem?linerid=319&qty=1 - 0
2024-11-15 10:32:38.121 +05:30  INF  CORS policy execution successful.
2024-11-15 10:32:38.121 +05:30  INF  Executing endpoint 'BAKERBAZZAR.API.Controller.UserController.UpdateCartItem (BAKERBAZZAR.API)'
2024-11-15 10:32:38.124 +05:30  INF  Request starting HTTP/1.1 PUT http://localhost:5145/user/updatecartitem?linerid=319&qty=1 - 0
2024-11-15 10:32:38.124 +05:30  INF  CORS policy execution successful.
2024-11-15 10:32:38.124 +05:30  INF  Executing endpoint 'BAKERBAZZAR.API.Controller.UserController.UpdateCartItem (BAKERBAZZAR.API)'
2024-11-15 10:32:38.125 +05:30  INF  Route matched with {action = "UpdateCartItem", controller = "User"}. Executing controller action with signature System.Threading.Tasks.Task`1[Microsoft.AspNetCore.Mvc.ActionResult`1[BAKERBAZZAR.API.Models.ApiResponse]] UpdateCartItem(Int32, Int32) on controller BAKERBAZZAR.API.Controller.UserController (BAKERBAZZAR.API).
2024-11-15 10:32:38.125 +05:30  INF  Request starting HTTP/1.1 PUT http://localhost:5145/user/updatecartitem?linerid=320&qty=1 - 0
2024-11-15 10:32:38.125 +05:30  INF  CORS policy execution successful.
2024-11-15 10:32:38.125 +05:30  INF  Executing endpoint 'BAKERBAZZAR.API.Controller.UserController.UpdateCartItem (BAKERBAZZAR.API)'
2024-11-15 10:32:38.126 +05:30  INF  Route matched with {action = "UpdateCartItem", controller = "User"}. Executing controller action with signature System.Threading.Tasks.Task`1[Microsoft.AspNetCore.Mvc.ActionResult`1[BAKERBAZZAR.API.Models.ApiResponse]] UpdateCartItem(Int32, Int32) on controller BAKERBAZZAR.API.Controller.UserController (BAKERBAZZAR.API).
2024-11-15 10:32:38.129 +05:30  INF  Request starting HTTP/1.1 OPTIONS http://localhost:5145/user/updatecartitem?linerid=321&qty=1 - -
2024-11-15 10:32:38.129 +05:30  INF  CORS policy execution successful.
2024-11-15 10:32:38.129 +05:30  INF  Request finished HTTP/1.1 OPTIONS http://localhost:5145/user/updatecartitem?linerid=321&qty=1 - - - 204 - - 0.3463ms
2024-11-15 10:32:38.129 +05:30  INF  Request starting HTTP/1.1 PUT http://localhost:5145/user/updatecartitem?linerid=321&qty=1 - 0
2024-11-15 10:32:38.129 +05:30  INF  CORS policy execution successful.
2024-11-15 10:32:38.129 +05:30  INF  Executing endpoint 'BAKERBAZZAR.API.Controller.UserController.UpdateCartItem (BAKERBAZZAR.API)'
2024-11-15 10:32:38.130 +05:30  INF  Route matched with {action = "UpdateCartItem", controller = "User"}. Executing controller action with signature System.Threading.Tasks.Task`1[Microsoft.AspNetCore.Mvc.ActionResult`1[BAKERBAZZAR.API.Models.ApiResponse]] UpdateCartItem(Int32, Int32) on controller BAKERBAZZAR.API.Controller.UserController (BAKERBAZZAR.API).
2024-11-15 10:32:38.130 +05:30  INF  Route matched with {action = "UpdateCartItem", controller = "User"}. Executing controller action with signature System.Threading.Tasks.Task`1[Microsoft.AspNetCore.Mvc.ActionResult`1[BAKERBAZZAR.API.Models.ApiResponse]] UpdateCartItem(Int32, Int32) on controller BAKERBAZZAR.API.Controller.UserController (BAKERBAZZAR.API).
2024-11-15 10:32:38.130 +05:30  INF  Request starting HTTP/1.1 OPTIONS http://localhost:5145/user/updatecartitem?linerid=320&qty=1 - -
2024-11-15 10:32:38.130 +05:30  INF  CORS policy execution successful.
2024-11-15 10:32:38.130 +05:30  INF  Request finished HTTP/1.1 OPTIONS http://localhost:5145/user/updatecartitem?linerid=320&qty=1 - - - 204 - - 0.4826ms
2024-11-15 10:32:38.143 +05:30  INF  Request starting HTTP/1.1 GET http://localhost:5145/User/CartDetails?displayid=b9768f5d-800f-4cd1-84cb-f7003a7e55a7 - -
2024-11-15 10:32:38.143 +05:30  INF  Request starting HTTP/1.1 PUT http://localhost:5145/user/updatecartitem?linerid=320&qty=1 - 0
2024-11-15 10:32:38.143 +05:30  INF  CORS policy execution successful.
2024-11-15 10:32:38.143 +05:30  INF  Executing endpoint 'BAKERBAZZAR.API.Controller.UserController.UpdateCartItem (BAKERBAZZAR.API)'
2024-11-15 10:32:38.143 +05:30  INF  CORS policy execution successful.
2024-11-15 10:32:38.143 +05:30  INF  Route matched with {action = "UpdateCartItem", controller = "User"}. Executing controller action with signature System.Threading.Tasks.Task`1[Microsoft.AspNetCore.Mvc.ActionResult`1[BAKERBAZZAR.API.Models.ApiResponse]] UpdateCartItem(Int32, Int32) on controller BAKERBAZZAR.API.Controller.UserController (BAKERBAZZAR.API).
2024-11-15 10:32:38.143 +05:30  INF  Executing endpoint 'BAKERBAZZAR.API.Controller.UserController.CartDetails (BAKERBAZZAR.API)'
2024-11-15 10:32:38.143 +05:30  INF  Route matched with {action = "CartDetails", controller = "User"}. Executing controller action with signature System.Threading.Tasks.Task`1[Microsoft.AspNetCore.Mvc.ActionResult`1[BAKERBAZZAR.API.Models.ApiResponse]] CartDetails(System.String) on controller BAKERBAZZAR.API.Controller.UserController (BAKERBAZZAR.API).
2024-11-15 10:32:38.154 +05:30  INF  Executing ObjectResult, writing value of type 'BAKERBAZZAR.API.Models.ApiResponse'.
2024-11-15 10:32:38.154 +05:30  INF  Executed action BAKERBAZZAR.API.Controller.UserController.UpdateCartItem (BAKERBAZZAR.API) in 29.0375ms
2024-11-15 10:32:38.154 +05:30  INF  Executed endpoint 'BAKERBAZZAR.API.Controller.UserController.UpdateCartItem (BAKERBAZZAR.API)'
2024-11-15 10:32:38.154 +05:30  INF  Request finished HTTP/1.1 PUT http://localhost:5145/user/updatecartitem?linerid=319&qty=1 - 0 - 200 - application/json;+charset=utf-8 33.0990ms
2024-11-15 10:32:38.156 +05:30  INF  Request starting HTTP/1.1 PUT http://localhost:5145/user/updatecartitem?linerid=321&qty=1 - 0
2024-11-15 10:32:38.156 +05:30  INF  CORS policy execution successful.
2024-11-15 10:32:38.157 +05:30  INF  Executing endpoint 'BAKERBAZZAR.API.Controller.UserController.UpdateCartItem (BAKERBAZZAR.API)'
2024-11-15 10:32:38.157 +05:30  INF  Route matched with {action = "UpdateCartItem", controller = "User"}. Executing controller action with signature System.Threading.Tasks.Task`1[Microsoft.AspNetCore.Mvc.ActionResult`1[BAKERBAZZAR.API.Models.ApiResponse]] UpdateCartItem(Int32, Int32) on controller BAKERBAZZAR.API.Controller.UserController (BAKERBAZZAR.API).
2024-11-15 10:32:38.158 +05:30  INF  Executing ObjectResult, writing value of type 'BAKERBAZZAR.API.Models.ApiResponse'.
2024-11-15 10:32:38.158 +05:30  INF  Executed action BAKERBAZZAR.API.Controller.UserController.UpdateCartItem (BAKERBAZZAR.API) in 32.5108ms
2024-11-15 10:32:38.158 +05:30  INF  Executed endpoint 'BAKERBAZZAR.API.Controller.UserController.UpdateCartItem (BAKERBAZZAR.API)'
2024-11-15 10:32:38.158 +05:30  INF  Request finished HTTP/1.1 PUT http://localhost:5145/user/updatecartitem?linerid=320&qty=1 - 0 - 200 - application/json;+charset=utf-8 33.1104ms
2024-11-15 10:32:38.166 +05:30  INF  Executing ObjectResult, writing value of type 'BAKERBAZZAR.API.Models.ApiResponse'.
2024-11-15 10:32:38.166 +05:30  INF  Executed action BAKERBAZZAR.API.Controller.UserController.UpdateCartItem (BAKERBAZZAR.API) in 36.2733ms
2024-11-15 10:32:38.166 +05:30  INF  Executed endpoint 'BAKERBAZZAR.API.Controller.UserController.UpdateCartItem (BAKERBAZZAR.API)'
2024-11-15 10:32:38.166 +05:30  INF  Request finished HTTP/1.1 PUT http://localhost:5145/user/updatecartitem?linerid=319&qty=1 - 0 - 200 - application/json;+charset=utf-8 42.6045ms
2024-11-15 10:32:38.169 +05:30  INF  Executing ObjectResult, writing value of type 'BAKERBAZZAR.API.Models.ApiResponse'.
2024-11-15 10:32:38.169 +05:30  INF  Executed action BAKERBAZZAR.API.Controller.UserController.CartDetails (BAKERBAZZAR.API) in 25.5866ms
2024-11-15 10:32:38.169 +05:30  INF  Executing ObjectResult, writing value of type 'BAKERBAZZAR.API.Models.ApiResponse'.
2024-11-15 10:32:38.169 +05:30  INF  Executed endpoint 'BAKERBAZZAR.API.Controller.UserController.CartDetails (BAKERBAZZAR.API)'
2024-11-15 10:32:38.169 +05:30  INF  Executed action BAKERBAZZAR.API.Controller.UserController.UpdateCartItem (BAKERBAZZAR.API) in 26.1648ms
2024-11-15 10:32:38.169 +05:30  INF  Request finished HTTP/1.1 GET http://localhost:5145/User/CartDetails?displayid=b9768f5d-800f-4cd1-84cb-f7003a7e55a7 - - - 200 - application/json;+charset=utf-8 26.7052ms
2024-11-15 10:32:38.169 +05:30  INF  Executed endpoint 'BAKERBAZZAR.API.Controller.UserController.UpdateCartItem (BAKERBAZZAR.API)'
2024-11-15 10:32:38.169 +05:30  INF  Request finished HTTP/1.1 PUT http://localhost:5145/user/updatecartitem?linerid=320&qty=1 - 0 - 200 - application/json;+charset=utf-8 26.8010ms
2024-11-15 10:32:38.179 +05:30  INF  Executing ObjectResult, writing value of type 'BAKERBAZZAR.API.Models.ApiResponse'.
2024-11-15 10:32:38.179 +05:30  INF  Executed action BAKERBAZZAR.API.Controller.UserController.UpdateCartItem (BAKERBAZZAR.API) in 22.7378ms
2024-11-15 10:32:38.180 +05:30  INF  Executed endpoint 'BAKERBAZZAR.API.Controller.UserController.UpdateCartItem (BAKERBAZZAR.API)'
2024-11-15 10:32:38.180 +05:30  INF  Request finished HTTP/1.1 PUT http://localhost:5145/user/updatecartitem?linerid=321&qty=1 - 0 - 200 - application/json;+charset=utf-8 23.5865ms
2024-11-15 10:32:38.182 +05:30  INF  Executing ObjectResult, writing value of type 'BAKERBAZZAR.API.Models.ApiResponse'.
2024-11-15 10:32:38.183 +05:30  INF  Executed action BAKERBAZZAR.API.Controller.UserController.UpdateCartItem (BAKERBAZZAR.API) in 53.1309ms
2024-11-15 10:32:38.183 +05:30  INF  Executed endpoint 'BAKERBAZZAR.API.Controller.UserController.UpdateCartItem (BAKERBAZZAR.API)'
2024-11-15 10:32:38.183 +05:30  INF  Request finished HTTP/1.1 PUT http://localhost:5145/user/updatecartitem?linerid=321&qty=1 - 0 - 200 - application/json;+charset=utf-8 53.6451ms
2024-11-15 10:32:43.414 +05:30  INF  Request starting HTTP/1.1 GET http://localhost:5145/User/CartDetails?displayid=b9768f5d-800f-4cd1-84cb-f7003a7e55a7 - -
2024-11-15 10:32:43.414 +05:30  INF  CORS policy execution successful.
2024-11-15 10:32:43.414 +05:30  INF  Executing endpoint 'BAKERBAZZAR.API.Controller.UserController.CartDetails (BAKERBAZZAR.API)'
2024-11-15 10:32:43.415 +05:30  INF  Route matched with {action = "CartDetails", controller = "User"}. Executing controller action with signature System.Threading.Tasks.Task`1[Microsoft.AspNetCore.Mvc.ActionResult`1[BAKERBAZZAR.API.Models.ApiResponse]] CartDetails(System.String) on controller BAKERBAZZAR.API.Controller.UserController (BAKERBAZZAR.API).
2024-11-15 10:32:43.422 +05:30  INF  Executing ObjectResult, writing value of type 'BAKERBAZZAR.API.Models.ApiResponse'.
2024-11-15 10:32:43.423 +05:30  INF  Executed action BAKERBAZZAR.API.Controller.UserController.CartDetails (BAKERBAZZAR.API) in 8.5827ms
2024-11-15 10:32:43.423 +05:30  INF  Executed endpoint 'BAKERBAZZAR.API.Controller.UserController.CartDetails (BAKERBAZZAR.API)'
2024-11-15 10:32:43.423 +05:30  INF  Request finished HTTP/1.1 GET http://localhost:5145/User/CartDetails?displayid=b9768f5d-800f-4cd1-84cb-f7003a7e55a7 - - - 200 - application/json;+charset=utf-8 9.5975ms
2024-11-15 10:32:43.425 +05:30  INF  Request starting HTTP/1.1 GET http://localhost:5145/User/CartDetails?displayid=b9768f5d-800f-4cd1-84cb-f7003a7e55a7 - -
2024-11-15 10:32:43.425 +05:30  INF  CORS policy execution successful.
2024-11-15 10:32:43.425 +05:30  INF  Executing endpoint 'BAKERBAZZAR.API.Controller.UserController.CartDetails (BAKERBAZZAR.API)'
2024-11-15 10:32:43.425 +05:30  INF  Route matched with {action = "CartDetails", controller = "User"}. Executing controller action with signature System.Threading.Tasks.Task`1[Microsoft.AspNetCore.Mvc.ActionResult`1[BAKERBAZZAR.API.Models.ApiResponse]] CartDetails(System.String) on controller BAKERBAZZAR.API.Controller.UserController (BAKERBAZZAR.API).
2024-11-15 10:32:43.430 +05:30  INF  Executing ObjectResult, writing value of type 'BAKERBAZZAR.API.Models.ApiResponse'.
2024-11-15 10:32:43.430 +05:30  INF  Executed action BAKERBAZZAR.API.Controller.UserController.CartDetails (BAKERBAZZAR.API) in 4.8891ms
2024-11-15 10:32:43.430 +05:30  INF  Executed endpoint 'BAKERBAZZAR.API.Controller.UserController.CartDetails (BAKERBAZZAR.API)'
2024-11-15 10:32:43.430 +05:30  INF  Request finished HTTP/1.1 GET http://localhost:5145/User/CartDetails?displayid=b9768f5d-800f-4cd1-84cb-f7003a7e55a7 - - - 200 - application/json;+charset=utf-8 5.5925ms
2024-11-15 10:32:43.433 +05:30  INF  Request starting HTTP/1.1 OPTIONS http://localhost:5145/user/updatecartitem?linerid=319&qty=1 - -
2024-11-15 10:32:43.434 +05:30  INF  CORS policy execution successful.
2024-11-15 10:32:43.434 +05:30  INF  Request finished HTTP/1.1 OPTIONS http://localhost:5145/user/updatecartitem?linerid=319&qty=1 - - - 204 - - 0.3500ms
2024-11-15 10:32:43.436 +05:30  INF  Request starting HTTP/1.1 PUT http://localhost:5145/user/updatecartitem?linerid=319&qty=1 - 0
2024-11-15 10:32:43.436 +05:30  INF  Request starting HTTP/1.1 OPTIONS http://localhost:5145/user/updatecartitem?linerid=320&qty=1 - -
2024-11-15 10:32:43.436 +05:30  INF  CORS policy execution successful.
2024-11-15 10:32:43.437 +05:30  INF  CORS policy execution successful.
2024-11-15 10:32:43.437 +05:30  INF  Executing endpoint 'BAKERBAZZAR.API.Controller.UserController.UpdateCartItem (BAKERBAZZAR.API)'
2024-11-15 10:32:43.437 +05:30  INF  Route matched with {action = "UpdateCartItem", controller = "User"}. Executing controller action with signature System.Threading.Tasks.Task`1[Microsoft.AspNetCore.Mvc.ActionResult`1[BAKERBAZZAR.API.Models.ApiResponse]] UpdateCartItem(Int32, Int32) on controller BAKERBAZZAR.API.Controller.UserController (BAKERBAZZAR.API).
2024-11-15 10:32:43.437 +05:30  INF  Request finished HTTP/1.1 OPTIONS http://localhost:5145/user/updatecartitem?linerid=320&qty=1 - - - 204 - - 0.2191ms
2024-11-15 10:32:43.437 +05:30  INF  Request starting HTTP/1.1 PUT http://localhost:5145/user/updatecartitem?linerid=319&qty=1 - 0
2024-11-15 10:32:43.437 +05:30  INF  CORS policy execution successful.
2024-11-15 10:32:43.437 +05:30  INF  Executing endpoint 'BAKERBAZZAR.API.Controller.UserController.UpdateCartItem (BAKERBAZZAR.API)'
2024-11-15 10:32:43.437 +05:30  INF  Request starting HTTP/1.1 OPTIONS http://localhost:5145/user/updatecartitem?linerid=321&qty=1 - -
2024-11-15 10:32:43.437 +05:30  INF  Route matched with {action = "UpdateCartItem", controller = "User"}. Executing controller action with signature System.Threading.Tasks.Task`1[Microsoft.AspNetCore.Mvc.ActionResult`1[BAKERBAZZAR.API.Models.ApiResponse]] UpdateCartItem(Int32, Int32) on controller BAKERBAZZAR.API.Controller.UserController (BAKERBAZZAR.API).
2024-11-15 10:32:43.437 +05:30  INF  CORS policy execution successful.
2024-11-15 10:32:43.437 +05:30  INF  Request starting HTTP/1.1 OPTIONS http://localhost:5145/user/updatecartitem?linerid=320&qty=1 - -
2024-11-15 10:32:43.437 +05:30  INF  CORS policy execution successful.
2024-11-15 10:32:43.437 +05:30  INF  Request finished HTTP/1.1 OPTIONS http://localhost:5145/user/updatecartitem?linerid=321&qty=1 - - - 204 - - 0.2618ms
2024-11-15 10:32:43.437 +05:30  INF  Request starting HTTP/1.1 OPTIONS http://localhost:5145/user/updatecartitem?linerid=321&qty=1 - -
2024-11-15 10:32:43.437 +05:30  INF  Request finished HTTP/1.1 OPTIONS http://localhost:5145/user/updatecartitem?linerid=320&qty=1 - - - 204 - - 0.2158ms
2024-11-15 10:32:43.437 +05:30  INF  CORS policy execution successful.
2024-11-15 10:32:43.437 +05:30  INF  Request finished HTTP/1.1 OPTIONS http://localhost:5145/user/updatecartitem?linerid=321&qty=1 - - - 204 - - 0.7975ms
2024-11-15 10:32:43.438 +05:30  INF  Request starting HTTP/1.1 PUT http://localhost:5145/user/updatecartitem?linerid=320&qty=1 - 0
2024-11-15 10:32:43.438 +05:30  INF  CORS policy execution successful.
2024-11-15 10:32:43.438 +05:30  INF  Executing endpoint 'BAKERBAZZAR.API.Controller.UserController.UpdateCartItem (BAKERBAZZAR.API)'
2024-11-15 10:32:43.438 +05:30  INF  Route matched with {action = "UpdateCartItem", controller = "User"}. Executing controller action with signature System.Threading.Tasks.Task`1[Microsoft.AspNetCore.Mvc.ActionResult`1[BAKERBAZZAR.API.Models.ApiResponse]] UpdateCartItem(Int32, Int32) on controller BAKERBAZZAR.API.Controller.UserController (BAKERBAZZAR.API).
2024-11-15 10:32:43.439 +05:30  INF  Executing ObjectResult, writing value of type 'BAKERBAZZAR.API.Models.ApiResponse'.
2024-11-15 10:32:43.439 +05:30  INF  Request starting HTTP/1.1 PUT http://localhost:5145/user/updatecartitem?linerid=321&qty=1 - 0
2024-11-15 10:32:43.439 +05:30  INF  Request starting HTTP/1.1 PUT http://localhost:5145/user/updatecartitem?linerid=320&qty=1 - 0
2024-11-15 10:32:43.439 +05:30  INF  Executed action BAKERBAZZAR.API.Controller.UserController.UpdateCartItem (BAKERBAZZAR.API) in 2.2674ms
2024-11-15 10:32:43.439 +05:30  INF  Executed endpoint 'BAKERBAZZAR.API.Controller.UserController.UpdateCartItem (BAKERBAZZAR.API)'
2024-11-15 10:32:43.439 +05:30  INF  CORS policy execution successful.
2024-11-15 10:32:43.439 +05:30  INF  CORS policy execution successful.
2024-11-15 10:32:43.439 +05:30  INF  Request starting HTTP/1.1 PUT http://localhost:5145/user/updatecartitem?linerid=321&qty=1 - 0
2024-11-15 10:32:43.439 +05:30  INF  Request finished HTTP/1.1 PUT http://localhost:5145/user/updatecartitem?linerid=319&qty=1 - 0 - 200 - application/json;+charset=utf-8 2.8760ms
2024-11-15 10:32:43.439 +05:30  INF  Executing endpoint 'BAKERBAZZAR.API.Controller.UserController.UpdateCartItem (BAKERBAZZAR.API)'
2024-11-15 10:32:43.439 +05:30  INF  Executing endpoint 'BAKERBAZZAR.API.Controller.UserController.UpdateCartItem (BAKERBAZZAR.API)'
2024-11-15 10:32:43.439 +05:30  INF  CORS policy execution successful.
2024-11-15 10:32:43.439 +05:30  INF  Executing endpoint 'BAKERBAZZAR.API.Controller.UserController.UpdateCartItem (BAKERBAZZAR.API)'
2024-11-15 10:32:43.439 +05:30  INF  Route matched with {action = "UpdateCartItem", controller = "User"}. Executing controller action with signature System.Threading.Tasks.Task`1[Microsoft.AspNetCore.Mvc.ActionResult`1[BAKERBAZZAR.API.Models.ApiResponse]] UpdateCartItem(Int32, Int32) on controller BAKERBAZZAR.API.Controller.UserController (BAKERBAZZAR.API).
2024-11-15 10:32:43.439 +05:30  INF  Route matched with {action = "UpdateCartItem", controller = "User"}. Executing controller action with signature System.Threading.Tasks.Task`1[Microsoft.AspNetCore.Mvc.ActionResult`1[BAKERBAZZAR.API.Models.ApiResponse]] UpdateCartItem(Int32, Int32) on controller BAKERBAZZAR.API.Controller.UserController (BAKERBAZZAR.API).
2024-11-15 10:32:43.439 +05:30  INF  Route matched with {action = "UpdateCartItem", controller = "User"}. Executing controller action with signature System.Threading.Tasks.Task`1[Microsoft.AspNetCore.Mvc.ActionResult`1[BAKERBAZZAR.API.Models.ApiResponse]] UpdateCartItem(Int32, Int32) on controller BAKERBAZZAR.API.Controller.UserController (BAKERBAZZAR.API).
2024-11-15 10:32:43.440 +05:30  INF  Executing ObjectResult, writing value of type 'BAKERBAZZAR.API.Models.ApiResponse'.
2024-11-15 10:32:43.440 +05:30  INF  Executed action BAKERBAZZAR.API.Controller.UserController.UpdateCartItem (BAKERBAZZAR.API) in 2.8059ms
2024-11-15 10:32:43.440 +05:30  INF  Executed endpoint 'BAKERBAZZAR.API.Controller.UserController.UpdateCartItem (BAKERBAZZAR.API)'
2024-11-15 10:32:43.440 +05:30  INF  Request finished HTTP/1.1 PUT http://localhost:5145/user/updatecartitem?linerid=319&qty=1 - 0 - 200 - application/json;+charset=utf-8 3.1712ms
2024-11-15 10:32:43.441 +05:30  INF  Executing ObjectResult, writing value of type 'BAKERBAZZAR.API.Models.ApiResponse'.
2024-11-15 10:32:43.441 +05:30  INF  Executing ObjectResult, writing value of type 'BAKERBAZZAR.API.Models.ApiResponse'.
2024-11-15 10:32:43.441 +05:30  INF  Executed action BAKERBAZZAR.API.Controller.UserController.UpdateCartItem (BAKERBAZZAR.API) in 2.5034ms
2024-11-15 10:32:43.441 +05:30  INF  Executed endpoint 'BAKERBAZZAR.API.Controller.UserController.UpdateCartItem (BAKERBAZZAR.API)'
2024-11-15 10:32:43.441 +05:30  INF  Executing ObjectResult, writing value of type 'BAKERBAZZAR.API.Models.ApiResponse'.
2024-11-15 10:32:43.441 +05:30  INF  Executed action BAKERBAZZAR.API.Controller.UserController.UpdateCartItem (BAKERBAZZAR.API) in 1.7008ms
2024-11-15 10:32:43.441 +05:30  INF  Executed endpoint 'BAKERBAZZAR.API.Controller.UserController.UpdateCartItem (BAKERBAZZAR.API)'
2024-11-15 10:32:43.441 +05:30  INF  Executed action BAKERBAZZAR.API.Controller.UserController.UpdateCartItem (BAKERBAZZAR.API) in 1.7558ms
2024-11-15 10:32:43.441 +05:30  INF  Request finished HTTP/1.1 PUT http://localhost:5145/user/updatecartitem?linerid=320&qty=1 - 0 - 200 - application/json;+charset=utf-8 2.9473ms
2024-11-15 10:32:43.441 +05:30  INF  Request finished HTTP/1.1 PUT http://localhost:5145/user/updatecartitem?linerid=320&qty=1 - 0 - 200 - application/json;+charset=utf-8 2.0369ms
2024-11-15 10:32:43.441 +05:30  INF  Executed endpoint 'BAKERBAZZAR.API.Controller.UserController.UpdateCartItem (BAKERBAZZAR.API)'
2024-11-15 10:32:43.441 +05:30  INF  Request finished HTTP/1.1 PUT http://localhost:5145/user/updatecartitem?linerid=321&qty=1 - 0 - 200 - application/json;+charset=utf-8 2.1946ms
2024-11-15 10:32:43.444 +05:30  INF  Request starting HTTP/1.1 GET http://localhost:5145/User/CartDetails?displayid=b9768f5d-800f-4cd1-84cb-f7003a7e55a7 - -
2024-11-15 10:32:43.444 +05:30  INF  CORS policy execution successful.
2024-11-15 10:32:43.444 +05:30  INF  Executing endpoint 'BAKERBAZZAR.API.Controller.UserController.CartDetails (BAKERBAZZAR.API)'
2024-11-15 10:32:43.444 +05:30  INF  Route matched with {action = "CartDetails", controller = "User"}. Executing controller action with signature System.Threading.Tasks.Task`1[Microsoft.AspNetCore.Mvc.ActionResult`1[BAKERBAZZAR.API.Models.ApiResponse]] CartDetails(System.String) on controller BAKERBAZZAR.API.Controller.UserController (BAKERBAZZAR.API).
2024-11-15 10:32:43.451 +05:30  INF  Executing ObjectResult, writing value of type 'BAKERBAZZAR.API.Models.ApiResponse'.
2024-11-15 10:32:43.451 +05:30  INF  Executing ObjectResult, writing value of type 'BAKERBAZZAR.API.Models.ApiResponse'.
2024-11-15 10:32:43.451 +05:30  INF  Executed action BAKERBAZZAR.API.Controller.UserController.UpdateCartItem (BAKERBAZZAR.API) in 11.6808ms
2024-11-15 10:32:43.451 +05:30  INF  Executed endpoint 'BAKERBAZZAR.API.Controller.UserController.UpdateCartItem (BAKERBAZZAR.API)'
2024-11-15 10:32:43.451 +05:30  INF  Request finished HTTP/1.1 PUT http://localhost:5145/user/updatecartitem?linerid=321&qty=1 - 0 - 200 - application/json;+charset=utf-8 11.9449ms
2024-11-15 10:32:43.451 +05:30  INF  Executed action BAKERBAZZAR.API.Controller.UserController.CartDetails (BAKERBAZZAR.API) in 6.83ms
2024-11-15 10:32:43.451 +05:30  INF  Executed endpoint 'BAKERBAZZAR.API.Controller.UserController.CartDetails (BAKERBAZZAR.API)'
2024-11-15 10:32:43.451 +05:30  INF  Request finished HTTP/1.1 GET http://localhost:5145/User/CartDetails?displayid=b9768f5d-800f-4cd1-84cb-f7003a7e55a7 - - - 200 - application/json;+charset=utf-8 7.4659ms
2024-11-15 10:32:45.859 +05:30  INF  Request starting HTTP/1.1 GET http://localhost:5145/User/CartDetails?displayid=b9768f5d-800f-4cd1-84cb-f7003a7e55a7 - -
2024-11-15 10:32:45.859 +05:30  INF  CORS policy execution successful.
2024-11-15 10:32:45.859 +05:30  INF  Executing endpoint 'BAKERBAZZAR.API.Controller.UserController.CartDetails (BAKERBAZZAR.API)'
2024-11-15 10:32:45.859 +05:30  INF  Route matched with {action = "CartDetails", controller = "User"}. Executing controller action with signature System.Threading.Tasks.Task`1[Microsoft.AspNetCore.Mvc.ActionResult`1[BAKERBAZZAR.API.Models.ApiResponse]] CartDetails(System.String) on controller BAKERBAZZAR.API.Controller.UserController (BAKERBAZZAR.API).
2024-11-15 10:32:45.862 +05:30  INF  Executing ObjectResult, writing value of type 'BAKERBAZZAR.API.Models.ApiResponse'.
2024-11-15 10:32:45.862 +05:30  INF  Executed action BAKERBAZZAR.API.Controller.UserController.CartDetails (BAKERBAZZAR.API) in 3.1371ms
2024-11-15 10:32:45.863 +05:30  INF  Executed endpoint 'BAKERBAZZAR.API.Controller.UserController.CartDetails (BAKERBAZZAR.API)'
2024-11-15 10:32:45.863 +05:30  INF  Request finished HTTP/1.1 GET http://localhost:5145/User/CartDetails?displayid=b9768f5d-800f-4cd1-84cb-f7003a7e55a7 - - - 200 - application/json;+charset=utf-8 4.2433ms
2024-11-15 10:32:45.864 +05:30  INF  Request starting HTTP/1.1 GET http://localhost:5145/User/CartDetails?displayid=b9768f5d-800f-4cd1-84cb-f7003a7e55a7 - -
2024-11-15 10:32:45.864 +05:30  INF  CORS policy execution successful.
2024-11-15 10:32:45.864 +05:30  INF  Executing endpoint 'BAKERBAZZAR.API.Controller.UserController.CartDetails (BAKERBAZZAR.API)'
2024-11-15 10:32:45.864 +05:30  INF  Route matched with {action = "CartDetails", controller = "User"}. Executing controller action with signature System.Threading.Tasks.Task`1[Microsoft.AspNetCore.Mvc.ActionResult`1[BAKERBAZZAR.API.Models.ApiResponse]] CartDetails(System.String) on controller BAKERBAZZAR.API.Controller.UserController (BAKERBAZZAR.API).
2024-11-15 10:32:45.866 +05:30  INF  Executing ObjectResult, writing value of type 'BAKERBAZZAR.API.Models.ApiResponse'.
2024-11-15 10:32:45.867 +05:30  INF  Executed action BAKERBAZZAR.API.Controller.UserController.CartDetails (BAKERBAZZAR.API) in 2.7472ms
2024-11-15 10:32:45.867 +05:30  INF  Executed endpoint 'BAKERBAZZAR.API.Controller.UserController.CartDetails (BAKERBAZZAR.API)'
2024-11-15 10:32:45.867 +05:30  INF  Request finished HTTP/1.1 GET http://localhost:5145/User/CartDetails?displayid=b9768f5d-800f-4cd1-84cb-f7003a7e55a7 - - - 200 - application/json;+charset=utf-8 3.6739ms
2024-11-15 10:32:45.879 +05:30  INF  Request starting HTTP/1.1 PUT http://localhost:5145/user/updatecartitem?linerid=319&qty=1 - 0
2024-11-15 10:32:45.879 +05:30  INF  CORS policy execution successful.
2024-11-15 10:32:45.879 +05:30  INF  Request starting HTTP/1.1 PUT http://localhost:5145/user/updatecartitem?linerid=320&qty=1 - 0
2024-11-15 10:32:45.879 +05:30  INF  CORS policy execution successful.
2024-11-15 10:32:45.879 +05:30  INF  Executing endpoint 'BAKERBAZZAR.API.Controller.UserController.UpdateCartItem (BAKERBAZZAR.API)'
2024-11-15 10:32:45.879 +05:30  INF  Executing endpoint 'BAKERBAZZAR.API.Controller.UserController.UpdateCartItem (BAKERBAZZAR.API)'
2024-11-15 10:32:45.879 +05:30  INF  Route matched with {action = "UpdateCartItem", controller = "User"}. Executing controller action with signature System.Threading.Tasks.Task`1[Microsoft.AspNetCore.Mvc.ActionResult`1[BAKERBAZZAR.API.Models.ApiResponse]] UpdateCartItem(Int32, Int32) on controller BAKERBAZZAR.API.Controller.UserController (BAKERBAZZAR.API).
2024-11-15 10:32:45.879 +05:30  INF  Route matched with {action = "UpdateCartItem", controller = "User"}. Executing controller action with signature System.Threading.Tasks.Task`1[Microsoft.AspNetCore.Mvc.ActionResult`1[BAKERBAZZAR.API.Models.ApiResponse]] UpdateCartItem(Int32, Int32) on controller BAKERBAZZAR.API.Controller.UserController (BAKERBAZZAR.API).
2024-11-15 10:32:45.880 +05:30  INF  Request starting HTTP/1.1 PUT http://localhost:5145/user/updatecartitem?linerid=321&qty=1 - 0
2024-11-15 10:32:45.880 +05:30  INF  CORS policy execution successful.
2024-11-15 10:32:45.880 +05:30  INF  Executing endpoint 'BAKERBAZZAR.API.Controller.UserController.UpdateCartItem (BAKERBAZZAR.API)'
2024-11-15 10:32:45.880 +05:30  INF  Route matched with {action = "UpdateCartItem", controller = "User"}. Executing controller action with signature System.Threading.Tasks.Task`1[Microsoft.AspNetCore.Mvc.ActionResult`1[BAKERBAZZAR.API.Models.ApiResponse]] UpdateCartItem(Int32, Int32) on controller BAKERBAZZAR.API.Controller.UserController (BAKERBAZZAR.API).
2024-11-15 10:32:45.880 +05:30  INF  Request starting HTTP/1.1 PUT http://localhost:5145/user/updatecartitem?linerid=319&qty=1 - 0
2024-11-15 10:32:45.880 +05:30  INF  CORS policy execution successful.
2024-11-15 10:32:45.880 +05:30  INF  Executing endpoint 'BAKERBAZZAR.API.Controller.UserController.UpdateCartItem (BAKERBAZZAR.API)'
2024-11-15 10:32:45.880 +05:30  INF  Route matched with {action = "UpdateCartItem", controller = "User"}. Executing controller action with signature System.Threading.Tasks.Task`1[Microsoft.AspNetCore.Mvc.ActionResult`1[BAKERBAZZAR.API.Models.ApiResponse]] UpdateCartItem(Int32, Int32) on controller BAKERBAZZAR.API.Controller.UserController (BAKERBAZZAR.API).
2024-11-15 10:32:45.880 +05:30  INF  Request starting HTTP/1.1 PUT http://localhost:5145/user/updatecartitem?linerid=320&qty=1 - 0
2024-11-15 10:32:45.881 +05:30  INF  CORS policy execution successful.
2024-11-15 10:32:45.881 +05:30  INF  Executing endpoint 'BAKERBAZZAR.API.Controller.UserController.UpdateCartItem (BAKERBAZZAR.API)'
2024-11-15 10:32:45.881 +05:30  INF  Route matched with {action = "UpdateCartItem", controller = "User"}. Executing controller action with signature System.Threading.Tasks.Task`1[Microsoft.AspNetCore.Mvc.ActionResult`1[BAKERBAZZAR.API.Models.ApiResponse]] UpdateCartItem(Int32, Int32) on controller BAKERBAZZAR.API.Controller.UserController (BAKERBAZZAR.API).
2024-11-15 10:32:45.881 +05:30  INF  Request starting HTTP/1.1 PUT http://localhost:5145/user/updatecartitem?linerid=321&qty=1 - 0
2024-11-15 10:32:45.881 +05:30  INF  CORS policy execution successful.
2024-11-15 10:32:45.881 +05:30  INF  Executing endpoint 'BAKERBAZZAR.API.Controller.UserController.UpdateCartItem (BAKERBAZZAR.API)'
2024-11-15 10:32:45.882 +05:30  INF  Route matched with {action = "UpdateCartItem", controller = "User"}. Executing controller action with signature System.Threading.Tasks.Task`1[Microsoft.AspNetCore.Mvc.ActionResult`1[BAKERBAZZAR.API.Models.ApiResponse]] UpdateCartItem(Int32, Int32) on controller BAKERBAZZAR.API.Controller.UserController (BAKERBAZZAR.API).
2024-11-15 10:32:45.886 +05:30  INF  Executing ObjectResult, writing value of type 'BAKERBAZZAR.API.Models.ApiResponse'.
2024-11-15 10:32:45.886 +05:30  INF  Executing ObjectResult, writing value of type 'BAKERBAZZAR.API.Models.ApiResponse'.
2024-11-15 10:32:45.886 +05:30  INF  Executing ObjectResult, writing value of type 'BAKERBAZZAR.API.Models.ApiResponse'.
2024-11-15 10:32:45.886 +05:30  INF  Executed action BAKERBAZZAR.API.Controller.UserController.UpdateCartItem (BAKERBAZZAR.API) in 6.3219ms
2024-11-15 10:32:45.886 +05:30  INF  Executed action BAKERBAZZAR.API.Controller.UserController.UpdateCartItem (BAKERBAZZAR.API) in 5.9928ms
2024-11-15 10:32:45.886 +05:30  INF  Executed action BAKERBAZZAR.API.Controller.UserController.UpdateCartItem (BAKERBAZZAR.API) in 6.2833ms
2024-11-15 10:32:45.886 +05:30  INF  Executed endpoint 'BAKERBAZZAR.API.Controller.UserController.UpdateCartItem (BAKERBAZZAR.API)'
2024-11-15 10:32:45.886 +05:30  INF  Executed endpoint 'BAKERBAZZAR.API.Controller.UserController.UpdateCartItem (BAKERBAZZAR.API)'
2024-11-15 10:32:45.886 +05:30  INF  Executed endpoint 'BAKERBAZZAR.API.Controller.UserController.UpdateCartItem (BAKERBAZZAR.API)'
2024-11-15 10:32:45.886 +05:30  INF  Request finished HTTP/1.1 PUT http://localhost:5145/user/updatecartitem?linerid=321&qty=1 - 0 - 200 - application/json;+charset=utf-8 6.4604ms
2024-11-15 10:32:45.886 +05:30  INF  Request finished HTTP/1.1 PUT http://localhost:5145/user/updatecartitem?linerid=320&qty=1 - 0 - 200 - application/json;+charset=utf-8 6.7176ms
2024-11-15 10:32:45.886 +05:30  INF  Request finished HTTP/1.1 PUT http://localhost:5145/user/updatecartitem?linerid=319&qty=1 - 0 - 200 - application/json;+charset=utf-8 6.9305ms
2024-11-15 10:32:45.886 +05:30  INF  Executing ObjectResult, writing value of type 'BAKERBAZZAR.API.Models.ApiResponse'.
2024-11-15 10:32:45.886 +05:30  INF  Executing ObjectResult, writing value of type 'BAKERBAZZAR.API.Models.ApiResponse'.
2024-11-15 10:32:45.886 +05:30  INF  Executed action BAKERBAZZAR.API.Controller.UserController.UpdateCartItem (BAKERBAZZAR.API) in 6.1759ms
2024-11-15 10:32:45.886 +05:30  INF  Executed action BAKERBAZZAR.API.Controller.UserController.UpdateCartItem (BAKERBAZZAR.API) in 5.7694ms
2024-11-15 10:32:45.886 +05:30  INF  Executed endpoint 'BAKERBAZZAR.API.Controller.UserController.UpdateCartItem (BAKERBAZZAR.API)'
2024-11-15 10:32:45.886 +05:30  INF  Executed endpoint 'BAKERBAZZAR.API.Controller.UserController.UpdateCartItem (BAKERBAZZAR.API)'
2024-11-15 10:32:45.886 +05:30  INF  Request finished HTTP/1.1 PUT http://localhost:5145/user/updatecartitem?linerid=319&qty=1 - 0 - 200 - application/json;+charset=utf-8 6.4920ms
2024-11-15 10:32:45.887 +05:30  INF  Request finished HTTP/1.1 PUT http://localhost:5145/user/updatecartitem?linerid=320&qty=1 - 0 - 200 - application/json;+charset=utf-8 6.0676ms
2024-11-15 10:32:45.888 +05:30  INF  Request starting HTTP/1.1 GET http://localhost:5145/User/CartDetails?displayid=b9768f5d-800f-4cd1-84cb-f7003a7e55a7 - -
2024-11-15 10:32:45.888 +05:30  INF  CORS policy execution successful.
2024-11-15 10:32:45.889 +05:30  INF  Executing endpoint 'BAKERBAZZAR.API.Controller.UserController.CartDetails (BAKERBAZZAR.API)'
2024-11-15 10:32:45.889 +05:30  INF  Route matched with {action = "CartDetails", controller = "User"}. Executing controller action with signature System.Threading.Tasks.Task`1[Microsoft.AspNetCore.Mvc.ActionResult`1[BAKERBAZZAR.API.Models.ApiResponse]] CartDetails(System.String) on controller BAKERBAZZAR.API.Controller.UserController (BAKERBAZZAR.API).
2024-11-15 10:32:45.891 +05:30  INF  Executing ObjectResult, writing value of type 'BAKERBAZZAR.API.Models.ApiResponse'.
2024-11-15 10:32:45.891 +05:30  INF  Executed action BAKERBAZZAR.API.Controller.UserController.CartDetails (BAKERBAZZAR.API) in 2.473ms
2024-11-15 10:32:45.891 +05:30  INF  Executed endpoint 'BAKERBAZZAR.API.Controller.UserController.CartDetails (BAKERBAZZAR.API)'
2024-11-15 10:32:45.891 +05:30  INF  Request finished HTTP/1.1 GET http://localhost:5145/User/CartDetails?displayid=b9768f5d-800f-4cd1-84cb-f7003a7e55a7 - - - 200 - application/json;+charset=utf-8 2.9324ms
2024-11-15 10:32:45.892 +05:30  INF  Executing ObjectResult, writing value of type 'BAKERBAZZAR.API.Models.ApiResponse'.
2024-11-15 10:32:45.892 +05:30  INF  Executed action BAKERBAZZAR.API.Controller.UserController.UpdateCartItem (BAKERBAZZAR.API) in 10.9005ms
2024-11-15 10:32:45.893 +05:30  INF  Executed endpoint 'BAKERBAZZAR.API.Controller.UserController.UpdateCartItem (BAKERBAZZAR.API)'
2024-11-15 10:32:45.893 +05:30  INF  Request finished HTTP/1.1 PUT http://localhost:5145/user/updatecartitem?linerid=321&qty=1 - 0 - 200 - application/json;+charset=utf-8 11.4145ms
2024-11-15 10:32:50.286 +05:30  INF  Request starting HTTP/1.1 GET http://localhost:5145/User/CartDetails?displayid=b9768f5d-800f-4cd1-84cb-f7003a7e55a7 - -
2024-11-15 10:32:50.287 +05:30  INF  CORS policy execution successful.
2024-11-15 10:32:50.287 +05:30  INF  Executing endpoint 'BAKERBAZZAR.API.Controller.UserController.CartDetails (BAKERBAZZAR.API)'
2024-11-15 10:32:50.287 +05:30  INF  Route matched with {action = "CartDetails", controller = "User"}. Executing controller action with signature System.Threading.Tasks.Task`1[Microsoft.AspNetCore.Mvc.ActionResult`1[BAKERBAZZAR.API.Models.ApiResponse]] CartDetails(System.String) on controller BAKERBAZZAR.API.Controller.UserController (BAKERBAZZAR.API).
2024-11-15 10:32:50.295 +05:30  INF  Executing ObjectResult, writing value of type 'BAKERBAZZAR.API.Models.ApiResponse'.
2024-11-15 10:32:50.295 +05:30  INF  Executed action BAKERBAZZAR.API.Controller.UserController.CartDetails (BAKERBAZZAR.API) in 7.3538ms
2024-11-15 10:32:50.295 +05:30  INF  Executed endpoint 'BAKERBAZZAR.API.Controller.UserController.CartDetails (BAKERBAZZAR.API)'
2024-11-15 10:32:50.295 +05:30  INF  Request finished HTTP/1.1 GET http://localhost:5145/User/CartDetails?displayid=b9768f5d-800f-4cd1-84cb-f7003a7e55a7 - - - 200 - application/json;+charset=utf-8 9.0924ms
2024-11-15 10:32:50.296 +05:30  INF  Request starting HTTP/1.1 GET http://localhost:5145/User/CartDetails?displayid=b9768f5d-800f-4cd1-84cb-f7003a7e55a7 - -
2024-11-15 10:32:50.296 +05:30  INF  CORS policy execution successful.
2024-11-15 10:32:50.296 +05:30  INF  Executing endpoint 'BAKERBAZZAR.API.Controller.UserController.CartDetails (BAKERBAZZAR.API)'
2024-11-15 10:32:50.296 +05:30  INF  Route matched with {action = "CartDetails", controller = "User"}. Executing controller action with signature System.Threading.Tasks.Task`1[Microsoft.AspNetCore.Mvc.ActionResult`1[BAKERBAZZAR.API.Models.ApiResponse]] CartDetails(System.String) on controller BAKERBAZZAR.API.Controller.UserController (BAKERBAZZAR.API).
2024-11-15 10:32:50.298 +05:30  INF  Executing ObjectResult, writing value of type 'BAKERBAZZAR.API.Models.ApiResponse'.
2024-11-15 10:32:50.298 +05:30  INF  Executed action BAKERBAZZAR.API.Controller.UserController.CartDetails (BAKERBAZZAR.API) in 2.4956ms
2024-11-15 10:32:50.298 +05:30  INF  Executed endpoint 'BAKERBAZZAR.API.Controller.UserController.CartDetails (BAKERBAZZAR.API)'
2024-11-15 10:32:50.298 +05:30  INF  Request finished HTTP/1.1 GET http://localhost:5145/User/CartDetails?displayid=b9768f5d-800f-4cd1-84cb-f7003a7e55a7 - - - 200 - application/json;+charset=utf-8 2.7797ms
2024-11-15 10:32:50.301 +05:30  INF  Request starting HTTP/1.1 OPTIONS http://localhost:5145/user/updatecartitem?linerid=319&qty=1 - -
2024-11-15 10:32:50.301 +05:30  INF  CORS policy execution successful.
2024-11-15 10:32:50.301 +05:30  INF  Request finished HTTP/1.1 OPTIONS http://localhost:5145/user/updatecartitem?linerid=319&qty=1 - - - 204 - - 0.1687ms
2024-11-15 10:32:50.301 +05:30  INF  Request starting HTTP/1.1 OPTIONS http://localhost:5145/user/updatecartitem?linerid=320&qty=1 - -
2024-11-15 10:32:50.301 +05:30  INF  CORS policy execution successful.
2024-11-15 10:32:50.302 +05:30  INF  Request finished HTTP/1.1 OPTIONS http://localhost:5145/user/updatecartitem?linerid=320&qty=1 - - - 204 - - 0.1038ms
2024-11-15 10:32:50.302 +05:30  INF  Request starting HTTP/1.1 OPTIONS http://localhost:5145/user/updatecartitem?linerid=321&qty=1 - -
2024-11-15 10:32:50.302 +05:30  INF  CORS policy execution successful.
2024-11-15 10:32:50.302 +05:30  INF  Request finished HTTP/1.1 OPTIONS http://localhost:5145/user/updatecartitem?linerid=321&qty=1 - - - 204 - - 0.1159ms
2024-11-15 10:32:50.303 +05:30  INF  Request starting HTTP/1.1 OPTIONS http://localhost:5145/user/updatecartitem?linerid=319&qty=1 - -
2024-11-15 10:32:50.303 +05:30  INF  Request starting HTTP/1.1 PUT http://localhost:5145/user/updatecartitem?linerid=319&qty=1 - 0
2024-11-15 10:32:50.303 +05:30  INF  CORS policy execution successful.
2024-11-15 10:32:50.303 +05:30  INF  CORS policy execution successful.
2024-11-15 10:32:50.303 +05:30  INF  Request finished HTTP/1.1 OPTIONS http://localhost:5145/user/updatecartitem?linerid=319&qty=1 - - - 204 - - 0.1427ms
2024-11-15 10:32:50.303 +05:30  INF  Request starting HTTP/1.1 OPTIONS http://localhost:5145/user/updatecartitem?linerid=320&qty=1 - -
2024-11-15 10:32:50.303 +05:30  INF  Executing endpoint 'BAKERBAZZAR.API.Controller.UserController.UpdateCartItem (BAKERBAZZAR.API)'
2024-11-15 10:32:50.303 +05:30  INF  CORS policy execution successful.
2024-11-15 10:32:50.303 +05:30  INF  Request finished HTTP/1.1 OPTIONS http://localhost:5145/user/updatecartitem?linerid=320&qty=1 - - - 204 - - 0.0742ms
2024-11-15 10:32:50.303 +05:30  INF  Route matched with {action = "UpdateCartItem", controller = "User"}. Executing controller action with signature System.Threading.Tasks.Task`1[Microsoft.AspNetCore.Mvc.ActionResult`1[BAKERBAZZAR.API.Models.ApiResponse]] UpdateCartItem(Int32, Int32) on controller BAKERBAZZAR.API.Controller.UserController (BAKERBAZZAR.API).
2024-11-15 10:32:50.303 +05:30  INF  Request starting HTTP/1.1 OPTIONS http://localhost:5145/user/updatecartitem?linerid=321&qty=1 - -
2024-11-15 10:32:50.303 +05:30  INF  CORS policy execution successful.
2024-11-15 10:32:50.303 +05:30  INF  Request finished HTTP/1.1 OPTIONS http://localhost:5145/user/updatecartitem?linerid=321&qty=1 - - - 204 - - 0.0850ms
2024-11-15 10:32:50.303 +05:30  INF  Request starting HTTP/1.1 PUT http://localhost:5145/user/updatecartitem?linerid=320&qty=1 - 0
2024-11-15 10:32:50.303 +05:30  INF  CORS policy execution successful.
2024-11-15 10:32:50.303 +05:30  INF  Executing endpoint 'BAKERBAZZAR.API.Controller.UserController.UpdateCartItem (BAKERBAZZAR.API)'
2024-11-15 10:32:50.303 +05:30  INF  Route matched with {action = "UpdateCartItem", controller = "User"}. Executing controller action with signature System.Threading.Tasks.Task`1[Microsoft.AspNetCore.Mvc.ActionResult`1[BAKERBAZZAR.API.Models.ApiResponse]] UpdateCartItem(Int32, Int32) on controller BAKERBAZZAR.API.Controller.UserController (BAKERBAZZAR.API).
2024-11-15 10:32:50.304 +05:30  INF  Request starting HTTP/1.1 PUT http://localhost:5145/user/updatecartitem?linerid=321&qty=1 - 0
2024-11-15 10:32:50.304 +05:30  INF  CORS policy execution successful.
2024-11-15 10:32:50.304 +05:30  INF  Executing endpoint 'BAKERBAZZAR.API.Controller.UserController.UpdateCartItem (BAKERBAZZAR.API)'
2024-11-15 10:32:50.304 +05:30  INF  Route matched with {action = "UpdateCartItem", controller = "User"}. Executing controller action with signature System.Threading.Tasks.Task`1[Microsoft.AspNetCore.Mvc.ActionResult`1[BAKERBAZZAR.API.Models.ApiResponse]] UpdateCartItem(Int32, Int32) on controller BAKERBAZZAR.API.Controller.UserController (BAKERBAZZAR.API).
2024-11-15 10:32:50.305 +05:30  INF  Request starting HTTP/1.1 PUT http://localhost:5145/user/updatecartitem?linerid=320&qty=1 - 0
2024-11-15 10:32:50.305 +05:30  INF  Executing ObjectResult, writing value of type 'BAKERBAZZAR.API.Models.ApiResponse'.
2024-11-15 10:32:50.305 +05:30  INF  Request starting HTTP/1.1 PUT http://localhost:5145/user/updatecartitem?linerid=321&qty=1 - 0
2024-11-15 10:32:50.305 +05:30  INF  Executing ObjectResult, writing value of type 'BAKERBAZZAR.API.Models.ApiResponse'.
2024-11-15 10:32:50.305 +05:30  INF  Executed action BAKERBAZZAR.API.Controller.UserController.UpdateCartItem (BAKERBAZZAR.API) in 1.8442ms
2024-11-15 10:32:50.305 +05:30  INF  Executed action BAKERBAZZAR.API.Controller.UserController.UpdateCartItem (BAKERBAZZAR.API) in 2.0673ms
2024-11-15 10:32:50.305 +05:30  INF  Executed endpoint 'BAKERBAZZAR.API.Controller.UserController.UpdateCartItem (BAKERBAZZAR.API)'
2024-11-15 10:32:50.305 +05:30  INF  Executed endpoint 'BAKERBAZZAR.API.Controller.UserController.UpdateCartItem (BAKERBAZZAR.API)'
2024-11-15 10:32:50.305 +05:30  INF  Request starting HTTP/1.1 PUT http://localhost:5145/user/updatecartitem?linerid=319&qty=1 - 0
2024-11-15 10:32:50.305 +05:30  INF  Request finished HTTP/1.1 PUT http://localhost:5145/user/updatecartitem?linerid=319&qty=1 - 0 - 200 - application/json;+charset=utf-8 2.3583ms
2024-11-15 10:32:50.305 +05:30  INF  Request finished HTTP/1.1 PUT http://localhost:5145/user/updatecartitem?linerid=320&qty=1 - 0 - 200 - application/json;+charset=utf-8 2.0622ms
2024-11-15 10:32:50.305 +05:30  INF  CORS policy execution successful.
2024-11-15 10:32:50.305 +05:30  INF  CORS policy execution successful.
2024-11-15 10:32:50.305 +05:30  INF  CORS policy execution successful.
2024-11-15 10:32:50.306 +05:30  INF  Executing endpoint 'BAKERBAZZAR.API.Controller.UserController.UpdateCartItem (BAKERBAZZAR.API)'
2024-11-15 10:32:50.306 +05:30  INF  Executing endpoint 'BAKERBAZZAR.API.Controller.UserController.UpdateCartItem (BAKERBAZZAR.API)'
2024-11-15 10:32:50.306 +05:30  INF  Route matched with {action = "UpdateCartItem", controller = "User"}. Executing controller action with signature System.Threading.Tasks.Task`1[Microsoft.AspNetCore.Mvc.ActionResult`1[BAKERBAZZAR.API.Models.ApiResponse]] UpdateCartItem(Int32, Int32) on controller BAKERBAZZAR.API.Controller.UserController (BAKERBAZZAR.API).
2024-11-15 10:32:50.306 +05:30  INF  Route matched with {action = "UpdateCartItem", controller = "User"}. Executing controller action with signature System.Threading.Tasks.Task`1[Microsoft.AspNetCore.Mvc.ActionResult`1[BAKERBAZZAR.API.Models.ApiResponse]] UpdateCartItem(Int32, Int32) on controller BAKERBAZZAR.API.Controller.UserController (BAKERBAZZAR.API).
2024-11-15 10:32:50.306 +05:30  INF  Executing endpoint 'BAKERBAZZAR.API.Controller.UserController.UpdateCartItem (BAKERBAZZAR.API)'
2024-11-15 10:32:50.306 +05:30  INF  Route matched with {action = "UpdateCartItem", controller = "User"}. Executing controller action with signature System.Threading.Tasks.Task`1[Microsoft.AspNetCore.Mvc.ActionResult`1[BAKERBAZZAR.API.Models.ApiResponse]] UpdateCartItem(Int32, Int32) on controller BAKERBAZZAR.API.Controller.UserController (BAKERBAZZAR.API).
2024-11-15 10:32:50.307 +05:30  INF  Executing ObjectResult, writing value of type 'BAKERBAZZAR.API.Models.ApiResponse'.
2024-11-15 10:32:50.307 +05:30  INF  Executed action BAKERBAZZAR.API.Controller.UserController.UpdateCartItem (BAKERBAZZAR.API) in 2.5895ms
2024-11-15 10:32:50.307 +05:30  INF  Executed endpoint 'BAKERBAZZAR.API.Controller.UserController.UpdateCartItem (BAKERBAZZAR.API)'
2024-11-15 10:32:50.307 +05:30  INF  Request finished HTTP/1.1 PUT http://localhost:5145/user/updatecartitem?linerid=321&qty=1 - 0 - 200 - application/json;+charset=utf-8 2.9242ms
2024-11-15 10:32:50.308 +05:30  INF  Executing ObjectResult, writing value of type 'BAKERBAZZAR.API.Models.ApiResponse'.
2024-11-15 10:32:50.308 +05:30  INF  Executed action BAKERBAZZAR.API.Controller.UserController.UpdateCartItem (BAKERBAZZAR.API) in 1.6483ms
2024-11-15 10:32:50.308 +05:30  INF  Executed endpoint 'BAKERBAZZAR.API.Controller.UserController.UpdateCartItem (BAKERBAZZAR.API)'
2024-11-15 10:32:50.308 +05:30  INF  Request finished HTTP/1.1 PUT http://localhost:5145/user/updatecartitem?linerid=321&qty=1 - 0 - 200 - application/json;+charset=utf-8 2.5082ms
2024-11-15 10:32:50.308 +05:30  INF  Executing ObjectResult, writing value of type 'BAKERBAZZAR.API.Models.ApiResponse'.
2024-11-15 10:32:50.308 +05:30  INF  Executed action BAKERBAZZAR.API.Controller.UserController.UpdateCartItem (BAKERBAZZAR.API) in 2.3515ms
2024-11-15 10:32:50.308 +05:30  INF  Executing ObjectResult, writing value of type 'BAKERBAZZAR.API.Models.ApiResponse'.
2024-11-15 10:32:50.308 +05:30  INF  Executed endpoint 'BAKERBAZZAR.API.Controller.UserController.UpdateCartItem (BAKERBAZZAR.API)'
2024-11-15 10:32:50.308 +05:30  INF  Executed action BAKERBAZZAR.API.Controller.UserController.UpdateCartItem (BAKERBAZZAR.API) in 2.4429ms
2024-11-15 10:32:50.308 +05:30  INF  Request finished HTTP/1.1 PUT http://localhost:5145/user/updatecartitem?linerid=319&qty=1 - 0 - 200 - application/json;+charset=utf-8 3.1481ms
2024-11-15 10:32:50.308 +05:30  INF  Executed endpoint 'BAKERBAZZAR.API.Controller.UserController.UpdateCartItem (BAKERBAZZAR.API)'
2024-11-15 10:32:50.308 +05:30  INF  Request finished HTTP/1.1 PUT http://localhost:5145/user/updatecartitem?linerid=320&qty=1 - 0 - 200 - application/json;+charset=utf-8 3.3338ms
2024-11-15 10:32:50.313 +05:30  INF  Request starting HTTP/1.1 GET http://localhost:5145/User/CartDetails?displayid=b9768f5d-800f-4cd1-84cb-f7003a7e55a7 - -
2024-11-15 10:32:50.313 +05:30  INF  CORS policy execution successful.
2024-11-15 10:32:50.313 +05:30  INF  Executing endpoint 'BAKERBAZZAR.API.Controller.UserController.CartDetails (BAKERBAZZAR.API)'
2024-11-15 10:32:50.313 +05:30  INF  Route matched with {action = "CartDetails", controller = "User"}. Executing controller action with signature System.Threading.Tasks.Task`1[Microsoft.AspNetCore.Mvc.ActionResult`1[BAKERBAZZAR.API.Models.ApiResponse]] CartDetails(System.String) on controller BAKERBAZZAR.API.Controller.UserController (BAKERBAZZAR.API).
2024-11-15 10:32:50.315 +05:30  INF  Executing ObjectResult, writing value of type 'BAKERBAZZAR.API.Models.ApiResponse'.
2024-11-15 10:32:50.316 +05:30  INF  Executed action BAKERBAZZAR.API.Controller.UserController.CartDetails (BAKERBAZZAR.API) in 2.1477ms
2024-11-15 10:32:50.316 +05:30  INF  Executed endpoint 'BAKERBAZZAR.API.Controller.UserController.CartDetails (BAKERBAZZAR.API)'
2024-11-15 10:32:50.316 +05:30  INF  Request finished HTTP/1.1 GET http://localhost:5145/User/CartDetails?displayid=b9768f5d-800f-4cd1-84cb-f7003a7e55a7 - - - 200 - application/json;+charset=utf-8 2.5259ms
2024-11-15 10:34:00.635 +05:30  INF  Request starting HTTP/1.1 GET http://localhost:5145/user/myorders?displayid=e62f03f4-2dcf-4f80-bc23-341651bd9338 - -
2024-11-15 10:34:00.635 +05:30  INF  CORS policy execution successful.
2024-11-15 10:34:00.635 +05:30  INF  Executing endpoint 'BAKERBAZZAR.API.Controller.UserController.MyOrders (BAKERBAZZAR.API)'
2024-11-15 10:34:00.639 +05:30  INF  Route matched with {action = "MyOrders", controller = "User"}. Executing controller action with signature System.Threading.Tasks.Task`1[Microsoft.AspNetCore.Mvc.ActionResult`1[BAKERBAZZAR.API.Models.ApiResponse]] MyOrders(System.String, System.String, System.String) on controller BAKERBAZZAR.API.Controller.UserController (BAKERBAZZAR.API).
2024-11-15 10:34:03.446 +05:30  INF  Request starting HTTP/1.1 GET http://localhost:5145/User/CartDetails?displayid=b9768f5d-800f-4cd1-84cb-f7003a7e55a7 - -
2024-11-15 10:34:03.447 +05:30  INF  CORS policy execution successful.
2024-11-15 10:34:03.447 +05:30  INF  Executing endpoint 'BAKERBAZZAR.API.Controller.UserController.CartDetails (BAKERBAZZAR.API)'
2024-11-15 10:34:03.447 +05:30  INF  Route matched with {action = "CartDetails", controller = "User"}. Executing controller action with signature System.Threading.Tasks.Task`1[Microsoft.AspNetCore.Mvc.ActionResult`1[BAKERBAZZAR.API.Models.ApiResponse]] CartDetails(System.String) on controller BAKERBAZZAR.API.Controller.UserController (BAKERBAZZAR.API).
2024-11-15 10:34:09.690 +05:30  INF  Request starting HTTP/1.1 GET http://localhost:5145/User/CartDetails?displayid=b9768f5d-800f-4cd1-84cb-f7003a7e55a7 - -
2024-11-15 10:34:09.690 +05:30  INF  CORS policy execution successful.
2024-11-15 10:34:09.690 +05:30  INF  Executing endpoint 'BAKERBAZZAR.API.Controller.UserController.CartDetails (BAKERBAZZAR.API)'
2024-11-15 10:34:09.690 +05:30  INF  Route matched with {action = "CartDetails", controller = "User"}. Executing controller action with signature System.Threading.Tasks.Task`1[Microsoft.AspNetCore.Mvc.ActionResult`1[BAKERBAZZAR.API.Models.ApiResponse]] CartDetails(System.String) on controller BAKERBAZZAR.API.Controller.UserController (BAKERBAZZAR.API).
2024-11-15 10:34:09.693 +05:30  INF  Request starting HTTP/1.1 GET http://localhost:5145/User/Category - -
2024-11-15 10:34:09.693 +05:30  INF  CORS policy execution successful.
2024-11-15 10:34:09.694 +05:30  INF  Executing endpoint 'BAKERBAZZAR.API.Controller.UserController.Category (BAKERBAZZAR.API)'
2024-11-15 10:34:09.694 +05:30  INF  Route matched with {action = "Category", controller = "User"}. Executing controller action with signature System.Threading.Tasks.Task`1[Microsoft.AspNetCore.Mvc.ActionResult`1[BAKERBAZZAR.API.Models.ApiResponse]] Category(System.String) on controller BAKERBAZZAR.API.Controller.UserController (BAKERBAZZAR.API).
2024-11-15 10:34:09.697 +05:30  INF  Request starting HTTP/1.1 GET http://localhost:5145/user/products?categoryid= - -
2024-11-15 10:34:09.697 +05:30  INF  CORS policy execution successful.
2024-11-15 10:34:09.697 +05:30  INF  Executing endpoint 'BAKERBAZZAR.API.Controller.UserController.Products (BAKERBAZZAR.API)'
2024-11-15 10:34:09.697 +05:30  INF  Route matched with {action = "Products", controller = "User"}. Executing controller action with signature System.Threading.Tasks.Task`1[Microsoft.AspNetCore.Mvc.ActionResult`1[BAKERBAZZAR.API.Models.ApiResponse]] Products(System.String, System.String) on controller BAKERBAZZAR.API.Controller.UserController (BAKERBAZZAR.API).
2024-11-15 10:34:16.972 +05:30  INF  Executing ObjectResult, writing value of type 'BAKERBAZZAR.API.Models.ApiResponse'.
2024-11-15 10:34:16.972 +05:30  INF  Executed action BAKERBAZZAR.API.Controller.UserController.Category (BAKERBAZZAR.API) in 7277.816ms
2024-11-15 10:34:16.972 +05:30  INF  Executed endpoint 'BAKERBAZZAR.API.Controller.UserController.Category (BAKERBAZZAR.API)'
2024-11-15 10:34:16.972 +05:30  INF  Request finished HTTP/1.1 GET http://localhost:5145/User/Category - - - 200 - application/json;+charset=utf-8 7278.9919ms
2024-11-15 10:34:16.973 +05:30  INF  Request starting HTTP/1.1 GET http://localhost:5145/User/Category - -
2024-11-15 10:34:16.973 +05:30  INF  Executing ObjectResult, writing value of type 'BAKERBAZZAR.API.Models.ApiResponse'.
2024-11-15 10:34:16.973 +05:30  INF  CORS policy execution successful.
2024-11-15 10:34:16.974 +05:30  INF  Executing endpoint 'BAKERBAZZAR.API.Controller.UserController.Category (BAKERBAZZAR.API)'
2024-11-15 10:34:16.974 +05:30  INF  Route matched with {action = "Category", controller = "User"}. Executing controller action with signature System.Threading.Tasks.Task`1[Microsoft.AspNetCore.Mvc.ActionResult`1[BAKERBAZZAR.API.Models.ApiResponse]] Category(System.String) on controller BAKERBAZZAR.API.Controller.UserController (BAKERBAZZAR.API).
2024-11-15 10:34:16.974 +05:30  INF  Executed action BAKERBAZZAR.API.Controller.UserController.Products (BAKERBAZZAR.API) in 7276.796ms
2024-11-15 10:34:16.974 +05:30  INF  Executed endpoint 'BAKERBAZZAR.API.Controller.UserController.Products (BAKERBAZZAR.API)'
2024-11-15 10:34:16.974 +05:30  INF  Request finished HTTP/1.1 GET http://localhost:5145/user/products?categoryid= - - - 200 - application/json;+charset=utf-8 7277.2409ms
2024-11-15 10:34:16.976 +05:30  INF  Executing ObjectResult, writing value of type 'BAKERBAZZAR.API.Models.ApiResponse'.
2024-11-15 10:34:16.976 +05:30  INF  Executed action BAKERBAZZAR.API.Controller.UserController.Category (BAKERBAZZAR.API) in 2.4214ms
2024-11-15 10:34:16.976 +05:30  INF  Executed endpoint 'BAKERBAZZAR.API.Controller.UserController.Category (BAKERBAZZAR.API)'
2024-11-15 10:34:16.976 +05:30  INF  Request finished HTTP/1.1 GET http://localhost:5145/User/Category - - - 200 - application/json;+charset=utf-8 2.9540ms
2024-11-15 10:34:16.978 +05:30  INF  Request starting HTTP/1.1 GET http://localhost:5145/user/products?categoryid= - -
2024-11-15 10:34:16.978 +05:30  INF  CORS policy execution successful.
2024-11-15 10:34:16.978 +05:30  INF  Executing endpoint 'BAKERBAZZAR.API.Controller.UserController.Products (BAKERBAZZAR.API)'
2024-11-15 10:34:16.978 +05:30  INF  Route matched with {action = "Products", controller = "User"}. Executing controller action with signature System.Threading.Tasks.Task`1[Microsoft.AspNetCore.Mvc.ActionResult`1[BAKERBAZZAR.API.Models.ApiResponse]] Products(System.String, System.String) on controller BAKERBAZZAR.API.Controller.UserController (BAKERBAZZAR.API).
2024-11-15 10:34:16.981 +05:30  INF  Executing ObjectResult, writing value of type 'BAKERBAZZAR.API.Models.ApiResponse'.
2024-11-15 10:34:16.981 +05:30  INF  Executing ObjectResult, writing value of type 'BAKERBAZZAR.API.Models.ApiResponse'.
2024-11-15 10:34:16.982 +05:30  INF  Executed action BAKERBAZZAR.API.Controller.UserController.CartDetails (BAKERBAZZAR.API) in 7291.0736ms
2024-11-15 10:34:16.982 +05:30  INF  Executed endpoint 'BAKERBAZZAR.API.Controller.UserController.CartDetails (BAKERBAZZAR.API)'
2024-11-15 10:34:16.982 +05:30  INF  Request finished HTTP/1.1 GET http://localhost:5145/User/CartDetails?displayid=b9768f5d-800f-4cd1-84cb-f7003a7e55a7 - - - 200 - application/json;+charset=utf-8 7292.0419ms
2024-11-15 10:34:16.982 +05:30  INF  Executing ObjectResult, writing value of type 'BAKERBAZZAR.API.Models.ApiResponse'.
2024-11-15 10:34:16.983 +05:30  INF  Executed action BAKERBAZZAR.API.Controller.UserController.Products (BAKERBAZZAR.API) in 4.9884ms
2024-11-15 10:34:16.983 +05:30  INF  Executed endpoint 'BAKERBAZZAR.API.Controller.UserController.Products (BAKERBAZZAR.API)'
2024-11-15 10:34:16.983 +05:30  INF  Request finished HTTP/1.1 GET http://localhost:5145/user/products?categoryid= - - - 200 - application/json;+charset=utf-8 5.5880ms
2024-11-15 10:34:16.983 +05:30  INF  Request starting HTTP/1.1 GET http://localhost:5145/User/CartDetails?displayid=b9768f5d-800f-4cd1-84cb-f7003a7e55a7 - -
2024-11-15 10:34:16.983 +05:30  INF  CORS policy execution successful.
2024-11-15 10:34:16.984 +05:30  INF  Executing endpoint 'BAKERBAZZAR.API.Controller.UserController.CartDetails (BAKERBAZZAR.API)'
2024-11-15 10:34:16.984 +05:30  INF  Route matched with {action = "CartDetails", controller = "User"}. Executing controller action with signature System.Threading.Tasks.Task`1[Microsoft.AspNetCore.Mvc.ActionResult`1[BAKERBAZZAR.API.Models.ApiResponse]] CartDetails(System.String) on controller BAKERBAZZAR.API.Controller.UserController (BAKERBAZZAR.API).
2024-11-15 10:34:16.985 +05:30  INF  Executed action BAKERBAZZAR.API.Controller.UserController.CartDetails (BAKERBAZZAR.API) in 13537.9278ms
2024-11-15 10:34:16.985 +05:30  INF  Executed endpoint 'BAKERBAZZAR.API.Controller.UserController.CartDetails (BAKERBAZZAR.API)'
2024-11-15 10:34:16.985 +05:30  INF  Request finished HTTP/1.1 GET http://localhost:5145/User/CartDetails?displayid=b9768f5d-800f-4cd1-84cb-f7003a7e55a7 - - - 0 - application/json;+charset=utf-8 13538.4284ms
2024-11-15 10:34:16.987 +05:30  INF  Executing ObjectResult, writing value of type 'BAKERBAZZAR.API.Models.ApiResponse'.
2024-11-15 10:34:16.987 +05:30  INF  Executed action BAKERBAZZAR.API.Controller.UserController.CartDetails (BAKERBAZZAR.API) in 3.6416ms
2024-11-15 10:34:16.987 +05:30  INF  Executed endpoint 'BAKERBAZZAR.API.Controller.UserController.CartDetails (BAKERBAZZAR.API)'
2024-11-15 10:34:16.987 +05:30  INF  Request finished HTTP/1.1 GET http://localhost:5145/User/CartDetails?displayid=b9768f5d-800f-4cd1-84cb-f7003a7e55a7 - - - 200 - application/json;+charset=utf-8 4.0079ms
2024-11-15 10:34:17.015 +05:30  INF  Executing ObjectResult, writing value of type 'BAKERBAZZAR.API.Models.ApiResponse'.
2024-11-15 10:34:17.019 +05:30  INF  Executed action BAKERBAZZAR.API.Controller.UserController.MyOrders (BAKERBAZZAR.API) in 16379.6845ms
2024-11-15 10:34:17.019 +05:30  INF  Executed endpoint 'BAKERBAZZAR.API.Controller.UserController.MyOrders (BAKERBAZZAR.API)'
2024-11-15 10:34:17.019 +05:30  INF  Request finished HTTP/1.1 GET http://localhost:5145/user/myorders?displayid=e62f03f4-2dcf-4f80-bc23-341651bd9338 - - - 0 - application/json;+charset=utf-8 16384.5288ms
2024-11-15 10:34:18.430 +05:30  INF  Request starting HTTP/1.1 GET http://localhost:5145/User/CartDetails?displayid=b9768f5d-800f-4cd1-84cb-f7003a7e55a7 - -
2024-11-15 10:34:18.431 +05:30  INF  CORS policy execution successful.
2024-11-15 10:34:18.431 +05:30  INF  Executing endpoint 'BAKERBAZZAR.API.Controller.UserController.CartDetails (BAKERBAZZAR.API)'
2024-11-15 10:34:18.431 +05:30  INF  Route matched with {action = "CartDetails", controller = "User"}. Executing controller action with signature System.Threading.Tasks.Task`1[Microsoft.AspNetCore.Mvc.ActionResult`1[BAKERBAZZAR.API.Models.ApiResponse]] CartDetails(System.String) on controller BAKERBAZZAR.API.Controller.UserController (BAKERBAZZAR.API).
2024-11-15 10:34:18.447 +05:30  INF  Executing ObjectResult, writing value of type 'BAKERBAZZAR.API.Models.ApiResponse'.
2024-11-15 10:34:18.448 +05:30  INF  Executed action BAKERBAZZAR.API.Controller.UserController.CartDetails (BAKERBAZZAR.API) in 16.5952ms
2024-11-15 10:34:18.448 +05:30  INF  Executed endpoint 'BAKERBAZZAR.API.Controller.UserController.CartDetails (BAKERBAZZAR.API)'
2024-11-15 10:34:18.448 +05:30  INF  Request finished HTTP/1.1 GET http://localhost:5145/User/CartDetails?displayid=b9768f5d-800f-4cd1-84cb-f7003a7e55a7 - - - 200 - application/json;+charset=utf-8 17.3794ms
2024-11-15 10:34:18.449 +05:30  INF  Request starting HTTP/1.1 GET http://localhost:5145/User/CartDetails?displayid=b9768f5d-800f-4cd1-84cb-f7003a7e55a7 - -
2024-11-15 10:34:18.449 +05:30  INF  CORS policy execution successful.
2024-11-15 10:34:18.449 +05:30  INF  Executing endpoint 'BAKERBAZZAR.API.Controller.UserController.CartDetails (BAKERBAZZAR.API)'
2024-11-15 10:34:18.449 +05:30  INF  Route matched with {action = "CartDetails", controller = "User"}. Executing controller action with signature System.Threading.Tasks.Task`1[Microsoft.AspNetCore.Mvc.ActionResult`1[BAKERBAZZAR.API.Models.ApiResponse]] CartDetails(System.String) on controller BAKERBAZZAR.API.Controller.UserController (BAKERBAZZAR.API).
2024-11-15 10:34:18.451 +05:30  INF  Executing ObjectResult, writing value of type 'BAKERBAZZAR.API.Models.ApiResponse'.
2024-11-15 10:34:18.451 +05:30  INF  Executed action BAKERBAZZAR.API.Controller.UserController.CartDetails (BAKERBAZZAR.API) in 2.1301ms
2024-11-15 10:34:18.451 +05:30  INF  Executed endpoint 'BAKERBAZZAR.API.Controller.UserController.CartDetails (BAKERBAZZAR.API)'
2024-11-15 10:34:18.451 +05:30  INF  Request finished HTTP/1.1 GET http://localhost:5145/User/CartDetails?displayid=b9768f5d-800f-4cd1-84cb-f7003a7e55a7 - - - 200 - application/json;+charset=utf-8 2.5461ms
2024-11-15 10:34:18.455 +05:30  INF  Request starting HTTP/1.1 OPTIONS http://localhost:5145/user/updatecartitem?linerid=319&qty=1 - -
2024-11-15 10:34:18.455 +05:30  INF  CORS policy execution successful.
2024-11-15 10:34:18.455 +05:30  INF  Request starting HTTP/1.1 OPTIONS http://localhost:5145/user/updatecartitem?linerid=320&qty=1 - -
2024-11-15 10:34:18.455 +05:30  INF  Request finished HTTP/1.1 OPTIONS http://localhost:5145/user/updatecartitem?linerid=319&qty=1 - - - 204 - - 0.4313ms
2024-11-15 10:34:18.455 +05:30  INF  CORS policy execution successful.
2024-11-15 10:34:18.455 +05:30  INF  Request finished HTTP/1.1 OPTIONS http://localhost:5145/user/updatecartitem?linerid=320&qty=1 - - - 204 - - 0.2154ms
2024-11-15 10:34:18.456 +05:30  INF  Request starting HTTP/1.1 OPTIONS http://localhost:5145/user/updatecartitem?linerid=321&qty=1 - -
2024-11-15 10:34:18.456 +05:30  INF  CORS policy execution successful.
2024-11-15 10:34:18.456 +05:30  INF  Request finished HTTP/1.1 OPTIONS http://localhost:5145/user/updatecartitem?linerid=321&qty=1 - - - 204 - - 0.1045ms
2024-11-15 10:34:18.457 +05:30  INF  Request starting HTTP/1.1 OPTIONS http://localhost:5145/user/updatecartitem?linerid=319&qty=1 - -
2024-11-15 10:34:18.458 +05:30  INF  CORS policy execution successful.
2024-11-15 10:34:18.458 +05:30  INF  Request finished HTTP/1.1 OPTIONS http://localhost:5145/user/updatecartitem?linerid=319&qty=1 - - - 204 - - 0.2089ms
2024-11-15 10:34:18.458 +05:30  INF  Request starting HTTP/1.1 PUT http://localhost:5145/user/updatecartitem?linerid=319&qty=1 - 0
2024-11-15 10:34:18.458 +05:30  INF  CORS policy execution successful.
2024-11-15 10:34:18.458 +05:30  INF  Request starting HTTP/1.1 OPTIONS http://localhost:5145/user/updatecartitem?linerid=320&qty=1 - -
2024-11-15 10:34:18.458 +05:30  INF  Executing endpoint 'BAKERBAZZAR.API.Controller.UserController.UpdateCartItem (BAKERBAZZAR.API)'
2024-11-15 10:34:18.458 +05:30  INF  CORS policy execution successful.
2024-11-15 10:34:18.459 +05:30  INF  Route matched with {action = "UpdateCartItem", controller = "User"}. Executing controller action with signature System.Threading.Tasks.Task`1[Microsoft.AspNetCore.Mvc.ActionResult`1[BAKERBAZZAR.API.Models.ApiResponse]] UpdateCartItem(Int32, Int32) on controller BAKERBAZZAR.API.Controller.UserController (BAKERBAZZAR.API).
2024-11-15 10:34:18.459 +05:30  INF  Request finished HTTP/1.1 OPTIONS http://localhost:5145/user/updatecartitem?linerid=320&qty=1 - - - 204 - - 0.1638ms
2024-11-15 10:34:18.460 +05:30  INF  Request starting HTTP/1.1 OPTIONS http://localhost:5145/user/updatecartitem?linerid=321&qty=1 - -
2024-11-15 10:34:18.460 +05:30  INF  CORS policy execution successful.
2024-11-15 10:34:18.460 +05:30  INF  Request finished HTTP/1.1 OPTIONS http://localhost:5145/user/updatecartitem?linerid=321&qty=1 - - - 204 - - 0.1927ms
2024-11-15 10:34:18.460 +05:30  INF  Request starting HTTP/1.1 PUT http://localhost:5145/user/updatecartitem?linerid=320&qty=1 - 0
2024-11-15 10:34:18.461 +05:30  INF  Request starting HTTP/1.1 PUT http://localhost:5145/user/updatecartitem?linerid=319&qty=1 - 0
2024-11-15 10:34:18.461 +05:30  INF  Request starting HTTP/1.1 PUT http://localhost:5145/user/updatecartitem?linerid=321&qty=1 - 0
2024-11-15 10:34:18.461 +05:30  INF  CORS policy execution successful.
2024-11-15 10:34:18.461 +05:30  INF  CORS policy execution successful.
2024-11-15 10:34:18.461 +05:30  INF  CORS policy execution successful.
2024-11-15 10:34:18.461 +05:30  INF  Executing endpoint 'BAKERBAZZAR.API.Controller.UserController.UpdateCartItem (BAKERBAZZAR.API)'
2024-11-15 10:34:18.461 +05:30  INF  Executing endpoint 'BAKERBAZZAR.API.Controller.UserController.UpdateCartItem (BAKERBAZZAR.API)'
2024-11-15 10:34:18.461 +05:30  INF  Executing endpoint 'BAKERBAZZAR.API.Controller.UserController.UpdateCartItem (BAKERBAZZAR.API)'
2024-11-15 10:34:18.461 +05:30  INF  Route matched with {action = "UpdateCartItem", controller = "User"}. Executing controller action with signature System.Threading.Tasks.Task`1[Microsoft.AspNetCore.Mvc.ActionResult`1[BAKERBAZZAR.API.Models.ApiResponse]] UpdateCartItem(Int32, Int32) on controller BAKERBAZZAR.API.Controller.UserController (BAKERBAZZAR.API).
2024-11-15 10:34:18.461 +05:30  INF  Route matched with {action = "UpdateCartItem", controller = "User"}. Executing controller action with signature System.Threading.Tasks.Task`1[Microsoft.AspNetCore.Mvc.ActionResult`1[BAKERBAZZAR.API.Models.ApiResponse]] UpdateCartItem(Int32, Int32) on controller BAKERBAZZAR.API.Controller.UserController (BAKERBAZZAR.API).
2024-11-15 10:34:18.461 +05:30  INF  Route matched with {action = "UpdateCartItem", controller = "User"}. Executing controller action with signature System.Threading.Tasks.Task`1[Microsoft.AspNetCore.Mvc.ActionResult`1[BAKERBAZZAR.API.Models.ApiResponse]] UpdateCartItem(Int32, Int32) on controller BAKERBAZZAR.API.Controller.UserController (BAKERBAZZAR.API).
2024-11-15 10:34:18.461 +05:30  INF  Request starting HTTP/1.1 PUT http://localhost:5145/user/updatecartitem?linerid=320&qty=1 - 0
2024-11-15 10:34:18.461 +05:30  INF  CORS policy execution successful.
2024-11-15 10:34:18.461 +05:30  INF  Executing endpoint 'BAKERBAZZAR.API.Controller.UserController.UpdateCartItem (BAKERBAZZAR.API)'
2024-11-15 10:34:18.461 +05:30  INF  Route matched with {action = "UpdateCartItem", controller = "User"}. Executing controller action with signature System.Threading.Tasks.Task`1[Microsoft.AspNetCore.Mvc.ActionResult`1[BAKERBAZZAR.API.Models.ApiResponse]] UpdateCartItem(Int32, Int32) on controller BAKERBAZZAR.API.Controller.UserController (BAKERBAZZAR.API).
2024-11-15 10:34:18.461 +05:30  INF  Request starting HTTP/1.1 PUT http://localhost:5145/user/updatecartitem?linerid=321&qty=1 - 0
2024-11-15 10:34:18.462 +05:30  INF  CORS policy execution successful.
2024-11-15 10:34:18.462 +05:30  INF  Executing endpoint 'BAKERBAZZAR.API.Controller.UserController.UpdateCartItem (BAKERBAZZAR.API)'
2024-11-15 10:34:18.462 +05:30  INF  Route matched with {action = "UpdateCartItem", controller = "User"}. Executing controller action with signature System.Threading.Tasks.Task`1[Microsoft.AspNetCore.Mvc.ActionResult`1[BAKERBAZZAR.API.Models.ApiResponse]] UpdateCartItem(Int32, Int32) on controller BAKERBAZZAR.API.Controller.UserController (BAKERBAZZAR.API).
2024-11-15 10:34:18.475 +05:30  INF  Executing ObjectResult, writing value of type 'BAKERBAZZAR.API.Models.ApiResponse'.
2024-11-15 10:34:18.475 +05:30  INF  Executing ObjectResult, writing value of type 'BAKERBAZZAR.API.Models.ApiResponse'.
2024-11-15 10:34:18.475 +05:30  INF  Executing ObjectResult, writing value of type 'BAKERBAZZAR.API.Models.ApiResponse'.
2024-11-15 10:34:18.475 +05:30  INF  Executed action BAKERBAZZAR.API.Controller.UserController.UpdateCartItem (BAKERBAZZAR.API) in 13.996ms
2024-11-15 10:34:18.475 +05:30  INF  Executed action BAKERBAZZAR.API.Controller.UserController.UpdateCartItem (BAKERBAZZAR.API) in 14.0466ms
2024-11-15 10:34:18.475 +05:30  INF  Executed endpoint 'BAKERBAZZAR.API.Controller.UserController.UpdateCartItem (BAKERBAZZAR.API)'
2024-11-15 10:34:18.475 +05:30  INF  Executed action BAKERBAZZAR.API.Controller.UserController.UpdateCartItem (BAKERBAZZAR.API) in 16.2439ms
2024-11-15 10:34:18.475 +05:30  INF  Executed endpoint 'BAKERBAZZAR.API.Controller.UserController.UpdateCartItem (BAKERBAZZAR.API)'
2024-11-15 10:34:18.475 +05:30  INF  Request finished HTTP/1.1 PUT http://localhost:5145/user/updatecartitem?linerid=320&qty=1 - 0 - 200 - application/json;+charset=utf-8 14.4669ms
2024-11-15 10:34:18.475 +05:30  INF  Executed endpoint 'BAKERBAZZAR.API.Controller.UserController.UpdateCartItem (BAKERBAZZAR.API)'
2024-11-15 10:34:18.475 +05:30  INF  Request finished HTTP/1.1 PUT http://localhost:5145/user/updatecartitem?linerid=319&qty=1 - 0 - 200 - application/json;+charset=utf-8 16.7164ms
2024-11-15 10:34:18.475 +05:30  INF  Request finished HTTP/1.1 PUT http://localhost:5145/user/updatecartitem?linerid=319&qty=1 - 0 - 200 - application/json;+charset=utf-8 14.3986ms
2024-11-15 10:34:18.475 +05:30  INF  Executing ObjectResult, writing value of type 'BAKERBAZZAR.API.Models.ApiResponse'.
2024-11-15 10:34:18.475 +05:30  INF  Executed action BAKERBAZZAR.API.Controller.UserController.UpdateCartItem (BAKERBAZZAR.API) in 13.3444ms
2024-11-15 10:34:18.475 +05:30  INF  Executed endpoint 'BAKERBAZZAR.API.Controller.UserController.UpdateCartItem (BAKERBAZZAR.API)'
2024-11-15 10:34:18.475 +05:30  INF  Request finished HTTP/1.1 PUT http://localhost:5145/user/updatecartitem?linerid=321&qty=1 - 0 - 200 - application/json;+charset=utf-8 13.6164ms
2024-11-15 10:34:18.475 +05:30  INF  Executing ObjectResult, writing value of type 'BAKERBAZZAR.API.Models.ApiResponse'.
2024-11-15 10:34:18.475 +05:30  INF  Executed action BAKERBAZZAR.API.Controller.UserController.UpdateCartItem (BAKERBAZZAR.API) in 13.8265ms
2024-11-15 10:34:18.475 +05:30  INF  Executed endpoint 'BAKERBAZZAR.API.Controller.UserController.UpdateCartItem (BAKERBAZZAR.API)'
2024-11-15 10:34:18.475 +05:30  INF  Request finished HTTP/1.1 PUT http://localhost:5145/user/updatecartitem?linerid=320&qty=1 - 0 - 200 - application/json;+charset=utf-8 14.1331ms
2024-11-15 10:34:18.475 +05:30  INF  Executing ObjectResult, writing value of type 'BAKERBAZZAR.API.Models.ApiResponse'.
2024-11-15 10:34:18.475 +05:30  INF  Executed action BAKERBAZZAR.API.Controller.UserController.UpdateCartItem (BAKERBAZZAR.API) in 14.6502ms
2024-11-15 10:34:18.475 +05:30  INF  Executed endpoint 'BAKERBAZZAR.API.Controller.UserController.UpdateCartItem (BAKERBAZZAR.API)'
2024-11-15 10:34:18.475 +05:30  INF  Request finished HTTP/1.1 PUT http://localhost:5145/user/updatecartitem?linerid=321&qty=1 - 0 - 200 - application/json;+charset=utf-8 14.8654ms
2024-11-15 10:34:18.477 +05:30  INF  Request starting HTTP/1.1 GET http://localhost:5145/User/CartDetails?displayid=b9768f5d-800f-4cd1-84cb-f7003a7e55a7 - -
2024-11-15 10:34:18.477 +05:30  INF  CORS policy execution successful.
2024-11-15 10:34:18.477 +05:30  INF  Executing endpoint 'BAKERBAZZAR.API.Controller.UserController.CartDetails (BAKERBAZZAR.API)'
2024-11-15 10:34:18.477 +05:30  INF  Route matched with {action = "CartDetails", controller = "User"}. Executing controller action with signature System.Threading.Tasks.Task`1[Microsoft.AspNetCore.Mvc.ActionResult`1[BAKERBAZZAR.API.Models.ApiResponse]] CartDetails(System.String) on controller BAKERBAZZAR.API.Controller.UserController (BAKERBAZZAR.API).
2024-11-15 10:34:18.490 +05:30  INF  Executing ObjectResult, writing value of type 'BAKERBAZZAR.API.Models.ApiResponse'.
2024-11-15 10:34:18.490 +05:30  INF  Executed action BAKERBAZZAR.API.Controller.UserController.CartDetails (BAKERBAZZAR.API) in 12.9797ms
2024-11-15 10:34:18.490 +05:30  INF  Executed endpoint 'BAKERBAZZAR.API.Controller.UserController.CartDetails (BAKERBAZZAR.API)'
2024-11-15 10:34:18.490 +05:30  INF  Request finished HTTP/1.1 GET http://localhost:5145/User/CartDetails?displayid=b9768f5d-800f-4cd1-84cb-f7003a7e55a7 - - - 200 - application/json;+charset=utf-8 13.3859ms
2024-11-15 10:34:19.730 +05:30  INF  Request starting HTTP/1.1 GET http://localhost:5145/user/myorders?displayid=e62f03f4-2dcf-4f80-bc23-341651bd9338 - -
2024-11-15 10:34:19.730 +05:30  INF  CORS policy execution successful.
2024-11-15 10:34:19.730 +05:30  INF  Executing endpoint 'BAKERBAZZAR.API.Controller.UserController.MyOrders (BAKERBAZZAR.API)'
2024-11-15 10:34:19.730 +05:30  INF  Route matched with {action = "MyOrders", controller = "User"}. Executing controller action with signature System.Threading.Tasks.Task`1[Microsoft.AspNetCore.Mvc.ActionResult`1[BAKERBAZZAR.API.Models.ApiResponse]] MyOrders(System.String, System.String, System.String) on controller BAKERBAZZAR.API.Controller.UserController (BAKERBAZZAR.API).
2024-11-15 10:34:19.754 +05:30  INF  Executing ObjectResult, writing value of type 'BAKERBAZZAR.API.Models.ApiResponse'.
2024-11-15 10:34:19.755 +05:30  INF  Executed action BAKERBAZZAR.API.Controller.UserController.MyOrders (BAKERBAZZAR.API) in 24.6652ms
2024-11-15 10:34:19.755 +05:30  INF  Executed endpoint 'BAKERBAZZAR.API.Controller.UserController.MyOrders (BAKERBAZZAR.API)'
2024-11-15 10:34:19.755 +05:30  INF  Request finished HTTP/1.1 GET http://localhost:5145/user/myorders?displayid=e62f03f4-2dcf-4f80-bc23-341651bd9338 - - - 200 - application/json;+charset=utf-8 25.0971ms
2024-11-15 10:34:19.755 +05:30  INF  Request starting HTTP/1.1 GET http://localhost:5145/user/myorders?displayid=e62f03f4-2dcf-4f80-bc23-341651bd9338 - -
2024-11-15 10:34:19.756 +05:30  INF  CORS policy execution successful.
2024-11-15 10:34:19.756 +05:30  INF  Executing endpoint 'BAKERBAZZAR.API.Controller.UserController.MyOrders (BAKERBAZZAR.API)'
2024-11-15 10:34:19.756 +05:30  INF  Route matched with {action = "MyOrders", controller = "User"}. Executing controller action with signature System.Threading.Tasks.Task`1[Microsoft.AspNetCore.Mvc.ActionResult`1[BAKERBAZZAR.API.Models.ApiResponse]] MyOrders(System.String, System.String, System.String) on controller BAKERBAZZAR.API.Controller.UserController (BAKERBAZZAR.API).
2024-11-15 10:34:19.759 +05:30  INF  Executing ObjectResult, writing value of type 'BAKERBAZZAR.API.Models.ApiResponse'.
2024-11-15 10:34:19.759 +05:30  INF  Executed action BAKERBAZZAR.API.Controller.UserController.MyOrders (BAKERBAZZAR.API) in 3.334ms
2024-11-15 10:34:19.759 +05:30  INF  Executed endpoint 'BAKERBAZZAR.API.Controller.UserController.MyOrders (BAKERBAZZAR.API)'
2024-11-15 10:34:19.759 +05:30  INF  Request finished HTTP/1.1 GET http://localhost:5145/user/myorders?displayid=e62f03f4-2dcf-4f80-bc23-341651bd9338 - - - 200 - application/json;+charset=utf-8 3.6971ms
2024-11-15 10:34:24.628 +05:30  INF  Request starting HTTP/1.1 GET http://localhost:5145/user/myorders?displayid=e62f03f4-2dcf-4f80-bc23-341651bd9338 - -
2024-11-15 10:34:24.628 +05:30  INF  CORS policy execution successful.
2024-11-15 10:34:24.629 +05:30  INF  Executing endpoint 'BAKERBAZZAR.API.Controller.UserController.MyOrders (BAKERBAZZAR.API)'
2024-11-15 10:34:24.629 +05:30  INF  Route matched with {action = "MyOrders", controller = "User"}. Executing controller action with signature System.Threading.Tasks.Task`1[Microsoft.AspNetCore.Mvc.ActionResult`1[BAKERBAZZAR.API.Models.ApiResponse]] MyOrders(System.String, System.String, System.String) on controller BAKERBAZZAR.API.Controller.UserController (BAKERBAZZAR.API).
2024-11-15 10:34:24.643 +05:30  INF  Executing ObjectResult, writing value of type 'BAKERBAZZAR.API.Models.ApiResponse'.
2024-11-15 10:34:24.643 +05:30  INF  Executed action BAKERBAZZAR.API.Controller.UserController.MyOrders (BAKERBAZZAR.API) in 14.4015ms
2024-11-15 10:34:24.643 +05:30  INF  Executed endpoint 'BAKERBAZZAR.API.Controller.UserController.MyOrders (BAKERBAZZAR.API)'
2024-11-15 10:34:24.643 +05:30  INF  Request finished HTTP/1.1 GET http://localhost:5145/user/myorders?displayid=e62f03f4-2dcf-4f80-bc23-341651bd9338 - - - 200 - application/json;+charset=utf-8 14.8776ms
2024-11-15 10:34:24.646 +05:30  INF  Request starting HTTP/1.1 GET http://localhost:5145/user/myorders?displayid=e62f03f4-2dcf-4f80-bc23-341651bd9338 - -
2024-11-15 10:34:24.646 +05:30  INF  CORS policy execution successful.
2024-11-15 10:34:24.646 +05:30  INF  Executing endpoint 'BAKERBAZZAR.API.Controller.UserController.MyOrders (BAKERBAZZAR.API)'
2024-11-15 10:34:24.646 +05:30  INF  Route matched with {action = "MyOrders", controller = "User"}. Executing controller action with signature System.Threading.Tasks.Task`1[Microsoft.AspNetCore.Mvc.ActionResult`1[BAKERBAZZAR.API.Models.ApiResponse]] MyOrders(System.String, System.String, System.String) on controller BAKERBAZZAR.API.Controller.UserController (BAKERBAZZAR.API).
2024-11-15 10:34:24.649 +05:30  INF  Executing ObjectResult, writing value of type 'BAKERBAZZAR.API.Models.ApiResponse'.
2024-11-15 10:34:24.650 +05:30  INF  Executed action BAKERBAZZAR.API.Controller.UserController.MyOrders (BAKERBAZZAR.API) in 3.7052ms
2024-11-15 10:34:24.650 +05:30  INF  Executed endpoint 'BAKERBAZZAR.API.Controller.UserController.MyOrders (BAKERBAZZAR.API)'
2024-11-15 10:34:24.650 +05:30  INF  Request finished HTTP/1.1 GET http://localhost:5145/user/myorders?displayid=e62f03f4-2dcf-4f80-bc23-341651bd9338 - - - 200 - application/json;+charset=utf-8 4.0889ms
2024-11-15 10:35:49.246 +05:30  INF  Request starting HTTP/1.1 GET http://localhost:5145/User/GetMyAddresses?displayid=e62f03f4-2dcf-4f80-bc23-341651bd9338 - -
2024-11-15 10:35:49.246 +05:30  INF  CORS policy execution successful.
2024-11-15 10:35:49.246 +05:30  INF  Executing endpoint 'BAKERBAZZAR.API.Controller.UserController.GetAddress (BAKERBAZZAR.API)'
2024-11-15 10:35:49.249 +05:30  INF  Route matched with {action = "GetAddress", controller = "User"}. Executing controller action with signature System.Threading.Tasks.Task`1[Microsoft.AspNetCore.Mvc.ActionResult`1[BAKERBAZZAR.API.Models.ApiResponse]] GetAddress(System.String) on controller BAKERBAZZAR.API.Controller.UserController (BAKERBAZZAR.API).
2024-11-15 10:35:49.265 +05:30  INF  Executing ObjectResult, writing value of type 'BAKERBAZZAR.API.Models.ApiResponse'.
2024-11-15 10:35:49.265 +05:30  INF  Executed action BAKERBAZZAR.API.Controller.UserController.GetAddress (BAKERBAZZAR.API) in 16.1611ms
2024-11-15 10:35:49.265 +05:30  INF  Executed endpoint 'BAKERBAZZAR.API.Controller.UserController.GetAddress (BAKERBAZZAR.API)'
2024-11-15 10:35:49.265 +05:30  INF  Request finished HTTP/1.1 GET http://localhost:5145/User/GetMyAddresses?displayid=e62f03f4-2dcf-4f80-bc23-341651bd9338 - - - 200 - application/json;+charset=utf-8 19.8534ms
2024-11-15 10:35:49.267 +05:30  INF  Request starting HTTP/1.1 GET http://localhost:5145/User/GetMyAddresses?displayid=e62f03f4-2dcf-4f80-bc23-341651bd9338 - -
2024-11-15 10:35:49.267 +05:30  INF  CORS policy execution successful.
2024-11-15 10:35:49.267 +05:30  INF  Executing endpoint 'BAKERBAZZAR.API.Controller.UserController.GetAddress (BAKERBAZZAR.API)'
2024-11-15 10:35:49.267 +05:30  INF  Route matched with {action = "GetAddress", controller = "User"}. Executing controller action with signature System.Threading.Tasks.Task`1[Microsoft.AspNetCore.Mvc.ActionResult`1[BAKERBAZZAR.API.Models.ApiResponse]] GetAddress(System.String) on controller BAKERBAZZAR.API.Controller.UserController (BAKERBAZZAR.API).
2024-11-15 10:35:49.268 +05:30  INF  Executing ObjectResult, writing value of type 'BAKERBAZZAR.API.Models.ApiResponse'.
2024-11-15 10:35:49.268 +05:30  INF  Executed action BAKERBAZZAR.API.Controller.UserController.GetAddress (BAKERBAZZAR.API) in 1.0752ms
2024-11-15 10:35:49.268 +05:30  INF  Executed endpoint 'BAKERBAZZAR.API.Controller.UserController.GetAddress (BAKERBAZZAR.API)'
2024-11-15 10:35:49.268 +05:30  INF  Request finished HTTP/1.1 GET http://localhost:5145/User/GetMyAddresses?displayid=e62f03f4-2dcf-4f80-bc23-341651bd9338 - - - 200 - application/json;+charset=utf-8 1.4102ms
2024-11-15 10:35:52.928 +05:30  INF  Request starting HTTP/1.1 OPTIONS http://localhost:5145/user/changeaddress?displayid=e62f03f4-2dcf-4f80-bc23-341651bd9338&recordid=1001 - -
2024-11-15 10:35:52.928 +05:30  INF  CORS policy execution successful.
2024-11-15 10:35:52.928 +05:30  INF  Request finished HTTP/1.1 OPTIONS http://localhost:5145/user/changeaddress?displayid=e62f03f4-2dcf-4f80-bc23-341651bd9338&recordid=1001 - - - 204 - - 0.2163ms
2024-11-15 10:35:52.929 +05:30  INF  Request starting HTTP/1.1 PUT http://localhost:5145/user/changeaddress?displayid=e62f03f4-2dcf-4f80-bc23-341651bd9338&recordid=1001 - 0
2024-11-15 10:35:52.929 +05:30  INF  CORS policy execution successful.
2024-11-15 10:35:52.929 +05:30  INF  Executing endpoint 'BAKERBAZZAR.API.Controller.UserController.ChangeAddress (BAKERBAZZAR.API)'
2024-11-15 10:35:52.932 +05:30  INF  Route matched with {action = "ChangeAddress", controller = "User"}. Executing controller action with signature System.Threading.Tasks.Task`1[Microsoft.AspNetCore.Mvc.ActionResult`1[BAKERBAZZAR.API.Models.ApiResponse]] ChangeAddress(System.String, Int32) on controller BAKERBAZZAR.API.Controller.UserController (BAKERBAZZAR.API).
2024-11-15 10:35:52.937 +05:30  INF  Executing ObjectResult, writing value of type 'BAKERBAZZAR.API.Models.ApiResponse'.
2024-11-15 10:35:52.937 +05:30  INF  Executed action BAKERBAZZAR.API.Controller.UserController.ChangeAddress (BAKERBAZZAR.API) in 5.3105ms
2024-11-15 10:35:52.937 +05:30  INF  Executed endpoint 'BAKERBAZZAR.API.Controller.UserController.ChangeAddress (BAKERBAZZAR.API)'
2024-11-15 10:35:52.937 +05:30  INF  Request finished HTTP/1.1 PUT http://localhost:5145/user/changeaddress?displayid=e62f03f4-2dcf-4f80-bc23-341651bd9338&recordid=1001 - 0 - 200 - application/json;+charset=utf-8 8.3290ms
2024-11-15 10:35:57.319 +05:30  INF  Request starting HTTP/1.1 OPTIONS http://localhost:5145/user/changeaddress?displayid=e62f03f4-2dcf-4f80-bc23-341651bd9338&recordid=1002 - -
2024-11-15 10:35:57.320 +05:30  INF  CORS policy execution successful.
2024-11-15 10:35:57.320 +05:30  INF  Request finished HTTP/1.1 OPTIONS http://localhost:5145/user/changeaddress?displayid=e62f03f4-2dcf-4f80-bc23-341651bd9338&recordid=1002 - - - 204 - - 0.3057ms
2024-11-15 10:35:57.321 +05:30  INF  Request starting HTTP/1.1 PUT http://localhost:5145/user/changeaddress?displayid=e62f03f4-2dcf-4f80-bc23-341651bd9338&recordid=1002 - 0
2024-11-15 10:35:57.321 +05:30  INF  CORS policy execution successful.
2024-11-15 10:35:57.321 +05:30  INF  Executing endpoint 'BAKERBAZZAR.API.Controller.UserController.ChangeAddress (BAKERBAZZAR.API)'
2024-11-15 10:35:57.321 +05:30  INF  Route matched with {action = "ChangeAddress", controller = "User"}. Executing controller action with signature System.Threading.Tasks.Task`1[Microsoft.AspNetCore.Mvc.ActionResult`1[BAKERBAZZAR.API.Models.ApiResponse]] ChangeAddress(System.String, Int32) on controller BAKERBAZZAR.API.Controller.UserController (BAKERBAZZAR.API).
2024-11-15 10:35:57.331 +05:30  INF  Executing ObjectResult, writing value of type 'BAKERBAZZAR.API.Models.ApiResponse'.
2024-11-15 10:35:57.331 +05:30  INF  Executed action BAKERBAZZAR.API.Controller.UserController.ChangeAddress (BAKERBAZZAR.API) in 9.3647ms
2024-11-15 10:35:57.331 +05:30  INF  Executed endpoint 'BAKERBAZZAR.API.Controller.UserController.ChangeAddress (BAKERBAZZAR.API)'
2024-11-15 10:35:57.331 +05:30  INF  Request finished HTTP/1.1 PUT http://localhost:5145/user/changeaddress?displayid=e62f03f4-2dcf-4f80-bc23-341651bd9338&recordid=1002 - 0 - 200 - application/json;+charset=utf-8 9.9430ms
2024-11-15 10:36:01.759 +05:30  INF  Request starting HTTP/1.1 OPTIONS http://localhost:5145/user/changeaddress?displayid=e62f03f4-2dcf-4f80-bc23-341651bd9338&recordid=1022 - -
2024-11-15 10:36:01.760 +05:30  INF  CORS policy execution successful.
2024-11-15 10:36:01.760 +05:30  INF  Request finished HTTP/1.1 OPTIONS http://localhost:5145/user/changeaddress?displayid=e62f03f4-2dcf-4f80-bc23-341651bd9338&recordid=1022 - - - 204 - - 0.4337ms
2024-11-15 10:36:01.761 +05:30  INF  Request starting HTTP/1.1 PUT http://localhost:5145/user/changeaddress?displayid=e62f03f4-2dcf-4f80-bc23-341651bd9338&recordid=1022 - 0
2024-11-15 10:36:01.761 +05:30  INF  CORS policy execution successful.
2024-11-15 10:36:01.761 +05:30  INF  Executing endpoint 'BAKERBAZZAR.API.Controller.UserController.ChangeAddress (BAKERBAZZAR.API)'
2024-11-15 10:36:01.761 +05:30  INF  Route matched with {action = "ChangeAddress", controller = "User"}. Executing controller action with signature System.Threading.Tasks.Task`1[Microsoft.AspNetCore.Mvc.ActionResult`1[BAKERBAZZAR.API.Models.ApiResponse]] ChangeAddress(System.String, Int32) on controller BAKERBAZZAR.API.Controller.UserController (BAKERBAZZAR.API).
2024-11-15 10:36:01.767 +05:30  INF  Executing ObjectResult, writing value of type 'BAKERBAZZAR.API.Models.ApiResponse'.
2024-11-15 10:36:01.767 +05:30  INF  Executed action BAKERBAZZAR.API.Controller.UserController.ChangeAddress (BAKERBAZZAR.API) in 6.1027ms
2024-11-15 10:36:01.767 +05:30  INF  Executed endpoint 'BAKERBAZZAR.API.Controller.UserController.ChangeAddress (BAKERBAZZAR.API)'
2024-11-15 10:36:01.767 +05:30  INF  Request finished HTTP/1.1 PUT http://localhost:5145/user/changeaddress?displayid=e62f03f4-2dcf-4f80-bc23-341651bd9338&recordid=1022 - 0 - 200 - application/json;+charset=utf-8 6.6231ms
2024-11-15 10:36:06.400 +05:30  INF  Request starting HTTP/1.1 OPTIONS http://localhost:5145/user/changeaddress?displayid=e62f03f4-2dcf-4f80-bc23-341651bd9338&recordid=1017 - -
2024-11-15 10:36:06.400 +05:30  INF  CORS policy execution successful.
2024-11-15 10:36:06.401 +05:30  INF  Request finished HTTP/1.1 OPTIONS http://localhost:5145/user/changeaddress?displayid=e62f03f4-2dcf-4f80-bc23-341651bd9338&recordid=1017 - - - 204 - - 0.2663ms
2024-11-15 10:36:06.402 +05:30  INF  Request starting HTTP/1.1 PUT http://localhost:5145/user/changeaddress?displayid=e62f03f4-2dcf-4f80-bc23-341651bd9338&recordid=1017 - 0
2024-11-15 10:36:06.402 +05:30  INF  CORS policy execution successful.
2024-11-15 10:36:06.402 +05:30  INF  Executing endpoint 'BAKERBAZZAR.API.Controller.UserController.ChangeAddress (BAKERBAZZAR.API)'
2024-11-15 10:36:06.402 +05:30  INF  Route matched with {action = "ChangeAddress", controller = "User"}. Executing controller action with signature System.Threading.Tasks.Task`1[Microsoft.AspNetCore.Mvc.ActionResult`1[BAKERBAZZAR.API.Models.ApiResponse]] ChangeAddress(System.String, Int32) on controller BAKERBAZZAR.API.Controller.UserController (BAKERBAZZAR.API).
2024-11-15 10:36:06.405 +05:30  INF  Executing ObjectResult, writing value of type 'BAKERBAZZAR.API.Models.ApiResponse'.
2024-11-15 10:36:06.406 +05:30  INF  Executed action BAKERBAZZAR.API.Controller.UserController.ChangeAddress (BAKERBAZZAR.API) in 3.6888ms
2024-11-15 10:36:06.406 +05:30  INF  Executed endpoint 'BAKERBAZZAR.API.Controller.UserController.ChangeAddress (BAKERBAZZAR.API)'
2024-11-15 10:36:06.406 +05:30  INF  Request finished HTTP/1.1 PUT http://localhost:5145/user/changeaddress?displayid=e62f03f4-2dcf-4f80-bc23-341651bd9338&recordid=1017 - 0 - 200 - application/json;+charset=utf-8 4.2012ms
2024-11-15 10:36:08.258 +05:30  INF  Request starting HTTP/1.1 OPTIONS http://localhost:5145/user/changeaddress?displayid=e62f03f4-2dcf-4f80-bc23-341651bd9338&recordid=1019 - -
2024-11-15 10:36:08.259 +05:30  INF  CORS policy execution successful.
2024-11-15 10:36:08.259 +05:30  INF  Request finished HTTP/1.1 OPTIONS http://localhost:5145/user/changeaddress?displayid=e62f03f4-2dcf-4f80-bc23-341651bd9338&recordid=1019 - - - 204 - - 0.2518ms
2024-11-15 10:36:08.260 +05:30  INF  Request starting HTTP/1.1 PUT http://localhost:5145/user/changeaddress?displayid=e62f03f4-2dcf-4f80-bc23-341651bd9338&recordid=1019 - 0
2024-11-15 10:36:08.260 +05:30  INF  CORS policy execution successful.
2024-11-15 10:36:08.260 +05:30  INF  Executing endpoint 'BAKERBAZZAR.API.Controller.UserController.ChangeAddress (BAKERBAZZAR.API)'
2024-11-15 10:36:08.260 +05:30  INF  Route matched with {action = "ChangeAddress", controller = "User"}. Executing controller action with signature System.Threading.Tasks.Task`1[Microsoft.AspNetCore.Mvc.ActionResult`1[BAKERBAZZAR.API.Models.ApiResponse]] ChangeAddress(System.String, Int32) on controller BAKERBAZZAR.API.Controller.UserController (BAKERBAZZAR.API).
2024-11-15 10:36:08.267 +05:30  INF  Executing ObjectResult, writing value of type 'BAKERBAZZAR.API.Models.ApiResponse'.
2024-11-15 10:36:08.267 +05:30  INF  Executed action BAKERBAZZAR.API.Controller.UserController.ChangeAddress (BAKERBAZZAR.API) in 6.241ms
2024-11-15 10:36:08.267 +05:30  INF  Executed endpoint 'BAKERBAZZAR.API.Controller.UserController.ChangeAddress (BAKERBAZZAR.API)'
2024-11-15 10:36:08.267 +05:30  INF  Request finished HTTP/1.1 PUT http://localhost:5145/user/changeaddress?displayid=e62f03f4-2dcf-4f80-bc23-341651bd9338&recordid=1019 - 0 - 200 - application/json;+charset=utf-8 6.7823ms
2024-11-15 10:36:13.919 +05:30  INF  Request starting HTTP/1.1 OPTIONS http://localhost:5145/user/changeaddress?displayid=e62f03f4-2dcf-4f80-bc23-341651bd9338&recordid=1016 - -
2024-11-15 10:36:13.919 +05:30  INF  CORS policy execution successful.
2024-11-15 10:36:13.919 +05:30  INF  Request finished HTTP/1.1 OPTIONS http://localhost:5145/user/changeaddress?displayid=e62f03f4-2dcf-4f80-bc23-341651bd9338&recordid=1016 - - - 204 - - 0.2880ms
2024-11-15 10:36:13.920 +05:30  INF  Request starting HTTP/1.1 PUT http://localhost:5145/user/changeaddress?displayid=e62f03f4-2dcf-4f80-bc23-341651bd9338&recordid=1016 - 0
2024-11-15 10:36:13.920 +05:30  INF  CORS policy execution successful.
2024-11-15 10:36:13.920 +05:30  INF  Executing endpoint 'BAKERBAZZAR.API.Controller.UserController.ChangeAddress (BAKERBAZZAR.API)'
2024-11-15 10:36:13.920 +05:30  INF  Route matched with {action = "ChangeAddress", controller = "User"}. Executing controller action with signature System.Threading.Tasks.Task`1[Microsoft.AspNetCore.Mvc.ActionResult`1[BAKERBAZZAR.API.Models.ApiResponse]] ChangeAddress(System.String, Int32) on controller BAKERBAZZAR.API.Controller.UserController (BAKERBAZZAR.API).
2024-11-15 10:36:13.925 +05:30  INF  Executing ObjectResult, writing value of type 'BAKERBAZZAR.API.Models.ApiResponse'.
2024-11-15 10:36:13.925 +05:30  INF  Executed action BAKERBAZZAR.API.Controller.UserController.ChangeAddress (BAKERBAZZAR.API) in 4.8216ms
2024-11-15 10:36:13.925 +05:30  INF  Executed endpoint 'BAKERBAZZAR.API.Controller.UserController.ChangeAddress (BAKERBAZZAR.API)'
2024-11-15 10:36:13.925 +05:30  INF  Request finished HTTP/1.1 PUT http://localhost:5145/user/changeaddress?displayid=e62f03f4-2dcf-4f80-bc23-341651bd9338&recordid=1016 - 0 - 200 - application/json;+charset=utf-8 5.0912ms
2024-11-15 10:36:17.958 +05:30  INF  Request starting HTTP/1.1 OPTIONS http://localhost:5145/user/changeaddress?displayid=e62f03f4-2dcf-4f80-bc23-341651bd9338&recordid=1021 - -
2024-11-15 10:36:17.959 +05:30  INF  CORS policy execution successful.
2024-11-15 10:36:17.959 +05:30  INF  Request finished HTTP/1.1 OPTIONS http://localhost:5145/user/changeaddress?displayid=e62f03f4-2dcf-4f80-bc23-341651bd9338&recordid=1021 - - - 204 - - 0.2991ms
2024-11-15 10:36:17.960 +05:30  INF  Request starting HTTP/1.1 PUT http://localhost:5145/user/changeaddress?displayid=e62f03f4-2dcf-4f80-bc23-341651bd9338&recordid=1021 - 0
2024-11-15 10:36:17.960 +05:30  INF  CORS policy execution successful.
2024-11-15 10:36:17.960 +05:30  INF  Executing endpoint 'BAKERBAZZAR.API.Controller.UserController.ChangeAddress (BAKERBAZZAR.API)'
2024-11-15 10:36:17.960 +05:30  INF  Route matched with {action = "ChangeAddress", controller = "User"}. Executing controller action with signature System.Threading.Tasks.Task`1[Microsoft.AspNetCore.Mvc.ActionResult`1[BAKERBAZZAR.API.Models.ApiResponse]] ChangeAddress(System.String, Int32) on controller BAKERBAZZAR.API.Controller.UserController (BAKERBAZZAR.API).
2024-11-15 10:36:17.972 +05:30  INF  Executing ObjectResult, writing value of type 'BAKERBAZZAR.API.Models.ApiResponse'.
2024-11-15 10:36:17.972 +05:30  INF  Executed action BAKERBAZZAR.API.Controller.UserController.ChangeAddress (BAKERBAZZAR.API) in 11.9234ms
2024-11-15 10:36:17.972 +05:30  INF  Executed endpoint 'BAKERBAZZAR.API.Controller.UserController.ChangeAddress (BAKERBAZZAR.API)'
2024-11-15 10:36:17.973 +05:30  INF  Request finished HTTP/1.1 PUT http://localhost:5145/user/changeaddress?displayid=e62f03f4-2dcf-4f80-bc23-341651bd9338&recordid=1021 - 0 - 200 - application/json;+charset=utf-8 12.6789ms
2024-11-15 10:36:20.438 +05:30  INF  Request starting HTTP/1.1 OPTIONS http://localhost:5145/user/changeaddress?displayid=e62f03f4-2dcf-4f80-bc23-341651bd9338&recordid=1020 - -
2024-11-15 10:36:20.438 +05:30  INF  CORS policy execution successful.
2024-11-15 10:36:20.438 +05:30  INF  Request finished HTTP/1.1 OPTIONS http://localhost:5145/user/changeaddress?displayid=e62f03f4-2dcf-4f80-bc23-341651bd9338&recordid=1020 - - - 204 - - 0.3598ms
2024-11-15 10:36:20.439 +05:30  INF  Request starting HTTP/1.1 PUT http://localhost:5145/user/changeaddress?displayid=e62f03f4-2dcf-4f80-bc23-341651bd9338&recordid=1020 - 0
2024-11-15 10:36:20.440 +05:30  INF  CORS policy execution successful.
2024-11-15 10:36:20.440 +05:30  INF  Executing endpoint 'BAKERBAZZAR.API.Controller.UserController.ChangeAddress (BAKERBAZZAR.API)'
2024-11-15 10:36:20.440 +05:30  INF  Route matched with {action = "ChangeAddress", controller = "User"}. Executing controller action with signature System.Threading.Tasks.Task`1[Microsoft.AspNetCore.Mvc.ActionResult`1[BAKERBAZZAR.API.Models.ApiResponse]] ChangeAddress(System.String, Int32) on controller BAKERBAZZAR.API.Controller.UserController (BAKERBAZZAR.API).
2024-11-15 10:36:20.455 +05:30  INF  Executing ObjectResult, writing value of type 'BAKERBAZZAR.API.Models.ApiResponse'.
2024-11-15 10:36:20.456 +05:30  INF  Executed action BAKERBAZZAR.API.Controller.UserController.ChangeAddress (BAKERBAZZAR.API) in 15.8838ms
2024-11-15 10:36:20.456 +05:30  INF  Executed endpoint 'BAKERBAZZAR.API.Controller.UserController.ChangeAddress (BAKERBAZZAR.API)'
2024-11-15 10:36:20.456 +05:30  INF  Request finished HTTP/1.1 PUT http://localhost:5145/user/changeaddress?displayid=e62f03f4-2dcf-4f80-bc23-341651bd9338&recordid=1020 - 0 - 200 - application/json;+charset=utf-8 16.2422ms
2024-11-15 10:36:24.415 +05:30  INF  Request starting HTTP/1.1 OPTIONS http://localhost:5145/user/changeaddress?displayid=e62f03f4-2dcf-4f80-bc23-341651bd9338&recordid=1027 - -
2024-11-15 10:36:24.415 +05:30  INF  CORS policy execution successful.
2024-11-15 10:36:24.415 +05:30  INF  Request finished HTTP/1.1 OPTIONS http://localhost:5145/user/changeaddress?displayid=e62f03f4-2dcf-4f80-bc23-341651bd9338&recordid=1027 - - - 204 - - 0.1801ms
2024-11-15 10:36:24.416 +05:30  INF  Request starting HTTP/1.1 PUT http://localhost:5145/user/changeaddress?displayid=e62f03f4-2dcf-4f80-bc23-341651bd9338&recordid=1027 - 0
2024-11-15 10:36:24.416 +05:30  INF  CORS policy execution successful.
2024-11-15 10:36:24.416 +05:30  INF  Executing endpoint 'BAKERBAZZAR.API.Controller.UserController.ChangeAddress (BAKERBAZZAR.API)'
2024-11-15 10:36:24.416 +05:30  INF  Route matched with {action = "ChangeAddress", controller = "User"}. Executing controller action with signature System.Threading.Tasks.Task`1[Microsoft.AspNetCore.Mvc.ActionResult`1[BAKERBAZZAR.API.Models.ApiResponse]] ChangeAddress(System.String, Int32) on controller BAKERBAZZAR.API.Controller.UserController (BAKERBAZZAR.API).
2024-11-15 10:36:24.425 +05:30  INF  Executing ObjectResult, writing value of type 'BAKERBAZZAR.API.Models.ApiResponse'.
2024-11-15 10:36:24.425 +05:30  INF  Executed action BAKERBAZZAR.API.Controller.UserController.ChangeAddress (BAKERBAZZAR.API) in 9.1877ms
2024-11-15 10:36:24.425 +05:30  INF  Executed endpoint 'BAKERBAZZAR.API.Controller.UserController.ChangeAddress (BAKERBAZZAR.API)'
2024-11-15 10:36:24.425 +05:30  INF  Request finished HTTP/1.1 PUT http://localhost:5145/user/changeaddress?displayid=e62f03f4-2dcf-4f80-bc23-341651bd9338&recordid=1027 - 0 - 200 - application/json;+charset=utf-8 9.4617ms
2024-11-15 10:36:29.484 +05:30  INF  Request starting HTTP/1.1 OPTIONS http://localhost:5145/user/changeaddress?displayid=e62f03f4-2dcf-4f80-bc23-341651bd9338&recordid=1029 - -
2024-11-15 10:36:29.484 +05:30  INF  CORS policy execution successful.
2024-11-15 10:36:29.484 +05:30  INF  Request finished HTTP/1.1 OPTIONS http://localhost:5145/user/changeaddress?displayid=e62f03f4-2dcf-4f80-bc23-341651bd9338&recordid=1029 - - - 204 - - 0.1661ms
2024-11-15 10:36:29.485 +05:30  INF  Request starting HTTP/1.1 PUT http://localhost:5145/user/changeaddress?displayid=e62f03f4-2dcf-4f80-bc23-341651bd9338&recordid=1029 - 0
2024-11-15 10:36:29.485 +05:30  INF  CORS policy execution successful.
2024-11-15 10:36:29.485 +05:30  INF  Executing endpoint 'BAKERBAZZAR.API.Controller.UserController.ChangeAddress (BAKERBAZZAR.API)'
2024-11-15 10:36:29.485 +05:30  INF  Route matched with {action = "ChangeAddress", controller = "User"}. Executing controller action with signature System.Threading.Tasks.Task`1[Microsoft.AspNetCore.Mvc.ActionResult`1[BAKERBAZZAR.API.Models.ApiResponse]] ChangeAddress(System.String, Int32) on controller BAKERBAZZAR.API.Controller.UserController (BAKERBAZZAR.API).
2024-11-15 10:36:29.487 +05:30  INF  Executing ObjectResult, writing value of type 'BAKERBAZZAR.API.Models.ApiResponse'.
2024-11-15 10:36:29.487 +05:30  INF  Executed action BAKERBAZZAR.API.Controller.UserController.ChangeAddress (BAKERBAZZAR.API) in 2.0402ms
2024-11-15 10:36:29.487 +05:30  INF  Executed endpoint 'BAKERBAZZAR.API.Controller.UserController.ChangeAddress (BAKERBAZZAR.API)'
2024-11-15 10:36:29.487 +05:30  INF  Request finished HTTP/1.1 PUT http://localhost:5145/user/changeaddress?displayid=e62f03f4-2dcf-4f80-bc23-341651bd9338&recordid=1029 - 0 - 200 - application/json;+charset=utf-8 2.2911ms
2024-11-15 10:36:32.770 +05:30  INF  Request starting HTTP/1.1 OPTIONS http://localhost:5145/user/changeaddress?displayid=e62f03f4-2dcf-4f80-bc23-341651bd9338&recordid=1028 - -
2024-11-15 10:36:32.770 +05:30  INF  CORS policy execution successful.
2024-11-15 10:36:32.770 +05:30  INF  Request finished HTTP/1.1 OPTIONS http://localhost:5145/user/changeaddress?displayid=e62f03f4-2dcf-4f80-bc23-341651bd9338&recordid=1028 - - - 204 - - 0.1623ms
2024-11-15 10:36:32.770 +05:30  INF  Request starting HTTP/1.1 PUT http://localhost:5145/user/changeaddress?displayid=e62f03f4-2dcf-4f80-bc23-341651bd9338&recordid=1028 - 0
2024-11-15 10:36:32.771 +05:30  INF  CORS policy execution successful.
2024-11-15 10:36:32.771 +05:30  INF  Executing endpoint 'BAKERBAZZAR.API.Controller.UserController.ChangeAddress (BAKERBAZZAR.API)'
2024-11-15 10:36:32.771 +05:30  INF  Route matched with {action = "ChangeAddress", controller = "User"}. Executing controller action with signature System.Threading.Tasks.Task`1[Microsoft.AspNetCore.Mvc.ActionResult`1[BAKERBAZZAR.API.Models.ApiResponse]] ChangeAddress(System.String, Int32) on controller BAKERBAZZAR.API.Controller.UserController (BAKERBAZZAR.API).
2024-11-15 10:36:32.771 +05:30  INF  Executing ObjectResult, writing value of type 'BAKERBAZZAR.API.Models.ApiResponse'.
2024-11-15 10:36:32.772 +05:30  INF  Executed action BAKERBAZZAR.API.Controller.UserController.ChangeAddress (BAKERBAZZAR.API) in 0.8325ms
2024-11-15 10:36:32.772 +05:30  INF  Executed endpoint 'BAKERBAZZAR.API.Controller.UserController.ChangeAddress (BAKERBAZZAR.API)'
2024-11-15 10:36:32.772 +05:30  INF  Request finished HTTP/1.1 PUT http://localhost:5145/user/changeaddress?displayid=e62f03f4-2dcf-4f80-bc23-341651bd9338&recordid=1028 - 0 - 200 - application/json;+charset=utf-8 1.1431ms
2024-11-15 10:36:37.734 +05:30  INF  Request starting HTTP/1.1 OPTIONS http://localhost:5145/user/changeaddress?displayid=e62f03f4-2dcf-4f80-bc23-341651bd9338&recordid=1032 - -
2024-11-15 10:36:37.734 +05:30  INF  CORS policy execution successful.
2024-11-15 10:36:37.734 +05:30  INF  Request finished HTTP/1.1 OPTIONS http://localhost:5145/user/changeaddress?displayid=e62f03f4-2dcf-4f80-bc23-341651bd9338&recordid=1032 - - - 204 - - 0.2043ms
2024-11-15 10:36:37.734 +05:30  INF  Request starting HTTP/1.1 PUT http://localhost:5145/user/changeaddress?displayid=e62f03f4-2dcf-4f80-bc23-341651bd9338&recordid=1032 - 0
2024-11-15 10:36:37.735 +05:30  INF  CORS policy execution successful.
2024-11-15 10:36:37.735 +05:30  INF  Executing endpoint 'BAKERBAZZAR.API.Controller.UserController.ChangeAddress (BAKERBAZZAR.API)'
2024-11-15 10:36:37.735 +05:30  INF  Route matched with {action = "ChangeAddress", controller = "User"}. Executing controller action with signature System.Threading.Tasks.Task`1[Microsoft.AspNetCore.Mvc.ActionResult`1[BAKERBAZZAR.API.Models.ApiResponse]] ChangeAddress(System.String, Int32) on controller BAKERBAZZAR.API.Controller.UserController (BAKERBAZZAR.API).
2024-11-15 10:36:37.738 +05:30  INF  Executing ObjectResult, writing value of type 'BAKERBAZZAR.API.Models.ApiResponse'.
2024-11-15 10:36:37.738 +05:30  INF  Executed action BAKERBAZZAR.API.Controller.UserController.ChangeAddress (BAKERBAZZAR.API) in 3.4183ms
2024-11-15 10:36:37.738 +05:30  INF  Executed endpoint 'BAKERBAZZAR.API.Controller.UserController.ChangeAddress (BAKERBAZZAR.API)'
2024-11-15 10:36:37.738 +05:30  INF  Request finished HTTP/1.1 PUT http://localhost:5145/user/changeaddress?displayid=e62f03f4-2dcf-4f80-bc23-341651bd9338&recordid=1032 - 0 - 200 - application/json;+charset=utf-8 3.6988ms
2024-11-15 10:36:41.328 +05:30  INF  Request starting HTTP/1.1 OPTIONS http://localhost:5145/user/changeaddress?displayid=e62f03f4-2dcf-4f80-bc23-341651bd9338&recordid=1026 - -
2024-11-15 10:36:41.328 +05:30  INF  CORS policy execution successful.
2024-11-15 10:36:41.328 +05:30  INF  Request finished HTTP/1.1 OPTIONS http://localhost:5145/user/changeaddress?displayid=e62f03f4-2dcf-4f80-bc23-341651bd9338&recordid=1026 - - - 204 - - 0.1902ms
2024-11-15 10:36:41.329 +05:30  INF  Request starting HTTP/1.1 PUT http://localhost:5145/user/changeaddress?displayid=e62f03f4-2dcf-4f80-bc23-341651bd9338&recordid=1026 - 0
2024-11-15 10:36:41.329 +05:30  INF  CORS policy execution successful.
2024-11-15 10:36:41.329 +05:30  INF  Executing endpoint 'BAKERBAZZAR.API.Controller.UserController.ChangeAddress (BAKERBAZZAR.API)'
2024-11-15 10:36:41.329 +05:30  INF  Route matched with {action = "ChangeAddress", controller = "User"}. Executing controller action with signature System.Threading.Tasks.Task`1[Microsoft.AspNetCore.Mvc.ActionResult`1[BAKERBAZZAR.API.Models.ApiResponse]] ChangeAddress(System.String, Int32) on controller BAKERBAZZAR.API.Controller.UserController (BAKERBAZZAR.API).
2024-11-15 10:36:41.332 +05:30  INF  Executing ObjectResult, writing value of type 'BAKERBAZZAR.API.Models.ApiResponse'.
2024-11-15 10:36:41.332 +05:30  INF  Executed action BAKERBAZZAR.API.Controller.UserController.ChangeAddress (BAKERBAZZAR.API) in 2.6291ms
2024-11-15 10:36:41.332 +05:30  INF  Executed endpoint 'BAKERBAZZAR.API.Controller.UserController.ChangeAddress (BAKERBAZZAR.API)'
2024-11-15 10:36:41.332 +05:30  INF  Request finished HTTP/1.1 PUT http://localhost:5145/user/changeaddress?displayid=e62f03f4-2dcf-4f80-bc23-341651bd9338&recordid=1026 - 0 - 200 - application/json;+charset=utf-8 2.9598ms
2024-11-15 10:36:51.608 +05:30  INF  Request starting HTTP/1.1 GET http://localhost:5145/user/myorders?displayid=e62f03f4-2dcf-4f80-bc23-341651bd9338 - -
2024-11-15 10:36:51.608 +05:30  INF  CORS policy execution successful.
2024-11-15 10:36:51.608 +05:30  INF  Executing endpoint 'BAKERBAZZAR.API.Controller.UserController.MyOrders (BAKERBAZZAR.API)'
2024-11-15 10:36:51.608 +05:30  INF  Route matched with {action = "MyOrders", controller = "User"}. Executing controller action with signature System.Threading.Tasks.Task`1[Microsoft.AspNetCore.Mvc.ActionResult`1[BAKERBAZZAR.API.Models.ApiResponse]] MyOrders(System.String, System.String, System.String) on controller BAKERBAZZAR.API.Controller.UserController (BAKERBAZZAR.API).
2024-11-15 10:36:51.636 +05:30  INF  Executing ObjectResult, writing value of type 'BAKERBAZZAR.API.Models.ApiResponse'.
2024-11-15 10:36:51.636 +05:30  INF  Executed action BAKERBAZZAR.API.Controller.UserController.MyOrders (BAKERBAZZAR.API) in 27.6432ms
2024-11-15 10:36:51.636 +05:30  INF  Executed endpoint 'BAKERBAZZAR.API.Controller.UserController.MyOrders (BAKERBAZZAR.API)'
2024-11-15 10:36:51.636 +05:30  INF  Request finished HTTP/1.1 GET http://localhost:5145/user/myorders?displayid=e62f03f4-2dcf-4f80-bc23-341651bd9338 - - - 200 - application/json;+charset=utf-8 28.1278ms
2024-11-15 10:36:51.639 +05:30  INF  Request starting HTTP/1.1 GET http://localhost:5145/user/myorders?displayid=e62f03f4-2dcf-4f80-bc23-341651bd9338 - -
2024-11-15 10:36:51.639 +05:30  INF  CORS policy execution successful.
2024-11-15 10:36:51.639 +05:30  INF  Executing endpoint 'BAKERBAZZAR.API.Controller.UserController.MyOrders (BAKERBAZZAR.API)'
2024-11-15 10:36:51.639 +05:30  INF  Route matched with {action = "MyOrders", controller = "User"}. Executing controller action with signature System.Threading.Tasks.Task`1[Microsoft.AspNetCore.Mvc.ActionResult`1[BAKERBAZZAR.API.Models.ApiResponse]] MyOrders(System.String, System.String, System.String) on controller BAKERBAZZAR.API.Controller.UserController (BAKERBAZZAR.API).
2024-11-15 10:36:51.643 +05:30  INF  Executing ObjectResult, writing value of type 'BAKERBAZZAR.API.Models.ApiResponse'.
2024-11-15 10:36:51.643 +05:30  INF  Executed action BAKERBAZZAR.API.Controller.UserController.MyOrders (BAKERBAZZAR.API) in 4.003ms
2024-11-15 10:36:51.643 +05:30  INF  Executed endpoint 'BAKERBAZZAR.API.Controller.UserController.MyOrders (BAKERBAZZAR.API)'
2024-11-15 10:36:51.643 +05:30  INF  Request finished HTTP/1.1 GET http://localhost:5145/user/myorders?displayid=e62f03f4-2dcf-4f80-bc23-341651bd9338 - - - 200 - application/json;+charset=utf-8 4.4539ms
2024-11-15 10:37:01.494 +05:30  INF  Request starting HTTP/1.1 GET http://localhost:5145/user/myorders?displayid=e62f03f4-2dcf-4f80-bc23-341651bd9338 - -
2024-11-15 10:37:01.494 +05:30  INF  CORS policy execution successful.
2024-11-15 10:37:01.494 +05:30  INF  Executing endpoint 'BAKERBAZZAR.API.Controller.UserController.MyOrders (BAKERBAZZAR.API)'
2024-11-15 10:37:01.494 +05:30  INF  Route matched with {action = "MyOrders", controller = "User"}. Executing controller action with signature System.Threading.Tasks.Task`1[Microsoft.AspNetCore.Mvc.ActionResult`1[BAKERBAZZAR.API.Models.ApiResponse]] MyOrders(System.String, System.String, System.String) on controller BAKERBAZZAR.API.Controller.UserController (BAKERBAZZAR.API).
2024-11-15 10:37:01.502 +05:30  INF  Executing ObjectResult, writing value of type 'BAKERBAZZAR.API.Models.ApiResponse'.
2024-11-15 10:37:01.502 +05:30  INF  Executed action BAKERBAZZAR.API.Controller.UserController.MyOrders (BAKERBAZZAR.API) in 7.3997ms
2024-11-15 10:37:01.502 +05:30  INF  Executed endpoint 'BAKERBAZZAR.API.Controller.UserController.MyOrders (BAKERBAZZAR.API)'
2024-11-15 10:37:01.502 +05:30  INF  Request finished HTTP/1.1 GET http://localhost:5145/user/myorders?displayid=e62f03f4-2dcf-4f80-bc23-341651bd9338 - - - 200 - application/json;+charset=utf-8 7.8587ms
2024-11-15 10:37:01.505 +05:30  INF  Request starting HTTP/1.1 GET http://localhost:5145/user/myorders?displayid=e62f03f4-2dcf-4f80-bc23-341651bd9338 - -
2024-11-15 10:37:01.505 +05:30  INF  CORS policy execution successful.
2024-11-15 10:37:01.505 +05:30  INF  Executing endpoint 'BAKERBAZZAR.API.Controller.UserController.MyOrders (BAKERBAZZAR.API)'
2024-11-15 10:37:01.505 +05:30  INF  Route matched with {action = "MyOrders", controller = "User"}. Executing controller action with signature System.Threading.Tasks.Task`1[Microsoft.AspNetCore.Mvc.ActionResult`1[BAKERBAZZAR.API.Models.ApiResponse]] MyOrders(System.String, System.String, System.String) on controller BAKERBAZZAR.API.Controller.UserController (BAKERBAZZAR.API).
2024-11-15 10:37:01.509 +05:30  INF  Executing ObjectResult, writing value of type 'BAKERBAZZAR.API.Models.ApiResponse'.
2024-11-15 10:37:01.509 +05:30  INF  Executed action BAKERBAZZAR.API.Controller.UserController.MyOrders (BAKERBAZZAR.API) in 4.5026ms
2024-11-15 10:37:01.509 +05:30  INF  Executed endpoint 'BAKERBAZZAR.API.Controller.UserController.MyOrders (BAKERBAZZAR.API)'
2024-11-15 10:37:01.510 +05:30  INF  Request finished HTTP/1.1 GET http://localhost:5145/user/myorders?displayid=e62f03f4-2dcf-4f80-bc23-341651bd9338 - - - 200 - application/json;+charset=utf-8 5.0739ms
2024-11-15 10:37:03.988 +05:30  INF  Request starting HTTP/1.1 GET http://localhost:5145/user/orderdetails?displayid=ec29971c-68d8-4fb0-8245-a2d47c3e8a52 - -
2024-11-15 10:37:03.988 +05:30  INF  CORS policy execution successful.
2024-11-15 10:37:03.988 +05:30  INF  Executing endpoint 'BAKERBAZZAR.API.Controller.UserController.OrderDetails (BAKERBAZZAR.API)'
2024-11-15 10:37:03.992 +05:30  INF  Route matched with {action = "OrderDetails", controller = "User"}. Executing controller action with signature System.Threading.Tasks.Task`1[Microsoft.AspNetCore.Mvc.ActionResult`1[BAKERBAZZAR.API.Models.ApiResponse]] OrderDetails(System.String, System.String, Int32) on controller BAKERBAZZAR.API.Controller.UserController (BAKERBAZZAR.API).
2024-11-15 10:37:04.050 +05:30  INF  Executing ObjectResult, writing value of type 'BAKERBAZZAR.API.Models.ApiResponse'.
2024-11-15 10:37:04.060 +05:30  INF  Executed action BAKERBAZZAR.API.Controller.UserController.OrderDetails (BAKERBAZZAR.API) in 68.2451ms
2024-11-15 10:37:04.060 +05:30  INF  Executed endpoint 'BAKERBAZZAR.API.Controller.UserController.OrderDetails (BAKERBAZZAR.API)'
2024-11-15 10:37:04.060 +05:30  INF  Request finished HTTP/1.1 GET http://localhost:5145/user/orderdetails?displayid=ec29971c-68d8-4fb0-8245-a2d47c3e8a52 - - - 200 - application/json;+charset=utf-8 72.3905ms
2024-11-15 10:37:09.914 +05:30  INF  Request starting HTTP/1.1 GET http://localhost:5145/user/myorders?displayid=e62f03f4-2dcf-4f80-bc23-341651bd9338 - -
2024-11-15 10:37:09.914 +05:30  INF  CORS policy execution successful.
2024-11-15 10:37:09.915 +05:30  INF  Executing endpoint 'BAKERBAZZAR.API.Controller.UserController.MyOrders (BAKERBAZZAR.API)'
2024-11-15 10:37:09.915 +05:30  INF  Route matched with {action = "MyOrders", controller = "User"}. Executing controller action with signature System.Threading.Tasks.Task`1[Microsoft.AspNetCore.Mvc.ActionResult`1[BAKERBAZZAR.API.Models.ApiResponse]] MyOrders(System.String, System.String, System.String) on controller BAKERBAZZAR.API.Controller.UserController (BAKERBAZZAR.API).
2024-11-15 10:37:09.921 +05:30  INF  Executing ObjectResult, writing value of type 'BAKERBAZZAR.API.Models.ApiResponse'.
2024-11-15 10:37:09.921 +05:30  INF  Executed action BAKERBAZZAR.API.Controller.UserController.MyOrders (BAKERBAZZAR.API) in 6.6674ms
2024-11-15 10:37:09.921 +05:30  INF  Executed endpoint 'BAKERBAZZAR.API.Controller.UserController.MyOrders (BAKERBAZZAR.API)'
2024-11-15 10:37:09.922 +05:30  INF  Request finished HTTP/1.1 GET http://localhost:5145/user/myorders?displayid=e62f03f4-2dcf-4f80-bc23-341651bd9338 - - - 200 - application/json;+charset=utf-8 7.2582ms
2024-11-15 10:37:09.926 +05:30  INF  Request starting HTTP/1.1 GET http://localhost:5145/user/myorders?displayid=e62f03f4-2dcf-4f80-bc23-341651bd9338 - -
2024-11-15 10:37:09.926 +05:30  INF  CORS policy execution successful.
2024-11-15 10:37:09.926 +05:30  INF  Executing endpoint 'BAKERBAZZAR.API.Controller.UserController.MyOrders (BAKERBAZZAR.API)'
2024-11-15 10:37:09.926 +05:30  INF  Route matched with {action = "MyOrders", controller = "User"}. Executing controller action with signature System.Threading.Tasks.Task`1[Microsoft.AspNetCore.Mvc.ActionResult`1[BAKERBAZZAR.API.Models.ApiResponse]] MyOrders(System.String, System.String, System.String) on controller BAKERBAZZAR.API.Controller.UserController (BAKERBAZZAR.API).
2024-11-15 10:37:09.931 +05:30  INF  Executing ObjectResult, writing value of type 'BAKERBAZZAR.API.Models.ApiResponse'.
2024-11-15 10:37:09.932 +05:30  INF  Executed action BAKERBAZZAR.API.Controller.UserController.MyOrders (BAKERBAZZAR.API) in 5.3388ms
2024-11-15 10:37:09.932 +05:30  INF  Executed endpoint 'BAKERBAZZAR.API.Controller.UserController.MyOrders (BAKERBAZZAR.API)'
2024-11-15 10:37:09.932 +05:30  INF  Request finished HTTP/1.1 GET http://localhost:5145/user/myorders?displayid=e62f03f4-2dcf-4f80-bc23-341651bd9338 - - - 200 - application/json;+charset=utf-8 5.9279ms
2024-11-15 10:37:11.768 +05:30  INF  Request starting HTTP/1.1 GET http://localhost:5145/user/orderdetails?displayid=b430eab9-264b-46eb-93e7-2b08ad6b1e9f - -
2024-11-15 10:37:11.768 +05:30  INF  CORS policy execution successful.
2024-11-15 10:37:11.768 +05:30  INF  Executing endpoint 'BAKERBAZZAR.API.Controller.UserController.OrderDetails (BAKERBAZZAR.API)'
2024-11-15 10:37:11.769 +05:30  INF  Route matched with {action = "OrderDetails", controller = "User"}. Executing controller action with signature System.Threading.Tasks.Task`1[Microsoft.AspNetCore.Mvc.ActionResult`1[BAKERBAZZAR.API.Models.ApiResponse]] OrderDetails(System.String, System.String, Int32) on controller BAKERBAZZAR.API.Controller.UserController (BAKERBAZZAR.API).
2024-11-15 10:37:11.772 +05:30  INF  Executing ObjectResult, writing value of type 'BAKERBAZZAR.API.Models.ApiResponse'.
2024-11-15 10:37:11.773 +05:30  INF  Executed action BAKERBAZZAR.API.Controller.UserController.OrderDetails (BAKERBAZZAR.API) in 4.1111ms
2024-11-15 10:37:11.773 +05:30  INF  Executed endpoint 'BAKERBAZZAR.API.Controller.UserController.OrderDetails (BAKERBAZZAR.API)'
2024-11-15 10:37:11.774 +05:30  INF  Request finished HTTP/1.1 GET http://localhost:5145/user/orderdetails?displayid=b430eab9-264b-46eb-93e7-2b08ad6b1e9f - - - 200 - application/json;+charset=utf-8 5.2734ms
2024-11-15 10:37:19.931 +05:30  INF  Request starting HTTP/1.1 GET http://localhost:5145/user/myorders?displayid=e62f03f4-2dcf-4f80-bc23-341651bd9338 - -
2024-11-15 10:37:19.931 +05:30  INF  CORS policy execution successful.
2024-11-15 10:37:19.931 +05:30  INF  Executing endpoint 'BAKERBAZZAR.API.Controller.UserController.MyOrders (BAKERBAZZAR.API)'
2024-11-15 10:37:19.931 +05:30  INF  Route matched with {action = "MyOrders", controller = "User"}. Executing controller action with signature System.Threading.Tasks.Task`1[Microsoft.AspNetCore.Mvc.ActionResult`1[BAKERBAZZAR.API.Models.ApiResponse]] MyOrders(System.String, System.String, System.String) on controller BAKERBAZZAR.API.Controller.UserController (BAKERBAZZAR.API).
2024-11-15 10:37:19.934 +05:30  INF  Executing ObjectResult, writing value of type 'BAKERBAZZAR.API.Models.ApiResponse'.
2024-11-15 10:37:19.934 +05:30  INF  Executed action BAKERBAZZAR.API.Controller.UserController.MyOrders (BAKERBAZZAR.API) in 2.7461ms
2024-11-15 10:37:19.934 +05:30  INF  Executed endpoint 'BAKERBAZZAR.API.Controller.UserController.MyOrders (BAKERBAZZAR.API)'
2024-11-15 10:37:19.934 +05:30  INF  Request finished HTTP/1.1 GET http://localhost:5145/user/myorders?displayid=e62f03f4-2dcf-4f80-bc23-341651bd9338 - - - 200 - application/json;+charset=utf-8 3.1483ms
2024-11-15 10:37:19.936 +05:30  INF  Request starting HTTP/1.1 GET http://localhost:5145/user/myorders?displayid=e62f03f4-2dcf-4f80-bc23-341651bd9338 - -
2024-11-15 10:37:19.937 +05:30  INF  CORS policy execution successful.
2024-11-15 10:37:19.937 +05:30  INF  Executing endpoint 'BAKERBAZZAR.API.Controller.UserController.MyOrders (BAKERBAZZAR.API)'
2024-11-15 10:37:19.937 +05:30  INF  Route matched with {action = "MyOrders", controller = "User"}. Executing controller action with signature System.Threading.Tasks.Task`1[Microsoft.AspNetCore.Mvc.ActionResult`1[BAKERBAZZAR.API.Models.ApiResponse]] MyOrders(System.String, System.String, System.String) on controller BAKERBAZZAR.API.Controller.UserController (BAKERBAZZAR.API).
2024-11-15 10:37:19.940 +05:30  INF  Executing ObjectResult, writing value of type 'BAKERBAZZAR.API.Models.ApiResponse'.
2024-11-15 10:37:19.941 +05:30  INF  Executed action BAKERBAZZAR.API.Controller.UserController.MyOrders (BAKERBAZZAR.API) in 3.7674ms
2024-11-15 10:37:19.941 +05:30  INF  Executed endpoint 'BAKERBAZZAR.API.Controller.UserController.MyOrders (BAKERBAZZAR.API)'
2024-11-15 10:37:19.941 +05:30  INF  Request finished HTTP/1.1 GET http://localhost:5145/user/myorders?displayid=e62f03f4-2dcf-4f80-bc23-341651bd9338 - - - 200 - application/json;+charset=utf-8 4.1715ms
2024-11-15 10:37:23.083 +05:30  INF  Request starting HTTP/1.1 GET http://localhost:5145/user/orderdetails?displayid=ec29971c-68d8-4fb0-8245-a2d47c3e8a52 - -
2024-11-15 10:37:23.083 +05:30  INF  CORS policy execution successful.
2024-11-15 10:37:23.084 +05:30  INF  Executing endpoint 'BAKERBAZZAR.API.Controller.UserController.OrderDetails (BAKERBAZZAR.API)'
2024-11-15 10:37:23.084 +05:30  INF  Route matched with {action = "OrderDetails", controller = "User"}. Executing controller action with signature System.Threading.Tasks.Task`1[Microsoft.AspNetCore.Mvc.ActionResult`1[BAKERBAZZAR.API.Models.ApiResponse]] OrderDetails(System.String, System.String, Int32) on controller BAKERBAZZAR.API.Controller.UserController (BAKERBAZZAR.API).
2024-11-15 10:37:23.090 +05:30  INF  Executing ObjectResult, writing value of type 'BAKERBAZZAR.API.Models.ApiResponse'.
2024-11-15 10:37:23.091 +05:30  INF  Executed action BAKERBAZZAR.API.Controller.UserController.OrderDetails (BAKERBAZZAR.API) in 6.9565ms
2024-11-15 10:37:23.091 +05:30  INF  Executed endpoint 'BAKERBAZZAR.API.Controller.UserController.OrderDetails (BAKERBAZZAR.API)'
2024-11-15 10:37:23.091 +05:30  INF  Request finished HTTP/1.1 GET http://localhost:5145/user/orderdetails?displayid=ec29971c-68d8-4fb0-8245-a2d47c3e8a52 - - - 200 - application/json;+charset=utf-8 7.4625ms
2024-11-15 10:37:28.951 +05:30  INF  Request starting HTTP/1.1 GET http://localhost:5145/user/myorders?displayid=e62f03f4-2dcf-4f80-bc23-341651bd9338 - -
2024-11-15 10:37:28.951 +05:30  INF  CORS policy execution successful.
2024-11-15 10:37:28.951 +05:30  INF  Executing endpoint 'BAKERBAZZAR.API.Controller.UserController.MyOrders (BAKERBAZZAR.API)'
2024-11-15 10:37:28.951 +05:30  INF  Route matched with {action = "MyOrders", controller = "User"}. Executing controller action with signature System.Threading.Tasks.Task`1[Microsoft.AspNetCore.Mvc.ActionResult`1[BAKERBAZZAR.API.Models.ApiResponse]] MyOrders(System.String, System.String, System.String) on controller BAKERBAZZAR.API.Controller.UserController (BAKERBAZZAR.API).
2024-11-15 10:37:28.981 +05:30  INF  Executing ObjectResult, writing value of type 'BAKERBAZZAR.API.Models.ApiResponse'.
2024-11-15 10:37:28.981 +05:30  INF  Executed action BAKERBAZZAR.API.Controller.UserController.MyOrders (BAKERBAZZAR.API) in 29.2946ms
2024-11-15 10:37:28.981 +05:30  INF  Executed endpoint 'BAKERBAZZAR.API.Controller.UserController.MyOrders (BAKERBAZZAR.API)'
2024-11-15 10:37:28.981 +05:30  INF  Request finished HTTP/1.1 GET http://localhost:5145/user/myorders?displayid=e62f03f4-2dcf-4f80-bc23-341651bd9338 - - - 200 - application/json;+charset=utf-8 29.5941ms
2024-11-15 10:37:28.983 +05:30  INF  Request starting HTTP/1.1 GET http://localhost:5145/user/myorders?displayid=e62f03f4-2dcf-4f80-bc23-341651bd9338 - -
2024-11-15 10:37:28.983 +05:30  INF  CORS policy execution successful.
2024-11-15 10:37:28.983 +05:30  INF  Executing endpoint 'BAKERBAZZAR.API.Controller.UserController.MyOrders (BAKERBAZZAR.API)'
2024-11-15 10:37:28.983 +05:30  INF  Route matched with {action = "MyOrders", controller = "User"}. Executing controller action with signature System.Threading.Tasks.Task`1[Microsoft.AspNetCore.Mvc.ActionResult`1[BAKERBAZZAR.API.Models.ApiResponse]] MyOrders(System.String, System.String, System.String) on controller BAKERBAZZAR.API.Controller.UserController (BAKERBAZZAR.API).
2024-11-15 10:37:28.985 +05:30  INF  Executing ObjectResult, writing value of type 'BAKERBAZZAR.API.Models.ApiResponse'.
2024-11-15 10:37:28.985 +05:30  INF  Executed action BAKERBAZZAR.API.Controller.UserController.MyOrders (BAKERBAZZAR.API) in 2.393ms
2024-11-15 10:37:28.985 +05:30  INF  Executed endpoint 'BAKERBAZZAR.API.Controller.UserController.MyOrders (BAKERBAZZAR.API)'
2024-11-15 10:37:28.986 +05:30  INF  Request finished HTTP/1.1 GET http://localhost:5145/user/myorders?displayid=e62f03f4-2dcf-4f80-bc23-341651bd9338 - - - 200 - application/json;+charset=utf-8 2.6680ms
2024-11-15 10:39:04.779 +05:30  INF  Request starting HTTP/1.1 GET http://localhost:5145/User/CartDetails?displayid=b9768f5d-800f-4cd1-84cb-f7003a7e55a7 - -
2024-11-15 10:39:04.780 +05:30  INF  CORS policy execution successful.
2024-11-15 10:39:04.780 +05:30  INF  Executing endpoint 'BAKERBAZZAR.API.Controller.UserController.CartDetails (BAKERBAZZAR.API)'
2024-11-15 10:39:04.780 +05:30  INF  Route matched with {action = "CartDetails", controller = "User"}. Executing controller action with signature System.Threading.Tasks.Task`1[Microsoft.AspNetCore.Mvc.ActionResult`1[BAKERBAZZAR.API.Models.ApiResponse]] CartDetails(System.String) on controller BAKERBAZZAR.API.Controller.UserController (BAKERBAZZAR.API).
2024-11-15 10:39:04.810 +05:30  INF  Executing ObjectResult, writing value of type 'BAKERBAZZAR.API.Models.ApiResponse'.
2024-11-15 10:39:04.811 +05:30  INF  Executed action BAKERBAZZAR.API.Controller.UserController.CartDetails (BAKERBAZZAR.API) in 30.9079ms
2024-11-15 10:39:04.811 +05:30  INF  Executed endpoint 'BAKERBAZZAR.API.Controller.UserController.CartDetails (BAKERBAZZAR.API)'
2024-11-15 10:39:04.811 +05:30  INF  Request finished HTTP/1.1 GET http://localhost:5145/User/CartDetails?displayid=b9768f5d-800f-4cd1-84cb-f7003a7e55a7 - - - 200 - application/json;+charset=utf-8 31.3745ms
2024-11-15 10:39:04.812 +05:30  INF  Request starting HTTP/1.1 GET http://localhost:5145/User/CartDetails?displayid=b9768f5d-800f-4cd1-84cb-f7003a7e55a7 - -
2024-11-15 10:39:04.812 +05:30  INF  CORS policy execution successful.
2024-11-15 10:39:04.812 +05:30  INF  Executing endpoint 'BAKERBAZZAR.API.Controller.UserController.CartDetails (BAKERBAZZAR.API)'
2024-11-15 10:39:04.812 +05:30  INF  Route matched with {action = "CartDetails", controller = "User"}. Executing controller action with signature System.Threading.Tasks.Task`1[Microsoft.AspNetCore.Mvc.ActionResult`1[BAKERBAZZAR.API.Models.ApiResponse]] CartDetails(System.String) on controller BAKERBAZZAR.API.Controller.UserController (BAKERBAZZAR.API).
2024-11-15 10:39:04.814 +05:30  INF  Executing ObjectResult, writing value of type 'BAKERBAZZAR.API.Models.ApiResponse'.
2024-11-15 10:39:04.814 +05:30  INF  Executed action BAKERBAZZAR.API.Controller.UserController.CartDetails (BAKERBAZZAR.API) in 2.5343ms
2024-11-15 10:39:04.814 +05:30  INF  Executed endpoint 'BAKERBAZZAR.API.Controller.UserController.CartDetails (BAKERBAZZAR.API)'
2024-11-15 10:39:04.815 +05:30  INF  Request finished HTTP/1.1 GET http://localhost:5145/User/CartDetails?displayid=b9768f5d-800f-4cd1-84cb-f7003a7e55a7 - - - 200 - application/json;+charset=utf-8 2.8260ms
2024-11-15 10:39:04.817 +05:30  INF  Request starting HTTP/1.1 OPTIONS http://localhost:5145/user/updatecartitem?linerid=319&qty=1 - -
2024-11-15 10:39:04.817 +05:30  INF  CORS policy execution successful.
2024-11-15 10:39:04.817 +05:30  INF  Request finished HTTP/1.1 OPTIONS http://localhost:5145/user/updatecartitem?linerid=319&qty=1 - - - 204 - - 0.1621ms
2024-11-15 10:39:04.818 +05:30  INF  Request starting HTTP/1.1 OPTIONS http://localhost:5145/user/updatecartitem?linerid=320&qty=1 - -
2024-11-15 10:39:04.818 +05:30  INF  CORS policy execution successful.
2024-11-15 10:39:04.818 +05:30  INF  Request finished HTTP/1.1 OPTIONS http://localhost:5145/user/updatecartitem?linerid=320&qty=1 - - - 204 - - 0.1163ms
2024-11-15 10:39:04.821 +05:30  INF  Request starting HTTP/1.1 PUT http://localhost:5145/user/updatecartitem?linerid=319&qty=1 - 0
2024-11-15 10:39:04.821 +05:30  INF  Request starting HTTP/1.1 OPTIONS http://localhost:5145/user/updatecartitem?linerid=321&qty=1 - -
2024-11-15 10:39:04.821 +05:30  INF  CORS policy execution successful.
2024-11-15 10:39:04.821 +05:30  INF  CORS policy execution successful.
2024-11-15 10:39:04.821 +05:30  INF  Executing endpoint 'BAKERBAZZAR.API.Controller.UserController.UpdateCartItem (BAKERBAZZAR.API)'
2024-11-15 10:39:04.821 +05:30  INF  Request finished HTTP/1.1 OPTIONS http://localhost:5145/user/updatecartitem?linerid=321&qty=1 - - - 204 - - 0.1578ms
2024-11-15 10:39:04.821 +05:30  INF  Route matched with {action = "UpdateCartItem", controller = "User"}. Executing controller action with signature System.Threading.Tasks.Task`1[Microsoft.AspNetCore.Mvc.ActionResult`1[BAKERBAZZAR.API.Models.ApiResponse]] UpdateCartItem(Int32, Int32) on controller BAKERBAZZAR.API.Controller.UserController (BAKERBAZZAR.API).
2024-11-15 10:39:04.821 +05:30  INF  Request starting HTTP/1.1 PUT http://localhost:5145/user/updatecartitem?linerid=319&qty=1 - 0
2024-11-15 10:39:04.821 +05:30  INF  CORS policy execution successful.
2024-11-15 10:39:04.821 +05:30  INF  Executing endpoint 'BAKERBAZZAR.API.Controller.UserController.UpdateCartItem (BAKERBAZZAR.API)'
2024-11-15 10:39:04.821 +05:30  INF  Request starting HTTP/1.1 OPTIONS http://localhost:5145/user/updatecartitem?linerid=320&qty=1 - -
2024-11-15 10:39:04.821 +05:30  INF  CORS policy execution successful.
2024-11-15 10:39:04.821 +05:30  INF  Route matched with {action = "UpdateCartItem", controller = "User"}. Executing controller action with signature System.Threading.Tasks.Task`1[Microsoft.AspNetCore.Mvc.ActionResult`1[BAKERBAZZAR.API.Models.ApiResponse]] UpdateCartItem(Int32, Int32) on controller BAKERBAZZAR.API.Controller.UserController (BAKERBAZZAR.API).
2024-11-15 10:39:04.821 +05:30  INF  Request finished HTTP/1.1 OPTIONS http://localhost:5145/user/updatecartitem?linerid=320&qty=1 - - - 204 - - 0.0722ms
2024-11-15 10:39:04.822 +05:30  INF  Request starting HTTP/1.1 PUT http://localhost:5145/user/updatecartitem?linerid=320&qty=1 - 0
2024-11-15 10:39:04.822 +05:30  INF  CORS policy execution successful.
2024-11-15 10:39:04.822 +05:30  INF  Executing endpoint 'BAKERBAZZAR.API.Controller.UserController.UpdateCartItem (BAKERBAZZAR.API)'
2024-11-15 10:39:04.822 +05:30  INF  Route matched with {action = "UpdateCartItem", controller = "User"}. Executing controller action with signature System.Threading.Tasks.Task`1[Microsoft.AspNetCore.Mvc.ActionResult`1[BAKERBAZZAR.API.Models.ApiResponse]] UpdateCartItem(Int32, Int32) on controller BAKERBAZZAR.API.Controller.UserController (BAKERBAZZAR.API).
2024-11-15 10:39:04.822 +05:30  INF  Request starting HTTP/1.1 OPTIONS http://localhost:5145/user/updatecartitem?linerid=321&qty=1 - -
2024-11-15 10:39:04.822 +05:30  INF  CORS policy execution successful.
2024-11-15 10:39:04.822 +05:30  INF  Request finished HTTP/1.1 OPTIONS http://localhost:5145/user/updatecartitem?linerid=321&qty=1 - - - 204 - - 0.1012ms
2024-11-15 10:39:04.824 +05:30  INF  Request starting HTTP/1.1 PUT http://localhost:5145/user/updatecartitem?linerid=321&qty=1 - 0
2024-11-15 10:39:04.824 +05:30  INF  Request starting HTTP/1.1 PUT http://localhost:5145/user/updatecartitem?linerid=321&qty=1 - 0
2024-11-15 10:39:04.824 +05:30  INF  Request starting HTTP/1.1 PUT http://localhost:5145/user/updatecartitem?linerid=320&qty=1 - 0
2024-11-15 10:39:04.824 +05:30  INF  CORS policy execution successful.
2024-11-15 10:39:04.824 +05:30  INF  CORS policy execution successful.
2024-11-15 10:39:04.824 +05:30  INF  Executing endpoint 'BAKERBAZZAR.API.Controller.UserController.UpdateCartItem (BAKERBAZZAR.API)'
2024-11-15 10:39:04.824 +05:30  INF  CORS policy execution successful.
2024-11-15 10:39:04.824 +05:30  INF  Executing endpoint 'BAKERBAZZAR.API.Controller.UserController.UpdateCartItem (BAKERBAZZAR.API)'
2024-11-15 10:39:04.824 +05:30  INF  Route matched with {action = "UpdateCartItem", controller = "User"}. Executing controller action with signature System.Threading.Tasks.Task`1[Microsoft.AspNetCore.Mvc.ActionResult`1[BAKERBAZZAR.API.Models.ApiResponse]] UpdateCartItem(Int32, Int32) on controller BAKERBAZZAR.API.Controller.UserController (BAKERBAZZAR.API).
2024-11-15 10:39:04.825 +05:30  INF  Route matched with {action = "UpdateCartItem", controller = "User"}. Executing controller action with signature System.Threading.Tasks.Task`1[Microsoft.AspNetCore.Mvc.ActionResult`1[BAKERBAZZAR.API.Models.ApiResponse]] UpdateCartItem(Int32, Int32) on controller BAKERBAZZAR.API.Controller.UserController (BAKERBAZZAR.API).
2024-11-15 10:39:04.825 +05:30  INF  Executing endpoint 'BAKERBAZZAR.API.Controller.UserController.UpdateCartItem (BAKERBAZZAR.API)'
2024-11-15 10:39:04.825 +05:30  INF  Route matched with {action = "UpdateCartItem", controller = "User"}. Executing controller action with signature System.Threading.Tasks.Task`1[Microsoft.AspNetCore.Mvc.ActionResult`1[BAKERBAZZAR.API.Models.ApiResponse]] UpdateCartItem(Int32, Int32) on controller BAKERBAZZAR.API.Controller.UserController (BAKERBAZZAR.API).
2024-11-15 10:39:04.836 +05:30  INF  Executing ObjectResult, writing value of type 'BAKERBAZZAR.API.Models.ApiResponse'.
2024-11-15 10:39:04.836 +05:30  INF  Executing ObjectResult, writing value of type 'BAKERBAZZAR.API.Models.ApiResponse'.
2024-11-15 10:39:04.836 +05:30  INF  Executed action BAKERBAZZAR.API.Controller.UserController.UpdateCartItem (BAKERBAZZAR.API) in 15.0866ms
2024-11-15 10:39:04.836 +05:30  INF  Executed action BAKERBAZZAR.API.Controller.UserController.UpdateCartItem (BAKERBAZZAR.API) in 14.8232ms
2024-11-15 10:39:04.836 +05:30  INF  Executed endpoint 'BAKERBAZZAR.API.Controller.UserController.UpdateCartItem (BAKERBAZZAR.API)'
2024-11-15 10:39:04.836 +05:30  INF  Executed endpoint 'BAKERBAZZAR.API.Controller.UserController.UpdateCartItem (BAKERBAZZAR.API)'
2024-11-15 10:39:04.836 +05:30  INF  Request finished HTTP/1.1 PUT http://localhost:5145/user/updatecartitem?linerid=319&qty=1 - 0 - 200 - application/json;+charset=utf-8 15.6349ms
2024-11-15 10:39:04.836 +05:30  INF  Request finished HTTP/1.1 PUT http://localhost:5145/user/updatecartitem?linerid=319&qty=1 - 0 - 200 - application/json;+charset=utf-8 15.1830ms
2024-11-15 10:39:04.837 +05:30  INF  Executing ObjectResult, writing value of type 'BAKERBAZZAR.API.Models.ApiResponse'.
2024-11-15 10:39:04.837 +05:30  INF  Executing ObjectResult, writing value of type 'BAKERBAZZAR.API.Models.ApiResponse'.
2024-11-15 10:39:04.837 +05:30  INF  Executed action BAKERBAZZAR.API.Controller.UserController.UpdateCartItem (BAKERBAZZAR.API) in 12.8258ms
2024-11-15 10:39:04.837 +05:30  INF  Executed action BAKERBAZZAR.API.Controller.UserController.UpdateCartItem (BAKERBAZZAR.API) in 12.8368ms
2024-11-15 10:39:04.837 +05:30  INF  Executed endpoint 'BAKERBAZZAR.API.Controller.UserController.UpdateCartItem (BAKERBAZZAR.API)'
2024-11-15 10:39:04.837 +05:30  INF  Executed endpoint 'BAKERBAZZAR.API.Controller.UserController.UpdateCartItem (BAKERBAZZAR.API)'
2024-11-15 10:39:04.837 +05:30  INF  Request finished HTTP/1.1 PUT http://localhost:5145/user/updatecartitem?linerid=321&qty=1 - 0 - 200 - application/json;+charset=utf-8 13.1865ms
2024-11-15 10:39:04.837 +05:30  INF  Request finished HTTP/1.1 PUT http://localhost:5145/user/updatecartitem?linerid=320&qty=1 - 0 - 200 - application/json;+charset=utf-8 13.1853ms
2024-11-15 10:39:04.838 +05:30  INF  Request starting HTTP/1.1 GET http://localhost:5145/User/CartDetails?displayid=b9768f5d-800f-4cd1-84cb-f7003a7e55a7 - -
2024-11-15 10:39:04.838 +05:30  INF  Executing ObjectResult, writing value of type 'BAKERBAZZAR.API.Models.ApiResponse'.
2024-11-15 10:39:04.838 +05:30  INF  CORS policy execution successful.
2024-11-15 10:39:04.838 +05:30  INF  Executing endpoint 'BAKERBAZZAR.API.Controller.UserController.CartDetails (BAKERBAZZAR.API)'
2024-11-15 10:39:04.838 +05:30  INF  Executed action BAKERBAZZAR.API.Controller.UserController.UpdateCartItem (BAKERBAZZAR.API) in 15.9886ms
2024-11-15 10:39:04.838 +05:30  INF  Executed endpoint 'BAKERBAZZAR.API.Controller.UserController.UpdateCartItem (BAKERBAZZAR.API)'
2024-11-15 10:39:04.838 +05:30  INF  Route matched with {action = "CartDetails", controller = "User"}. Executing controller action with signature System.Threading.Tasks.Task`1[Microsoft.AspNetCore.Mvc.ActionResult`1[BAKERBAZZAR.API.Models.ApiResponse]] CartDetails(System.String) on controller BAKERBAZZAR.API.Controller.UserController (BAKERBAZZAR.API).
2024-11-15 10:39:04.838 +05:30  INF  Request finished HTTP/1.1 PUT http://localhost:5145/user/updatecartitem?linerid=320&qty=1 - 0 - 200 - application/json;+charset=utf-8 16.2477ms
2024-11-15 10:39:04.841 +05:30  INF  Executing ObjectResult, writing value of type 'BAKERBAZZAR.API.Models.ApiResponse'.
2024-11-15 10:39:04.841 +05:30  INF  Executed action BAKERBAZZAR.API.Controller.UserController.CartDetails (BAKERBAZZAR.API) in 2.7866ms
2024-11-15 10:39:04.841 +05:30  INF  Executed endpoint 'BAKERBAZZAR.API.Controller.UserController.CartDetails (BAKERBAZZAR.API)'
2024-11-15 10:39:04.841 +05:30  INF  Request finished HTTP/1.1 GET http://localhost:5145/User/CartDetails?displayid=b9768f5d-800f-4cd1-84cb-f7003a7e55a7 - - - 200 - application/json;+charset=utf-8 3.1457ms
2024-11-15 10:39:04.841 +05:30  INF  Executing ObjectResult, writing value of type 'BAKERBAZZAR.API.Models.ApiResponse'.
2024-11-15 10:39:04.841 +05:30  INF  Executed action BAKERBAZZAR.API.Controller.UserController.UpdateCartItem (BAKERBAZZAR.API) in 16.2516ms
2024-11-15 10:39:04.841 +05:30  INF  Executed endpoint 'BAKERBAZZAR.API.Controller.UserController.UpdateCartItem (BAKERBAZZAR.API)'
2024-11-15 10:39:04.841 +05:30  INF  Request finished HTTP/1.1 PUT http://localhost:5145/user/updatecartitem?linerid=321&qty=1 - 0 - 200 - application/json;+charset=utf-8 17.2311ms
2024-11-15 10:39:07.233 +05:30  INF  Request starting HTTP/1.1 GET http://localhost:5145/user/orderdetails?displayId=b9768f5d-800f-4cd1-84cb-f7003a7e55a7&status=placeorder&addressid=1018 - -
2024-11-15 10:39:07.234 +05:30  INF  CORS policy execution successful.
2024-11-15 10:39:07.234 +05:30  INF  Executing endpoint 'BAKERBAZZAR.API.Controller.UserController.OrderDetails (BAKERBAZZAR.API)'
2024-11-15 10:39:07.234 +05:30  INF  Route matched with {action = "OrderDetails", controller = "User"}. Executing controller action with signature System.Threading.Tasks.Task`1[Microsoft.AspNetCore.Mvc.ActionResult`1[BAKERBAZZAR.API.Models.ApiResponse]] OrderDetails(System.String, System.String, Int32) on controller BAKERBAZZAR.API.Controller.UserController (BAKERBAZZAR.API).
2024-11-15 10:39:07.293 +05:30  INF  Executing ObjectResult, writing value of type 'BAKERBAZZAR.API.Models.ApiResponse'.
2024-11-15 10:39:07.293 +05:30  INF  Executed action BAKERBAZZAR.API.Controller.UserController.OrderDetails (BAKERBAZZAR.API) in 59.7915ms
2024-11-15 10:39:07.293 +05:30  INF  Executed endpoint 'BAKERBAZZAR.API.Controller.UserController.OrderDetails (BAKERBAZZAR.API)'
2024-11-15 10:39:07.293 +05:30  INF  Request finished HTTP/1.1 GET http://localhost:5145/user/orderdetails?displayId=b9768f5d-800f-4cd1-84cb-f7003a7e55a7&status=placeorder&addressid=1018 - - - 200 - application/json;+charset=utf-8 60.0769ms
2024-11-15 10:39:08.768 +05:30  INF  Request starting HTTP/1.1 GET http://localhost:5145/User/CartDetails?displayid=b9768f5d-800f-4cd1-84cb-f7003a7e55a7 - -
2024-11-15 10:39:08.768 +05:30  INF  CORS policy execution successful.
2024-11-15 10:39:08.768 +05:30  INF  Executing endpoint 'BAKERBAZZAR.API.Controller.UserController.CartDetails (BAKERBAZZAR.API)'
2024-11-15 10:39:08.768 +05:30  INF  Route matched with {action = "CartDetails", controller = "User"}. Executing controller action with signature System.Threading.Tasks.Task`1[Microsoft.AspNetCore.Mvc.ActionResult`1[BAKERBAZZAR.API.Models.ApiResponse]] CartDetails(System.String) on controller BAKERBAZZAR.API.Controller.UserController (BAKERBAZZAR.API).
2024-11-15 10:39:08.770 +05:30  INF  Executing ObjectResult, writing value of type 'BAKERBAZZAR.API.Models.ApiResponse'.
2024-11-15 10:39:08.770 +05:30  INF  Executed action BAKERBAZZAR.API.Controller.UserController.CartDetails (BAKERBAZZAR.API) in 2.1582ms
2024-11-15 10:39:08.770 +05:30  INF  Executed endpoint 'BAKERBAZZAR.API.Controller.UserController.CartDetails (BAKERBAZZAR.API)'
2024-11-15 10:39:08.770 +05:30  INF  Request finished HTTP/1.1 GET http://localhost:5145/User/CartDetails?displayid=b9768f5d-800f-4cd1-84cb-f7003a7e55a7 - - - 200 - application/json;+charset=utf-8 2.7082ms
2024-11-15 10:39:08.772 +05:30  INF  Request starting HTTP/1.1 GET http://localhost:5145/User/CartDetails?displayid=b9768f5d-800f-4cd1-84cb-f7003a7e55a7 - -
2024-11-15 10:39:08.772 +05:30  INF  CORS policy execution successful.
2024-11-15 10:39:08.772 +05:30  INF  Executing endpoint 'BAKERBAZZAR.API.Controller.UserController.CartDetails (BAKERBAZZAR.API)'
2024-11-15 10:39:08.772 +05:30  INF  Route matched with {action = "CartDetails", controller = "User"}. Executing controller action with signature System.Threading.Tasks.Task`1[Microsoft.AspNetCore.Mvc.ActionResult`1[BAKERBAZZAR.API.Models.ApiResponse]] CartDetails(System.String) on controller BAKERBAZZAR.API.Controller.UserController (BAKERBAZZAR.API).
2024-11-15 10:39:08.772 +05:30  INF  Executing ObjectResult, writing value of type 'BAKERBAZZAR.API.Models.ApiResponse'.
2024-11-15 10:39:08.773 +05:30  INF  Executed action BAKERBAZZAR.API.Controller.UserController.CartDetails (BAKERBAZZAR.API) in 0.5264ms
2024-11-15 10:39:08.773 +05:30  INF  Executed endpoint 'BAKERBAZZAR.API.Controller.UserController.CartDetails (BAKERBAZZAR.API)'
2024-11-15 10:39:08.773 +05:30  INF  Request finished HTTP/1.1 GET http://localhost:5145/User/CartDetails?displayid=b9768f5d-800f-4cd1-84cb-f7003a7e55a7 - - - 200 - application/json;+charset=utf-8 0.7879ms
2024-11-15 10:39:11.750 +05:30  INF  Request starting HTTP/1.1 OPTIONS http://localhost:5145/User/AddToCart - -
2024-11-15 10:39:11.751 +05:30  INF  CORS policy execution successful.
2024-11-15 10:39:11.751 +05:30  INF  Request finished HTTP/1.1 OPTIONS http://localhost:5145/User/AddToCart - - - 204 - - 0.1613ms
2024-11-15 10:39:11.752 +05:30  INF  Request starting HTTP/1.1 POST http://localhost:5145/User/AddToCart application/json 140
2024-11-15 10:39:11.752 +05:30  INF  CORS policy execution successful.
2024-11-15 10:39:11.752 +05:30  INF  Executing endpoint 'BAKERBAZZAR.API.Controller.UserController.AddToCart (BAKERBAZZAR.API)'
2024-11-15 10:39:11.752 +05:30  INF  Route matched with {action = "AddToCart", controller = "User"}. Executing controller action with signature System.Threading.Tasks.Task`1[Microsoft.AspNetCore.Mvc.ActionResult`1[BAKERBAZZAR.API.Models.ApiResponse]] AddToCart(BAKERBAZZAR.API.Models.IO_Templates.AddToCartRequest) on controller BAKERBAZZAR.API.Controller.UserController (BAKERBAZZAR.API).
2024-11-15 10:39:11.764 +05:30  INF  Executing ObjectResult, writing value of type 'BAKERBAZZAR.API.Models.ApiResponse'.
2024-11-15 10:39:11.764 +05:30  INF  Executed action BAKERBAZZAR.API.Controller.UserController.AddToCart (BAKERBAZZAR.API) in 12.0271ms
2024-11-15 10:39:11.764 +05:30  INF  Executed endpoint 'BAKERBAZZAR.API.Controller.UserController.AddToCart (BAKERBAZZAR.API)'
2024-11-15 10:39:11.764 +05:30  INF  Request finished HTTP/1.1 POST http://localhost:5145/User/AddToCart application/json 140 - 200 - application/json;+charset=utf-8 12.2376ms
2024-11-15 10:39:13.346 +05:30  INF  Request starting HTTP/1.1 GET http://localhost:5145/User/CartDetails?displayid=b9768f5d-800f-4cd1-84cb-f7003a7e55a7 - -
2024-11-15 10:39:13.346 +05:30  INF  CORS policy execution successful.
2024-11-15 10:39:13.346 +05:30  INF  Executing endpoint 'BAKERBAZZAR.API.Controller.UserController.CartDetails (BAKERBAZZAR.API)'
2024-11-15 10:39:13.346 +05:30  INF  Route matched with {action = "CartDetails", controller = "User"}. Executing controller action with signature System.Threading.Tasks.Task`1[Microsoft.AspNetCore.Mvc.ActionResult`1[BAKERBAZZAR.API.Models.ApiResponse]] CartDetails(System.String) on controller BAKERBAZZAR.API.Controller.UserController (BAKERBAZZAR.API).
2024-11-15 10:39:13.346 +05:30  INF  Executing ObjectResult, writing value of type 'BAKERBAZZAR.API.Models.ApiResponse'.
2024-11-15 10:39:13.347 +05:30  INF  Executed action BAKERBAZZAR.API.Controller.UserController.CartDetails (BAKERBAZZAR.API) in 0.6355ms
2024-11-15 10:39:13.347 +05:30  INF  Executed endpoint 'BAKERBAZZAR.API.Controller.UserController.CartDetails (BAKERBAZZAR.API)'
2024-11-15 10:39:13.347 +05:30  INF  Request finished HTTP/1.1 GET http://localhost:5145/User/CartDetails?displayid=b9768f5d-800f-4cd1-84cb-f7003a7e55a7 - - - 200 - application/json;+charset=utf-8 0.9479ms
2024-11-15 10:39:13.349 +05:30  INF  Request starting HTTP/1.1 GET http://localhost:5145/User/CartDetails?displayid=b9768f5d-800f-4cd1-84cb-f7003a7e55a7 - -
2024-11-15 10:39:13.349 +05:30  INF  CORS policy execution successful.
2024-11-15 10:39:13.349 +05:30  INF  Executing endpoint 'BAKERBAZZAR.API.Controller.UserController.CartDetails (BAKERBAZZAR.API)'
2024-11-15 10:39:13.349 +05:30  INF  Route matched with {action = "CartDetails", controller = "User"}. Executing controller action with signature System.Threading.Tasks.Task`1[Microsoft.AspNetCore.Mvc.ActionResult`1[BAKERBAZZAR.API.Models.ApiResponse]] CartDetails(System.String) on controller BAKERBAZZAR.API.Controller.UserController (BAKERBAZZAR.API).
2024-11-15 10:39:13.351 +05:30  INF  Executing ObjectResult, writing value of type 'BAKERBAZZAR.API.Models.ApiResponse'.
2024-11-15 10:39:13.352 +05:30  INF  Executed action BAKERBAZZAR.API.Controller.UserController.CartDetails (BAKERBAZZAR.API) in 2.1483ms
2024-11-15 10:39:13.352 +05:30  INF  Executed endpoint 'BAKERBAZZAR.API.Controller.UserController.CartDetails (BAKERBAZZAR.API)'
2024-11-15 10:39:13.352 +05:30  INF  Request finished HTTP/1.1 GET http://localhost:5145/User/CartDetails?displayid=b9768f5d-800f-4cd1-84cb-f7003a7e55a7 - - - 200 - application/json;+charset=utf-8 2.5935ms
2024-11-15 10:39:18.704 +05:30  INF  Request starting HTTP/1.1 GET http://localhost:5145/User/CartDetails?displayid=b9768f5d-800f-4cd1-84cb-f7003a7e55a7 - -
2024-11-15 10:39:18.704 +05:30  INF  CORS policy execution successful.
2024-11-15 10:39:18.704 +05:30  INF  Executing endpoint 'BAKERBAZZAR.API.Controller.UserController.CartDetails (BAKERBAZZAR.API)'
2024-11-15 10:39:18.704 +05:30  INF  Route matched with {action = "CartDetails", controller = "User"}. Executing controller action with signature System.Threading.Tasks.Task`1[Microsoft.AspNetCore.Mvc.ActionResult`1[BAKERBAZZAR.API.Models.ApiResponse]] CartDetails(System.String) on controller BAKERBAZZAR.API.Controller.UserController (BAKERBAZZAR.API).
2024-11-15 10:39:18.705 +05:30  INF  Executing ObjectResult, writing value of type 'BAKERBAZZAR.API.Models.ApiResponse'.
2024-11-15 10:39:18.706 +05:30  INF  Request starting HTTP/1.1 GET http://localhost:5145/User/Category - -
2024-11-15 10:39:18.706 +05:30  INF  Request starting HTTP/1.1 GET http://localhost:5145/user/products?categoryid= - -
2024-11-15 10:39:18.706 +05:30  INF  Executed action BAKERBAZZAR.API.Controller.UserController.CartDetails (BAKERBAZZAR.API) in 1.7183ms
2024-11-15 10:39:18.706 +05:30  INF  Executed endpoint 'BAKERBAZZAR.API.Controller.UserController.CartDetails (BAKERBAZZAR.API)'
2024-11-15 10:39:18.706 +05:30  INF  Request finished HTTP/1.1 GET http://localhost:5145/User/CartDetails?displayid=b9768f5d-800f-4cd1-84cb-f7003a7e55a7 - - - 200 - application/json;+charset=utf-8 2.2027ms
2024-11-15 10:39:18.706 +05:30  INF  CORS policy execution successful.
2024-11-15 10:39:18.706 +05:30  INF  CORS policy execution successful.
2024-11-15 10:39:18.706 +05:30  INF  Executing endpoint 'BAKERBAZZAR.API.Controller.UserController.Category (BAKERBAZZAR.API)'
2024-11-15 10:39:18.706 +05:30  INF  Executing endpoint 'BAKERBAZZAR.API.Controller.UserController.Products (BAKERBAZZAR.API)'
2024-11-15 10:39:18.706 +05:30  INF  Route matched with {action = "Category", controller = "User"}. Executing controller action with signature System.Threading.Tasks.Task`1[Microsoft.AspNetCore.Mvc.ActionResult`1[BAKERBAZZAR.API.Models.ApiResponse]] Category(System.String) on controller BAKERBAZZAR.API.Controller.UserController (BAKERBAZZAR.API).
2024-11-15 10:39:18.706 +05:30  INF  Route matched with {action = "Products", controller = "User"}. Executing controller action with signature System.Threading.Tasks.Task`1[Microsoft.AspNetCore.Mvc.ActionResult`1[BAKERBAZZAR.API.Models.ApiResponse]] Products(System.String, System.String) on controller BAKERBAZZAR.API.Controller.UserController (BAKERBAZZAR.API).
2024-11-15 10:39:18.708 +05:30  INF  Request starting HTTP/1.1 GET http://localhost:5145/User/CartDetails?displayid=b9768f5d-800f-4cd1-84cb-f7003a7e55a7 - -
2024-11-15 10:39:18.708 +05:30  INF  CORS policy execution successful.
2024-11-15 10:39:18.708 +05:30  INF  Executing endpoint 'BAKERBAZZAR.API.Controller.UserController.CartDetails (BAKERBAZZAR.API)'
2024-11-15 10:39:18.708 +05:30  INF  Route matched with {action = "CartDetails", controller = "User"}. Executing controller action with signature System.Threading.Tasks.Task`1[Microsoft.AspNetCore.Mvc.ActionResult`1[BAKERBAZZAR.API.Models.ApiResponse]] CartDetails(System.String) on controller BAKERBAZZAR.API.Controller.UserController (BAKERBAZZAR.API).
2024-11-15 10:39:18.710 +05:30  INF  Executing ObjectResult, writing value of type 'BAKERBAZZAR.API.Models.ApiResponse'.
2024-11-15 10:39:18.711 +05:30  INF  Executed action BAKERBAZZAR.API.Controller.UserController.CartDetails (BAKERBAZZAR.API) in 2.3882ms
2024-11-15 10:39:18.711 +05:30  INF  Executed endpoint 'BAKERBAZZAR.API.Controller.UserController.CartDetails (BAKERBAZZAR.API)'
2024-11-15 10:39:18.711 +05:30  INF  Request finished HTTP/1.1 GET http://localhost:5145/User/CartDetails?displayid=b9768f5d-800f-4cd1-84cb-f7003a7e55a7 - - - 200 - application/json;+charset=utf-8 3.2729ms
2024-11-15 10:39:18.715 +05:30  INF  Executing ObjectResult, writing value of type 'BAKERBAZZAR.API.Models.ApiResponse'.
2024-11-15 10:39:18.715 +05:30  INF  Executed action BAKERBAZZAR.API.Controller.UserController.Category (BAKERBAZZAR.API) in 8.4975ms
2024-11-15 10:39:18.715 +05:30  INF  Executed endpoint 'BAKERBAZZAR.API.Controller.UserController.Category (BAKERBAZZAR.API)'
2024-11-15 10:39:18.715 +05:30  INF  Request finished HTTP/1.1 GET http://localhost:5145/User/Category - - - 200 - application/json;+charset=utf-8 9.3575ms
2024-11-15 10:39:18.716 +05:30  INF  Request starting HTTP/1.1 GET http://localhost:5145/User/Category - -
2024-11-15 10:39:18.716 +05:30  INF  CORS policy execution successful.
2024-11-15 10:39:18.716 +05:30  INF  Executing endpoint 'BAKERBAZZAR.API.Controller.UserController.Category (BAKERBAZZAR.API)'
2024-11-15 10:39:18.716 +05:30  INF  Route matched with {action = "Category", controller = "User"}. Executing controller action with signature System.Threading.Tasks.Task`1[Microsoft.AspNetCore.Mvc.ActionResult`1[BAKERBAZZAR.API.Models.ApiResponse]] Category(System.String) on controller BAKERBAZZAR.API.Controller.UserController (BAKERBAZZAR.API).
2024-11-15 10:39:18.717 +05:30  INF  Executing ObjectResult, writing value of type 'BAKERBAZZAR.API.Models.ApiResponse'.
2024-11-15 10:39:18.718 +05:30  INF  Executing ObjectResult, writing value of type 'BAKERBAZZAR.API.Models.ApiResponse'.
2024-11-15 10:39:18.718 +05:30  INF  Executed action BAKERBAZZAR.API.Controller.UserController.Category (BAKERBAZZAR.API) in 1.1927ms
2024-11-15 10:39:18.718 +05:30  INF  Executed endpoint 'BAKERBAZZAR.API.Controller.UserController.Category (BAKERBAZZAR.API)'
2024-11-15 10:39:18.718 +05:30  INF  Request finished HTTP/1.1 GET http://localhost:5145/User/Category - - - 200 - application/json;+charset=utf-8 1.4982ms
2024-11-15 10:39:18.718 +05:30  INF  Executed action BAKERBAZZAR.API.Controller.UserController.Products (BAKERBAZZAR.API) in 11.4978ms
2024-11-15 10:39:18.718 +05:30  INF  Executed endpoint 'BAKERBAZZAR.API.Controller.UserController.Products (BAKERBAZZAR.API)'
2024-11-15 10:39:18.718 +05:30  INF  Request finished HTTP/1.1 GET http://localhost:5145/user/products?categoryid= - - - 200 - application/json;+charset=utf-8 12.3758ms
2024-11-15 10:39:18.720 +05:30  INF  Request starting HTTP/1.1 GET http://localhost:5145/user/products?categoryid= - -
2024-11-15 10:39:18.721 +05:30  INF  CORS policy execution successful.
2024-11-15 10:39:18.721 +05:30  INF  Executing endpoint 'BAKERBAZZAR.API.Controller.UserController.Products (BAKERBAZZAR.API)'
2024-11-15 10:39:18.721 +05:30  INF  Route matched with {action = "Products", controller = "User"}. Executing controller action with signature System.Threading.Tasks.Task`1[Microsoft.AspNetCore.Mvc.ActionResult`1[BAKERBAZZAR.API.Models.ApiResponse]] Products(System.String, System.String) on controller BAKERBAZZAR.API.Controller.UserController (BAKERBAZZAR.API).
2024-11-15 10:39:18.724 +05:30  INF  Executing ObjectResult, writing value of type 'BAKERBAZZAR.API.Models.ApiResponse'.
2024-11-15 10:39:18.725 +05:30  INF  Executed action BAKERBAZZAR.API.Controller.UserController.Products (BAKERBAZZAR.API) in 4.0117ms
2024-11-15 10:39:18.725 +05:30  INF  Executed endpoint 'BAKERBAZZAR.API.Controller.UserController.Products (BAKERBAZZAR.API)'
2024-11-15 10:39:18.725 +05:30  INF  Request finished HTTP/1.1 GET http://localhost:5145/user/products?categoryid= - - - 200 - application/json;+charset=utf-8 4.4777ms
2024-11-15 10:39:23.967 +05:30  INF  Request starting HTTP/1.1 GET http://localhost:5145/user/myorders?displayid=e62f03f4-2dcf-4f80-bc23-341651bd9338 - -
2024-11-15 10:39:23.967 +05:30  INF  CORS policy execution successful.
2024-11-15 10:39:23.967 +05:30  INF  Executing endpoint 'BAKERBAZZAR.API.Controller.UserController.MyOrders (BAKERBAZZAR.API)'
2024-11-15 10:39:23.967 +05:30  INF  Route matched with {action = "MyOrders", controller = "User"}. Executing controller action with signature System.Threading.Tasks.Task`1[Microsoft.AspNetCore.Mvc.ActionResult`1[BAKERBAZZAR.API.Models.ApiResponse]] MyOrders(System.String, System.String, System.String) on controller BAKERBAZZAR.API.Controller.UserController (BAKERBAZZAR.API).
2024-11-15 10:39:23.987 +05:30  INF  Executing ObjectResult, writing value of type 'BAKERBAZZAR.API.Models.ApiResponse'.
2024-11-15 10:39:23.987 +05:30  INF  Executed action BAKERBAZZAR.API.Controller.UserController.MyOrders (BAKERBAZZAR.API) in 19.9155ms
2024-11-15 10:39:23.987 +05:30  INF  Executed endpoint 'BAKERBAZZAR.API.Controller.UserController.MyOrders (BAKERBAZZAR.API)'
2024-11-15 10:39:23.987 +05:30  INF  Request finished HTTP/1.1 GET http://localhost:5145/user/myorders?displayid=e62f03f4-2dcf-4f80-bc23-341651bd9338 - - - 200 - application/json;+charset=utf-8 20.5860ms
2024-11-15 10:39:23.989 +05:30  INF  Request starting HTTP/1.1 GET http://localhost:5145/user/myorders?displayid=e62f03f4-2dcf-4f80-bc23-341651bd9338 - -
2024-11-15 10:39:23.990 +05:30  INF  CORS policy execution successful.
2024-11-15 10:39:23.990 +05:30  INF  Executing endpoint 'BAKERBAZZAR.API.Controller.UserController.MyOrders (BAKERBAZZAR.API)'
2024-11-15 10:39:23.990 +05:30  INF  Route matched with {action = "MyOrders", controller = "User"}. Executing controller action with signature System.Threading.Tasks.Task`1[Microsoft.AspNetCore.Mvc.ActionResult`1[BAKERBAZZAR.API.Models.ApiResponse]] MyOrders(System.String, System.String, System.String) on controller BAKERBAZZAR.API.Controller.UserController (BAKERBAZZAR.API).
2024-11-15 10:39:23.992 +05:30  INF  Executing ObjectResult, writing value of type 'BAKERBAZZAR.API.Models.ApiResponse'.
2024-11-15 10:39:23.992 +05:30  INF  Executed action BAKERBAZZAR.API.Controller.UserController.MyOrders (BAKERBAZZAR.API) in 2.6835ms
2024-11-15 10:39:23.992 +05:30  INF  Executed endpoint 'BAKERBAZZAR.API.Controller.UserController.MyOrders (BAKERBAZZAR.API)'
2024-11-15 10:39:23.992 +05:30  INF  Request finished HTTP/1.1 GET http://localhost:5145/user/myorders?displayid=e62f03f4-2dcf-4f80-bc23-341651bd9338 - - - 200 - application/json;+charset=utf-8 2.9900ms
2024-11-15 10:39:31.936 +05:30  INF  Request starting HTTP/1.1 GET http://localhost:5145/User/Category - -
2024-11-15 10:39:31.936 +05:30  INF  CORS policy execution successful.
2024-11-15 10:39:31.936 +05:30  INF  Executing endpoint 'BAKERBAZZAR.API.Controller.UserController.Category (BAKERBAZZAR.API)'
2024-11-15 10:39:31.937 +05:30  INF  Route matched with {action = "Category", controller = "User"}. Executing controller action with signature System.Threading.Tasks.Task`1[Microsoft.AspNetCore.Mvc.ActionResult`1[BAKERBAZZAR.API.Models.ApiResponse]] Category(System.String) on controller BAKERBAZZAR.API.Controller.UserController (BAKERBAZZAR.API).
2024-11-15 10:39:31.937 +05:30  INF  Request starting HTTP/1.1 GET http://localhost:5145/user/products?categoryid= - -
2024-11-15 10:39:31.937 +05:30  INF  CORS policy execution successful.
2024-11-15 10:39:31.937 +05:30  INF  Executing endpoint 'BAKERBAZZAR.API.Controller.UserController.Products (BAKERBAZZAR.API)'
2024-11-15 10:39:31.937 +05:30  INF  Route matched with {action = "Products", controller = "User"}. Executing controller action with signature System.Threading.Tasks.Task`1[Microsoft.AspNetCore.Mvc.ActionResult`1[BAKERBAZZAR.API.Models.ApiResponse]] Products(System.String, System.String) on controller BAKERBAZZAR.API.Controller.UserController (BAKERBAZZAR.API).
2024-11-15 10:39:31.938 +05:30  INF  Executing ObjectResult, writing value of type 'BAKERBAZZAR.API.Models.ApiResponse'.
2024-11-15 10:39:31.939 +05:30  INF  Executed action BAKERBAZZAR.API.Controller.UserController.Category (BAKERBAZZAR.API) in 2.0302ms
2024-11-15 10:39:31.939 +05:30  INF  Executed endpoint 'BAKERBAZZAR.API.Controller.UserController.Category (BAKERBAZZAR.API)'
2024-11-15 10:39:31.939 +05:30  INF  Request finished HTTP/1.1 GET http://localhost:5145/User/Category - - - 200 - application/json;+charset=utf-8 2.5886ms
2024-11-15 10:39:31.947 +05:30  INF  Request starting HTTP/1.1 GET http://localhost:5145/User/Category - -
2024-11-15 10:39:31.947 +05:30  INF  CORS policy execution successful.
2024-11-15 10:39:31.947 +05:30  INF  Executing endpoint 'BAKERBAZZAR.API.Controller.UserController.Category (BAKERBAZZAR.API)'
2024-11-15 10:39:31.947 +05:30  INF  Route matched with {action = "Category", controller = "User"}. Executing controller action with signature System.Threading.Tasks.Task`1[Microsoft.AspNetCore.Mvc.ActionResult`1[BAKERBAZZAR.API.Models.ApiResponse]] Category(System.String) on controller BAKERBAZZAR.API.Controller.UserController (BAKERBAZZAR.API).
2024-11-15 10:39:31.947 +05:30  INF  Executing ObjectResult, writing value of type 'BAKERBAZZAR.API.Models.ApiResponse'.
2024-11-15 10:39:31.949 +05:30  INF  Executed action BAKERBAZZAR.API.Controller.UserController.Products (BAKERBAZZAR.API) in 11.0977ms
2024-11-15 10:39:31.949 +05:30  INF  Executed endpoint 'BAKERBAZZAR.API.Controller.UserController.Products (BAKERBAZZAR.API)'
2024-11-15 10:39:31.949 +05:30  INF  Request finished HTTP/1.1 GET http://localhost:5145/user/products?categoryid= - - - 200 - application/json;+charset=utf-8 11.6767ms
2024-11-15 10:39:31.950 +05:30  INF  Executing ObjectResult, writing value of type 'BAKERBAZZAR.API.Models.ApiResponse'.
2024-11-15 10:39:31.950 +05:30  INF  Executed action BAKERBAZZAR.API.Controller.UserController.Category (BAKERBAZZAR.API) in 2.7481ms
2024-11-15 10:39:31.950 +05:30  INF  Executed endpoint 'BAKERBAZZAR.API.Controller.UserController.Category (BAKERBAZZAR.API)'
2024-11-15 10:39:31.950 +05:30  INF  Request finished HTTP/1.1 GET http://localhost:5145/User/Category - - - 200 - application/json;+charset=utf-8 3.2361ms
2024-11-15 10:39:31.951 +05:30  INF  Request starting HTTP/1.1 GET http://localhost:5145/user/products?categoryid= - -
2024-11-15 10:39:31.951 +05:30  INF  CORS policy execution successful.
2024-11-15 10:39:31.951 +05:30  INF  Executing endpoint 'BAKERBAZZAR.API.Controller.UserController.Products (BAKERBAZZAR.API)'
2024-11-15 10:39:31.951 +05:30  INF  Route matched with {action = "Products", controller = "User"}. Executing controller action with signature System.Threading.Tasks.Task`1[Microsoft.AspNetCore.Mvc.ActionResult`1[BAKERBAZZAR.API.Models.ApiResponse]] Products(System.String, System.String) on controller BAKERBAZZAR.API.Controller.UserController (BAKERBAZZAR.API).
2024-11-15 10:39:31.956 +05:30  INF  Executing ObjectResult, writing value of type 'BAKERBAZZAR.API.Models.ApiResponse'.
2024-11-15 10:39:31.957 +05:30  INF  Executed action BAKERBAZZAR.API.Controller.UserController.Products (BAKERBAZZAR.API) in 5.4594ms
2024-11-15 10:39:31.957 +05:30  INF  Executed endpoint 'BAKERBAZZAR.API.Controller.UserController.Products (BAKERBAZZAR.API)'
2024-11-15 10:39:31.957 +05:30  INF  Request finished HTTP/1.1 GET http://localhost:5145/user/products?categoryid= - - - 200 - application/json;+charset=utf-8 5.9248ms
2024-11-15 10:39:33.196 +05:30  INF  Request starting HTTP/1.1 OPTIONS http://localhost:5145/Authentication/Login - -
2024-11-15 10:39:33.196 +05:30  INF  CORS policy execution successful.
2024-11-15 10:39:33.196 +05:30  INF  Request finished HTTP/1.1 OPTIONS http://localhost:5145/Authentication/Login - - - 204 - - 0.3203ms
2024-11-15 10:39:33.197 +05:30  INF  Request starting HTTP/1.1 POST http://localhost:5145/Authentication/Login application/json 37
2024-11-15 10:39:33.197 +05:30  INF  CORS policy execution successful.
2024-11-15 10:39:33.197 +05:30  INF  Executing endpoint 'BAKERBAZZAR.API.Controller.AuthenticationController.VerifyUser (BAKERBAZZAR.API)'
2024-11-15 10:39:33.197 +05:30  INF  Route matched with {action = "VerifyUser", controller = "Authentication"}. Executing controller action with signature System.Threading.Tasks.Task`1[Microsoft.AspNetCore.Mvc.ActionResult`1[BAKERBAZZAR.API.Models.ApiResponse]] VerifyUser(BAKERBAZZAR.API.Models.IO_Templates.LoginRequest) on controller BAKERBAZZAR.API.Controller.AuthenticationController (BAKERBAZZAR.API).
2024-11-15 10:39:33.198 +05:30  INF  verify user execution start
2024-11-15 10:39:33.220 +05:30  INF  verify user execution end
2024-11-15 10:39:33.220 +05:30  INF  Executing ObjectResult, writing value of type 'BAKERBAZZAR.API.Models.ApiResponse'.
2024-11-15 10:39:33.220 +05:30  INF  Executed action BAKERBAZZAR.API.Controller.AuthenticationController.VerifyUser (BAKERBAZZAR.API) in 22.8443ms
2024-11-15 10:39:33.220 +05:30  INF  Executed endpoint 'BAKERBAZZAR.API.Controller.AuthenticationController.VerifyUser (BAKERBAZZAR.API)'
2024-11-15 10:39:33.220 +05:30  INF  Request finished HTTP/1.1 POST http://localhost:5145/Authentication/Login application/json 37 - 200 - application/json;+charset=utf-8 23.0944ms
2024-11-15 10:39:36.498 +05:30  INF  Request starting HTTP/1.1 OPTIONS http://localhost:5145/User/AddToCart - -
2024-11-15 10:39:36.499 +05:30  INF  CORS policy execution successful.
2024-11-15 10:39:36.499 +05:30  INF  Request finished HTTP/1.1 OPTIONS http://localhost:5145/User/AddToCart - - - 204 - - 0.1840ms
2024-11-15 10:39:36.499 +05:30  INF  Request starting HTTP/1.1 POST http://localhost:5145/User/AddToCart application/json 140
2024-11-15 10:39:36.500 +05:30  INF  CORS policy execution successful.
2024-11-15 10:39:36.500 +05:30  INF  Executing endpoint 'BAKERBAZZAR.API.Controller.UserController.AddToCart (BAKERBAZZAR.API)'
2024-11-15 10:39:36.500 +05:30  INF  Route matched with {action = "AddToCart", controller = "User"}. Executing controller action with signature System.Threading.Tasks.Task`1[Microsoft.AspNetCore.Mvc.ActionResult`1[BAKERBAZZAR.API.Models.ApiResponse]] AddToCart(BAKERBAZZAR.API.Models.IO_Templates.AddToCartRequest) on controller BAKERBAZZAR.API.Controller.UserController (BAKERBAZZAR.API).
2024-11-15 10:39:36.503 +05:30  INF  Executing ObjectResult, writing value of type 'BAKERBAZZAR.API.Models.ApiResponse'.
2024-11-15 10:39:36.503 +05:30  INF  Executed action BAKERBAZZAR.API.Controller.UserController.AddToCart (BAKERBAZZAR.API) in 3.1454ms
2024-11-15 10:39:36.503 +05:30  INF  Executed endpoint 'BAKERBAZZAR.API.Controller.UserController.AddToCart (BAKERBAZZAR.API)'
2024-11-15 10:39:36.503 +05:30  INF  Request finished HTTP/1.1 POST http://localhost:5145/User/AddToCart application/json 140 - 200 - application/json;+charset=utf-8 3.5178ms
2024-11-15 10:39:37.602 +05:30  INF  Request starting HTTP/1.1 POST http://localhost:5145/User/AddToCart application/json 140
2024-11-15 10:39:37.603 +05:30  INF  CORS policy execution successful.
2024-11-15 10:39:37.603 +05:30  INF  Executing endpoint 'BAKERBAZZAR.API.Controller.UserController.AddToCart (BAKERBAZZAR.API)'
2024-11-15 10:39:37.603 +05:30  INF  Route matched with {action = "AddToCart", controller = "User"}. Executing controller action with signature System.Threading.Tasks.Task`1[Microsoft.AspNetCore.Mvc.ActionResult`1[BAKERBAZZAR.API.Models.ApiResponse]] AddToCart(BAKERBAZZAR.API.Models.IO_Templates.AddToCartRequest) on controller BAKERBAZZAR.API.Controller.UserController (BAKERBAZZAR.API).
2024-11-15 10:39:37.604 +05:30  INF  Executing ObjectResult, writing value of type 'BAKERBAZZAR.API.Models.ApiResponse'.
2024-11-15 10:39:37.604 +05:30  INF  Executed action BAKERBAZZAR.API.Controller.UserController.AddToCart (BAKERBAZZAR.API) in 1.6501ms
2024-11-15 10:39:37.604 +05:30  INF  Executed endpoint 'BAKERBAZZAR.API.Controller.UserController.AddToCart (BAKERBAZZAR.API)'
2024-11-15 10:39:37.604 +05:30  INF  Request finished HTTP/1.1 POST http://localhost:5145/User/AddToCart application/json 140 - 200 - application/json;+charset=utf-8 1.9907ms
2024-11-15 10:39:38.651 +05:30  INF  Request starting HTTP/1.1 GET http://localhost:5145/User/CartDetails?displayid=23c3ec7a-92b1-44c6-93a2-01832315d9bd - -
2024-11-15 10:39:38.651 +05:30  INF  CORS policy execution successful.
2024-11-15 10:39:38.652 +05:30  INF  Executing endpoint 'BAKERBAZZAR.API.Controller.UserController.CartDetails (BAKERBAZZAR.API)'
2024-11-15 10:39:38.652 +05:30  INF  Route matched with {action = "CartDetails", controller = "User"}. Executing controller action with signature System.Threading.Tasks.Task`1[Microsoft.AspNetCore.Mvc.ActionResult`1[BAKERBAZZAR.API.Models.ApiResponse]] CartDetails(System.String) on controller BAKERBAZZAR.API.Controller.UserController (BAKERBAZZAR.API).
2024-11-15 10:39:38.659 +05:30  INF  Executing ObjectResult, writing value of type 'BAKERBAZZAR.API.Models.ApiResponse'.
2024-11-15 10:39:38.659 +05:30  INF  Executed action BAKERBAZZAR.API.Controller.UserController.CartDetails (BAKERBAZZAR.API) in 7.268ms
2024-11-15 10:39:38.659 +05:30  INF  Executed endpoint 'BAKERBAZZAR.API.Controller.UserController.CartDetails (BAKERBAZZAR.API)'
2024-11-15 10:39:38.659 +05:30  INF  Request finished HTTP/1.1 GET http://localhost:5145/User/CartDetails?displayid=23c3ec7a-92b1-44c6-93a2-01832315d9bd - - - 200 - application/json;+charset=utf-8 7.6808ms
2024-11-15 10:39:38.660 +05:30  INF  Request starting HTTP/1.1 GET http://localhost:5145/User/CartDetails?displayid=23c3ec7a-92b1-44c6-93a2-01832315d9bd - -
2024-11-15 10:39:38.661 +05:30  INF  CORS policy execution successful.
2024-11-15 10:39:38.661 +05:30  INF  Executing endpoint 'BAKERBAZZAR.API.Controller.UserController.CartDetails (BAKERBAZZAR.API)'
2024-11-15 10:39:38.661 +05:30  INF  Route matched with {action = "CartDetails", controller = "User"}. Executing controller action with signature System.Threading.Tasks.Task`1[Microsoft.AspNetCore.Mvc.ActionResult`1[BAKERBAZZAR.API.Models.ApiResponse]] CartDetails(System.String) on controller BAKERBAZZAR.API.Controller.UserController (BAKERBAZZAR.API).
2024-11-15 10:39:38.662 +05:30  INF  Executing ObjectResult, writing value of type 'BAKERBAZZAR.API.Models.ApiResponse'.
2024-11-15 10:39:38.663 +05:30  INF  Executed action BAKERBAZZAR.API.Controller.UserController.CartDetails (BAKERBAZZAR.API) in 1.8625ms
2024-11-15 10:39:38.663 +05:30  INF  Executed endpoint 'BAKERBAZZAR.API.Controller.UserController.CartDetails (BAKERBAZZAR.API)'
2024-11-15 10:39:38.663 +05:30  INF  Request finished HTTP/1.1 GET http://localhost:5145/User/CartDetails?displayid=23c3ec7a-92b1-44c6-93a2-01832315d9bd - - - 200 - application/json;+charset=utf-8 2.2456ms
2024-11-15 10:39:38.665 +05:30  INF  Request starting HTTP/1.1 OPTIONS http://localhost:5145/user/updatecartitem?linerid=323&qty=1 - -
2024-11-15 10:39:38.666 +05:30  INF  CORS policy execution successful.
2024-11-15 10:39:38.666 +05:30  INF  Request finished HTTP/1.1 OPTIONS http://localhost:5145/user/updatecartitem?linerid=323&qty=1 - - - 204 - - 0.1504ms
2024-11-15 10:39:38.666 +05:30  INF  Request starting HTTP/1.1 OPTIONS http://localhost:5145/user/updatecartitem?linerid=322&qty=1 - -
2024-11-15 10:39:38.666 +05:30  INF  CORS policy execution successful.
2024-11-15 10:39:38.666 +05:30  INF  Request finished HTTP/1.1 OPTIONS http://localhost:5145/user/updatecartitem?linerid=322&qty=1 - - - 204 - - 0.1188ms
2024-11-15 10:39:38.667 +05:30  INF  Request starting HTTP/1.1 PUT http://localhost:5145/user/updatecartitem?linerid=323&qty=1 - 0
2024-11-15 10:39:38.667 +05:30  INF  Request starting HTTP/1.1 PUT http://localhost:5145/user/updatecartitem?linerid=323&qty=1 - 0
2024-11-15 10:39:38.667 +05:30  INF  CORS policy execution successful.
2024-11-15 10:39:38.667 +05:30  INF  CORS policy execution successful.
2024-11-15 10:39:38.667 +05:30  INF  Executing endpoint 'BAKERBAZZAR.API.Controller.UserController.UpdateCartItem (BAKERBAZZAR.API)'
2024-11-15 10:39:38.667 +05:30  INF  Executing endpoint 'BAKERBAZZAR.API.Controller.UserController.UpdateCartItem (BAKERBAZZAR.API)'
2024-11-15 10:39:38.667 +05:30  INF  Route matched with {action = "UpdateCartItem", controller = "User"}. Executing controller action with signature System.Threading.Tasks.Task`1[Microsoft.AspNetCore.Mvc.ActionResult`1[BAKERBAZZAR.API.Models.ApiResponse]] UpdateCartItem(Int32, Int32) on controller BAKERBAZZAR.API.Controller.UserController (BAKERBAZZAR.API).
2024-11-15 10:39:38.667 +05:30  INF  Route matched with {action = "UpdateCartItem", controller = "User"}. Executing controller action with signature System.Threading.Tasks.Task`1[Microsoft.AspNetCore.Mvc.ActionResult`1[BAKERBAZZAR.API.Models.ApiResponse]] UpdateCartItem(Int32, Int32) on controller BAKERBAZZAR.API.Controller.UserController (BAKERBAZZAR.API).
2024-11-15 10:39:38.667 +05:30  INF  Request starting HTTP/1.1 OPTIONS http://localhost:5145/user/updatecartitem?linerid=322&qty=1 - -
2024-11-15 10:39:38.667 +05:30  INF  CORS policy execution successful.
2024-11-15 10:39:38.667 +05:30  INF  Request finished HTTP/1.1 OPTIONS http://localhost:5145/user/updatecartitem?linerid=322&qty=1 - - - 204 - - 0.1296ms
2024-11-15 10:39:38.667 +05:30  INF  Request starting HTTP/1.1 PUT http://localhost:5145/user/updatecartitem?linerid=322&qty=1 - 0
2024-11-15 10:39:38.667 +05:30  INF  CORS policy execution successful.
2024-11-15 10:39:38.667 +05:30  INF  Executing endpoint 'BAKERBAZZAR.API.Controller.UserController.UpdateCartItem (BAKERBAZZAR.API)'
2024-11-15 10:39:38.667 +05:30  INF  Route matched with {action = "UpdateCartItem", controller = "User"}. Executing controller action with signature System.Threading.Tasks.Task`1[Microsoft.AspNetCore.Mvc.ActionResult`1[BAKERBAZZAR.API.Models.ApiResponse]] UpdateCartItem(Int32, Int32) on controller BAKERBAZZAR.API.Controller.UserController (BAKERBAZZAR.API).
2024-11-15 10:39:38.668 +05:30  INF  Request starting HTTP/1.1 PUT http://localhost:5145/user/updatecartitem?linerid=322&qty=1 - 0
2024-11-15 10:39:38.668 +05:30  INF  CORS policy execution successful.
2024-11-15 10:39:38.668 +05:30  INF  Executing endpoint 'BAKERBAZZAR.API.Controller.UserController.UpdateCartItem (BAKERBAZZAR.API)'
2024-11-15 10:39:38.668 +05:30  INF  Route matched with {action = "UpdateCartItem", controller = "User"}. Executing controller action with signature System.Threading.Tasks.Task`1[Microsoft.AspNetCore.Mvc.ActionResult`1[BAKERBAZZAR.API.Models.ApiResponse]] UpdateCartItem(Int32, Int32) on controller BAKERBAZZAR.API.Controller.UserController (BAKERBAZZAR.API).
2024-11-15 10:39:38.669 +05:30  INF  Request starting HTTP/1.1 GET http://localhost:5145/User/CartDetails?displayid=23c3ec7a-92b1-44c6-93a2-01832315d9bd - -
2024-11-15 10:39:38.669 +05:30  INF  CORS policy execution successful.
2024-11-15 10:39:38.669 +05:30  INF  Executing endpoint 'BAKERBAZZAR.API.Controller.UserController.CartDetails (BAKERBAZZAR.API)'
2024-11-15 10:39:38.669 +05:30  INF  Route matched with {action = "CartDetails", controller = "User"}. Executing controller action with signature System.Threading.Tasks.Task`1[Microsoft.AspNetCore.Mvc.ActionResult`1[BAKERBAZZAR.API.Models.ApiResponse]] CartDetails(System.String) on controller BAKERBAZZAR.API.Controller.UserController (BAKERBAZZAR.API).
2024-11-15 10:39:38.670 +05:30  INF  Executing ObjectResult, writing value of type 'BAKERBAZZAR.API.Models.ApiResponse'.
2024-11-15 10:39:38.670 +05:30  INF  Executed action BAKERBAZZAR.API.Controller.UserController.UpdateCartItem (BAKERBAZZAR.API) in 3.0893ms
2024-11-15 10:39:38.670 +05:30  INF  Executed endpoint 'BAKERBAZZAR.API.Controller.UserController.UpdateCartItem (BAKERBAZZAR.API)'
2024-11-15 10:39:38.670 +05:30  INF  Request finished HTTP/1.1 PUT http://localhost:5145/user/updatecartitem?linerid=323&qty=1 - 0 - 200 - application/json;+charset=utf-8 3.3012ms
2024-11-15 10:39:38.671 +05:30  INF  Executing ObjectResult, writing value of type 'BAKERBAZZAR.API.Models.ApiResponse'.
2024-11-15 10:39:38.671 +05:30  INF  Executed action BAKERBAZZAR.API.Controller.UserController.UpdateCartItem (BAKERBAZZAR.API) in 3.8192ms
2024-11-15 10:39:38.671 +05:30  INF  Executed endpoint 'BAKERBAZZAR.API.Controller.UserController.UpdateCartItem (BAKERBAZZAR.API)'
2024-11-15 10:39:38.671 +05:30  INF  Request finished HTTP/1.1 PUT http://localhost:5145/user/updatecartitem?linerid=323&qty=1 - 0 - 200 - application/json;+charset=utf-8 4.1437ms
2024-11-15 10:39:38.671 +05:30  INF  Executing ObjectResult, writing value of type 'BAKERBAZZAR.API.Models.ApiResponse'.
2024-11-15 10:39:38.671 +05:30  INF  Executed action BAKERBAZZAR.API.Controller.UserController.UpdateCartItem (BAKERBAZZAR.API) in 3.8358ms
2024-11-15 10:39:38.671 +05:30  INF  Executing ObjectResult, writing value of type 'BAKERBAZZAR.API.Models.ApiResponse'.
2024-11-15 10:39:38.671 +05:30  INF  Executed endpoint 'BAKERBAZZAR.API.Controller.UserController.UpdateCartItem (BAKERBAZZAR.API)'
2024-11-15 10:39:38.671 +05:30  INF  Executed action BAKERBAZZAR.API.Controller.UserController.UpdateCartItem (BAKERBAZZAR.API) in 2.8766ms
2024-11-15 10:39:38.671 +05:30  INF  Executed endpoint 'BAKERBAZZAR.API.Controller.UserController.UpdateCartItem (BAKERBAZZAR.API)'
2024-11-15 10:39:38.671 +05:30  INF  Request finished HTTP/1.1 PUT http://localhost:5145/user/updatecartitem?linerid=322&qty=1 - 0 - 200 - application/json;+charset=utf-8 3.1308ms
2024-11-15 10:39:38.671 +05:30  INF  Request finished HTTP/1.1 PUT http://localhost:5145/user/updatecartitem?linerid=322&qty=1 - 0 - 200 - application/json;+charset=utf-8 4.1316ms
2024-11-15 10:39:38.675 +05:30  INF  Executing ObjectResult, writing value of type 'BAKERBAZZAR.API.Models.ApiResponse'.
2024-11-15 10:39:38.675 +05:30  INF  Executed action BAKERBAZZAR.API.Controller.UserController.CartDetails (BAKERBAZZAR.API) in 5.9313ms
2024-11-15 10:39:38.675 +05:30  INF  Executed endpoint 'BAKERBAZZAR.API.Controller.UserController.CartDetails (BAKERBAZZAR.API)'
2024-11-15 10:39:38.676 +05:30  INF  Request finished HTTP/1.1 GET http://localhost:5145/User/CartDetails?displayid=23c3ec7a-92b1-44c6-93a2-01832315d9bd - - - 200 - application/json;+charset=utf-8 6.2770ms
2024-11-15 10:46:54.708 +05:30  INF  Request starting HTTP/1.1 OPTIONS http://localhost:5145/authentication/login - -
2024-11-15 10:46:54.709 +05:30  INF  CORS policy execution successful.
2024-11-15 10:46:54.710 +05:30  INF  Request finished HTTP/1.1 OPTIONS http://localhost:5145/authentication/login - - - 204 - - 3.5603ms
2024-11-15 10:46:54.711 +05:30  INF  Request starting HTTP/1.1 POST http://localhost:5145/authentication/login application/json 37
2024-11-15 10:46:54.712 +05:30  INF  CORS policy execution successful.
2024-11-15 10:46:54.712 +05:30  INF  Executing endpoint 'BAKERBAZZAR.API.Controller.AuthenticationController.VerifyUser (BAKERBAZZAR.API)'
2024-11-15 10:46:54.713 +05:30  INF  Route matched with {action = "VerifyUser", controller = "Authentication"}. Executing controller action with signature System.Threading.Tasks.Task`1[Microsoft.AspNetCore.Mvc.ActionResult`1[BAKERBAZZAR.API.Models.ApiResponse]] VerifyUser(BAKERBAZZAR.API.Models.IO_Templates.LoginRequest) on controller BAKERBAZZAR.API.Controller.AuthenticationController (BAKERBAZZAR.API).
2024-11-15 10:46:54.720 +05:30  INF  verify user execution start
2024-11-15 10:46:54.899 +05:30  INF  verify user execution end
2024-11-15 10:46:54.899 +05:30  INF  Executing ObjectResult, writing value of type 'BAKERBAZZAR.API.Models.ApiResponse'.
2024-11-15 10:46:54.900 +05:30  INF  Executed action BAKERBAZZAR.API.Controller.AuthenticationController.VerifyUser (BAKERBAZZAR.API) in 186.3298ms
2024-11-15 10:46:54.900 +05:30  INF  Executed endpoint 'BAKERBAZZAR.API.Controller.AuthenticationController.VerifyUser (BAKERBAZZAR.API)'
2024-11-15 10:46:54.900 +05:30  INF  Request finished HTTP/1.1 POST http://localhost:5145/authentication/login application/json 37 - 200 - application/json;+charset=utf-8 188.6152ms
2024-11-15 10:46:54.961 +05:30  INF  Request starting HTTP/1.1 OPTIONS http://localhost:5145/user/dashboard?displayid=e62f03f4-2dcf-4f80-bc23-341651bd9338 - -
2024-11-15 10:46:54.961 +05:30  INF  CORS policy execution successful.
2024-11-15 10:46:54.962 +05:30  INF  Request finished HTTP/1.1 OPTIONS http://localhost:5145/user/dashboard?displayid=e62f03f4-2dcf-4f80-bc23-341651bd9338 - - - 204 - - 0.3682ms
2024-11-15 10:46:54.963 +05:30  INF  Request starting HTTP/1.1 GET http://localhost:5145/user/dashboard?displayid=e62f03f4-2dcf-4f80-bc23-341651bd9338 application/json -
2024-11-15 10:46:54.964 +05:30  INF  CORS policy execution successful.
2024-11-15 10:46:54.965 +05:30  INF  Executing endpoint 'BAKERBAZZAR.API.Controller.UserController.Dashboard (BAKERBAZZAR.API)'
2024-11-15 10:46:54.981 +05:30  INF  Route matched with {action = "Dashboard", controller = "User"}. Executing controller action with signature System.Threading.Tasks.Task`1[Microsoft.AspNetCore.Mvc.ActionResult`1[BAKERBAZZAR.API.Models.ApiResponse]] Dashboard(System.String) on controller BAKERBAZZAR.API.Controller.UserController (BAKERBAZZAR.API).
2024-11-15 10:46:55.083 +05:30  INF  Executing ObjectResult, writing value of type 'BAKERBAZZAR.API.Models.ApiResponse'.
2024-11-15 10:46:55.087 +05:30  INF  Executed action BAKERBAZZAR.API.Controller.UserController.Dashboard (BAKERBAZZAR.API) in 106.6905ms
2024-11-15 10:46:55.087 +05:30  INF  Executed endpoint 'BAKERBAZZAR.API.Controller.UserController.Dashboard (BAKERBAZZAR.API)'
2024-11-15 10:46:55.087 +05:30  INF  Request finished HTTP/1.1 GET http://localhost:5145/user/dashboard?displayid=e62f03f4-2dcf-4f80-bc23-341651bd9338 application/json - - 200 - application/json;+charset=utf-8 124.2966ms
2024-11-15 10:46:58.104 +05:30  INF  Request starting HTTP/1.1 OPTIONS http://localhost:5145/user/cartdetails?displayId=23c3ec7a-92b1-44c6-93a2-01832315d9bd - -
2024-11-15 10:46:58.105 +05:30  INF  CORS policy execution successful.
2024-11-15 10:46:58.105 +05:30  INF  Request finished HTTP/1.1 OPTIONS http://localhost:5145/user/cartdetails?displayId=23c3ec7a-92b1-44c6-93a2-01832315d9bd - - - 204 - - 0.3440ms
2024-11-15 10:46:58.107 +05:30  INF  Request starting HTTP/1.1 GET http://localhost:5145/user/cartdetails?displayId=23c3ec7a-92b1-44c6-93a2-01832315d9bd application/json -
2024-11-15 10:46:58.107 +05:30  INF  CORS policy execution successful.
2024-11-15 10:46:58.107 +05:30  INF  Executing endpoint 'BAKERBAZZAR.API.Controller.UserController.CartDetails (BAKERBAZZAR.API)'
2024-11-15 10:46:58.107 +05:30  INF  Route matched with {action = "CartDetails", controller = "User"}. Executing controller action with signature System.Threading.Tasks.Task`1[Microsoft.AspNetCore.Mvc.ActionResult`1[BAKERBAZZAR.API.Models.ApiResponse]] CartDetails(System.String) on controller BAKERBAZZAR.API.Controller.UserController (BAKERBAZZAR.API).
2024-11-15 10:46:58.133 +05:30  INF  Executing ObjectResult, writing value of type 'BAKERBAZZAR.API.Models.ApiResponse'.
2024-11-15 10:46:58.133 +05:30  INF  Executed action BAKERBAZZAR.API.Controller.UserController.CartDetails (BAKERBAZZAR.API) in 26.318ms
2024-11-15 10:46:58.133 +05:30  INF  Executed endpoint 'BAKERBAZZAR.API.Controller.UserController.CartDetails (BAKERBAZZAR.API)'
2024-11-15 10:46:58.134 +05:30  INF  Request finished HTTP/1.1 GET http://localhost:5145/user/cartdetails?displayId=23c3ec7a-92b1-44c6-93a2-01832315d9bd application/json - - 200 - application/json;+charset=utf-8 26.7289ms
2024-11-15 10:47:02.109 +05:30  INF  Request starting HTTP/1.1 OPTIONS http://localhost:5145/user/myorders?displayid=e62f03f4-2dcf-4f80-bc23-341651bd9338&keyword=&code=null - -
2024-11-15 10:47:02.109 +05:30  INF  CORS policy execution successful.
2024-11-15 10:47:02.110 +05:30  INF  Request finished HTTP/1.1 OPTIONS http://localhost:5145/user/myorders?displayid=e62f03f4-2dcf-4f80-bc23-341651bd9338&keyword=&code=null - - - 204 - - 0.2367ms
2024-11-15 10:47:02.112 +05:30  INF  Request starting HTTP/1.1 GET http://localhost:5145/user/myorders?displayid=e62f03f4-2dcf-4f80-bc23-341651bd9338&keyword=&code=null application/json -
2024-11-15 10:47:02.112 +05:30  INF  CORS policy execution successful.
2024-11-15 10:47:02.112 +05:30  INF  Executing endpoint 'BAKERBAZZAR.API.Controller.UserController.MyOrders (BAKERBAZZAR.API)'
2024-11-15 10:47:02.112 +05:30  INF  Route matched with {action = "MyOrders", controller = "User"}. Executing controller action with signature System.Threading.Tasks.Task`1[Microsoft.AspNetCore.Mvc.ActionResult`1[BAKERBAZZAR.API.Models.ApiResponse]] MyOrders(System.String, System.String, System.String) on controller BAKERBAZZAR.API.Controller.UserController (BAKERBAZZAR.API).
2024-11-15 10:47:02.151 +05:30  INF  Executing ObjectResult, writing value of type 'BAKERBAZZAR.API.Models.ApiResponse'.
2024-11-15 10:47:02.153 +05:30  INF  Executed action BAKERBAZZAR.API.Controller.UserController.MyOrders (BAKERBAZZAR.API) in 40.0594ms
2024-11-15 10:47:02.153 +05:30  INF  Executed endpoint 'BAKERBAZZAR.API.Controller.UserController.MyOrders (BAKERBAZZAR.API)'
2024-11-15 10:47:02.155 +05:30  INF  Request finished HTTP/1.1 GET http://localhost:5145/user/myorders?displayid=e62f03f4-2dcf-4f80-bc23-341651bd9338&keyword=&code=null application/json - - 200 - application/json;+charset=utf-8 42.8453ms
2024-11-15 10:47:05.337 +05:30  INF  Request starting HTTP/1.1 OPTIONS http://localhost:5145/user/cartdetails?displayId=23c3ec7a-92b1-44c6-93a2-01832315d9bd - -
2024-11-15 10:47:05.337 +05:30  INF  CORS policy execution successful.
2024-11-15 10:47:05.337 +05:30  INF  Request finished HTTP/1.1 OPTIONS http://localhost:5145/user/cartdetails?displayId=23c3ec7a-92b1-44c6-93a2-01832315d9bd - - - 204 - - 0.3900ms
2024-11-15 10:47:05.339 +05:30  INF  Request starting HTTP/1.1 GET http://localhost:5145/user/cartdetails?displayId=23c3ec7a-92b1-44c6-93a2-01832315d9bd application/json -
2024-11-15 10:47:05.339 +05:30  INF  CORS policy execution successful.
2024-11-15 10:47:05.339 +05:30  INF  Executing endpoint 'BAKERBAZZAR.API.Controller.UserController.CartDetails (BAKERBAZZAR.API)'
2024-11-15 10:47:05.339 +05:30  INF  Route matched with {action = "CartDetails", controller = "User"}. Executing controller action with signature System.Threading.Tasks.Task`1[Microsoft.AspNetCore.Mvc.ActionResult`1[BAKERBAZZAR.API.Models.ApiResponse]] CartDetails(System.String) on controller BAKERBAZZAR.API.Controller.UserController (BAKERBAZZAR.API).
2024-11-15 10:47:05.360 +05:30  INF  Executing ObjectResult, writing value of type 'BAKERBAZZAR.API.Models.ApiResponse'.
2024-11-15 10:47:05.360 +05:30  INF  Executed action BAKERBAZZAR.API.Controller.UserController.CartDetails (BAKERBAZZAR.API) in 21.2824ms
2024-11-15 10:47:05.360 +05:30  INF  Executed endpoint 'BAKERBAZZAR.API.Controller.UserController.CartDetails (BAKERBAZZAR.API)'
2024-11-15 10:47:05.360 +05:30  INF  Request finished HTTP/1.1 GET http://localhost:5145/user/cartdetails?displayId=23c3ec7a-92b1-44c6-93a2-01832315d9bd application/json - - 200 - application/json;+charset=utf-8 21.8239ms
2024-11-15 10:47:06.399 +05:30  INF  Request starting HTTP/1.1 GET http://localhost:5145/user/cartdetails?displayId=23c3ec7a-92b1-44c6-93a2-01832315d9bd application/json -
2024-11-15 10:47:06.399 +05:30  INF  CORS policy execution successful.
2024-11-15 10:47:06.399 +05:30  INF  Executing endpoint 'BAKERBAZZAR.API.Controller.UserController.CartDetails (BAKERBAZZAR.API)'
2024-11-15 10:47:06.399 +05:30  INF  Route matched with {action = "CartDetails", controller = "User"}. Executing controller action with signature System.Threading.Tasks.Task`1[Microsoft.AspNetCore.Mvc.ActionResult`1[BAKERBAZZAR.API.Models.ApiResponse]] CartDetails(System.String) on controller BAKERBAZZAR.API.Controller.UserController (BAKERBAZZAR.API).
2024-11-15 10:47:06.419 +05:30  INF  Executing ObjectResult, writing value of type 'BAKERBAZZAR.API.Models.ApiResponse'.
2024-11-15 10:47:06.419 +05:30  INF  Executed action BAKERBAZZAR.API.Controller.UserController.CartDetails (BAKERBAZZAR.API) in 19.874ms
2024-11-15 10:47:06.419 +05:30  INF  Executed endpoint 'BAKERBAZZAR.API.Controller.UserController.CartDetails (BAKERBAZZAR.API)'
2024-11-15 10:47:06.419 +05:30  INF  Request finished HTTP/1.1 GET http://localhost:5145/user/cartdetails?displayId=23c3ec7a-92b1-44c6-93a2-01832315d9bd application/json - - 200 - application/json;+charset=utf-8 20.1752ms
2024-11-15 10:47:08.451 +05:30  INF  Request starting HTTP/1.1 OPTIONS http://localhost:5145/user/orderdetails?displayId=23c3ec7a-92b1-44c6-93a2-01832315d9bd&status=placeorder&addressid=1026 - -
2024-11-15 10:47:08.451 +05:30  INF  CORS policy execution successful.
2024-11-15 10:47:08.451 +05:30  INF  Request finished HTTP/1.1 OPTIONS http://localhost:5145/user/orderdetails?displayId=23c3ec7a-92b1-44c6-93a2-01832315d9bd&status=placeorder&addressid=1026 - - - 204 - - 0.2608ms
2024-11-15 10:47:08.453 +05:30  INF  Request starting HTTP/1.1 GET http://localhost:5145/user/orderdetails?displayId=23c3ec7a-92b1-44c6-93a2-01832315d9bd&status=placeorder&addressid=1026 application/json -
2024-11-15 10:47:08.453 +05:30  INF  CORS policy execution successful.
2024-11-15 10:47:08.453 +05:30  INF  Executing endpoint 'BAKERBAZZAR.API.Controller.UserController.OrderDetails (BAKERBAZZAR.API)'
2024-11-15 10:47:08.453 +05:30  INF  Route matched with {action = "OrderDetails", controller = "User"}. Executing controller action with signature System.Threading.Tasks.Task`1[Microsoft.AspNetCore.Mvc.ActionResult`1[BAKERBAZZAR.API.Models.ApiResponse]] OrderDetails(System.String, System.String, Int32) on controller BAKERBAZZAR.API.Controller.UserController (BAKERBAZZAR.API).
2024-11-15 10:47:08.527 +05:30  INF  Executing ObjectResult, writing value of type 'BAKERBAZZAR.API.Models.ApiResponse'.
2024-11-15 10:47:08.527 +05:30  INF  Executed action BAKERBAZZAR.API.Controller.UserController.OrderDetails (BAKERBAZZAR.API) in 73.7956ms
2024-11-15 10:47:08.527 +05:30  INF  Executed endpoint 'BAKERBAZZAR.API.Controller.UserController.OrderDetails (BAKERBAZZAR.API)'
2024-11-15 10:47:08.527 +05:30  INF  Request finished HTTP/1.1 GET http://localhost:5145/user/orderdetails?displayId=23c3ec7a-92b1-44c6-93a2-01832315d9bd&status=placeorder&addressid=1026 application/json - - 200 - application/json;+charset=utf-8 74.6665ms
2024-11-15 10:47:10.725 +05:30  INF  Request starting HTTP/1.1 OPTIONS http://localhost:5145/user/cartdetails?displayId=23c3ec7a-92b1-44c6-93a2-01832315d9bd - -
2024-11-15 10:47:10.725 +05:30  INF  CORS policy execution successful.
2024-11-15 10:47:10.725 +05:30  INF  Request finished HTTP/1.1 OPTIONS http://localhost:5145/user/cartdetails?displayId=23c3ec7a-92b1-44c6-93a2-01832315d9bd - - - 204 - - 0.2119ms
2024-11-15 10:47:10.726 +05:30  INF  Request starting HTTP/1.1 GET http://localhost:5145/user/cartdetails?displayId=23c3ec7a-92b1-44c6-93a2-01832315d9bd application/json -
2024-11-15 10:47:10.726 +05:30  INF  CORS policy execution successful.
2024-11-15 10:47:10.726 +05:30  INF  Executing endpoint 'BAKERBAZZAR.API.Controller.UserController.CartDetails (BAKERBAZZAR.API)'
2024-11-15 10:47:10.726 +05:30  INF  Route matched with {action = "CartDetails", controller = "User"}. Executing controller action with signature System.Threading.Tasks.Task`1[Microsoft.AspNetCore.Mvc.ActionResult`1[BAKERBAZZAR.API.Models.ApiResponse]] CartDetails(System.String) on controller BAKERBAZZAR.API.Controller.UserController (BAKERBAZZAR.API).
2024-11-15 10:47:10.742 +05:30  INF  Executing ObjectResult, writing value of type 'BAKERBAZZAR.API.Models.ApiResponse'.
2024-11-15 10:47:10.742 +05:30  INF  Executed action BAKERBAZZAR.API.Controller.UserController.CartDetails (BAKERBAZZAR.API) in 15.853ms
2024-11-15 10:47:10.742 +05:30  INF  Executed endpoint 'BAKERBAZZAR.API.Controller.UserController.CartDetails (BAKERBAZZAR.API)'
2024-11-15 10:47:10.742 +05:30  INF  Request finished HTTP/1.1 GET http://localhost:5145/user/cartdetails?displayId=23c3ec7a-92b1-44c6-93a2-01832315d9bd application/json - - 200 - application/json;+charset=utf-8 16.2634ms
2024-11-15 10:47:12.674 +05:30  INF  Request starting HTTP/1.1 OPTIONS http://localhost:5145/user/category - -
2024-11-15 10:47:12.674 +05:30  INF  CORS policy execution successful.
2024-11-15 10:47:12.674 +05:30  INF  Request finished HTTP/1.1 OPTIONS http://localhost:5145/user/category - - - 204 - - 1.0559ms
2024-11-15 10:47:12.676 +05:30  INF  Request starting HTTP/1.1 GET http://localhost:5145/user/category application/json -
2024-11-15 10:47:12.676 +05:30  INF  CORS policy execution successful.
2024-11-15 10:47:12.676 +05:30  INF  Executing endpoint 'BAKERBAZZAR.API.Controller.UserController.Category (BAKERBAZZAR.API)'
2024-11-15 10:47:12.677 +05:30  INF  Route matched with {action = "Category", controller = "User"}. Executing controller action with signature System.Threading.Tasks.Task`1[Microsoft.AspNetCore.Mvc.ActionResult`1[BAKERBAZZAR.API.Models.ApiResponse]] Category(System.String) on controller BAKERBAZZAR.API.Controller.UserController (BAKERBAZZAR.API).
2024-11-15 10:47:12.692 +05:30  INF  Executing ObjectResult, writing value of type 'BAKERBAZZAR.API.Models.ApiResponse'.
2024-11-15 10:47:12.693 +05:30  INF  Executed action BAKERBAZZAR.API.Controller.UserController.Category (BAKERBAZZAR.API) in 16.0217ms
2024-11-15 10:47:12.693 +05:30  INF  Executed endpoint 'BAKERBAZZAR.API.Controller.UserController.Category (BAKERBAZZAR.API)'
2024-11-15 10:47:12.693 +05:30  INF  Request finished HTTP/1.1 GET http://localhost:5145/user/category application/json - - 200 - application/json;+charset=utf-8 16.5003ms
2024-11-15 10:47:13.998 +05:30  INF  Request starting HTTP/1.1 OPTIONS http://localhost:5145/user/products?categoryid=17d0c86e-148c-42e5-8a35-e4f7fe3b9aa7 - -
2024-11-15 10:47:13.999 +05:30  INF  CORS policy execution successful.
2024-11-15 10:47:13.999 +05:30  INF  Request finished HTTP/1.1 OPTIONS http://localhost:5145/user/products?categoryid=17d0c86e-148c-42e5-8a35-e4f7fe3b9aa7 - - - 204 - - 0.1696ms
2024-11-15 10:47:14.000 +05:30  INF  Request starting HTTP/1.1 GET http://localhost:5145/user/products?categoryid=17d0c86e-148c-42e5-8a35-e4f7fe3b9aa7 application/json -
2024-11-15 10:47:14.000 +05:30  INF  CORS policy execution successful.
2024-11-15 10:47:14.000 +05:30  INF  Executing endpoint 'BAKERBAZZAR.API.Controller.UserController.Products (BAKERBAZZAR.API)'
2024-11-15 10:47:14.000 +05:30  INF  Route matched with {action = "Products", controller = "User"}. Executing controller action with signature System.Threading.Tasks.Task`1[Microsoft.AspNetCore.Mvc.ActionResult`1[BAKERBAZZAR.API.Models.ApiResponse]] Products(System.String, System.String) on controller BAKERBAZZAR.API.Controller.UserController (BAKERBAZZAR.API).
2024-11-15 10:47:14.018 +05:30  INF  Executing ObjectResult, writing value of type 'BAKERBAZZAR.API.Models.ApiResponse'.
2024-11-15 10:47:14.019 +05:30  INF  Executed action BAKERBAZZAR.API.Controller.UserController.Products (BAKERBAZZAR.API) in 19.029ms
2024-11-15 10:47:14.019 +05:30  INF  Executed endpoint 'BAKERBAZZAR.API.Controller.UserController.Products (BAKERBAZZAR.API)'
2024-11-15 10:47:14.019 +05:30  INF  Request finished HTTP/1.1 GET http://localhost:5145/user/products?categoryid=17d0c86e-148c-42e5-8a35-e4f7fe3b9aa7 application/json - - 200 - application/json;+charset=utf-8 19.3648ms
2024-11-15 10:47:16.964 +05:30  INF  Request starting HTTP/1.1 OPTIONS http://localhost:5145/user/addtocart - -
2024-11-15 10:47:16.965 +05:30  INF  CORS policy execution successful.
2024-11-15 10:47:16.965 +05:30  INF  Request finished HTTP/1.1 OPTIONS http://localhost:5145/user/addtocart - - - 204 - - 0.1740ms
2024-11-15 10:47:16.965 +05:30  INF  Request starting HTTP/1.1 POST http://localhost:5145/user/addtocart application/json 144
2024-11-15 10:47:16.965 +05:30  INF  CORS policy execution successful.
2024-11-15 10:47:16.965 +05:30  INF  Executing endpoint 'BAKERBAZZAR.API.Controller.UserController.AddToCart (BAKERBAZZAR.API)'
2024-11-15 10:47:16.965 +05:30  INF  Route matched with {action = "AddToCart", controller = "User"}. Executing controller action with signature System.Threading.Tasks.Task`1[Microsoft.AspNetCore.Mvc.ActionResult`1[BAKERBAZZAR.API.Models.ApiResponse]] AddToCart(BAKERBAZZAR.API.Models.IO_Templates.AddToCartRequest) on controller BAKERBAZZAR.API.Controller.UserController (BAKERBAZZAR.API).
2024-11-15 10:47:16.976 +05:30  INF  Executing ObjectResult, writing value of type 'BAKERBAZZAR.API.Models.ApiResponse'.
2024-11-15 10:47:16.976 +05:30  INF  Executed action BAKERBAZZAR.API.Controller.UserController.AddToCart (BAKERBAZZAR.API) in 10.9852ms
2024-11-15 10:47:16.976 +05:30  INF  Executed endpoint 'BAKERBAZZAR.API.Controller.UserController.AddToCart (BAKERBAZZAR.API)'
2024-11-15 10:47:16.976 +05:30  INF  Request finished HTTP/1.1 POST http://localhost:5145/user/addtocart application/json 144 - 200 - application/json;+charset=utf-8 11.2469ms
2024-11-15 10:47:18.025 +05:30  INF  Request starting HTTP/1.1 POST http://localhost:5145/user/addtocart application/json 144
2024-11-15 10:47:18.026 +05:30  INF  CORS policy execution successful.
2024-11-15 10:47:18.026 +05:30  INF  Executing endpoint 'BAKERBAZZAR.API.Controller.UserController.AddToCart (BAKERBAZZAR.API)'
2024-11-15 10:47:18.026 +05:30  INF  Route matched with {action = "AddToCart", controller = "User"}. Executing controller action with signature System.Threading.Tasks.Task`1[Microsoft.AspNetCore.Mvc.ActionResult`1[BAKERBAZZAR.API.Models.ApiResponse]] AddToCart(BAKERBAZZAR.API.Models.IO_Templates.AddToCartRequest) on controller BAKERBAZZAR.API.Controller.UserController (BAKERBAZZAR.API).
2024-11-15 10:47:18.034 +05:30  INF  Executing ObjectResult, writing value of type 'BAKERBAZZAR.API.Models.ApiResponse'.
2024-11-15 10:47:18.034 +05:30  INF  Executed action BAKERBAZZAR.API.Controller.UserController.AddToCart (BAKERBAZZAR.API) in 8.4927ms
2024-11-15 10:47:18.034 +05:30  INF  Executed endpoint 'BAKERBAZZAR.API.Controller.UserController.AddToCart (BAKERBAZZAR.API)'
2024-11-15 10:47:18.034 +05:30  INF  Request finished HTTP/1.1 POST http://localhost:5145/user/addtocart application/json 144 - 200 - application/json;+charset=utf-8 8.8166ms
2024-11-15 10:47:19.778 +05:30  INF  Request starting HTTP/1.1 POST http://localhost:5145/user/addtocart application/json 144
2024-11-15 10:47:19.778 +05:30  INF  CORS policy execution successful.
2024-11-15 10:47:19.778 +05:30  INF  Executing endpoint 'BAKERBAZZAR.API.Controller.UserController.AddToCart (BAKERBAZZAR.API)'
2024-11-15 10:47:19.778 +05:30  INF  Route matched with {action = "AddToCart", controller = "User"}. Executing controller action with signature System.Threading.Tasks.Task`1[Microsoft.AspNetCore.Mvc.ActionResult`1[BAKERBAZZAR.API.Models.ApiResponse]] AddToCart(BAKERBAZZAR.API.Models.IO_Templates.AddToCartRequest) on controller BAKERBAZZAR.API.Controller.UserController (BAKERBAZZAR.API).
2024-11-15 10:47:19.800 +05:30  INF  Executing ObjectResult, writing value of type 'BAKERBAZZAR.API.Models.ApiResponse'.
2024-11-15 10:47:19.800 +05:30  INF  Executed action BAKERBAZZAR.API.Controller.UserController.AddToCart (BAKERBAZZAR.API) in 21.3828ms
2024-11-15 10:47:19.800 +05:30  INF  Executed endpoint 'BAKERBAZZAR.API.Controller.UserController.AddToCart (BAKERBAZZAR.API)'
2024-11-15 10:47:19.800 +05:30  INF  Request finished HTTP/1.1 POST http://localhost:5145/user/addtocart application/json 144 - 200 - application/json;+charset=utf-8 21.6911ms
2024-11-15 10:47:20.901 +05:30  INF  Request starting HTTP/1.1 OPTIONS http://localhost:5145/user/cartdetails?displayId=23c3ec7a-92b1-44c6-93a2-01832315d9bd - -
2024-11-15 10:47:20.901 +05:30  INF  CORS policy execution successful.
2024-11-15 10:47:20.901 +05:30  INF  Request finished HTTP/1.1 OPTIONS http://localhost:5145/user/cartdetails?displayId=23c3ec7a-92b1-44c6-93a2-01832315d9bd - - - 204 - - 0.3214ms
2024-11-15 10:47:20.902 +05:30  INF  Request starting HTTP/1.1 GET http://localhost:5145/user/cartdetails?displayId=23c3ec7a-92b1-44c6-93a2-01832315d9bd application/json -
2024-11-15 10:47:20.902 +05:30  INF  CORS policy execution successful.
2024-11-15 10:47:20.902 +05:30  INF  Executing endpoint 'BAKERBAZZAR.API.Controller.UserController.CartDetails (BAKERBAZZAR.API)'
2024-11-15 10:47:20.902 +05:30  INF  Route matched with {action = "CartDetails", controller = "User"}. Executing controller action with signature System.Threading.Tasks.Task`1[Microsoft.AspNetCore.Mvc.ActionResult`1[BAKERBAZZAR.API.Models.ApiResponse]] CartDetails(System.String) on controller BAKERBAZZAR.API.Controller.UserController (BAKERBAZZAR.API).
2024-11-15 10:47:22.158 +05:30  INF  Request starting HTTP/1.1 GET http://localhost:5145/user/cartdetails?displayId=23c3ec7a-92b1-44c6-93a2-01832315d9bd application/json -
2024-11-15 10:47:22.158 +05:30  INF  CORS policy execution successful.
2024-11-15 10:47:22.158 +05:30  INF  Executing endpoint 'BAKERBAZZAR.API.Controller.UserController.CartDetails (BAKERBAZZAR.API)'
2024-11-15 10:47:22.158 +05:30  INF  Route matched with {action = "CartDetails", controller = "User"}. Executing controller action with signature System.Threading.Tasks.Task`1[Microsoft.AspNetCore.Mvc.ActionResult`1[BAKERBAZZAR.API.Models.ApiResponse]] CartDetails(System.String) on controller BAKERBAZZAR.API.Controller.UserController (BAKERBAZZAR.API).
2024-11-15 10:47:24.256 +05:30  INF  Request starting HTTP/1.1 OPTIONS http://localhost:5145/user/category - -
2024-11-15 10:47:24.257 +05:30  INF  CORS policy execution successful.
2024-11-15 10:47:24.257 +05:30  INF  Request finished HTTP/1.1 OPTIONS http://localhost:5145/user/category - - - 204 - - 0.1950ms
2024-11-15 10:47:24.257 +05:30  INF  Request starting HTTP/1.1 GET http://localhost:5145/user/category application/json -
2024-11-15 10:47:24.258 +05:30  INF  CORS policy execution successful.
2024-11-15 10:47:24.258 +05:30  INF  Executing endpoint 'BAKERBAZZAR.API.Controller.UserController.Category (BAKERBAZZAR.API)'
2024-11-15 10:47:24.258 +05:30  INF  Route matched with {action = "Category", controller = "User"}. Executing controller action with signature System.Threading.Tasks.Task`1[Microsoft.AspNetCore.Mvc.ActionResult`1[BAKERBAZZAR.API.Models.ApiResponse]] Category(System.String) on controller BAKERBAZZAR.API.Controller.UserController (BAKERBAZZAR.API).
2024-11-15 10:47:27.091 +05:30  INF  Request starting HTTP/1.1 OPTIONS http://localhost:5145/user/cartdetails?displayId=23c3ec7a-92b1-44c6-93a2-01832315d9bd - -
2024-11-15 10:47:27.092 +05:30  INF  CORS policy execution successful.
2024-11-15 10:47:27.092 +05:30  INF  Request finished HTTP/1.1 OPTIONS http://localhost:5145/user/cartdetails?displayId=23c3ec7a-92b1-44c6-93a2-01832315d9bd - - - 204 - - 1.3140ms
2024-11-15 10:47:36.174 +05:30  INF  Executing ObjectResult, writing value of type 'BAKERBAZZAR.API.Models.ApiResponse'.
2024-11-15 10:47:36.174 +05:30  INF  Executing ObjectResult, writing value of type 'BAKERBAZZAR.API.Models.ApiResponse'.
2024-11-15 10:47:36.174 +05:30  INF  Executed action BAKERBAZZAR.API.Controller.UserController.Category (BAKERBAZZAR.API) in 11916.5894ms
2024-11-15 10:47:36.174 +05:30  INF  Executed action BAKERBAZZAR.API.Controller.UserController.CartDetails (BAKERBAZZAR.API) in 14016.415ms
2024-11-15 10:47:36.174 +05:30  INF  Executed endpoint 'BAKERBAZZAR.API.Controller.UserController.CartDetails (BAKERBAZZAR.API)'
2024-11-15 10:47:36.174 +05:30  INF  Executed endpoint 'BAKERBAZZAR.API.Controller.UserController.Category (BAKERBAZZAR.API)'
2024-11-15 10:47:36.174 +05:30  INF  Request finished HTTP/1.1 GET http://localhost:5145/user/category application/json - - 417 - application/json;+charset=utf-8 11916.9313ms
2024-11-15 10:47:36.174 +05:30  INF  Request finished HTTP/1.1 GET http://localhost:5145/user/cartdetails?displayId=23c3ec7a-92b1-44c6-93a2-01832315d9bd application/json - - 417 - application/json;+charset=utf-8 14016.7440ms
2024-11-15 10:47:36.176 +05:30  INF  Request starting HTTP/1.1 GET http://localhost:5145/user/cartdetails?displayId=23c3ec7a-92b1-44c6-93a2-01832315d9bd application/json -
2024-11-15 10:47:36.176 +05:30  INF  CORS policy execution successful.
2024-11-15 10:47:36.176 +05:30  INF  Executing endpoint 'BAKERBAZZAR.API.Controller.UserController.CartDetails (BAKERBAZZAR.API)'
2024-11-15 10:47:36.176 +05:30  INF  Route matched with {action = "CartDetails", controller = "User"}. Executing controller action with signature System.Threading.Tasks.Task`1[Microsoft.AspNetCore.Mvc.ActionResult`1[BAKERBAZZAR.API.Models.ApiResponse]] CartDetails(System.String) on controller BAKERBAZZAR.API.Controller.UserController (BAKERBAZZAR.API).
2024-11-15 10:47:36.176 +05:30  INF  Executing ObjectResult, writing value of type 'BAKERBAZZAR.API.Models.ApiResponse'.
2024-11-15 10:47:36.176 +05:30  INF  Executed action BAKERBAZZAR.API.Controller.UserController.CartDetails (BAKERBAZZAR.API) in 0.3468ms
2024-11-15 10:47:36.176 +05:30  INF  Executed endpoint 'BAKERBAZZAR.API.Controller.UserController.CartDetails (BAKERBAZZAR.API)'
2024-11-15 10:47:36.176 +05:30  INF  Request finished HTTP/1.1 GET http://localhost:5145/user/cartdetails?displayId=23c3ec7a-92b1-44c6-93a2-01832315d9bd application/json - - 417 - application/json;+charset=utf-8 0.5820ms
2024-11-15 10:47:55.906 +05:30  INF  Executing ObjectResult, writing value of type 'BAKERBAZZAR.API.Models.ApiResponse'.
2024-11-15 10:47:55.907 +05:30  INF  Executed action BAKERBAZZAR.API.Controller.UserController.CartDetails (BAKERBAZZAR.API) in 35005.0683ms
2024-11-15 10:47:55.907 +05:30  INF  Executed endpoint 'BAKERBAZZAR.API.Controller.UserController.CartDetails (BAKERBAZZAR.API)'
2024-11-15 10:47:55.907 +05:30  INF  Request finished HTTP/1.1 GET http://localhost:5145/user/cartdetails?displayId=23c3ec7a-92b1-44c6-93a2-01832315d9bd application/json - - 0 - application/json;+charset=utf-8 35005.4556ms
2024-11-15 10:49:20.383 +05:30  INF  Request starting HTTP/1.1 OPTIONS http://localhost:5145/user/myorders?displayid=e62f03f4-2dcf-4f80-bc23-341651bd9338&keyword=&code=null - -
2024-11-15 10:49:20.384 +05:30  INF  CORS policy execution successful.
2024-11-15 10:49:20.384 +05:30  INF  Request finished HTTP/1.1 OPTIONS http://localhost:5145/user/myorders?displayid=e62f03f4-2dcf-4f80-bc23-341651bd9338&keyword=&code=null - - - 204 - - 0.5890ms
2024-11-15 10:49:20.387 +05:30  INF  Request starting HTTP/1.1 GET http://localhost:5145/user/myorders?displayid=e62f03f4-2dcf-4f80-bc23-341651bd9338&keyword=&code=null application/json -
2024-11-15 10:49:20.387 +05:30  INF  CORS policy execution successful.
2024-11-15 10:49:20.387 +05:30  INF  Executing endpoint 'BAKERBAZZAR.API.Controller.UserController.MyOrders (BAKERBAZZAR.API)'
2024-11-15 10:49:20.387 +05:30  INF  Route matched with {action = "MyOrders", controller = "User"}. Executing controller action with signature System.Threading.Tasks.Task`1[Microsoft.AspNetCore.Mvc.ActionResult`1[BAKERBAZZAR.API.Models.ApiResponse]] MyOrders(System.String, System.String, System.String) on controller BAKERBAZZAR.API.Controller.UserController (BAKERBAZZAR.API).
2024-11-15 10:49:20.479 +05:30  INF  Executing ObjectResult, writing value of type 'BAKERBAZZAR.API.Models.ApiResponse'.
2024-11-15 10:49:20.479 +05:30  INF  Executed action BAKERBAZZAR.API.Controller.UserController.MyOrders (BAKERBAZZAR.API) in 91.9694ms
2024-11-15 10:49:20.479 +05:30  INF  Executed endpoint 'BAKERBAZZAR.API.Controller.UserController.MyOrders (BAKERBAZZAR.API)'
2024-11-15 10:49:20.479 +05:30  INF  Request finished HTTP/1.1 GET http://localhost:5145/user/myorders?displayid=e62f03f4-2dcf-4f80-bc23-341651bd9338&keyword=&code=null application/json - - 200 - application/json;+charset=utf-8 92.3733ms
2024-11-15 10:51:21.962 +05:30  INF  Request starting HTTP/1.1 OPTIONS http://localhost:5145/user/dashboard?displayid=e62f03f4-2dcf-4f80-bc23-341651bd9338 - -
2024-11-15 10:51:21.962 +05:30  INF  CORS policy execution successful.
2024-11-15 10:51:21.962 +05:30  INF  Request finished HTTP/1.1 OPTIONS http://localhost:5145/user/dashboard?displayid=e62f03f4-2dcf-4f80-bc23-341651bd9338 - - - 204 - - 0.2542ms
2024-11-15 10:51:21.963 +05:30  INF  Request starting HTTP/1.1 GET http://localhost:5145/user/dashboard?displayid=e62f03f4-2dcf-4f80-bc23-341651bd9338 application/json -
2024-11-15 10:51:21.963 +05:30  INF  CORS policy execution successful.
2024-11-15 10:51:21.963 +05:30  INF  Executing endpoint 'BAKERBAZZAR.API.Controller.UserController.Dashboard (BAKERBAZZAR.API)'
2024-11-15 10:51:21.963 +05:30  INF  Route matched with {action = "Dashboard", controller = "User"}. Executing controller action with signature System.Threading.Tasks.Task`1[Microsoft.AspNetCore.Mvc.ActionResult`1[BAKERBAZZAR.API.Models.ApiResponse]] Dashboard(System.String) on controller BAKERBAZZAR.API.Controller.UserController (BAKERBAZZAR.API).
2024-11-15 10:51:22.009 +05:30  INF  Executing ObjectResult, writing value of type 'BAKERBAZZAR.API.Models.ApiResponse'.
2024-11-15 10:51:22.009 +05:30  INF  Executed action BAKERBAZZAR.API.Controller.UserController.Dashboard (BAKERBAZZAR.API) in 46.5513ms
2024-11-15 10:51:22.010 +05:30  INF  Executed endpoint 'BAKERBAZZAR.API.Controller.UserController.Dashboard (BAKERBAZZAR.API)'
2024-11-15 10:51:22.010 +05:30  INF  Request finished HTTP/1.1 GET http://localhost:5145/user/dashboard?displayid=e62f03f4-2dcf-4f80-bc23-341651bd9338 application/json - - 200 - application/json;+charset=utf-8 46.9837ms
2024-11-15 10:51:38.273 +05:30  INF  Request starting HTTP/1.1 GET http://localhost:5145/User/CartDetails?displayid=23c3ec7a-92b1-44c6-93a2-01832315d9bd - -
2024-11-15 10:51:38.274 +05:30  INF  CORS policy execution successful.
2024-11-15 10:51:38.274 +05:30  INF  Executing endpoint 'BAKERBAZZAR.API.Controller.UserController.CartDetails (BAKERBAZZAR.API)'
2024-11-15 10:51:38.274 +05:30  INF  Route matched with {action = "CartDetails", controller = "User"}. Executing controller action with signature System.Threading.Tasks.Task`1[Microsoft.AspNetCore.Mvc.ActionResult`1[BAKERBAZZAR.API.Models.ApiResponse]] CartDetails(System.String) on controller BAKERBAZZAR.API.Controller.UserController (BAKERBAZZAR.API).
2024-11-15 10:51:38.287 +05:30  INF  Executing ObjectResult, writing value of type 'BAKERBAZZAR.API.Models.ApiResponse'.
2024-11-15 10:51:38.287 +05:30  INF  Executed action BAKERBAZZAR.API.Controller.UserController.CartDetails (BAKERBAZZAR.API) in 13.5162ms
2024-11-15 10:51:38.287 +05:30  INF  Executed endpoint 'BAKERBAZZAR.API.Controller.UserController.CartDetails (BAKERBAZZAR.API)'
2024-11-15 10:51:38.287 +05:30  INF  Request finished HTTP/1.1 GET http://localhost:5145/User/CartDetails?displayid=23c3ec7a-92b1-44c6-93a2-01832315d9bd - - - 200 - application/json;+charset=utf-8 13.9255ms
2024-11-15 10:51:38.289 +05:30  INF  Request starting HTTP/1.1 GET http://localhost:5145/User/CartDetails?displayid=23c3ec7a-92b1-44c6-93a2-01832315d9bd - -
2024-11-15 10:51:38.289 +05:30  INF  CORS policy execution successful.
2024-11-15 10:51:38.289 +05:30  INF  Executing endpoint 'BAKERBAZZAR.API.Controller.UserController.CartDetails (BAKERBAZZAR.API)'
2024-11-15 10:51:38.289 +05:30  INF  Route matched with {action = "CartDetails", controller = "User"}. Executing controller action with signature System.Threading.Tasks.Task`1[Microsoft.AspNetCore.Mvc.ActionResult`1[BAKERBAZZAR.API.Models.ApiResponse]] CartDetails(System.String) on controller BAKERBAZZAR.API.Controller.UserController (BAKERBAZZAR.API).
2024-11-15 10:51:38.290 +05:30  INF  Executing ObjectResult, writing value of type 'BAKERBAZZAR.API.Models.ApiResponse'.
2024-11-15 10:51:38.290 +05:30  INF  Executed action BAKERBAZZAR.API.Controller.UserController.CartDetails (BAKERBAZZAR.API) in 0.5789ms
2024-11-15 10:51:38.290 +05:30  INF  Executed endpoint 'BAKERBAZZAR.API.Controller.UserController.CartDetails (BAKERBAZZAR.API)'
2024-11-15 10:51:38.290 +05:30  INF  Request finished HTTP/1.1 GET http://localhost:5145/User/CartDetails?displayid=23c3ec7a-92b1-44c6-93a2-01832315d9bd - - - 200 - application/json;+charset=utf-8 0.8885ms
2024-11-15 10:51:41.960 +05:30  INF  Request starting HTTP/1.1 GET http://localhost:5145/User/CartDetails?displayid=23c3ec7a-92b1-44c6-93a2-01832315d9bd - -
2024-11-15 10:51:41.960 +05:30  INF  CORS policy execution successful.
2024-11-15 10:51:41.961 +05:30  INF  Executing endpoint 'BAKERBAZZAR.API.Controller.UserController.CartDetails (BAKERBAZZAR.API)'
2024-11-15 10:51:41.961 +05:30  INF  Route matched with {action = "CartDetails", controller = "User"}. Executing controller action with signature System.Threading.Tasks.Task`1[Microsoft.AspNetCore.Mvc.ActionResult`1[BAKERBAZZAR.API.Models.ApiResponse]] CartDetails(System.String) on controller BAKERBAZZAR.API.Controller.UserController (BAKERBAZZAR.API).
2024-11-15 10:51:41.962 +05:30  INF  Executing ObjectResult, writing value of type 'BAKERBAZZAR.API.Models.ApiResponse'.
2024-11-15 10:51:41.962 +05:30  INF  Executed action BAKERBAZZAR.API.Controller.UserController.CartDetails (BAKERBAZZAR.API) in 1.1899ms
2024-11-15 10:51:41.962 +05:30  INF  Executed endpoint 'BAKERBAZZAR.API.Controller.UserController.CartDetails (BAKERBAZZAR.API)'
2024-11-15 10:51:41.962 +05:30  INF  Request finished HTTP/1.1 GET http://localhost:5145/User/CartDetails?displayid=23c3ec7a-92b1-44c6-93a2-01832315d9bd - - - 200 - application/json;+charset=utf-8 1.8366ms
2024-11-15 10:51:41.966 +05:30  INF  Request starting HTTP/1.1 GET http://localhost:5145/User/Category - -
2024-11-15 10:51:41.966 +05:30  INF  Request starting HTTP/1.1 GET http://localhost:5145/user/products?categoryid= - -
2024-11-15 10:51:41.966 +05:30  INF  CORS policy execution successful.
2024-11-15 10:51:41.966 +05:30  INF  CORS policy execution successful.
2024-11-15 10:51:41.966 +05:30  INF  Executing endpoint 'BAKERBAZZAR.API.Controller.UserController.Products (BAKERBAZZAR.API)'
2024-11-15 10:51:41.966 +05:30  INF  Executing endpoint 'BAKERBAZZAR.API.Controller.UserController.Category (BAKERBAZZAR.API)'
2024-11-15 10:51:41.966 +05:30  INF  Route matched with {action = "Category", controller = "User"}. Executing controller action with signature System.Threading.Tasks.Task`1[Microsoft.AspNetCore.Mvc.ActionResult`1[BAKERBAZZAR.API.Models.ApiResponse]] Category(System.String) on controller BAKERBAZZAR.API.Controller.UserController (BAKERBAZZAR.API).
2024-11-15 10:51:41.966 +05:30  INF  Route matched with {action = "Products", controller = "User"}. Executing controller action with signature System.Threading.Tasks.Task`1[Microsoft.AspNetCore.Mvc.ActionResult`1[BAKERBAZZAR.API.Models.ApiResponse]] Products(System.String, System.String) on controller BAKERBAZZAR.API.Controller.UserController (BAKERBAZZAR.API).
2024-11-15 10:51:41.968 +05:30  INF  Request starting HTTP/1.1 GET http://localhost:5145/User/CartDetails?displayid=23c3ec7a-92b1-44c6-93a2-01832315d9bd - -
2024-11-15 10:51:41.968 +05:30  INF  CORS policy execution successful.
2024-11-15 10:51:41.968 +05:30  INF  Executing endpoint 'BAKERBAZZAR.API.Controller.UserController.CartDetails (BAKERBAZZAR.API)'
2024-11-15 10:51:41.968 +05:30  INF  Route matched with {action = "CartDetails", controller = "User"}. Executing controller action with signature System.Threading.Tasks.Task`1[Microsoft.AspNetCore.Mvc.ActionResult`1[BAKERBAZZAR.API.Models.ApiResponse]] CartDetails(System.String) on controller BAKERBAZZAR.API.Controller.UserController (BAKERBAZZAR.API).
2024-11-15 10:51:41.971 +05:30  INF  Executing ObjectResult, writing value of type 'BAKERBAZZAR.API.Models.ApiResponse'.
2024-11-15 10:51:41.971 +05:30  INF  Executed action BAKERBAZZAR.API.Controller.UserController.Category (BAKERBAZZAR.API) in 5.0728ms
2024-11-15 10:51:41.972 +05:30  INF  Executed endpoint 'BAKERBAZZAR.API.Controller.UserController.Category (BAKERBAZZAR.API)'
2024-11-15 10:51:41.972 +05:30  INF  Executing ObjectResult, writing value of type 'BAKERBAZZAR.API.Models.ApiResponse'.
2024-11-15 10:51:41.972 +05:30  INF  Request finished HTTP/1.1 GET http://localhost:5145/User/Category - - - 200 - application/json;+charset=utf-8 5.6193ms
2024-11-15 10:51:41.972 +05:30  INF  Executed action BAKERBAZZAR.API.Controller.UserController.CartDetails (BAKERBAZZAR.API) in 3.8358ms
2024-11-15 10:51:41.972 +05:30  INF  Executed endpoint 'BAKERBAZZAR.API.Controller.UserController.CartDetails (BAKERBAZZAR.API)'
2024-11-15 10:51:41.972 +05:30  INF  Request finished HTTP/1.1 GET http://localhost:5145/User/CartDetails?displayid=23c3ec7a-92b1-44c6-93a2-01832315d9bd - - - 200 - application/json;+charset=utf-8 4.1516ms
2024-11-15 10:51:41.975 +05:30  INF  Request starting HTTP/1.1 GET http://localhost:5145/User/Category - -
2024-11-15 10:51:41.975 +05:30  INF  CORS policy execution successful.
2024-11-15 10:51:41.975 +05:30  INF  Executing endpoint 'BAKERBAZZAR.API.Controller.UserController.Category (BAKERBAZZAR.API)'
2024-11-15 10:51:41.975 +05:30  INF  Route matched with {action = "Category", controller = "User"}. Executing controller action with signature System.Threading.Tasks.Task`1[Microsoft.AspNetCore.Mvc.ActionResult`1[BAKERBAZZAR.API.Models.ApiResponse]] Category(System.String) on controller BAKERBAZZAR.API.Controller.UserController (BAKERBAZZAR.API).
2024-11-15 10:51:41.976 +05:30  INF  Executing ObjectResult, writing value of type 'BAKERBAZZAR.API.Models.ApiResponse'.
2024-11-15 10:51:41.976 +05:30  INF  Executed action BAKERBAZZAR.API.Controller.UserController.Category (BAKERBAZZAR.API) in 1.3836ms
2024-11-15 10:51:41.976 +05:30  INF  Executed endpoint 'BAKERBAZZAR.API.Controller.UserController.Category (BAKERBAZZAR.API)'
2024-11-15 10:51:41.976 +05:30  INF  Request finished HTTP/1.1 GET http://localhost:5145/User/Category - - - 200 - application/json;+charset=utf-8 1.7258ms
2024-11-15 10:51:41.989 +05:30  INF  Executing ObjectResult, writing value of type 'BAKERBAZZAR.API.Models.ApiResponse'.
2024-11-15 10:51:41.990 +05:30  INF  Executed action BAKERBAZZAR.API.Controller.UserController.Products (BAKERBAZZAR.API) in 23.5314ms
2024-11-15 10:51:41.990 +05:30  INF  Executed endpoint 'BAKERBAZZAR.API.Controller.UserController.Products (BAKERBAZZAR.API)'
2024-11-15 10:51:41.990 +05:30  INF  Request finished HTTP/1.1 GET http://localhost:5145/user/products?categoryid= - - - 200 - application/json;+charset=utf-8 23.9210ms
2024-11-15 10:51:41.993 +05:30  INF  Request starting HTTP/1.1 GET http://localhost:5145/user/products?categoryid= - -
2024-11-15 10:51:41.993 +05:30  INF  CORS policy execution successful.
2024-11-15 10:51:41.993 +05:30  INF  Executing endpoint 'BAKERBAZZAR.API.Controller.UserController.Products (BAKERBAZZAR.API)'
2024-11-15 10:51:41.993 +05:30  INF  Route matched with {action = "Products", controller = "User"}. Executing controller action with signature System.Threading.Tasks.Task`1[Microsoft.AspNetCore.Mvc.ActionResult`1[BAKERBAZZAR.API.Models.ApiResponse]] Products(System.String, System.String) on controller BAKERBAZZAR.API.Controller.UserController (BAKERBAZZAR.API).
2024-11-15 10:51:41.997 +05:30  INF  Executing ObjectResult, writing value of type 'BAKERBAZZAR.API.Models.ApiResponse'.
2024-11-15 10:51:41.998 +05:30  INF  Executed action BAKERBAZZAR.API.Controller.UserController.Products (BAKERBAZZAR.API) in 4.6086ms
2024-11-15 10:51:41.998 +05:30  INF  Executed endpoint 'BAKERBAZZAR.API.Controller.UserController.Products (BAKERBAZZAR.API)'
2024-11-15 10:51:41.998 +05:30  INF  Request finished HTTP/1.1 GET http://localhost:5145/user/products?categoryid= - - - 200 - application/json;+charset=utf-8 4.9788ms
2024-11-15 10:52:09.510 +05:30  INF  Request starting HTTP/1.1 GET http://localhost:5145/User/CartDetails?displayid=23c3ec7a-92b1-44c6-93a2-01832315d9bd - -
2024-11-15 10:52:09.511 +05:30  INF  CORS policy execution successful.
2024-11-15 10:52:09.511 +05:30  INF  Executing endpoint 'BAKERBAZZAR.API.Controller.UserController.CartDetails (BAKERBAZZAR.API)'
2024-11-15 10:52:09.511 +05:30  INF  Route matched with {action = "CartDetails", controller = "User"}. Executing controller action with signature System.Threading.Tasks.Task`1[Microsoft.AspNetCore.Mvc.ActionResult`1[BAKERBAZZAR.API.Models.ApiResponse]] CartDetails(System.String) on controller BAKERBAZZAR.API.Controller.UserController (BAKERBAZZAR.API).
2024-11-15 10:52:09.537 +05:30  INF  Executing ObjectResult, writing value of type 'BAKERBAZZAR.API.Models.ApiResponse'.
2024-11-15 10:52:09.537 +05:30  INF  Executed action BAKERBAZZAR.API.Controller.UserController.CartDetails (BAKERBAZZAR.API) in 26.2787ms
2024-11-15 10:52:09.537 +05:30  INF  Executed endpoint 'BAKERBAZZAR.API.Controller.UserController.CartDetails (BAKERBAZZAR.API)'
2024-11-15 10:52:09.537 +05:30  INF  Request finished HTTP/1.1 GET http://localhost:5145/User/CartDetails?displayid=23c3ec7a-92b1-44c6-93a2-01832315d9bd - - - 200 - application/json;+charset=utf-8 26.8238ms
2024-11-15 10:52:09.538 +05:30  INF  Request starting HTTP/1.1 GET http://localhost:5145/User/CartDetails?displayid=23c3ec7a-92b1-44c6-93a2-01832315d9bd - -
2024-11-15 10:52:09.538 +05:30  INF  CORS policy execution successful.
2024-11-15 10:52:09.538 +05:30  INF  Executing endpoint 'BAKERBAZZAR.API.Controller.UserController.CartDetails (BAKERBAZZAR.API)'
2024-11-15 10:52:09.538 +05:30  INF  Route matched with {action = "CartDetails", controller = "User"}. Executing controller action with signature System.Threading.Tasks.Task`1[Microsoft.AspNetCore.Mvc.ActionResult`1[BAKERBAZZAR.API.Models.ApiResponse]] CartDetails(System.String) on controller BAKERBAZZAR.API.Controller.UserController (BAKERBAZZAR.API).
2024-11-15 10:52:09.539 +05:30  INF  Executing ObjectResult, writing value of type 'BAKERBAZZAR.API.Models.ApiResponse'.
2024-11-15 10:52:09.539 +05:30  INF  Executed action BAKERBAZZAR.API.Controller.UserController.CartDetails (BAKERBAZZAR.API) in 0.574ms
2024-11-15 10:52:09.539 +05:30  INF  Executed endpoint 'BAKERBAZZAR.API.Controller.UserController.CartDetails (BAKERBAZZAR.API)'
2024-11-15 10:52:09.539 +05:30  INF  Request finished HTTP/1.1 GET http://localhost:5145/User/CartDetails?displayid=23c3ec7a-92b1-44c6-93a2-01832315d9bd - - - 200 - application/json;+charset=utf-8 0.8195ms
2024-11-15 10:52:10.934 +05:30  INF  Request starting HTTP/1.1 GET http://localhost:5145/user/myorders?displayid=e62f03f4-2dcf-4f80-bc23-341651bd9338 - -
2024-11-15 10:52:10.934 +05:30  INF  CORS policy execution successful.
2024-11-15 10:52:10.934 +05:30  INF  Executing endpoint 'BAKERBAZZAR.API.Controller.UserController.MyOrders (BAKERBAZZAR.API)'
2024-11-15 10:52:10.935 +05:30  INF  Route matched with {action = "MyOrders", controller = "User"}. Executing controller action with signature System.Threading.Tasks.Task`1[Microsoft.AspNetCore.Mvc.ActionResult`1[BAKERBAZZAR.API.Models.ApiResponse]] MyOrders(System.String, System.String, System.String) on controller BAKERBAZZAR.API.Controller.UserController (BAKERBAZZAR.API).
2024-11-15 10:52:10.958 +05:30  INF  Executing ObjectResult, writing value of type 'BAKERBAZZAR.API.Models.ApiResponse'.
2024-11-15 10:52:10.958 +05:30  INF  Executed action BAKERBAZZAR.API.Controller.UserController.MyOrders (BAKERBAZZAR.API) in 23.6022ms
2024-11-15 10:52:10.958 +05:30  INF  Executed endpoint 'BAKERBAZZAR.API.Controller.UserController.MyOrders (BAKERBAZZAR.API)'
2024-11-15 10:52:10.958 +05:30  INF  Request finished HTTP/1.1 GET http://localhost:5145/user/myorders?displayid=e62f03f4-2dcf-4f80-bc23-341651bd9338 - - - 200 - application/json;+charset=utf-8 23.9683ms
2024-11-15 10:52:10.961 +05:30  INF  Request starting HTTP/1.1 GET http://localhost:5145/user/myorders?displayid=e62f03f4-2dcf-4f80-bc23-341651bd9338 - -
2024-11-15 10:52:10.961 +05:30  INF  CORS policy execution successful.
2024-11-15 10:52:10.961 +05:30  INF  Executing endpoint 'BAKERBAZZAR.API.Controller.UserController.MyOrders (BAKERBAZZAR.API)'
2024-11-15 10:52:10.961 +05:30  INF  Route matched with {action = "MyOrders", controller = "User"}. Executing controller action with signature System.Threading.Tasks.Task`1[Microsoft.AspNetCore.Mvc.ActionResult`1[BAKERBAZZAR.API.Models.ApiResponse]] MyOrders(System.String, System.String, System.String) on controller BAKERBAZZAR.API.Controller.UserController (BAKERBAZZAR.API).
2024-11-15 10:52:10.969 +05:30  INF  Executing ObjectResult, writing value of type 'BAKERBAZZAR.API.Models.ApiResponse'.
2024-11-15 10:52:10.969 +05:30  INF  Executed action BAKERBAZZAR.API.Controller.UserController.MyOrders (BAKERBAZZAR.API) in 8.3507ms
2024-11-15 10:52:10.969 +05:30  INF  Executed endpoint 'BAKERBAZZAR.API.Controller.UserController.MyOrders (BAKERBAZZAR.API)'
2024-11-15 10:52:10.969 +05:30  INF  Request finished HTTP/1.1 GET http://localhost:5145/user/myorders?displayid=e62f03f4-2dcf-4f80-bc23-341651bd9338 - - - 200 - application/json;+charset=utf-8 8.7180ms
2024-11-15 10:52:12.958 +05:30  INF  Request starting HTTP/1.1 GET http://localhost:5145/User/CartDetails?displayid=23c3ec7a-92b1-44c6-93a2-01832315d9bd - -
2024-11-15 10:52:12.958 +05:30  INF  CORS policy execution successful.
2024-11-15 10:52:12.958 +05:30  INF  Executing endpoint 'BAKERBAZZAR.API.Controller.UserController.CartDetails (BAKERBAZZAR.API)'
2024-11-15 10:52:12.959 +05:30  INF  Route matched with {action = "CartDetails", controller = "User"}. Executing controller action with signature System.Threading.Tasks.Task`1[Microsoft.AspNetCore.Mvc.ActionResult`1[BAKERBAZZAR.API.Models.ApiResponse]] CartDetails(System.String) on controller BAKERBAZZAR.API.Controller.UserController (BAKERBAZZAR.API).
2024-11-15 10:52:12.973 +05:30  INF  Executing ObjectResult, writing value of type 'BAKERBAZZAR.API.Models.ApiResponse'.
2024-11-15 10:52:12.974 +05:30  INF  Executed action BAKERBAZZAR.API.Controller.UserController.CartDetails (BAKERBAZZAR.API) in 13.6093ms
2024-11-15 10:52:12.974 +05:30  INF  Executed endpoint 'BAKERBAZZAR.API.Controller.UserController.CartDetails (BAKERBAZZAR.API)'
2024-11-15 10:52:12.974 +05:30  INF  Request finished HTTP/1.1 GET http://localhost:5145/User/CartDetails?displayid=23c3ec7a-92b1-44c6-93a2-01832315d9bd - - - 200 - application/json;+charset=utf-8 15.3760ms
2024-11-15 10:52:12.974 +05:30  INF  Request starting HTTP/1.1 GET http://localhost:5145/User/CartDetails?displayid=23c3ec7a-92b1-44c6-93a2-01832315d9bd - -
2024-11-15 10:52:12.975 +05:30  INF  CORS policy execution successful.
2024-11-15 10:52:12.975 +05:30  INF  Executing endpoint 'BAKERBAZZAR.API.Controller.UserController.CartDetails (BAKERBAZZAR.API)'
2024-11-15 10:52:12.975 +05:30  INF  Route matched with {action = "CartDetails", controller = "User"}. Executing controller action with signature System.Threading.Tasks.Task`1[Microsoft.AspNetCore.Mvc.ActionResult`1[BAKERBAZZAR.API.Models.ApiResponse]] CartDetails(System.String) on controller BAKERBAZZAR.API.Controller.UserController (BAKERBAZZAR.API).
2024-11-15 10:52:12.975 +05:30  INF  Executing ObjectResult, writing value of type 'BAKERBAZZAR.API.Models.ApiResponse'.
2024-11-15 10:52:12.975 +05:30  INF  Executed action BAKERBAZZAR.API.Controller.UserController.CartDetails (BAKERBAZZAR.API) in 0.5091ms
2024-11-15 10:52:12.975 +05:30  INF  Executed endpoint 'BAKERBAZZAR.API.Controller.UserController.CartDetails (BAKERBAZZAR.API)'
2024-11-15 10:52:12.976 +05:30  INF  Request finished HTTP/1.1 GET http://localhost:5145/User/CartDetails?displayid=23c3ec7a-92b1-44c6-93a2-01832315d9bd - - - 200 - application/json;+charset=utf-8 1.2400ms
2024-11-15 10:52:13.884 +05:30  INF  Request starting HTTP/1.1 GET http://localhost:5145/user/myorders?displayid=e62f03f4-2dcf-4f80-bc23-341651bd9338 - -
2024-11-15 10:52:13.884 +05:30  INF  CORS policy execution successful.
2024-11-15 10:52:13.884 +05:30  INF  Executing endpoint 'BAKERBAZZAR.API.Controller.UserController.MyOrders (BAKERBAZZAR.API)'
2024-11-15 10:52:13.884 +05:30  INF  Route matched with {action = "MyOrders", controller = "User"}. Executing controller action with signature System.Threading.Tasks.Task`1[Microsoft.AspNetCore.Mvc.ActionResult`1[BAKERBAZZAR.API.Models.ApiResponse]] MyOrders(System.String, System.String, System.String) on controller BAKERBAZZAR.API.Controller.UserController (BAKERBAZZAR.API).
2024-11-15 10:52:13.896 +05:30  INF  Executing ObjectResult, writing value of type 'BAKERBAZZAR.API.Models.ApiResponse'.
2024-11-15 10:52:13.897 +05:30  INF  Executed action BAKERBAZZAR.API.Controller.UserController.MyOrders (BAKERBAZZAR.API) in 12.2775ms
2024-11-15 10:52:13.897 +05:30  INF  Executed endpoint 'BAKERBAZZAR.API.Controller.UserController.MyOrders (BAKERBAZZAR.API)'
2024-11-15 10:52:13.897 +05:30  INF  Request finished HTTP/1.1 GET http://localhost:5145/user/myorders?displayid=e62f03f4-2dcf-4f80-bc23-341651bd9338 - - - 200 - application/json;+charset=utf-8 12.7838ms
2024-11-15 10:52:13.899 +05:30  INF  Request starting HTTP/1.1 GET http://localhost:5145/user/myorders?displayid=e62f03f4-2dcf-4f80-bc23-341651bd9338 - -
2024-11-15 10:52:13.899 +05:30  INF  CORS policy execution successful.
2024-11-15 10:52:13.899 +05:30  INF  Executing endpoint 'BAKERBAZZAR.API.Controller.UserController.MyOrders (BAKERBAZZAR.API)'
2024-11-15 10:52:13.899 +05:30  INF  Route matched with {action = "MyOrders", controller = "User"}. Executing controller action with signature System.Threading.Tasks.Task`1[Microsoft.AspNetCore.Mvc.ActionResult`1[BAKERBAZZAR.API.Models.ApiResponse]] MyOrders(System.String, System.String, System.String) on controller BAKERBAZZAR.API.Controller.UserController (BAKERBAZZAR.API).
2024-11-15 10:52:13.902 +05:30  INF  Executing ObjectResult, writing value of type 'BAKERBAZZAR.API.Models.ApiResponse'.
2024-11-15 10:52:13.902 +05:30  INF  Executed action BAKERBAZZAR.API.Controller.UserController.MyOrders (BAKERBAZZAR.API) in 3.334ms
2024-11-15 10:52:13.902 +05:30  INF  Executed endpoint 'BAKERBAZZAR.API.Controller.UserController.MyOrders (BAKERBAZZAR.API)'
2024-11-15 10:52:13.902 +05:30  INF  Request finished HTTP/1.1 GET http://localhost:5145/user/myorders?displayid=e62f03f4-2dcf-4f80-bc23-341651bd9338 - - - 200 - application/json;+charset=utf-8 3.7064ms
2024-11-15 10:52:36.377 +05:30  INF  Request starting HTTP/1.1 GET http://localhost:5145/user/products?categoryid=3e85ca1f-91c2-42f2-9b05-bd920051c25e - -
2024-11-15 10:52:36.377 +05:30  INF  CORS policy execution successful.
2024-11-15 10:52:36.377 +05:30  INF  Executing endpoint 'BAKERBAZZAR.API.Controller.UserController.Products (BAKERBAZZAR.API)'
2024-11-15 10:52:36.377 +05:30  INF  Route matched with {action = "Products", controller = "User"}. Executing controller action with signature System.Threading.Tasks.Task`1[Microsoft.AspNetCore.Mvc.ActionResult`1[BAKERBAZZAR.API.Models.ApiResponse]] Products(System.String, System.String) on controller BAKERBAZZAR.API.Controller.UserController (BAKERBAZZAR.API).
2024-11-15 10:52:36.397 +05:30  INF  Executing ObjectResult, writing value of type 'BAKERBAZZAR.API.Models.ApiResponse'.
2024-11-15 10:52:36.397 +05:30  INF  Executed action BAKERBAZZAR.API.Controller.UserController.Products (BAKERBAZZAR.API) in 20.2938ms
2024-11-15 10:52:36.397 +05:30  INF  Executed endpoint 'BAKERBAZZAR.API.Controller.UserController.Products (BAKERBAZZAR.API)'
2024-11-15 10:52:36.397 +05:30  INF  Request finished HTTP/1.1 GET http://localhost:5145/user/products?categoryid=3e85ca1f-91c2-42f2-9b05-bd920051c25e - - - 200 - application/json;+charset=utf-8 20.6370ms
2024-11-15 10:52:57.123 +05:30  INF  Request starting HTTP/1.1 GET http://localhost:5145/User/CartDetails?displayid=23c3ec7a-92b1-44c6-93a2-01832315d9bd - -
2024-11-15 10:52:57.123 +05:30  INF  CORS policy execution successful.
2024-11-15 10:52:57.124 +05:30  INF  Executing endpoint 'BAKERBAZZAR.API.Controller.UserController.CartDetails (BAKERBAZZAR.API)'
2024-11-15 10:52:57.124 +05:30  INF  Route matched with {action = "CartDetails", controller = "User"}. Executing controller action with signature System.Threading.Tasks.Task`1[Microsoft.AspNetCore.Mvc.ActionResult`1[BAKERBAZZAR.API.Models.ApiResponse]] CartDetails(System.String) on controller BAKERBAZZAR.API.Controller.UserController (BAKERBAZZAR.API).
2024-11-15 10:52:57.149 +05:30  INF  Executing ObjectResult, writing value of type 'BAKERBAZZAR.API.Models.ApiResponse'.
2024-11-15 10:52:57.149 +05:30  INF  Executed action BAKERBAZZAR.API.Controller.UserController.CartDetails (BAKERBAZZAR.API) in 24.6207ms
2024-11-15 10:52:57.149 +05:30  INF  Executed endpoint 'BAKERBAZZAR.API.Controller.UserController.CartDetails (BAKERBAZZAR.API)'
2024-11-15 10:52:57.149 +05:30  INF  Request finished HTTP/1.1 GET http://localhost:5145/User/CartDetails?displayid=23c3ec7a-92b1-44c6-93a2-01832315d9bd - - - 200 - application/json;+charset=utf-8 25.6138ms
2024-11-15 10:52:57.150 +05:30  INF  Request starting HTTP/1.1 GET http://localhost:5145/User/CartDetails?displayid=23c3ec7a-92b1-44c6-93a2-01832315d9bd - -
2024-11-15 10:52:57.150 +05:30  INF  CORS policy execution successful.
2024-11-15 10:52:57.150 +05:30  INF  Executing endpoint 'BAKERBAZZAR.API.Controller.UserController.CartDetails (BAKERBAZZAR.API)'
2024-11-15 10:52:57.150 +05:30  INF  Route matched with {action = "CartDetails", controller = "User"}. Executing controller action with signature System.Threading.Tasks.Task`1[Microsoft.AspNetCore.Mvc.ActionResult`1[BAKERBAZZAR.API.Models.ApiResponse]] CartDetails(System.String) on controller BAKERBAZZAR.API.Controller.UserController (BAKERBAZZAR.API).
2024-11-15 10:52:57.150 +05:30  INF  Executing ObjectResult, writing value of type 'BAKERBAZZAR.API.Models.ApiResponse'.
2024-11-15 10:52:57.150 +05:30  INF  Executed action BAKERBAZZAR.API.Controller.UserController.CartDetails (BAKERBAZZAR.API) in 0.4998ms
2024-11-15 10:52:57.150 +05:30  INF  Executed endpoint 'BAKERBAZZAR.API.Controller.UserController.CartDetails (BAKERBAZZAR.API)'
2024-11-15 10:52:57.151 +05:30  INF  Request finished HTTP/1.1 GET http://localhost:5145/User/CartDetails?displayid=23c3ec7a-92b1-44c6-93a2-01832315d9bd - - - 200 - application/json;+charset=utf-8 0.7692ms
2024-11-15 10:53:01.133 +05:30  INF  Request starting HTTP/1.1 GET http://localhost:5145/user/myorders?displayid=e62f03f4-2dcf-4f80-bc23-341651bd9338 - -
2024-11-15 10:53:01.133 +05:30  INF  CORS policy execution successful.
2024-11-15 10:53:01.133 +05:30  INF  Executing endpoint 'BAKERBAZZAR.API.Controller.UserController.MyOrders (BAKERBAZZAR.API)'
2024-11-15 10:53:01.133 +05:30  INF  Route matched with {action = "MyOrders", controller = "User"}. Executing controller action with signature System.Threading.Tasks.Task`1[Microsoft.AspNetCore.Mvc.ActionResult`1[BAKERBAZZAR.API.Models.ApiResponse]] MyOrders(System.String, System.String, System.String) on controller BAKERBAZZAR.API.Controller.UserController (BAKERBAZZAR.API).
2024-11-15 10:53:01.160 +05:30  INF  Executing ObjectResult, writing value of type 'BAKERBAZZAR.API.Models.ApiResponse'.
2024-11-15 10:53:01.160 +05:30  INF  Executed action BAKERBAZZAR.API.Controller.UserController.MyOrders (BAKERBAZZAR.API) in 26.6042ms
2024-11-15 10:53:01.160 +05:30  INF  Executed endpoint 'BAKERBAZZAR.API.Controller.UserController.MyOrders (BAKERBAZZAR.API)'
2024-11-15 10:53:01.160 +05:30  INF  Request finished HTTP/1.1 GET http://localhost:5145/user/myorders?displayid=e62f03f4-2dcf-4f80-bc23-341651bd9338 - - - 200 - application/json;+charset=utf-8 26.9208ms
2024-11-15 10:53:01.163 +05:30  INF  Request starting HTTP/1.1 GET http://localhost:5145/user/myorders?displayid=e62f03f4-2dcf-4f80-bc23-341651bd9338 - -
2024-11-15 10:53:01.163 +05:30  INF  CORS policy execution successful.
2024-11-15 10:53:01.163 +05:30  INF  Executing endpoint 'BAKERBAZZAR.API.Controller.UserController.MyOrders (BAKERBAZZAR.API)'
2024-11-15 10:53:01.163 +05:30  INF  Route matched with {action = "MyOrders", controller = "User"}. Executing controller action with signature System.Threading.Tasks.Task`1[Microsoft.AspNetCore.Mvc.ActionResult`1[BAKERBAZZAR.API.Models.ApiResponse]] MyOrders(System.String, System.String, System.String) on controller BAKERBAZZAR.API.Controller.UserController (BAKERBAZZAR.API).
2024-11-15 10:53:01.166 +05:30  INF  Executing ObjectResult, writing value of type 'BAKERBAZZAR.API.Models.ApiResponse'.
2024-11-15 10:53:01.166 +05:30  INF  Executed action BAKERBAZZAR.API.Controller.UserController.MyOrders (BAKERBAZZAR.API) in 2.9625ms
2024-11-15 10:53:01.166 +05:30  INF  Executed endpoint 'BAKERBAZZAR.API.Controller.UserController.MyOrders (BAKERBAZZAR.API)'
2024-11-15 10:53:01.166 +05:30  INF  Request finished HTTP/1.1 GET http://localhost:5145/user/myorders?displayid=e62f03f4-2dcf-4f80-bc23-341651bd9338 - - - 200 - application/json;+charset=utf-8 3.3409ms
2024-11-15 10:56:33.734 +05:30  INF  Request starting HTTP/1.1 GET http://localhost:5145/user/products?categoryid= - -
2024-11-15 10:56:33.734 +05:30  INF  Request starting HTTP/1.1 GET http://localhost:5145/User/Category - -
2024-11-15 10:56:33.734 +05:30  INF  CORS policy execution successful.
2024-11-15 10:56:33.735 +05:30  INF  Executing endpoint 'BAKERBAZZAR.API.Controller.UserController.Products (BAKERBAZZAR.API)'
2024-11-15 10:56:33.735 +05:30  INF  Route matched with {action = "Products", controller = "User"}. Executing controller action with signature System.Threading.Tasks.Task`1[Microsoft.AspNetCore.Mvc.ActionResult`1[BAKERBAZZAR.API.Models.ApiResponse]] Products(System.String, System.String) on controller BAKERBAZZAR.API.Controller.UserController (BAKERBAZZAR.API).
2024-11-15 10:56:33.738 +05:30  INF  CORS policy execution successful.
2024-11-15 10:56:33.738 +05:30  INF  Executing endpoint 'BAKERBAZZAR.API.Controller.UserController.Category (BAKERBAZZAR.API)'
2024-11-15 10:56:33.738 +05:30  INF  Route matched with {action = "Category", controller = "User"}. Executing controller action with signature System.Threading.Tasks.Task`1[Microsoft.AspNetCore.Mvc.ActionResult`1[BAKERBAZZAR.API.Models.ApiResponse]] Category(System.String) on controller BAKERBAZZAR.API.Controller.UserController (BAKERBAZZAR.API).
2024-11-15 10:56:33.764 +05:30  INF  Executing ObjectResult, writing value of type 'BAKERBAZZAR.API.Models.ApiResponse'.
2024-11-15 10:56:33.764 +05:30  INF  Executed action BAKERBAZZAR.API.Controller.UserController.Category (BAKERBAZZAR.API) in 26.4153ms
2024-11-15 10:56:33.764 +05:30  INF  Executed endpoint 'BAKERBAZZAR.API.Controller.UserController.Category (BAKERBAZZAR.API)'
2024-11-15 10:56:33.764 +05:30  INF  Request finished HTTP/1.1 GET http://localhost:5145/User/Category - - - 200 - application/json;+charset=utf-8 30.7710ms
2024-11-15 10:56:33.767 +05:30  INF  Request starting HTTP/1.1 GET http://localhost:5145/User/Category - -
2024-11-15 10:56:33.767 +05:30  INF  CORS policy execution successful.
2024-11-15 10:56:33.767 +05:30  INF  Executing endpoint 'BAKERBAZZAR.API.Controller.UserController.Category (BAKERBAZZAR.API)'
2024-11-15 10:56:33.767 +05:30  INF  Route matched with {action = "Category", controller = "User"}. Executing controller action with signature System.Threading.Tasks.Task`1[Microsoft.AspNetCore.Mvc.ActionResult`1[BAKERBAZZAR.API.Models.ApiResponse]] Category(System.String) on controller BAKERBAZZAR.API.Controller.UserController (BAKERBAZZAR.API).
2024-11-15 10:56:33.770 +05:30  INF  Executing ObjectResult, writing value of type 'BAKERBAZZAR.API.Models.ApiResponse'.
2024-11-15 10:56:33.775 +05:30  INF  Executing ObjectResult, writing value of type 'BAKERBAZZAR.API.Models.ApiResponse'.
2024-11-15 10:56:33.776 +05:30  INF  Executed action BAKERBAZZAR.API.Controller.UserController.Category (BAKERBAZZAR.API) in 8.4926ms
2024-11-15 10:56:33.776 +05:30  INF  Executed endpoint 'BAKERBAZZAR.API.Controller.UserController.Category (BAKERBAZZAR.API)'
2024-11-15 10:56:33.776 +05:30  INF  Request finished HTTP/1.1 GET http://localhost:5145/User/Category - - - 200 - application/json;+charset=utf-8 9.0768ms
2024-11-15 10:56:33.785 +05:30  INF  Request starting HTTP/1.1 GET http://localhost:5145/user/products?categoryid= - -
2024-11-15 10:56:33.785 +05:30  INF  CORS policy execution successful.
2024-11-15 10:56:33.786 +05:30  INF  Executing endpoint 'BAKERBAZZAR.API.Controller.UserController.Products (BAKERBAZZAR.API)'
2024-11-15 10:56:33.786 +05:30  INF  Route matched with {action = "Products", controller = "User"}. Executing controller action with signature System.Threading.Tasks.Task`1[Microsoft.AspNetCore.Mvc.ActionResult`1[BAKERBAZZAR.API.Models.ApiResponse]] Products(System.String, System.String) on controller BAKERBAZZAR.API.Controller.UserController (BAKERBAZZAR.API).
2024-11-15 10:56:33.798 +05:30  INF  Executed action BAKERBAZZAR.API.Controller.UserController.Products (BAKERBAZZAR.API) in 62.336ms
2024-11-15 10:56:33.798 +05:30  INF  Executed endpoint 'BAKERBAZZAR.API.Controller.UserController.Products (BAKERBAZZAR.API)'
2024-11-15 10:56:33.798 +05:30  INF  Request finished HTTP/1.1 GET http://localhost:5145/user/products?categoryid= - - - 200 - application/json;+charset=utf-8 64.3911ms
2024-11-15 10:56:33.800 +05:30  INF  Executing ObjectResult, writing value of type 'BAKERBAZZAR.API.Models.ApiResponse'.
2024-11-15 10:56:33.806 +05:30  INF  Executed action BAKERBAZZAR.API.Controller.UserController.Products (BAKERBAZZAR.API) in 20.1405ms
2024-11-15 10:56:33.806 +05:30  INF  Executed endpoint 'BAKERBAZZAR.API.Controller.UserController.Products (BAKERBAZZAR.API)'
2024-11-15 10:56:33.806 +05:30  INF  Request finished HTTP/1.1 GET http://localhost:5145/user/products?categoryid= - - - 200 - application/json;+charset=utf-8 21.1704ms
2024-11-15 10:57:27.023 +05:30  INF  Request starting HTTP/1.1 OPTIONS http://localhost:5145/Authentication/Login - -
2024-11-15 10:57:27.024 +05:30  INF  CORS policy execution successful.
2024-11-15 10:57:27.024 +05:30  INF  Request finished HTTP/1.1 OPTIONS http://localhost:5145/Authentication/Login - - - 204 - - 0.8722ms
2024-11-15 10:57:27.025 +05:30  INF  Request starting HTTP/1.1 POST http://localhost:5145/Authentication/Login application/json 37
2024-11-15 10:57:27.025 +05:30  INF  CORS policy execution successful.
2024-11-15 10:57:27.026 +05:30  INF  Executing endpoint 'BAKERBAZZAR.API.Controller.AuthenticationController.VerifyUser (BAKERBAZZAR.API)'
2024-11-15 10:57:27.026 +05:30  INF  Route matched with {action = "VerifyUser", controller = "Authentication"}. Executing controller action with signature System.Threading.Tasks.Task`1[Microsoft.AspNetCore.Mvc.ActionResult`1[BAKERBAZZAR.API.Models.ApiResponse]] VerifyUser(BAKERBAZZAR.API.Models.IO_Templates.LoginRequest) on controller BAKERBAZZAR.API.Controller.AuthenticationController (BAKERBAZZAR.API).
2024-11-15 10:57:27.027 +05:30  INF  verify user execution start
2024-11-15 10:57:27.067 +05:30  INF  verify user execution end
2024-11-15 10:57:27.067 +05:30  INF  Executing ObjectResult, writing value of type 'BAKERBAZZAR.API.Models.ApiResponse'.
2024-11-15 10:57:27.067 +05:30  INF  Executed action BAKERBAZZAR.API.Controller.AuthenticationController.VerifyUser (BAKERBAZZAR.API) in 41.4557ms
2024-11-15 10:57:27.067 +05:30  INF  Executed endpoint 'BAKERBAZZAR.API.Controller.AuthenticationController.VerifyUser (BAKERBAZZAR.API)'
2024-11-15 10:57:27.067 +05:30  INF  Request finished HTTP/1.1 POST http://localhost:5145/Authentication/Login application/json 37 - 200 - application/json;+charset=utf-8 41.9617ms
2024-11-15 10:57:32.096 +05:30  INF  Request starting HTTP/1.1 GET http://localhost:5145/user/products?categoryid=3e85ca1f-91c2-42f2-9b05-bd920051c25e - -
2024-11-15 10:57:32.096 +05:30  INF  CORS policy execution successful.
2024-11-15 10:57:32.096 +05:30  INF  Executing endpoint 'BAKERBAZZAR.API.Controller.UserController.Products (BAKERBAZZAR.API)'
2024-11-15 10:57:32.096 +05:30  INF  Route matched with {action = "Products", controller = "User"}. Executing controller action with signature System.Threading.Tasks.Task`1[Microsoft.AspNetCore.Mvc.ActionResult`1[BAKERBAZZAR.API.Models.ApiResponse]] Products(System.String, System.String) on controller BAKERBAZZAR.API.Controller.UserController (BAKERBAZZAR.API).
2024-11-15 10:57:32.115 +05:30  INF  Executing ObjectResult, writing value of type 'BAKERBAZZAR.API.Models.ApiResponse'.
2024-11-15 10:57:32.115 +05:30  INF  Executed action BAKERBAZZAR.API.Controller.UserController.Products (BAKERBAZZAR.API) in 19.096ms
2024-11-15 10:57:32.116 +05:30  INF  Executed endpoint 'BAKERBAZZAR.API.Controller.UserController.Products (BAKERBAZZAR.API)'
2024-11-15 10:57:32.116 +05:30  INF  Request finished HTTP/1.1 GET http://localhost:5145/user/products?categoryid=3e85ca1f-91c2-42f2-9b05-bd920051c25e - - - 200 - application/json;+charset=utf-8 20.2841ms
2024-11-15 10:57:52.140 +05:30  INF  Request starting HTTP/1.1 GET http://localhost:5145/User/CartDetails?displayid=318706b3-5cce-44a5-a4ed-4f721b0d8d2f - -
2024-11-15 10:57:52.141 +05:30  INF  CORS policy execution successful.
2024-11-15 10:57:52.142 +05:30  INF  Executing endpoint 'BAKERBAZZAR.API.Controller.UserController.CartDetails (BAKERBAZZAR.API)'
2024-11-15 10:57:52.142 +05:30  INF  Route matched with {action = "CartDetails", controller = "User"}. Executing controller action with signature System.Threading.Tasks.Task`1[Microsoft.AspNetCore.Mvc.ActionResult`1[BAKERBAZZAR.API.Models.ApiResponse]] CartDetails(System.String) on controller BAKERBAZZAR.API.Controller.UserController (BAKERBAZZAR.API).
2024-11-15 10:57:52.162 +05:30  INF  Executing ObjectResult, writing value of type 'BAKERBAZZAR.API.Models.ApiResponse'.
2024-11-15 10:57:52.163 +05:30  INF  Executed action BAKERBAZZAR.API.Controller.UserController.CartDetails (BAKERBAZZAR.API) in 20.1971ms
2024-11-15 10:57:52.163 +05:30  INF  Executed endpoint 'BAKERBAZZAR.API.Controller.UserController.CartDetails (BAKERBAZZAR.API)'
2024-11-15 10:57:52.163 +05:30  INF  Request finished HTTP/1.1 GET http://localhost:5145/User/CartDetails?displayid=318706b3-5cce-44a5-a4ed-4f721b0d8d2f - - - 200 - application/json;+charset=utf-8 22.5348ms
2024-11-15 10:57:52.165 +05:30  INF  Request starting HTTP/1.1 GET http://localhost:5145/User/CartDetails?displayid=318706b3-5cce-44a5-a4ed-4f721b0d8d2f - -
2024-11-15 10:57:52.166 +05:30  INF  CORS policy execution successful.
2024-11-15 10:57:52.166 +05:30  INF  Executing endpoint 'BAKERBAZZAR.API.Controller.UserController.CartDetails (BAKERBAZZAR.API)'
2024-11-15 10:57:52.166 +05:30  INF  Route matched with {action = "CartDetails", controller = "User"}. Executing controller action with signature System.Threading.Tasks.Task`1[Microsoft.AspNetCore.Mvc.ActionResult`1[BAKERBAZZAR.API.Models.ApiResponse]] CartDetails(System.String) on controller BAKERBAZZAR.API.Controller.UserController (BAKERBAZZAR.API).
2024-11-15 10:57:52.167 +05:30  INF  Executing ObjectResult, writing value of type 'BAKERBAZZAR.API.Models.ApiResponse'.
2024-11-15 10:57:52.167 +05:30  INF  Executed action BAKERBAZZAR.API.Controller.UserController.CartDetails (BAKERBAZZAR.API) in 1.1216ms
2024-11-15 10:57:52.167 +05:30  INF  Executed endpoint 'BAKERBAZZAR.API.Controller.UserController.CartDetails (BAKERBAZZAR.API)'
2024-11-15 10:57:52.167 +05:30  INF  Request finished HTTP/1.1 GET http://localhost:5145/User/CartDetails?displayid=318706b3-5cce-44a5-a4ed-4f721b0d8d2f - - - 200 - application/json;+charset=utf-8 1.7970ms
2024-11-15 10:57:54.091 +05:30  INF  Request starting HTTP/1.1 GET http://localhost:5145/user/myorders?displayid=e62f03f4-2dcf-4f80-bc23-341651bd9338 - -
2024-11-15 10:57:54.091 +05:30  INF  CORS policy execution successful.
2024-11-15 10:57:54.091 +05:30  INF  Executing endpoint 'BAKERBAZZAR.API.Controller.UserController.MyOrders (BAKERBAZZAR.API)'
2024-11-15 10:57:54.091 +05:30  INF  Route matched with {action = "MyOrders", controller = "User"}. Executing controller action with signature System.Threading.Tasks.Task`1[Microsoft.AspNetCore.Mvc.ActionResult`1[BAKERBAZZAR.API.Models.ApiResponse]] MyOrders(System.String, System.String, System.String) on controller BAKERBAZZAR.API.Controller.UserController (BAKERBAZZAR.API).
2024-11-15 10:57:54.111 +05:30  INF  Executing ObjectResult, writing value of type 'BAKERBAZZAR.API.Models.ApiResponse'.
2024-11-15 10:57:54.111 +05:30  INF  Executed action BAKERBAZZAR.API.Controller.UserController.MyOrders (BAKERBAZZAR.API) in 20.0976ms
2024-11-15 10:57:54.111 +05:30  INF  Executed endpoint 'BAKERBAZZAR.API.Controller.UserController.MyOrders (BAKERBAZZAR.API)'
2024-11-15 10:57:54.111 +05:30  INF  Request finished HTTP/1.1 GET http://localhost:5145/user/myorders?displayid=e62f03f4-2dcf-4f80-bc23-341651bd9338 - - - 200 - application/json;+charset=utf-8 20.4865ms
2024-11-15 10:57:54.114 +05:30  INF  Request starting HTTP/1.1 GET http://localhost:5145/user/myorders?displayid=e62f03f4-2dcf-4f80-bc23-341651bd9338 - -
2024-11-15 10:57:54.114 +05:30  INF  CORS policy execution successful.
2024-11-15 10:57:54.114 +05:30  INF  Executing endpoint 'BAKERBAZZAR.API.Controller.UserController.MyOrders (BAKERBAZZAR.API)'
2024-11-15 10:57:54.114 +05:30  INF  Route matched with {action = "MyOrders", controller = "User"}. Executing controller action with signature System.Threading.Tasks.Task`1[Microsoft.AspNetCore.Mvc.ActionResult`1[BAKERBAZZAR.API.Models.ApiResponse]] MyOrders(System.String, System.String, System.String) on controller BAKERBAZZAR.API.Controller.UserController (BAKERBAZZAR.API).
2024-11-15 10:57:54.117 +05:30  INF  Executing ObjectResult, writing value of type 'BAKERBAZZAR.API.Models.ApiResponse'.
2024-11-15 10:57:54.118 +05:30  INF  Executed action BAKERBAZZAR.API.Controller.UserController.MyOrders (BAKERBAZZAR.API) in 3.3493ms
2024-11-15 10:57:54.118 +05:30  INF  Executed endpoint 'BAKERBAZZAR.API.Controller.UserController.MyOrders (BAKERBAZZAR.API)'
2024-11-15 10:57:54.118 +05:30  INF  Request finished HTTP/1.1 GET http://localhost:5145/user/myorders?displayid=e62f03f4-2dcf-4f80-bc23-341651bd9338 - - - 200 - application/json;+charset=utf-8 3.7764ms
2024-11-15 10:57:58.133 +05:30  INF  Request starting HTTP/1.1 GET http://localhost:5145/user/orderdetails?displayid=23c3ec7a-92b1-44c6-93a2-01832315d9bd - -
2024-11-15 10:57:58.133 +05:30  INF  CORS policy execution successful.
2024-11-15 10:57:58.133 +05:30  INF  Executing endpoint 'BAKERBAZZAR.API.Controller.UserController.OrderDetails (BAKERBAZZAR.API)'
2024-11-15 10:57:58.133 +05:30  INF  Route matched with {action = "OrderDetails", controller = "User"}. Executing controller action with signature System.Threading.Tasks.Task`1[Microsoft.AspNetCore.Mvc.ActionResult`1[BAKERBAZZAR.API.Models.ApiResponse]] OrderDetails(System.String, System.String, Int32) on controller BAKERBAZZAR.API.Controller.UserController (BAKERBAZZAR.API).
2024-11-15 10:57:58.165 +05:30  INF  Executing ObjectResult, writing value of type 'BAKERBAZZAR.API.Models.ApiResponse'.
2024-11-15 10:57:58.165 +05:30  INF  Executed action BAKERBAZZAR.API.Controller.UserController.OrderDetails (BAKERBAZZAR.API) in 31.8934ms
2024-11-15 10:57:58.165 +05:30  INF  Executed endpoint 'BAKERBAZZAR.API.Controller.UserController.OrderDetails (BAKERBAZZAR.API)'
2024-11-15 10:57:58.165 +05:30  INF  Request finished HTTP/1.1 GET http://localhost:5145/user/orderdetails?displayid=23c3ec7a-92b1-44c6-93a2-01832315d9bd - - - 200 - application/json;+charset=utf-8 32.3316ms
2024-11-15 10:58:05.852 +05:30  INF  Request starting HTTP/1.1 GET http://localhost:5145/user/myorders?displayid=e62f03f4-2dcf-4f80-bc23-341651bd9338 - -
2024-11-15 10:58:05.852 +05:30  INF  CORS policy execution successful.
2024-11-15 10:58:05.852 +05:30  INF  Executing endpoint 'BAKERBAZZAR.API.Controller.UserController.MyOrders (BAKERBAZZAR.API)'
2024-11-15 10:58:05.852 +05:30  INF  Route matched with {action = "MyOrders", controller = "User"}. Executing controller action with signature System.Threading.Tasks.Task`1[Microsoft.AspNetCore.Mvc.ActionResult`1[BAKERBAZZAR.API.Models.ApiResponse]] MyOrders(System.String, System.String, System.String) on controller BAKERBAZZAR.API.Controller.UserController (BAKERBAZZAR.API).
2024-11-15 10:58:05.856 +05:30  INF  Executing ObjectResult, writing value of type 'BAKERBAZZAR.API.Models.ApiResponse'.
2024-11-15 10:58:05.856 +05:30  INF  Executed action BAKERBAZZAR.API.Controller.UserController.MyOrders (BAKERBAZZAR.API) in 3.7959ms
2024-11-15 10:58:05.856 +05:30  INF  Executed endpoint 'BAKERBAZZAR.API.Controller.UserController.MyOrders (BAKERBAZZAR.API)'
2024-11-15 10:58:05.856 +05:30  INF  Request finished HTTP/1.1 GET http://localhost:5145/user/myorders?displayid=e62f03f4-2dcf-4f80-bc23-341651bd9338 - - - 200 - application/json;+charset=utf-8 4.5714ms
2024-11-15 10:58:05.860 +05:30  INF  Request starting HTTP/1.1 GET http://localhost:5145/user/myorders?displayid=e62f03f4-2dcf-4f80-bc23-341651bd9338 - -
2024-11-15 10:58:05.861 +05:30  INF  CORS policy execution successful.
2024-11-15 10:58:05.861 +05:30  INF  Executing endpoint 'BAKERBAZZAR.API.Controller.UserController.MyOrders (BAKERBAZZAR.API)'
2024-11-15 10:58:05.861 +05:30  INF  Route matched with {action = "MyOrders", controller = "User"}. Executing controller action with signature System.Threading.Tasks.Task`1[Microsoft.AspNetCore.Mvc.ActionResult`1[BAKERBAZZAR.API.Models.ApiResponse]] MyOrders(System.String, System.String, System.String) on controller BAKERBAZZAR.API.Controller.UserController (BAKERBAZZAR.API).
2024-11-15 10:58:05.865 +05:30  INF  Executing ObjectResult, writing value of type 'BAKERBAZZAR.API.Models.ApiResponse'.
2024-11-15 10:58:05.866 +05:30  INF  Executed action BAKERBAZZAR.API.Controller.UserController.MyOrders (BAKERBAZZAR.API) in 5.1777ms
2024-11-15 10:58:05.866 +05:30  INF  Executed endpoint 'BAKERBAZZAR.API.Controller.UserController.MyOrders (BAKERBAZZAR.API)'
2024-11-15 10:58:05.866 +05:30  INF  Request finished HTTP/1.1 GET http://localhost:5145/user/myorders?displayid=e62f03f4-2dcf-4f80-bc23-341651bd9338 - - - 200 - application/json;+charset=utf-8 5.7071ms
2024-11-15 10:58:21.318 +05:30  INF  Request starting HTTP/1.1 OPTIONS http://localhost:5145/user/updateprofile - -
2024-11-15 10:58:21.318 +05:30  INF  CORS policy execution successful.
2024-11-15 10:58:21.318 +05:30  INF  Request finished HTTP/1.1 OPTIONS http://localhost:5145/user/updateprofile - - - 204 - - 0.1846ms
2024-11-15 10:58:21.319 +05:30  INF  Request starting HTTP/1.1 POST http://localhost:5145/user/updateprofile application/json 139
2024-11-15 10:58:21.319 +05:30  INF  CORS policy execution successful.
2024-11-15 10:58:21.319 +05:30  INF  Executing endpoint 'BAKERBAZZAR.API.Controller.UserController.UpdateProfile (BAKERBAZZAR.API)'
2024-11-15 10:58:21.326 +05:30  INF  Route matched with {action = "UpdateProfile", controller = "User"}. Executing controller action with signature System.Threading.Tasks.Task`1[Microsoft.AspNetCore.Mvc.ActionResult`1[BAKERBAZZAR.API.Models.ApiResponse]] UpdateProfile(BAKERBAZZAR.API.Entities.clsProfile) on controller BAKERBAZZAR.API.Controller.UserController (BAKERBAZZAR.API).
2024-11-15 10:58:21.342 +05:30  INF  Executing ObjectResult, writing value of type 'BAKERBAZZAR.API.Models.ApiResponse'.
2024-11-15 10:58:21.342 +05:30  INF  Executed action BAKERBAZZAR.API.Controller.UserController.UpdateProfile (BAKERBAZZAR.API) in 16.4459ms
2024-11-15 10:58:21.342 +05:30  INF  Executed endpoint 'BAKERBAZZAR.API.Controller.UserController.UpdateProfile (BAKERBAZZAR.API)'
2024-11-15 10:58:21.342 +05:30  INF  Request finished HTTP/1.1 POST http://localhost:5145/user/updateprofile application/json 139 - 200 - application/json;+charset=utf-8 23.5681ms
2024-11-15 10:58:28.374 +05:30  INF  Request starting HTTP/1.1 OPTIONS http://localhost:5145/Authentication/Login - -
2024-11-15 10:58:28.375 +05:30  INF  CORS policy execution successful.
2024-11-15 10:58:28.375 +05:30  INF  Request finished HTTP/1.1 OPTIONS http://localhost:5145/Authentication/Login - - - 204 - - 0.2101ms
2024-11-15 10:58:28.375 +05:30  INF  Request starting HTTP/1.1 POST http://localhost:5145/Authentication/Login application/json 39
2024-11-15 10:58:28.376 +05:30  INF  CORS policy execution successful.
2024-11-15 10:58:28.376 +05:30  INF  Executing endpoint 'BAKERBAZZAR.API.Controller.AuthenticationController.VerifyUser (BAKERBAZZAR.API)'
2024-11-15 10:58:28.376 +05:30  INF  Route matched with {action = "VerifyUser", controller = "Authentication"}. Executing controller action with signature System.Threading.Tasks.Task`1[Microsoft.AspNetCore.Mvc.ActionResult`1[BAKERBAZZAR.API.Models.ApiResponse]] VerifyUser(BAKERBAZZAR.API.Models.IO_Templates.LoginRequest) on controller BAKERBAZZAR.API.Controller.AuthenticationController (BAKERBAZZAR.API).
2024-11-15 10:58:28.376 +05:30  INF  verify user execution start
2024-11-15 10:58:28.394 +05:30  INF  verify user execution end
2024-11-15 10:58:28.394 +05:30  INF  Executing ObjectResult, writing value of type 'BAKERBAZZAR.API.Models.ApiResponse'.
2024-11-15 10:58:28.395 +05:30  INF  Executed action BAKERBAZZAR.API.Controller.AuthenticationController.VerifyUser (BAKERBAZZAR.API) in 18.8714ms
2024-11-15 10:58:28.395 +05:30  INF  Executed endpoint 'BAKERBAZZAR.API.Controller.AuthenticationController.VerifyUser (BAKERBAZZAR.API)'
2024-11-15 10:58:28.395 +05:30  INF  Request finished HTTP/1.1 POST http://localhost:5145/Authentication/Login application/json 39 - 200 - application/json;+charset=utf-8 19.2547ms
2024-11-15 10:58:32.777 +05:30  INF  Request starting HTTP/1.1 GET http://localhost:5145/User/GetMyAddresses?displayid=e62f03f4-2dcf-4f80-bc23-341651bd9338 - -
2024-11-15 10:58:32.777 +05:30  INF  CORS policy execution successful.
2024-11-15 10:58:32.777 +05:30  INF  Executing endpoint 'BAKERBAZZAR.API.Controller.UserController.GetAddress (BAKERBAZZAR.API)'
2024-11-15 10:58:32.777 +05:30  INF  Route matched with {action = "GetAddress", controller = "User"}. Executing controller action with signature System.Threading.Tasks.Task`1[Microsoft.AspNetCore.Mvc.ActionResult`1[BAKERBAZZAR.API.Models.ApiResponse]] GetAddress(System.String) on controller BAKERBAZZAR.API.Controller.UserController (BAKERBAZZAR.API).
2024-11-15 10:58:32.808 +05:30  INF  Executing ObjectResult, writing value of type 'BAKERBAZZAR.API.Models.ApiResponse'.
2024-11-15 10:58:32.809 +05:30  INF  Executed action BAKERBAZZAR.API.Controller.UserController.GetAddress (BAKERBAZZAR.API) in 31.486ms
2024-11-15 10:58:32.809 +05:30  INF  Executed endpoint 'BAKERBAZZAR.API.Controller.UserController.GetAddress (BAKERBAZZAR.API)'
2024-11-15 10:58:32.809 +05:30  INF  Request finished HTTP/1.1 GET http://localhost:5145/User/GetMyAddresses?displayid=e62f03f4-2dcf-4f80-bc23-341651bd9338 - - - 200 - application/json;+charset=utf-8 31.9668ms
2024-11-15 10:58:32.810 +05:30  INF  Request starting HTTP/1.1 GET http://localhost:5145/User/GetMyAddresses?displayid=e62f03f4-2dcf-4f80-bc23-341651bd9338 - -
2024-11-15 10:58:32.810 +05:30  INF  CORS policy execution successful.
2024-11-15 10:58:32.810 +05:30  INF  Executing endpoint 'BAKERBAZZAR.API.Controller.UserController.GetAddress (BAKERBAZZAR.API)'
2024-11-15 10:58:32.810 +05:30  INF  Route matched with {action = "GetAddress", controller = "User"}. Executing controller action with signature System.Threading.Tasks.Task`1[Microsoft.AspNetCore.Mvc.ActionResult`1[BAKERBAZZAR.API.Models.ApiResponse]] GetAddress(System.String) on controller BAKERBAZZAR.API.Controller.UserController (BAKERBAZZAR.API).
2024-11-15 10:58:32.813 +05:30  INF  Executing ObjectResult, writing value of type 'BAKERBAZZAR.API.Models.ApiResponse'.
2024-11-15 10:58:32.813 +05:30  INF  Executed action BAKERBAZZAR.API.Controller.UserController.GetAddress (BAKERBAZZAR.API) in 2.674ms
2024-11-15 10:58:32.813 +05:30  INF  Executed endpoint 'BAKERBAZZAR.API.Controller.UserController.GetAddress (BAKERBAZZAR.API)'
2024-11-15 10:58:32.813 +05:30  INF  Request finished HTTP/1.1 GET http://localhost:5145/User/GetMyAddresses?displayid=e62f03f4-2dcf-4f80-bc23-341651bd9338 - - - 200 - application/json;+charset=utf-8 3.1174ms
2024-11-15 10:58:40.956 +05:30  INF  Request starting HTTP/1.1 OPTIONS http://localhost:5145/user/changeaddress?displayid=e62f03f4-2dcf-4f80-bc23-341651bd9338&recordid=1001 - -
2024-11-15 10:58:40.956 +05:30  INF  CORS policy execution successful.
2024-11-15 10:58:40.956 +05:30  INF  Request finished HTTP/1.1 OPTIONS http://localhost:5145/user/changeaddress?displayid=e62f03f4-2dcf-4f80-bc23-341651bd9338&recordid=1001 - - - 204 - - 0.2195ms
2024-11-15 10:58:40.957 +05:30  INF  Request starting HTTP/1.1 PUT http://localhost:5145/user/changeaddress?displayid=e62f03f4-2dcf-4f80-bc23-341651bd9338&recordid=1001 - 0
2024-11-15 10:58:40.957 +05:30  INF  CORS policy execution successful.
2024-11-15 10:58:40.957 +05:30  INF  Executing endpoint 'BAKERBAZZAR.API.Controller.UserController.ChangeAddress (BAKERBAZZAR.API)'
2024-11-15 10:58:40.957 +05:30  INF  Route matched with {action = "ChangeAddress", controller = "User"}. Executing controller action with signature System.Threading.Tasks.Task`1[Microsoft.AspNetCore.Mvc.ActionResult`1[BAKERBAZZAR.API.Models.ApiResponse]] ChangeAddress(System.String, Int32) on controller BAKERBAZZAR.API.Controller.UserController (BAKERBAZZAR.API).
2024-11-15 10:58:40.967 +05:30  INF  Executing ObjectResult, writing value of type 'BAKERBAZZAR.API.Models.ApiResponse'.
2024-11-15 10:58:40.967 +05:30  INF  Executed action BAKERBAZZAR.API.Controller.UserController.ChangeAddress (BAKERBAZZAR.API) in 9.5211ms
2024-11-15 10:58:40.967 +05:30  INF  Executed endpoint 'BAKERBAZZAR.API.Controller.UserController.ChangeAddress (BAKERBAZZAR.API)'
2024-11-15 10:58:40.967 +05:30  INF  Request finished HTTP/1.1 PUT http://localhost:5145/user/changeaddress?displayid=e62f03f4-2dcf-4f80-bc23-341651bd9338&recordid=1001 - 0 - 200 - application/json;+charset=utf-8 9.7722ms
2024-11-15 10:58:44.459 +05:30  INF  Request starting HTTP/1.1 OPTIONS http://localhost:5145/user/changeaddress?displayid=e62f03f4-2dcf-4f80-bc23-341651bd9338&recordid=1002 - -
2024-11-15 10:58:44.459 +05:30  INF  CORS policy execution successful.
2024-11-15 10:58:44.459 +05:30  INF  Request finished HTTP/1.1 OPTIONS http://localhost:5145/user/changeaddress?displayid=e62f03f4-2dcf-4f80-bc23-341651bd9338&recordid=1002 - - - 204 - - 0.1957ms
2024-11-15 10:58:44.460 +05:30  INF  Request starting HTTP/1.1 PUT http://localhost:5145/user/changeaddress?displayid=e62f03f4-2dcf-4f80-bc23-341651bd9338&recordid=1002 - 0
2024-11-15 10:58:44.460 +05:30  INF  CORS policy execution successful.
2024-11-15 10:58:44.460 +05:30  INF  Executing endpoint 'BAKERBAZZAR.API.Controller.UserController.ChangeAddress (BAKERBAZZAR.API)'
2024-11-15 10:58:44.460 +05:30  INF  Route matched with {action = "ChangeAddress", controller = "User"}. Executing controller action with signature System.Threading.Tasks.Task`1[Microsoft.AspNetCore.Mvc.ActionResult`1[BAKERBAZZAR.API.Models.ApiResponse]] ChangeAddress(System.String, Int32) on controller BAKERBAZZAR.API.Controller.UserController (BAKERBAZZAR.API).
2024-11-15 10:58:44.461 +05:30  INF  Executing ObjectResult, writing value of type 'BAKERBAZZAR.API.Models.ApiResponse'.
2024-11-15 10:58:44.461 +05:30  INF  Executed action BAKERBAZZAR.API.Controller.UserController.ChangeAddress (BAKERBAZZAR.API) in 0.9028ms
2024-11-15 10:58:44.461 +05:30  INF  Executed endpoint 'BAKERBAZZAR.API.Controller.UserController.ChangeAddress (BAKERBAZZAR.API)'
2024-11-15 10:58:44.461 +05:30  INF  Request finished HTTP/1.1 PUT http://localhost:5145/user/changeaddress?displayid=e62f03f4-2dcf-4f80-bc23-341651bd9338&recordid=1002 - 0 - 200 - application/json;+charset=utf-8 1.1565ms
2024-11-15 10:59:52.432 +05:30  INF  Request starting HTTP/1.1 OPTIONS http://localhost:5145/User/UpsetAddress - -
2024-11-15 10:59:52.432 +05:30  INF  CORS policy execution successful.
2024-11-15 10:59:52.432 +05:30  INF  Request finished HTTP/1.1 OPTIONS http://localhost:5145/User/UpsetAddress - - - 204 - - 0.2562ms
2024-11-15 10:59:52.434 +05:30  INF  Request starting HTTP/1.1 POST http://localhost:5145/User/UpsetAddress application/json 277
2024-11-15 10:59:52.434 +05:30  INF  CORS policy execution successful.
2024-11-15 10:59:52.434 +05:30  INF  Executing endpoint 'BAKERBAZZAR.API.Controller.UserController.UpsetAddress (BAKERBAZZAR.API)'
2024-11-15 10:59:52.439 +05:30  INF  Route matched with {action = "UpsetAddress", controller = "User"}. Executing controller action with signature System.Threading.Tasks.Task`1[Microsoft.AspNetCore.Mvc.ActionResult`1[BAKERBAZZAR.API.Models.ApiResponse]] UpsetAddress(BAKERBAZZAR.API.Models.IO_Templates.SetAddress) on controller BAKERBAZZAR.API.Controller.UserController (BAKERBAZZAR.API).
2024-11-15 10:59:52.468 +05:30  INF  Executing ObjectResult, writing value of type 'BAKERBAZZAR.API.Models.ApiResponse'.
2024-11-15 10:59:52.468 +05:30  INF  Executed action BAKERBAZZAR.API.Controller.UserController.UpsetAddress (BAKERBAZZAR.API) in 28.9856ms
2024-11-15 10:59:52.468 +05:30  INF  Executed endpoint 'BAKERBAZZAR.API.Controller.UserController.UpsetAddress (BAKERBAZZAR.API)'
2024-11-15 10:59:52.468 +05:30  INF  Request finished HTTP/1.1 POST http://localhost:5145/User/UpsetAddress application/json 277 - 200 - application/json;+charset=utf-8 34.5598ms
2024-11-15 10:59:52.487 +05:30  INF  Request starting HTTP/1.1 GET http://localhost:5145/User/GetMyAddresses?displayid=e62f03f4-2dcf-4f80-bc23-341651bd9338 - -
2024-11-15 10:59:52.487 +05:30  INF  CORS policy execution successful.
2024-11-15 10:59:52.487 +05:30  INF  Executing endpoint 'BAKERBAZZAR.API.Controller.UserController.GetAddress (BAKERBAZZAR.API)'
2024-11-15 10:59:52.487 +05:30  INF  Route matched with {action = "GetAddress", controller = "User"}. Executing controller action with signature System.Threading.Tasks.Task`1[Microsoft.AspNetCore.Mvc.ActionResult`1[BAKERBAZZAR.API.Models.ApiResponse]] GetAddress(System.String) on controller BAKERBAZZAR.API.Controller.UserController (BAKERBAZZAR.API).
2024-11-15 10:59:52.494 +05:30  INF  Executing ObjectResult, writing value of type 'BAKERBAZZAR.API.Models.ApiResponse'.
2024-11-15 10:59:52.494 +05:30  INF  Executed action BAKERBAZZAR.API.Controller.UserController.GetAddress (BAKERBAZZAR.API) in 6.9252ms
2024-11-15 10:59:52.494 +05:30  INF  Executed endpoint 'BAKERBAZZAR.API.Controller.UserController.GetAddress (BAKERBAZZAR.API)'
2024-11-15 10:59:52.494 +05:30  INF  Request finished HTTP/1.1 GET http://localhost:5145/User/GetMyAddresses?displayid=e62f03f4-2dcf-4f80-bc23-341651bd9338 - - - 200 - application/json;+charset=utf-8 7.4187ms
2024-11-15 10:59:52.508 +05:30  INF  Request starting HTTP/1.1 GET http://localhost:5145/User/GetMyAddresses?displayid=e62f03f4-2dcf-4f80-bc23-341651bd9338 - -
2024-11-15 10:59:52.508 +05:30  INF  CORS policy execution successful.
2024-11-15 10:59:52.508 +05:30  INF  Executing endpoint 'BAKERBAZZAR.API.Controller.UserController.GetAddress (BAKERBAZZAR.API)'
2024-11-15 10:59:52.508 +05:30  INF  Route matched with {action = "GetAddress", controller = "User"}. Executing controller action with signature System.Threading.Tasks.Task`1[Microsoft.AspNetCore.Mvc.ActionResult`1[BAKERBAZZAR.API.Models.ApiResponse]] GetAddress(System.String) on controller BAKERBAZZAR.API.Controller.UserController (BAKERBAZZAR.API).
2024-11-15 10:59:52.511 +05:30  INF  Executing ObjectResult, writing value of type 'BAKERBAZZAR.API.Models.ApiResponse'.
2024-11-15 10:59:52.512 +05:30  INF  Executed action BAKERBAZZAR.API.Controller.UserController.GetAddress (BAKERBAZZAR.API) in 3.5597ms
2024-11-15 10:59:52.512 +05:30  INF  Executed endpoint 'BAKERBAZZAR.API.Controller.UserController.GetAddress (BAKERBAZZAR.API)'
2024-11-15 10:59:52.512 +05:30  INF  Request finished HTTP/1.1 GET http://localhost:5145/User/GetMyAddresses?displayid=e62f03f4-2dcf-4f80-bc23-341651bd9338 - - - 200 - application/json;+charset=utf-8 4.1476ms
2024-11-15 11:00:00.278 +05:30  INF  Request starting HTTP/1.1 GET http://localhost:5145/user/getuseraddress?mode=update&recordid=1037 - -
2024-11-15 11:00:00.278 +05:30  INF  CORS policy execution successful.
2024-11-15 11:00:00.278 +05:30  INF  Executing endpoint 'BAKERBAZZAR.API.Controller.UserController.GetUserAddress (BAKERBAZZAR.API)'
2024-11-15 11:00:00.288 +05:30  INF  Route matched with {action = "GetUserAddress", controller = "User"}. Executing controller action with signature System.Threading.Tasks.Task`1[Microsoft.AspNetCore.Mvc.ActionResult`1[BAKERBAZZAR.API.Models.ApiResponse]] GetUserAddress(System.String, Int32) on controller BAKERBAZZAR.API.Controller.UserController (BAKERBAZZAR.API).
2024-11-15 11:00:00.318 +05:30  INF  Executing ObjectResult, writing value of type 'BAKERBAZZAR.API.Models.ApiResponse'.
2024-11-15 11:00:00.319 +05:30  INF  Executed action BAKERBAZZAR.API.Controller.UserController.GetUserAddress (BAKERBAZZAR.API) in 30.5501ms
2024-11-15 11:00:00.319 +05:30  INF  Executed endpoint 'BAKERBAZZAR.API.Controller.UserController.GetUserAddress (BAKERBAZZAR.API)'
2024-11-15 11:00:00.319 +05:30  INF  Request finished HTTP/1.1 GET http://localhost:5145/user/getuseraddress?mode=update&recordid=1037 - - - 200 - application/json;+charset=utf-8 41.4531ms
2024-11-15 11:00:00.321 +05:30  INF  Request starting HTTP/1.1 GET http://localhost:5145/user/getuseraddress?mode=update&recordid=1037 - -
2024-11-15 11:00:00.322 +05:30  INF  CORS policy execution successful.
2024-11-15 11:00:00.322 +05:30  INF  Executing endpoint 'BAKERBAZZAR.API.Controller.UserController.GetUserAddress (BAKERBAZZAR.API)'
2024-11-15 11:00:00.322 +05:30  INF  Route matched with {action = "GetUserAddress", controller = "User"}. Executing controller action with signature System.Threading.Tasks.Task`1[Microsoft.AspNetCore.Mvc.ActionResult`1[BAKERBAZZAR.API.Models.ApiResponse]] GetUserAddress(System.String, Int32) on controller BAKERBAZZAR.API.Controller.UserController (BAKERBAZZAR.API).
2024-11-15 11:00:00.323 +05:30  INF  Executing ObjectResult, writing value of type 'BAKERBAZZAR.API.Models.ApiResponse'.
2024-11-15 11:00:00.323 +05:30  INF  Executed action BAKERBAZZAR.API.Controller.UserController.GetUserAddress (BAKERBAZZAR.API) in 1.345ms
2024-11-15 11:00:00.323 +05:30  INF  Executed endpoint 'BAKERBAZZAR.API.Controller.UserController.GetUserAddress (BAKERBAZZAR.API)'
2024-11-15 11:00:00.323 +05:30  INF  Request finished HTTP/1.1 GET http://localhost:5145/user/getuseraddress?mode=update&recordid=1037 - - - 200 - application/json;+charset=utf-8 2.0428ms
2024-11-15 11:00:11.089 +05:30  INF  Request starting HTTP/1.1 OPTIONS http://localhost:5145/User/UpsetAddress - -
2024-11-15 11:00:11.089 +05:30  INF  CORS policy execution successful.
2024-11-15 11:00:11.089 +05:30  INF  Request finished HTTP/1.1 OPTIONS http://localhost:5145/User/UpsetAddress - - - 204 - - 0.1691ms
2024-11-15 11:00:11.090 +05:30  INF  Request starting HTTP/1.1 POST http://localhost:5145/User/UpsetAddress application/json 269
2024-11-15 11:00:11.090 +05:30  INF  CORS policy execution successful.
2024-11-15 11:00:11.090 +05:30  INF  Executing endpoint 'BAKERBAZZAR.API.Controller.UserController.UpsetAddress (BAKERBAZZAR.API)'
2024-11-15 11:00:11.090 +05:30  INF  Route matched with {action = "UpsetAddress", controller = "User"}. Executing controller action with signature System.Threading.Tasks.Task`1[Microsoft.AspNetCore.Mvc.ActionResult`1[BAKERBAZZAR.API.Models.ApiResponse]] UpsetAddress(BAKERBAZZAR.API.Models.IO_Templates.SetAddress) on controller BAKERBAZZAR.API.Controller.UserController (BAKERBAZZAR.API).
2024-11-15 11:00:11.092 +05:30  INF  Executing ObjectResult, writing value of type 'BAKERBAZZAR.API.Models.ApiResponse'.
2024-11-15 11:00:11.092 +05:30  INF  Executed action BAKERBAZZAR.API.Controller.UserController.UpsetAddress (BAKERBAZZAR.API) in 1.8622ms
2024-11-15 11:00:11.092 +05:30  INF  Executed endpoint 'BAKERBAZZAR.API.Controller.UserController.UpsetAddress (BAKERBAZZAR.API)'
2024-11-15 11:00:11.092 +05:30  INF  Request finished HTTP/1.1 POST http://localhost:5145/User/UpsetAddress application/json 269 - 200 - application/json;+charset=utf-8 2.1252ms
2024-11-15 11:00:11.112 +05:30  INF  Request starting HTTP/1.1 GET http://localhost:5145/User/GetMyAddresses?displayid=e62f03f4-2dcf-4f80-bc23-341651bd9338 - -
2024-11-15 11:00:11.112 +05:30  INF  CORS policy execution successful.
2024-11-15 11:00:11.112 +05:30  INF  Executing endpoint 'BAKERBAZZAR.API.Controller.UserController.GetAddress (BAKERBAZZAR.API)'
2024-11-15 11:00:11.112 +05:30  INF  Route matched with {action = "GetAddress", controller = "User"}. Executing controller action with signature System.Threading.Tasks.Task`1[Microsoft.AspNetCore.Mvc.ActionResult`1[BAKERBAZZAR.API.Models.ApiResponse]] GetAddress(System.String) on controller BAKERBAZZAR.API.Controller.UserController (BAKERBAZZAR.API).
2024-11-15 11:00:11.115 +05:30  INF  Executing ObjectResult, writing value of type 'BAKERBAZZAR.API.Models.ApiResponse'.
2024-11-15 11:00:11.115 +05:30  INF  Executed action BAKERBAZZAR.API.Controller.UserController.GetAddress (BAKERBAZZAR.API) in 2.5048ms
2024-11-15 11:00:11.115 +05:30  INF  Executed endpoint 'BAKERBAZZAR.API.Controller.UserController.GetAddress (BAKERBAZZAR.API)'
2024-11-15 11:00:11.115 +05:30  INF  Request finished HTTP/1.1 GET http://localhost:5145/User/GetMyAddresses?displayid=e62f03f4-2dcf-4f80-bc23-341651bd9338 - - - 200 - application/json;+charset=utf-8 2.9032ms
2024-11-15 11:00:11.120 +05:30  INF  Request starting HTTP/1.1 GET http://localhost:5145/User/GetMyAddresses?displayid=e62f03f4-2dcf-4f80-bc23-341651bd9338 - -
2024-11-15 11:00:11.120 +05:30  INF  CORS policy execution successful.
2024-11-15 11:00:11.120 +05:30  INF  Executing endpoint 'BAKERBAZZAR.API.Controller.UserController.GetAddress (BAKERBAZZAR.API)'
2024-11-15 11:00:11.121 +05:30  INF  Route matched with {action = "GetAddress", controller = "User"}. Executing controller action with signature System.Threading.Tasks.Task`1[Microsoft.AspNetCore.Mvc.ActionResult`1[BAKERBAZZAR.API.Models.ApiResponse]] GetAddress(System.String) on controller BAKERBAZZAR.API.Controller.UserController (BAKERBAZZAR.API).
2024-11-15 11:00:11.122 +05:30  INF  Executing ObjectResult, writing value of type 'BAKERBAZZAR.API.Models.ApiResponse'.
2024-11-15 11:00:11.122 +05:30  INF  Executed action BAKERBAZZAR.API.Controller.UserController.GetAddress (BAKERBAZZAR.API) in 1.6999ms
2024-11-15 11:00:11.122 +05:30  INF  Executed endpoint 'BAKERBAZZAR.API.Controller.UserController.GetAddress (BAKERBAZZAR.API)'
2024-11-15 11:00:11.122 +05:30  INF  Request finished HTTP/1.1 GET http://localhost:5145/User/GetMyAddresses?displayid=e62f03f4-2dcf-4f80-bc23-341651bd9338 - - - 200 - application/json;+charset=utf-8 2.1094ms
2024-11-15 11:00:23.518 +05:30  INF  Request starting HTTP/1.1 GET http://localhost:5145/user/getuseraddress?mode=update&recordid=1037 - -
2024-11-15 11:00:23.518 +05:30  INF  CORS policy execution successful.
2024-11-15 11:00:23.519 +05:30  INF  Executing endpoint 'BAKERBAZZAR.API.Controller.UserController.GetUserAddress (BAKERBAZZAR.API)'
2024-11-15 11:00:23.519 +05:30  INF  Route matched with {action = "GetUserAddress", controller = "User"}. Executing controller action with signature System.Threading.Tasks.Task`1[Microsoft.AspNetCore.Mvc.ActionResult`1[BAKERBAZZAR.API.Models.ApiResponse]] GetUserAddress(System.String, Int32) on controller BAKERBAZZAR.API.Controller.UserController (BAKERBAZZAR.API).
2024-11-15 11:00:23.520 +05:30  INF  Executing ObjectResult, writing value of type 'BAKERBAZZAR.API.Models.ApiResponse'.
2024-11-15 11:00:23.520 +05:30  INF  Executed action BAKERBAZZAR.API.Controller.UserController.GetUserAddress (BAKERBAZZAR.API) in 1.3684ms
2024-11-15 11:00:23.520 +05:30  INF  Executed endpoint 'BAKERBAZZAR.API.Controller.UserController.GetUserAddress (BAKERBAZZAR.API)'
2024-11-15 11:00:23.520 +05:30  INF  Request finished HTTP/1.1 GET http://localhost:5145/user/getuseraddress?mode=update&recordid=1037 - - - 200 - application/json;+charset=utf-8 1.8224ms
2024-11-15 11:00:23.523 +05:30  INF  Request starting HTTP/1.1 GET http://localhost:5145/user/getuseraddress?mode=update&recordid=1037 - -
2024-11-15 11:00:23.523 +05:30  INF  CORS policy execution successful.
2024-11-15 11:00:23.523 +05:30  INF  Executing endpoint 'BAKERBAZZAR.API.Controller.UserController.GetUserAddress (BAKERBAZZAR.API)'
2024-11-15 11:00:23.523 +05:30  INF  Route matched with {action = "GetUserAddress", controller = "User"}. Executing controller action with signature System.Threading.Tasks.Task`1[Microsoft.AspNetCore.Mvc.ActionResult`1[BAKERBAZZAR.API.Models.ApiResponse]] GetUserAddress(System.String, Int32) on controller BAKERBAZZAR.API.Controller.UserController (BAKERBAZZAR.API).
2024-11-15 11:00:23.524 +05:30  INF  Executing ObjectResult, writing value of type 'BAKERBAZZAR.API.Models.ApiResponse'.
2024-11-15 11:00:23.524 +05:30  INF  Executed action BAKERBAZZAR.API.Controller.UserController.GetUserAddress (BAKERBAZZAR.API) in 1.2685ms
2024-11-15 11:00:23.524 +05:30  INF  Executed endpoint 'BAKERBAZZAR.API.Controller.UserController.GetUserAddress (BAKERBAZZAR.API)'
2024-11-15 11:00:23.524 +05:30  INF  Request finished HTTP/1.1 GET http://localhost:5145/user/getuseraddress?mode=update&recordid=1037 - - - 200 - application/json;+charset=utf-8 1.7854ms
2024-11-15 11:00:37.489 +05:30  INF  Request starting HTTP/1.1 OPTIONS http://localhost:5145/User/UpsetAddress - -
2024-11-15 11:00:37.490 +05:30  INF  CORS policy execution successful.
2024-11-15 11:00:37.490 +05:30  INF  Request finished HTTP/1.1 OPTIONS http://localhost:5145/User/UpsetAddress - - - 204 - - 0.1498ms
2024-11-15 11:00:37.490 +05:30  INF  Request starting HTTP/1.1 POST http://localhost:5145/User/UpsetAddress application/json 269
2024-11-15 11:00:37.491 +05:30  INF  CORS policy execution successful.
2024-11-15 11:00:37.491 +05:30  INF  Executing endpoint 'BAKERBAZZAR.API.Controller.UserController.UpsetAddress (BAKERBAZZAR.API)'
2024-11-15 11:00:37.491 +05:30  INF  Route matched with {action = "UpsetAddress", controller = "User"}. Executing controller action with signature System.Threading.Tasks.Task`1[Microsoft.AspNetCore.Mvc.ActionResult`1[BAKERBAZZAR.API.Models.ApiResponse]] UpsetAddress(BAKERBAZZAR.API.Models.IO_Templates.SetAddress) on controller BAKERBAZZAR.API.Controller.UserController (BAKERBAZZAR.API).
2024-11-15 11:00:37.493 +05:30  INF  Executing ObjectResult, writing value of type 'BAKERBAZZAR.API.Models.ApiResponse'.
2024-11-15 11:00:37.493 +05:30  INF  Executed action BAKERBAZZAR.API.Controller.UserController.UpsetAddress (BAKERBAZZAR.API) in 2.2845ms
2024-11-15 11:00:37.493 +05:30  INF  Executed endpoint 'BAKERBAZZAR.API.Controller.UserController.UpsetAddress (BAKERBAZZAR.API)'
2024-11-15 11:00:37.493 +05:30  INF  Request finished HTTP/1.1 POST http://localhost:5145/User/UpsetAddress application/json 269 - 200 - application/json;+charset=utf-8 2.4850ms
2024-11-15 11:00:37.514 +05:30  INF  Request starting HTTP/1.1 GET http://localhost:5145/User/GetMyAddresses?displayid=e62f03f4-2dcf-4f80-bc23-341651bd9338 - -
2024-11-15 11:00:37.514 +05:30  INF  CORS policy execution successful.
2024-11-15 11:00:37.514 +05:30  INF  Executing endpoint 'BAKERBAZZAR.API.Controller.UserController.GetAddress (BAKERBAZZAR.API)'
2024-11-15 11:00:37.514 +05:30  INF  Route matched with {action = "GetAddress", controller = "User"}. Executing controller action with signature System.Threading.Tasks.Task`1[Microsoft.AspNetCore.Mvc.ActionResult`1[BAKERBAZZAR.API.Models.ApiResponse]] GetAddress(System.String) on controller BAKERBAZZAR.API.Controller.UserController (BAKERBAZZAR.API).
2024-11-15 11:00:37.517 +05:30  INF  Executing ObjectResult, writing value of type 'BAKERBAZZAR.API.Models.ApiResponse'.
2024-11-15 11:00:37.517 +05:30  INF  Executed action BAKERBAZZAR.API.Controller.UserController.GetAddress (BAKERBAZZAR.API) in 2.8858ms
2024-11-15 11:00:37.517 +05:30  INF  Executed endpoint 'BAKERBAZZAR.API.Controller.UserController.GetAddress (BAKERBAZZAR.API)'
2024-11-15 11:00:37.517 +05:30  INF  Request finished HTTP/1.1 GET http://localhost:5145/User/GetMyAddresses?displayid=e62f03f4-2dcf-4f80-bc23-341651bd9338 - - - 200 - application/json;+charset=utf-8 3.4906ms
2024-11-15 11:00:37.521 +05:30  INF  Request starting HTTP/1.1 GET http://localhost:5145/User/GetMyAddresses?displayid=e62f03f4-2dcf-4f80-bc23-341651bd9338 - -
2024-11-15 11:00:37.522 +05:30  INF  CORS policy execution successful.
2024-11-15 11:00:37.522 +05:30  INF  Executing endpoint 'BAKERBAZZAR.API.Controller.UserController.GetAddress (BAKERBAZZAR.API)'
2024-11-15 11:00:37.523 +05:30  INF  Route matched with {action = "GetAddress", controller = "User"}. Executing controller action with signature System.Threading.Tasks.Task`1[Microsoft.AspNetCore.Mvc.ActionResult`1[BAKERBAZZAR.API.Models.ApiResponse]] GetAddress(System.String) on controller BAKERBAZZAR.API.Controller.UserController (BAKERBAZZAR.API).
2024-11-15 11:00:37.526 +05:30  INF  Executing ObjectResult, writing value of type 'BAKERBAZZAR.API.Models.ApiResponse'.
2024-11-15 11:00:37.526 +05:30  INF  Executed action BAKERBAZZAR.API.Controller.UserController.GetAddress (BAKERBAZZAR.API) in 3.5809ms
2024-11-15 11:00:37.526 +05:30  INF  Executed endpoint 'BAKERBAZZAR.API.Controller.UserController.GetAddress (BAKERBAZZAR.API)'
2024-11-15 11:00:37.526 +05:30  INF  Request finished HTTP/1.1 GET http://localhost:5145/User/GetMyAddresses?displayid=e62f03f4-2dcf-4f80-bc23-341651bd9338 - - - 200 - application/json;+charset=utf-8 5.2506ms
2024-11-15 11:01:11.120 +05:30  INF  Request starting HTTP/1.1 GET http://localhost:5145/User/CartDetails?displayid=8d79efcd-ca17-4476-b990-bb4b916390ff - -
2024-11-15 11:01:11.120 +05:30  INF  CORS policy execution successful.
2024-11-15 11:01:11.121 +05:30  INF  Executing endpoint 'BAKERBAZZAR.API.Controller.UserController.CartDetails (BAKERBAZZAR.API)'
2024-11-15 11:01:11.121 +05:30  INF  Route matched with {action = "CartDetails", controller = "User"}. Executing controller action with signature System.Threading.Tasks.Task`1[Microsoft.AspNetCore.Mvc.ActionResult`1[BAKERBAZZAR.API.Models.ApiResponse]] CartDetails(System.String) on controller BAKERBAZZAR.API.Controller.UserController (BAKERBAZZAR.API).
2024-11-15 11:01:11.145 +05:30  INF  Executing ObjectResult, writing value of type 'BAKERBAZZAR.API.Models.ApiResponse'.
2024-11-15 11:01:11.145 +05:30  INF  Executed action BAKERBAZZAR.API.Controller.UserController.CartDetails (BAKERBAZZAR.API) in 24.0987ms
2024-11-15 11:01:11.145 +05:30  INF  Executed endpoint 'BAKERBAZZAR.API.Controller.UserController.CartDetails (BAKERBAZZAR.API)'
2024-11-15 11:01:11.145 +05:30  INF  Request finished HTTP/1.1 GET http://localhost:5145/User/CartDetails?displayid=8d79efcd-ca17-4476-b990-bb4b916390ff - - - 200 - application/json;+charset=utf-8 24.5407ms
2024-11-15 11:01:11.147 +05:30  INF  Request starting HTTP/1.1 GET http://localhost:5145/User/CartDetails?displayid=8d79efcd-ca17-4476-b990-bb4b916390ff - -
2024-11-15 11:01:11.147 +05:30  INF  CORS policy execution successful.
2024-11-15 11:01:11.147 +05:30  INF  Executing endpoint 'BAKERBAZZAR.API.Controller.UserController.CartDetails (BAKERBAZZAR.API)'
2024-11-15 11:01:11.147 +05:30  INF  Route matched with {action = "CartDetails", controller = "User"}. Executing controller action with signature System.Threading.Tasks.Task`1[Microsoft.AspNetCore.Mvc.ActionResult`1[BAKERBAZZAR.API.Models.ApiResponse]] CartDetails(System.String) on controller BAKERBAZZAR.API.Controller.UserController (BAKERBAZZAR.API).
2024-11-15 11:01:11.148 +05:30  INF  Executing ObjectResult, writing value of type 'BAKERBAZZAR.API.Models.ApiResponse'.
2024-11-15 11:01:11.148 +05:30  INF  Executed action BAKERBAZZAR.API.Controller.UserController.CartDetails (BAKERBAZZAR.API) in 0.5768ms
2024-11-15 11:01:11.148 +05:30  INF  Executed endpoint 'BAKERBAZZAR.API.Controller.UserController.CartDetails (BAKERBAZZAR.API)'
2024-11-15 11:01:11.148 +05:30  INF  Request finished HTTP/1.1 GET http://localhost:5145/User/CartDetails?displayid=8d79efcd-ca17-4476-b990-bb4b916390ff - - - 200 - application/json;+charset=utf-8 1.3462ms
2024-11-15 11:01:14.565 +05:30  INF  Request starting HTTP/1.1 OPTIONS http://localhost:5145/User/AddToCart - -
2024-11-15 11:01:14.565 +05:30  INF  CORS policy execution successful.
2024-11-15 11:01:14.565 +05:30  INF  Request finished HTTP/1.1 OPTIONS http://localhost:5145/User/AddToCart - - - 204 - - 0.1548ms
2024-11-15 11:01:14.566 +05:30  INF  Request starting HTTP/1.1 POST http://localhost:5145/User/AddToCart application/json 140
2024-11-15 11:01:14.566 +05:30  INF  CORS policy execution successful.
2024-11-15 11:01:14.566 +05:30  INF  Executing endpoint 'BAKERBAZZAR.API.Controller.UserController.AddToCart (BAKERBAZZAR.API)'
2024-11-15 11:01:14.566 +05:30  INF  Route matched with {action = "AddToCart", controller = "User"}. Executing controller action with signature System.Threading.Tasks.Task`1[Microsoft.AspNetCore.Mvc.ActionResult`1[BAKERBAZZAR.API.Models.ApiResponse]] AddToCart(BAKERBAZZAR.API.Models.IO_Templates.AddToCartRequest) on controller BAKERBAZZAR.API.Controller.UserController (BAKERBAZZAR.API).
2024-11-15 11:01:14.585 +05:30  INF  Executing ObjectResult, writing value of type 'BAKERBAZZAR.API.Models.ApiResponse'.
2024-11-15 11:01:14.585 +05:30  INF  Executed action BAKERBAZZAR.API.Controller.UserController.AddToCart (BAKERBAZZAR.API) in 19.1605ms
2024-11-15 11:01:14.585 +05:30  INF  Executed endpoint 'BAKERBAZZAR.API.Controller.UserController.AddToCart (BAKERBAZZAR.API)'
2024-11-15 11:01:14.585 +05:30  INF  Request finished HTTP/1.1 POST http://localhost:5145/User/AddToCart application/json 140 - 200 - application/json;+charset=utf-8 19.4857ms
2024-11-15 11:01:17.283 +05:30  INF  Request starting HTTP/1.1 POST http://localhost:5145/User/AddToCart application/json 140
2024-11-15 11:01:17.283 +05:30  INF  CORS policy execution successful.
2024-11-15 11:01:17.283 +05:30  INF  Executing endpoint 'BAKERBAZZAR.API.Controller.UserController.AddToCart (BAKERBAZZAR.API)'
2024-11-15 11:01:17.283 +05:30  INF  Route matched with {action = "AddToCart", controller = "User"}. Executing controller action with signature System.Threading.Tasks.Task`1[Microsoft.AspNetCore.Mvc.ActionResult`1[BAKERBAZZAR.API.Models.ApiResponse]] AddToCart(BAKERBAZZAR.API.Models.IO_Templates.AddToCartRequest) on controller BAKERBAZZAR.API.Controller.UserController (BAKERBAZZAR.API).
2024-11-15 11:01:17.286 +05:30  INF  Executing ObjectResult, writing value of type 'BAKERBAZZAR.API.Models.ApiResponse'.
2024-11-15 11:01:17.286 +05:30  INF  Executed action BAKERBAZZAR.API.Controller.UserController.AddToCart (BAKERBAZZAR.API) in 2.8791ms
2024-11-15 11:01:17.286 +05:30  INF  Executed endpoint 'BAKERBAZZAR.API.Controller.UserController.AddToCart (BAKERBAZZAR.API)'
2024-11-15 11:01:17.286 +05:30  INF  Request finished HTTP/1.1 POST http://localhost:5145/User/AddToCart application/json 140 - 200 - application/json;+charset=utf-8 3.2358ms
2024-11-15 11:01:18.554 +05:30  INF  Request starting HTTP/1.1 GET http://localhost:5145/User/CartDetails?displayid=8d79efcd-ca17-4476-b990-bb4b916390ff - -
2024-11-15 11:01:18.554 +05:30  INF  CORS policy execution successful.
2024-11-15 11:01:18.554 +05:30  INF  Executing endpoint 'BAKERBAZZAR.API.Controller.UserController.CartDetails (BAKERBAZZAR.API)'
2024-11-15 11:01:18.555 +05:30  INF  Route matched with {action = "CartDetails", controller = "User"}. Executing controller action with signature System.Threading.Tasks.Task`1[Microsoft.AspNetCore.Mvc.ActionResult`1[BAKERBAZZAR.API.Models.ApiResponse]] CartDetails(System.String) on controller BAKERBAZZAR.API.Controller.UserController (BAKERBAZZAR.API).
2024-11-15 11:01:18.560 +05:30  INF  Executing ObjectResult, writing value of type 'BAKERBAZZAR.API.Models.ApiResponse'.
2024-11-15 11:01:18.561 +05:30  INF  Executed action BAKERBAZZAR.API.Controller.UserController.CartDetails (BAKERBAZZAR.API) in 6.3348ms
2024-11-15 11:01:18.561 +05:30  INF  Executed endpoint 'BAKERBAZZAR.API.Controller.UserController.CartDetails (BAKERBAZZAR.API)'
2024-11-15 11:01:18.561 +05:30  INF  Request finished HTTP/1.1 GET http://localhost:5145/User/CartDetails?displayid=8d79efcd-ca17-4476-b990-bb4b916390ff - - - 200 - application/json;+charset=utf-8 6.8978ms
2024-11-15 11:01:18.564 +05:30  INF  Request starting HTTP/1.1 GET http://localhost:5145/User/CartDetails?displayid=8d79efcd-ca17-4476-b990-bb4b916390ff - -
2024-11-15 11:01:18.564 +05:30  INF  CORS policy execution successful.
2024-11-15 11:01:18.564 +05:30  INF  Executing endpoint 'BAKERBAZZAR.API.Controller.UserController.CartDetails (BAKERBAZZAR.API)'
2024-11-15 11:01:18.564 +05:30  INF  Route matched with {action = "CartDetails", controller = "User"}. Executing controller action with signature System.Threading.Tasks.Task`1[Microsoft.AspNetCore.Mvc.ActionResult`1[BAKERBAZZAR.API.Models.ApiResponse]] CartDetails(System.String) on controller BAKERBAZZAR.API.Controller.UserController (BAKERBAZZAR.API).
2024-11-15 11:01:18.568 +05:30  INF  Executing ObjectResult, writing value of type 'BAKERBAZZAR.API.Models.ApiResponse'.
2024-11-15 11:01:18.569 +05:30  INF  Executed action BAKERBAZZAR.API.Controller.UserController.CartDetails (BAKERBAZZAR.API) in 4.2435ms
2024-11-15 11:01:18.569 +05:30  INF  Executed endpoint 'BAKERBAZZAR.API.Controller.UserController.CartDetails (BAKERBAZZAR.API)'
2024-11-15 11:01:18.569 +05:30  INF  Request finished HTTP/1.1 GET http://localhost:5145/User/CartDetails?displayid=8d79efcd-ca17-4476-b990-bb4b916390ff - - - 200 - application/json;+charset=utf-8 4.8020ms
2024-11-15 11:01:18.580 +05:30  INF  Request starting HTTP/1.1 OPTIONS http://localhost:5145/user/updatecartitem?linerid=324&qty=1 - -
2024-11-15 11:01:18.580 +05:30  INF  CORS policy execution successful.
2024-11-15 11:01:18.580 +05:30  INF  Request finished HTTP/1.1 OPTIONS http://localhost:5145/user/updatecartitem?linerid=324&qty=1 - - - 204 - - 0.3855ms
2024-11-15 11:01:18.584 +05:30  INF  Request starting HTTP/1.1 PUT http://localhost:5145/user/updatecartitem?linerid=324&qty=1 - 0
2024-11-15 11:01:18.584 +05:30  INF  CORS policy execution successful.
2024-11-15 11:01:18.584 +05:30  INF  Request starting HTTP/1.1 OPTIONS http://localhost:5145/user/updatecartitem?linerid=325&qty=1 - -
2024-11-15 11:01:18.584 +05:30  INF  Executing endpoint 'BAKERBAZZAR.API.Controller.UserController.UpdateCartItem (BAKERBAZZAR.API)'
2024-11-15 11:01:18.584 +05:30  INF  CORS policy execution successful.
2024-11-15 11:01:18.584 +05:30  INF  Request finished HTTP/1.1 OPTIONS http://localhost:5145/user/updatecartitem?linerid=325&qty=1 - - - 204 - - 0.1949ms
2024-11-15 11:01:18.584 +05:30  INF  Route matched with {action = "UpdateCartItem", controller = "User"}. Executing controller action with signature System.Threading.Tasks.Task`1[Microsoft.AspNetCore.Mvc.ActionResult`1[BAKERBAZZAR.API.Models.ApiResponse]] UpdateCartItem(Int32, Int32) on controller BAKERBAZZAR.API.Controller.UserController (BAKERBAZZAR.API).
2024-11-15 11:01:18.586 +05:30  INF  Request starting HTTP/1.1 PUT http://localhost:5145/user/updatecartitem?linerid=324&qty=1 - 0
2024-11-15 11:01:18.586 +05:30  INF  Request starting HTTP/1.1 OPTIONS http://localhost:5145/user/updatecartitem?linerid=325&qty=1 - -
2024-11-15 11:01:18.586 +05:30  INF  CORS policy execution successful.
2024-11-15 11:01:18.586 +05:30  INF  CORS policy execution successful.
2024-11-15 11:01:18.586 +05:30  INF  Request finished HTTP/1.1 OPTIONS http://localhost:5145/user/updatecartitem?linerid=325&qty=1 - - - 204 - - 0.3568ms
2024-11-15 11:01:18.586 +05:30  INF  Executing endpoint 'BAKERBAZZAR.API.Controller.UserController.UpdateCartItem (BAKERBAZZAR.API)'
2024-11-15 11:01:18.587 +05:30  INF  Route matched with {action = "UpdateCartItem", controller = "User"}. Executing controller action with signature System.Threading.Tasks.Task`1[Microsoft.AspNetCore.Mvc.ActionResult`1[BAKERBAZZAR.API.Models.ApiResponse]] UpdateCartItem(Int32, Int32) on controller BAKERBAZZAR.API.Controller.UserController (BAKERBAZZAR.API).
2024-11-15 11:01:18.587 +05:30  INF  Request starting HTTP/1.1 PUT http://localhost:5145/user/updatecartitem?linerid=325&qty=1 - 0
2024-11-15 11:01:18.587 +05:30  INF  CORS policy execution successful.
2024-11-15 11:01:18.587 +05:30  INF  Executing endpoint 'BAKERBAZZAR.API.Controller.UserController.UpdateCartItem (BAKERBAZZAR.API)'
2024-11-15 11:01:18.587 +05:30  INF  Route matched with {action = "UpdateCartItem", controller = "User"}. Executing controller action with signature System.Threading.Tasks.Task`1[Microsoft.AspNetCore.Mvc.ActionResult`1[BAKERBAZZAR.API.Models.ApiResponse]] UpdateCartItem(Int32, Int32) on controller BAKERBAZZAR.API.Controller.UserController (BAKERBAZZAR.API).
2024-11-15 11:01:18.588 +05:30  INF  Request starting HTTP/1.1 PUT http://localhost:5145/user/updatecartitem?linerid=325&qty=1 - 0
2024-11-15 11:01:18.588 +05:30  INF  CORS policy execution successful.
2024-11-15 11:01:18.588 +05:30  INF  Executing endpoint 'BAKERBAZZAR.API.Controller.UserController.UpdateCartItem (BAKERBAZZAR.API)'
2024-11-15 11:01:18.588 +05:30  INF  Route matched with {action = "UpdateCartItem", controller = "User"}. Executing controller action with signature System.Threading.Tasks.Task`1[Microsoft.AspNetCore.Mvc.ActionResult`1[BAKERBAZZAR.API.Models.ApiResponse]] UpdateCartItem(Int32, Int32) on controller BAKERBAZZAR.API.Controller.UserController (BAKERBAZZAR.API).
2024-11-15 11:01:18.591 +05:30  INF  Executing ObjectResult, writing value of type 'BAKERBAZZAR.API.Models.ApiResponse'.
2024-11-15 11:01:18.591 +05:30  INF  Executed action BAKERBAZZAR.API.Controller.UserController.UpdateCartItem (BAKERBAZZAR.API) in 7.1527ms
2024-11-15 11:01:18.591 +05:30  INF  Executed endpoint 'BAKERBAZZAR.API.Controller.UserController.UpdateCartItem (BAKERBAZZAR.API)'
2024-11-15 11:01:18.591 +05:30  INF  Request finished HTTP/1.1 PUT http://localhost:5145/user/updatecartitem?linerid=324&qty=1 - 0 - 200 - application/json;+charset=utf-8 7.7730ms
2024-11-15 11:01:18.593 +05:30  INF  Executing ObjectResult, writing value of type 'BAKERBAZZAR.API.Models.ApiResponse'.
2024-11-15 11:01:18.593 +05:30  INF  Executed action BAKERBAZZAR.API.Controller.UserController.UpdateCartItem (BAKERBAZZAR.API) in 5.5612ms
2024-11-15 11:01:18.593 +05:30  INF  Executed endpoint 'BAKERBAZZAR.API.Controller.UserController.UpdateCartItem (BAKERBAZZAR.API)'
2024-11-15 11:01:18.593 +05:30  INF  Request finished HTTP/1.1 PUT http://localhost:5145/user/updatecartitem?linerid=325&qty=1 - 0 - 200 - application/json;+charset=utf-8 5.9767ms
2024-11-15 11:01:18.593 +05:30  INF  Request starting HTTP/1.1 GET http://localhost:5145/User/CartDetails?displayid=8d79efcd-ca17-4476-b990-bb4b916390ff - -
2024-11-15 11:01:18.593 +05:30  INF  CORS policy execution successful.
2024-11-15 11:01:18.593 +05:30  INF  Executing endpoint 'BAKERBAZZAR.API.Controller.UserController.CartDetails (BAKERBAZZAR.API)'
2024-11-15 11:01:18.593 +05:30  INF  Route matched with {action = "CartDetails", controller = "User"}. Executing controller action with signature System.Threading.Tasks.Task`1[Microsoft.AspNetCore.Mvc.ActionResult`1[BAKERBAZZAR.API.Models.ApiResponse]] CartDetails(System.String) on controller BAKERBAZZAR.API.Controller.UserController (BAKERBAZZAR.API).
2024-11-15 11:01:18.595 +05:30  INF  Executing ObjectResult, writing value of type 'BAKERBAZZAR.API.Models.ApiResponse'.
2024-11-15 11:01:18.595 +05:30  INF  Executed action BAKERBAZZAR.API.Controller.UserController.UpdateCartItem (BAKERBAZZAR.API) in 6.9631ms
2024-11-15 11:01:18.596 +05:30  INF  Executed endpoint 'BAKERBAZZAR.API.Controller.UserController.UpdateCartItem (BAKERBAZZAR.API)'
2024-11-15 11:01:18.597 +05:30  INF  Request finished HTTP/1.1 PUT http://localhost:5145/user/updatecartitem?linerid=325&qty=1 - 0 - 200 - application/json;+charset=utf-8 8.6447ms
2024-11-15 11:01:18.598 +05:30  INF  Executing ObjectResult, writing value of type 'BAKERBAZZAR.API.Models.ApiResponse'.
2024-11-15 11:01:18.598 +05:30  INF  Executed action BAKERBAZZAR.API.Controller.UserController.UpdateCartItem (BAKERBAZZAR.API) in 11.5396ms
2024-11-15 11:01:18.598 +05:30  INF  Executed endpoint 'BAKERBAZZAR.API.Controller.UserController.UpdateCartItem (BAKERBAZZAR.API)'
2024-11-15 11:01:18.598 +05:30  INF  Request finished HTTP/1.1 PUT http://localhost:5145/user/updatecartitem?linerid=324&qty=1 - 0 - 200 - application/json;+charset=utf-8 12.5010ms
2024-11-15 11:01:18.603 +05:30  INF  Executing ObjectResult, writing value of type 'BAKERBAZZAR.API.Models.ApiResponse'.
2024-11-15 11:01:18.603 +05:30  INF  Executed action BAKERBAZZAR.API.Controller.UserController.CartDetails (BAKERBAZZAR.API) in 9.7277ms
2024-11-15 11:01:18.603 +05:30  INF  Executed endpoint 'BAKERBAZZAR.API.Controller.UserController.CartDetails (BAKERBAZZAR.API)'
2024-11-15 11:01:18.603 +05:30  INF  Request finished HTTP/1.1 GET http://localhost:5145/User/CartDetails?displayid=8d79efcd-ca17-4476-b990-bb4b916390ff - - - 200 - application/json;+charset=utf-8 10.1126ms
2024-11-15 11:01:21.534 +05:30  INF  Request starting HTTP/1.1 OPTIONS http://localhost:5145/user/updatecartitem?linerid=324&qty=2 - -
2024-11-15 11:01:21.534 +05:30  INF  CORS policy execution successful.
2024-11-15 11:01:21.534 +05:30  INF  Request finished HTTP/1.1 OPTIONS http://localhost:5145/user/updatecartitem?linerid=324&qty=2 - - - 204 - - 0.1995ms
2024-11-15 11:01:21.535 +05:30  INF  Request starting HTTP/1.1 PUT http://localhost:5145/user/updatecartitem?linerid=324&qty=2 - 0
2024-11-15 11:01:21.536 +05:30  INF  CORS policy execution successful.
2024-11-15 11:01:21.536 +05:30  INF  Executing endpoint 'BAKERBAZZAR.API.Controller.UserController.UpdateCartItem (BAKERBAZZAR.API)'
2024-11-15 11:01:21.536 +05:30  INF  Route matched with {action = "UpdateCartItem", controller = "User"}. Executing controller action with signature System.Threading.Tasks.Task`1[Microsoft.AspNetCore.Mvc.ActionResult`1[BAKERBAZZAR.API.Models.ApiResponse]] UpdateCartItem(Int32, Int32) on controller BAKERBAZZAR.API.Controller.UserController (BAKERBAZZAR.API).
2024-11-15 11:01:21.538 +05:30  INF  Executing ObjectResult, writing value of type 'BAKERBAZZAR.API.Models.ApiResponse'.
2024-11-15 11:01:21.539 +05:30  INF  Executed action BAKERBAZZAR.API.Controller.UserController.UpdateCartItem (BAKERBAZZAR.API) in 2.8305ms
2024-11-15 11:01:21.539 +05:30  INF  Executed endpoint 'BAKERBAZZAR.API.Controller.UserController.UpdateCartItem (BAKERBAZZAR.API)'
2024-11-15 11:01:21.539 +05:30  INF  Request finished HTTP/1.1 PUT http://localhost:5145/user/updatecartitem?linerid=324&qty=2 - 0 - 200 - application/json;+charset=utf-8 3.1750ms
2024-11-15 11:01:21.539 +05:30  INF  Request starting HTTP/1.1 GET http://localhost:5145/User/CartDetails?displayid=8d79efcd-ca17-4476-b990-bb4b916390ff - -
2024-11-15 11:01:21.539 +05:30  INF  CORS policy execution successful.
2024-11-15 11:01:21.539 +05:30  INF  Executing endpoint 'BAKERBAZZAR.API.Controller.UserController.CartDetails (BAKERBAZZAR.API)'
2024-11-15 11:01:21.539 +05:30  INF  Route matched with {action = "CartDetails", controller = "User"}. Executing controller action with signature System.Threading.Tasks.Task`1[Microsoft.AspNetCore.Mvc.ActionResult`1[BAKERBAZZAR.API.Models.ApiResponse]] CartDetails(System.String) on controller BAKERBAZZAR.API.Controller.UserController (BAKERBAZZAR.API).
2024-11-15 11:01:21.541 +05:30  INF  Executing ObjectResult, writing value of type 'BAKERBAZZAR.API.Models.ApiResponse'.
2024-11-15 11:01:21.541 +05:30  INF  Executed action BAKERBAZZAR.API.Controller.UserController.CartDetails (BAKERBAZZAR.API) in 2.3208ms
2024-11-15 11:01:21.541 +05:30  INF  Executed endpoint 'BAKERBAZZAR.API.Controller.UserController.CartDetails (BAKERBAZZAR.API)'
2024-11-15 11:01:21.541 +05:30  INF  Request finished HTTP/1.1 GET http://localhost:5145/User/CartDetails?displayid=8d79efcd-ca17-4476-b990-bb4b916390ff - - - 200 - application/json;+charset=utf-8 2.5380ms
2024-11-15 11:01:22.060 +05:30  INF  Request starting HTTP/1.1 OPTIONS http://localhost:5145/user/updatecartitem?linerid=324&qty=3 - -
2024-11-15 11:01:22.060 +05:30  INF  CORS policy execution successful.
2024-11-15 11:01:22.060 +05:30  INF  Request finished HTTP/1.1 OPTIONS http://localhost:5145/user/updatecartitem?linerid=324&qty=3 - - - 204 - - 0.1579ms
2024-11-15 11:01:22.061 +05:30  INF  Request starting HTTP/1.1 PUT http://localhost:5145/user/updatecartitem?linerid=324&qty=3 - 0
2024-11-15 11:01:22.061 +05:30  INF  CORS policy execution successful.
2024-11-15 11:01:22.061 +05:30  INF  Executing endpoint 'BAKERBAZZAR.API.Controller.UserController.UpdateCartItem (BAKERBAZZAR.API)'
2024-11-15 11:01:22.061 +05:30  INF  Route matched with {action = "UpdateCartItem", controller = "User"}. Executing controller action with signature System.Threading.Tasks.Task`1[Microsoft.AspNetCore.Mvc.ActionResult`1[BAKERBAZZAR.API.Models.ApiResponse]] UpdateCartItem(Int32, Int32) on controller BAKERBAZZAR.API.Controller.UserController (BAKERBAZZAR.API).
2024-11-15 11:01:22.066 +05:30  INF  Request starting HTTP/1.1 GET http://localhost:5145/User/CartDetails?displayid=8d79efcd-ca17-4476-b990-bb4b916390ff - -
2024-11-15 11:01:22.066 +05:30  INF  CORS policy execution successful.
2024-11-15 11:01:22.066 +05:30  INF  Executing endpoint 'BAKERBAZZAR.API.Controller.UserController.CartDetails (BAKERBAZZAR.API)'
2024-11-15 11:01:22.066 +05:30  INF  Executing ObjectResult, writing value of type 'BAKERBAZZAR.API.Models.ApiResponse'.
2024-11-15 11:01:22.066 +05:30  INF  Route matched with {action = "CartDetails", controller = "User"}. Executing controller action with signature System.Threading.Tasks.Task`1[Microsoft.AspNetCore.Mvc.ActionResult`1[BAKERBAZZAR.API.Models.ApiResponse]] CartDetails(System.String) on controller BAKERBAZZAR.API.Controller.UserController (BAKERBAZZAR.API).
2024-11-15 11:01:22.066 +05:30  INF  Executed action BAKERBAZZAR.API.Controller.UserController.UpdateCartItem (BAKERBAZZAR.API) in 4.3956ms
2024-11-15 11:01:22.066 +05:30  INF  Executed endpoint 'BAKERBAZZAR.API.Controller.UserController.UpdateCartItem (BAKERBAZZAR.API)'
2024-11-15 11:01:22.066 +05:30  INF  Request finished HTTP/1.1 PUT http://localhost:5145/user/updatecartitem?linerid=324&qty=3 - 0 - 200 - application/json;+charset=utf-8 4.7858ms
2024-11-15 11:01:22.068 +05:30  INF  Executing ObjectResult, writing value of type 'BAKERBAZZAR.API.Models.ApiResponse'.
2024-11-15 11:01:22.068 +05:30  INF  Executed action BAKERBAZZAR.API.Controller.UserController.CartDetails (BAKERBAZZAR.API) in 1.9605ms
2024-11-15 11:01:22.068 +05:30  INF  Executed endpoint 'BAKERBAZZAR.API.Controller.UserController.CartDetails (BAKERBAZZAR.API)'
2024-11-15 11:01:22.068 +05:30  INF  Request finished HTTP/1.1 GET http://localhost:5145/User/CartDetails?displayid=8d79efcd-ca17-4476-b990-bb4b916390ff - - - 200 - application/json;+charset=utf-8 2.2338ms
2024-11-15 11:01:22.417 +05:30  INF  Request starting HTTP/1.1 OPTIONS http://localhost:5145/user/updatecartitem?linerid=324&qty=4 - -
2024-11-15 11:01:22.418 +05:30  INF  CORS policy execution successful.
2024-11-15 11:01:22.418 +05:30  INF  Request finished HTTP/1.1 OPTIONS http://localhost:5145/user/updatecartitem?linerid=324&qty=4 - - - 204 - - 0.2111ms
2024-11-15 11:01:22.418 +05:30  INF  Request starting HTTP/1.1 PUT http://localhost:5145/user/updatecartitem?linerid=324&qty=4 - 0
2024-11-15 11:01:22.418 +05:30  INF  CORS policy execution successful.
2024-11-15 11:01:22.419 +05:30  INF  Executing endpoint 'BAKERBAZZAR.API.Controller.UserController.UpdateCartItem (BAKERBAZZAR.API)'
2024-11-15 11:01:22.419 +05:30  INF  Route matched with {action = "UpdateCartItem", controller = "User"}. Executing controller action with signature System.Threading.Tasks.Task`1[Microsoft.AspNetCore.Mvc.ActionResult`1[BAKERBAZZAR.API.Models.ApiResponse]] UpdateCartItem(Int32, Int32) on controller BAKERBAZZAR.API.Controller.UserController (BAKERBAZZAR.API).
2024-11-15 11:01:22.422 +05:30  INF  Executing ObjectResult, writing value of type 'BAKERBAZZAR.API.Models.ApiResponse'.
2024-11-15 11:01:22.422 +05:30  INF  Request starting HTTP/1.1 GET http://localhost:5145/User/CartDetails?displayid=8d79efcd-ca17-4476-b990-bb4b916390ff - -
2024-11-15 11:01:22.422 +05:30  INF  Executed action BAKERBAZZAR.API.Controller.UserController.UpdateCartItem (BAKERBAZZAR.API) in 3.2563ms
2024-11-15 11:01:22.422 +05:30  INF  CORS policy execution successful.
2024-11-15 11:01:22.422 +05:30  INF  Executed endpoint 'BAKERBAZZAR.API.Controller.UserController.UpdateCartItem (BAKERBAZZAR.API)'
2024-11-15 11:01:22.422 +05:30  INF  Executing endpoint 'BAKERBAZZAR.API.Controller.UserController.CartDetails (BAKERBAZZAR.API)'
2024-11-15 11:01:22.422 +05:30  INF  Route matched with {action = "CartDetails", controller = "User"}. Executing controller action with signature System.Threading.Tasks.Task`1[Microsoft.AspNetCore.Mvc.ActionResult`1[BAKERBAZZAR.API.Models.ApiResponse]] CartDetails(System.String) on controller BAKERBAZZAR.API.Controller.UserController (BAKERBAZZAR.API).
2024-11-15 11:01:22.422 +05:30  INF  Request finished HTTP/1.1 PUT http://localhost:5145/user/updatecartitem?linerid=324&qty=4 - 0 - 200 - application/json;+charset=utf-8 3.5594ms
2024-11-15 11:01:22.424 +05:30  INF  Executing ObjectResult, writing value of type 'BAKERBAZZAR.API.Models.ApiResponse'.
2024-11-15 11:01:22.424 +05:30  INF  Executed action BAKERBAZZAR.API.Controller.UserController.CartDetails (BAKERBAZZAR.API) in 1.9323ms
2024-11-15 11:01:22.424 +05:30  INF  Executed endpoint 'BAKERBAZZAR.API.Controller.UserController.CartDetails (BAKERBAZZAR.API)'
2024-11-15 11:01:22.424 +05:30  INF  Request finished HTTP/1.1 GET http://localhost:5145/User/CartDetails?displayid=8d79efcd-ca17-4476-b990-bb4b916390ff - - - 200 - application/json;+charset=utf-8 2.1877ms
2024-11-15 11:01:23.668 +05:30  INF  Request starting HTTP/1.1 OPTIONS http://localhost:5145/user/updatecartitem?linerid=325&qty=2 - -
2024-11-15 11:01:23.668 +05:30  INF  CORS policy execution successful.
2024-11-15 11:01:23.668 +05:30  INF  Request finished HTTP/1.1 OPTIONS http://localhost:5145/user/updatecartitem?linerid=325&qty=2 - - - 204 - - 0.1528ms
2024-11-15 11:01:23.669 +05:30  INF  Request starting HTTP/1.1 PUT http://localhost:5145/user/updatecartitem?linerid=325&qty=2 - 0
2024-11-15 11:01:23.669 +05:30  INF  CORS policy execution successful.
2024-11-15 11:01:23.669 +05:30  INF  Executing endpoint 'BAKERBAZZAR.API.Controller.UserController.UpdateCartItem (BAKERBAZZAR.API)'
2024-11-15 11:01:23.669 +05:30  INF  Route matched with {action = "UpdateCartItem", controller = "User"}. Executing controller action with signature System.Threading.Tasks.Task`1[Microsoft.AspNetCore.Mvc.ActionResult`1[BAKERBAZZAR.API.Models.ApiResponse]] UpdateCartItem(Int32, Int32) on controller BAKERBAZZAR.API.Controller.UserController (BAKERBAZZAR.API).
2024-11-15 11:01:23.672 +05:30  INF  Request starting HTTP/1.1 GET http://localhost:5145/User/CartDetails?displayid=8d79efcd-ca17-4476-b990-bb4b916390ff - -
2024-11-15 11:01:23.673 +05:30  INF  CORS policy execution successful.
2024-11-15 11:01:23.673 +05:30  INF  Executing endpoint 'BAKERBAZZAR.API.Controller.UserController.CartDetails (BAKERBAZZAR.API)'
2024-11-15 11:01:23.673 +05:30  INF  Executing ObjectResult, writing value of type 'BAKERBAZZAR.API.Models.ApiResponse'.
2024-11-15 11:01:23.673 +05:30  INF  Route matched with {action = "CartDetails", controller = "User"}. Executing controller action with signature System.Threading.Tasks.Task`1[Microsoft.AspNetCore.Mvc.ActionResult`1[BAKERBAZZAR.API.Models.ApiResponse]] CartDetails(System.String) on controller BAKERBAZZAR.API.Controller.UserController (BAKERBAZZAR.API).
2024-11-15 11:01:23.673 +05:30  INF  Executed action BAKERBAZZAR.API.Controller.UserController.UpdateCartItem (BAKERBAZZAR.API) in 3.7163ms
2024-11-15 11:01:23.673 +05:30  INF  Executed endpoint 'BAKERBAZZAR.API.Controller.UserController.UpdateCartItem (BAKERBAZZAR.API)'
2024-11-15 11:01:23.673 +05:30  INF  Request finished HTTP/1.1 PUT http://localhost:5145/user/updatecartitem?linerid=325&qty=2 - 0 - 200 - application/json;+charset=utf-8 4.1290ms
2024-11-15 11:01:23.676 +05:30  INF  Executing ObjectResult, writing value of type 'BAKERBAZZAR.API.Models.ApiResponse'.
2024-11-15 11:01:23.676 +05:30  INF  Executed action BAKERBAZZAR.API.Controller.UserController.CartDetails (BAKERBAZZAR.API) in 3.0369ms
2024-11-15 11:01:23.676 +05:30  INF  Executed endpoint 'BAKERBAZZAR.API.Controller.UserController.CartDetails (BAKERBAZZAR.API)'
2024-11-15 11:01:23.676 +05:30  INF  Request finished HTTP/1.1 GET http://localhost:5145/User/CartDetails?displayid=8d79efcd-ca17-4476-b990-bb4b916390ff - - - 200 - application/json;+charset=utf-8 3.4309ms
2024-11-15 11:01:24.242 +05:30  INF  Request starting HTTP/1.1 OPTIONS http://localhost:5145/user/updatecartitem?linerid=325&qty=3 - -
2024-11-15 11:01:24.242 +05:30  INF  CORS policy execution successful.
2024-11-15 11:01:24.242 +05:30  INF  Request finished HTTP/1.1 OPTIONS http://localhost:5145/user/updatecartitem?linerid=325&qty=3 - - - 204 - - 0.1665ms
2024-11-15 11:01:24.243 +05:30  INF  Request starting HTTP/1.1 PUT http://localhost:5145/user/updatecartitem?linerid=325&qty=3 - 0
2024-11-15 11:01:24.243 +05:30  INF  CORS policy execution successful.
2024-11-15 11:01:24.243 +05:30  INF  Executing endpoint 'BAKERBAZZAR.API.Controller.UserController.UpdateCartItem (BAKERBAZZAR.API)'
2024-11-15 11:01:24.243 +05:30  INF  Route matched with {action = "UpdateCartItem", controller = "User"}. Executing controller action with signature System.Threading.Tasks.Task`1[Microsoft.AspNetCore.Mvc.ActionResult`1[BAKERBAZZAR.API.Models.ApiResponse]] UpdateCartItem(Int32, Int32) on controller BAKERBAZZAR.API.Controller.UserController (BAKERBAZZAR.API).
2024-11-15 11:01:24.245 +05:30  INF  Request starting HTTP/1.1 GET http://localhost:5145/User/CartDetails?displayid=8d79efcd-ca17-4476-b990-bb4b916390ff - -
2024-11-15 11:01:24.246 +05:30  INF  CORS policy execution successful.
2024-11-15 11:01:24.246 +05:30  INF  Executing endpoint 'BAKERBAZZAR.API.Controller.UserController.CartDetails (BAKERBAZZAR.API)'
2024-11-15 11:01:24.246 +05:30  INF  Route matched with {action = "CartDetails", controller = "User"}. Executing controller action with signature System.Threading.Tasks.Task`1[Microsoft.AspNetCore.Mvc.ActionResult`1[BAKERBAZZAR.API.Models.ApiResponse]] CartDetails(System.String) on controller BAKERBAZZAR.API.Controller.UserController (BAKERBAZZAR.API).
2024-11-15 11:01:24.246 +05:30  INF  Executing ObjectResult, writing value of type 'BAKERBAZZAR.API.Models.ApiResponse'.
2024-11-15 11:01:24.246 +05:30  INF  Executed action BAKERBAZZAR.API.Controller.UserController.UpdateCartItem (BAKERBAZZAR.API) in 3.3094ms
2024-11-15 11:01:24.246 +05:30  INF  Executed endpoint 'BAKERBAZZAR.API.Controller.UserController.UpdateCartItem (BAKERBAZZAR.API)'
2024-11-15 11:01:24.246 +05:30  INF  Request finished HTTP/1.1 PUT http://localhost:5145/user/updatecartitem?linerid=325&qty=3 - 0 - 200 - application/json;+charset=utf-8 3.6997ms
2024-11-15 11:01:24.248 +05:30  INF  Executing ObjectResult, writing value of type 'BAKERBAZZAR.API.Models.ApiResponse'.
2024-11-15 11:01:24.249 +05:30  INF  Executed action BAKERBAZZAR.API.Controller.UserController.CartDetails (BAKERBAZZAR.API) in 2.8651ms
2024-11-15 11:01:24.249 +05:30  INF  Executed endpoint 'BAKERBAZZAR.API.Controller.UserController.CartDetails (BAKERBAZZAR.API)'
2024-11-15 11:01:24.249 +05:30  INF  Request finished HTTP/1.1 GET http://localhost:5145/User/CartDetails?displayid=8d79efcd-ca17-4476-b990-bb4b916390ff - - - 200 - application/json;+charset=utf-8 3.2936ms
2024-11-15 11:01:26.809 +05:30  INF  Request starting HTTP/1.1 OPTIONS http://localhost:5145/user/deletecartitem?cartdisplayid=8d79efcd-ca17-4476-b990-bb4b916390ff&cartrid=325 - -
2024-11-15 11:01:26.809 +05:30  INF  CORS policy execution successful.
2024-11-15 11:01:26.809 +05:30  INF  Request finished HTTP/1.1 OPTIONS http://localhost:5145/user/deletecartitem?cartdisplayid=8d79efcd-ca17-4476-b990-bb4b916390ff&cartrid=325 - - - 204 - - 0.2213ms
2024-11-15 11:01:26.811 +05:30  INF  Request starting HTTP/1.1 DELETE http://localhost:5145/user/deletecartitem?cartdisplayid=8d79efcd-ca17-4476-b990-bb4b916390ff&cartrid=325 - -
2024-11-15 11:01:26.812 +05:30  INF  CORS policy execution successful.
2024-11-15 11:01:26.812 +05:30  INF  Executing endpoint 'BAKERBAZZAR.API.Controller.UserController.DeleteCartItem (BAKERBAZZAR.API)'
2024-11-15 11:01:26.814 +05:30  INF  Route matched with {action = "DeleteCartItem", controller = "User"}. Executing controller action with signature System.Threading.Tasks.Task`1[Microsoft.AspNetCore.Mvc.ActionResult`1[BAKERBAZZAR.API.Models.ApiResponse]] DeleteCartItem(System.String, Int32) on controller BAKERBAZZAR.API.Controller.UserController (BAKERBAZZAR.API).
2024-11-15 11:01:26.820 +05:30  INF  Executing ObjectResult, writing value of type 'BAKERBAZZAR.API.Models.ApiResponse'.
2024-11-15 11:01:26.821 +05:30  INF  Executed action BAKERBAZZAR.API.Controller.UserController.DeleteCartItem (BAKERBAZZAR.API) in 6.1038ms
2024-11-15 11:01:26.821 +05:30  INF  Executed endpoint 'BAKERBAZZAR.API.Controller.UserController.DeleteCartItem (BAKERBAZZAR.API)'
2024-11-15 11:01:26.821 +05:30  INF  Request finished HTTP/1.1 DELETE http://localhost:5145/user/deletecartitem?cartdisplayid=8d79efcd-ca17-4476-b990-bb4b916390ff&cartrid=325 - - - 200 - application/json;+charset=utf-8 10.5477ms
2024-11-15 11:01:26.825 +05:30  INF  Request starting HTTP/1.1 GET http://localhost:5145/User/CartDetails?displayid=8d79efcd-ca17-4476-b990-bb4b916390ff - -
2024-11-15 11:01:26.826 +05:30  INF  CORS policy execution successful.
2024-11-15 11:01:26.826 +05:30  INF  Executing endpoint 'BAKERBAZZAR.API.Controller.UserController.CartDetails (BAKERBAZZAR.API)'
2024-11-15 11:01:26.826 +05:30  INF  Route matched with {action = "CartDetails", controller = "User"}. Executing controller action with signature System.Threading.Tasks.Task`1[Microsoft.AspNetCore.Mvc.ActionResult`1[BAKERBAZZAR.API.Models.ApiResponse]] CartDetails(System.String) on controller BAKERBAZZAR.API.Controller.UserController (BAKERBAZZAR.API).
2024-11-15 11:01:26.829 +05:30  INF  Executing ObjectResult, writing value of type 'BAKERBAZZAR.API.Models.ApiResponse'.
2024-11-15 11:01:26.829 +05:30  INF  Executed action BAKERBAZZAR.API.Controller.UserController.CartDetails (BAKERBAZZAR.API) in 2.9494ms
2024-11-15 11:01:26.829 +05:30  INF  Executed endpoint 'BAKERBAZZAR.API.Controller.UserController.CartDetails (BAKERBAZZAR.API)'
2024-11-15 11:01:26.829 +05:30  INF  Request finished HTTP/1.1 GET http://localhost:5145/User/CartDetails?displayid=8d79efcd-ca17-4476-b990-bb4b916390ff - - - 200 - application/json;+charset=utf-8 3.4084ms
2024-11-15 11:01:29.874 +05:30  INF  Request starting HTTP/1.1 OPTIONS http://localhost:5145/User/AddToCart - -
2024-11-15 11:01:29.874 +05:30  INF  CORS policy execution successful.
2024-11-15 11:01:29.874 +05:30  INF  Request finished HTTP/1.1 OPTIONS http://localhost:5145/User/AddToCart - - - 204 - - 0.1966ms
2024-11-15 11:01:29.875 +05:30  INF  Request starting HTTP/1.1 POST http://localhost:5145/User/AddToCart application/json 140
2024-11-15 11:01:29.875 +05:30  INF  CORS policy execution successful.
2024-11-15 11:01:29.875 +05:30  INF  Executing endpoint 'BAKERBAZZAR.API.Controller.UserController.AddToCart (BAKERBAZZAR.API)'
2024-11-15 11:01:29.875 +05:30  INF  Route matched with {action = "AddToCart", controller = "User"}. Executing controller action with signature System.Threading.Tasks.Task`1[Microsoft.AspNetCore.Mvc.ActionResult`1[BAKERBAZZAR.API.Models.ApiResponse]] AddToCart(BAKERBAZZAR.API.Models.IO_Templates.AddToCartRequest) on controller BAKERBAZZAR.API.Controller.UserController (BAKERBAZZAR.API).
2024-11-15 11:01:29.878 +05:30  INF  Executing ObjectResult, writing value of type 'BAKERBAZZAR.API.Models.ApiResponse'.
2024-11-15 11:01:29.878 +05:30  INF  Executed action BAKERBAZZAR.API.Controller.UserController.AddToCart (BAKERBAZZAR.API) in 2.9695ms
2024-11-15 11:01:29.878 +05:30  INF  Executed endpoint 'BAKERBAZZAR.API.Controller.UserController.AddToCart (BAKERBAZZAR.API)'
2024-11-15 11:01:29.878 +05:30  INF  Request finished HTTP/1.1 POST http://localhost:5145/User/AddToCart application/json 140 - 200 - application/json;+charset=utf-8 3.3086ms
2024-11-15 11:01:31.258 +05:30  INF  Request starting HTTP/1.1 GET http://localhost:5145/User/CartDetails?displayid=8d79efcd-ca17-4476-b990-bb4b916390ff - -
2024-11-15 11:01:31.259 +05:30  INF  CORS policy execution successful.
2024-11-15 11:01:31.259 +05:30  INF  Executing endpoint 'BAKERBAZZAR.API.Controller.UserController.CartDetails (BAKERBAZZAR.API)'
2024-11-15 11:01:31.259 +05:30  INF  Route matched with {action = "CartDetails", controller = "User"}. Executing controller action with signature System.Threading.Tasks.Task`1[Microsoft.AspNetCore.Mvc.ActionResult`1[BAKERBAZZAR.API.Models.ApiResponse]] CartDetails(System.String) on controller BAKERBAZZAR.API.Controller.UserController (BAKERBAZZAR.API).
2024-11-15 11:01:31.261 +05:30  INF  Executing ObjectResult, writing value of type 'BAKERBAZZAR.API.Models.ApiResponse'.
2024-11-15 11:01:31.261 +05:30  INF  Executed action BAKERBAZZAR.API.Controller.UserController.CartDetails (BAKERBAZZAR.API) in 2.1557ms
2024-11-15 11:01:31.261 +05:30  INF  Executed endpoint 'BAKERBAZZAR.API.Controller.UserController.CartDetails (BAKERBAZZAR.API)'
2024-11-15 11:01:31.261 +05:30  INF  Request finished HTTP/1.1 GET http://localhost:5145/User/CartDetails?displayid=8d79efcd-ca17-4476-b990-bb4b916390ff - - - 200 - application/json;+charset=utf-8 2.8072ms
2024-11-15 11:01:31.262 +05:30  INF  Request starting HTTP/1.1 GET http://localhost:5145/User/CartDetails?displayid=8d79efcd-ca17-4476-b990-bb4b916390ff - -
2024-11-15 11:01:31.262 +05:30  INF  CORS policy execution successful.
2024-11-15 11:01:31.262 +05:30  INF  Executing endpoint 'BAKERBAZZAR.API.Controller.UserController.CartDetails (BAKERBAZZAR.API)'
2024-11-15 11:01:31.262 +05:30  INF  Route matched with {action = "CartDetails", controller = "User"}. Executing controller action with signature System.Threading.Tasks.Task`1[Microsoft.AspNetCore.Mvc.ActionResult`1[BAKERBAZZAR.API.Models.ApiResponse]] CartDetails(System.String) on controller BAKERBAZZAR.API.Controller.UserController (BAKERBAZZAR.API).
2024-11-15 11:01:31.266 +05:30  INF  Executing ObjectResult, writing value of type 'BAKERBAZZAR.API.Models.ApiResponse'.
2024-11-15 11:01:31.266 +05:30  INF  Executed action BAKERBAZZAR.API.Controller.UserController.CartDetails (BAKERBAZZAR.API) in 3.3455ms
2024-11-15 11:01:31.266 +05:30  INF  Executed endpoint 'BAKERBAZZAR.API.Controller.UserController.CartDetails (BAKERBAZZAR.API)'
2024-11-15 11:01:31.266 +05:30  INF  Request finished HTTP/1.1 GET http://localhost:5145/User/CartDetails?displayid=8d79efcd-ca17-4476-b990-bb4b916390ff - - - 200 - application/json;+charset=utf-8 3.8954ms
2024-11-15 11:01:31.281 +05:30  INF  Request starting HTTP/1.1 OPTIONS http://localhost:5145/user/updatecartitem?linerid=324&qty=4 - -
2024-11-15 11:01:31.281 +05:30  INF  CORS policy execution successful.
2024-11-15 11:01:31.281 +05:30  INF  Request finished HTTP/1.1 OPTIONS http://localhost:5145/user/updatecartitem?linerid=324&qty=4 - - - 204 - - 0.2879ms
2024-11-15 11:01:31.281 +05:30  INF  Request starting HTTP/1.1 OPTIONS http://localhost:5145/user/updatecartitem?linerid=326&qty=1 - -
2024-11-15 11:01:31.281 +05:30  INF  CORS policy execution successful.
2024-11-15 11:01:31.282 +05:30  INF  Request finished HTTP/1.1 OPTIONS http://localhost:5145/user/updatecartitem?linerid=326&qty=1 - - - 204 - - 0.1743ms
2024-11-15 11:01:31.284 +05:30  INF  Request starting HTTP/1.1 PUT http://localhost:5145/user/updatecartitem?linerid=324&qty=4 - 0
2024-11-15 11:01:31.284 +05:30  INF  Request starting HTTP/1.1 PUT http://localhost:5145/user/updatecartitem?linerid=324&qty=4 - 0
2024-11-15 11:01:31.284 +05:30  INF  CORS policy execution successful.
2024-11-15 11:01:31.284 +05:30  INF  CORS policy execution successful.
2024-11-15 11:01:31.284 +05:30  INF  Executing endpoint 'BAKERBAZZAR.API.Controller.UserController.UpdateCartItem (BAKERBAZZAR.API)'
2024-11-15 11:01:31.284 +05:30  INF  Executing endpoint 'BAKERBAZZAR.API.Controller.UserController.UpdateCartItem (BAKERBAZZAR.API)'
2024-11-15 11:01:31.285 +05:30  INF  Route matched with {action = "UpdateCartItem", controller = "User"}. Executing controller action with signature System.Threading.Tasks.Task`1[Microsoft.AspNetCore.Mvc.ActionResult`1[BAKERBAZZAR.API.Models.ApiResponse]] UpdateCartItem(Int32, Int32) on controller BAKERBAZZAR.API.Controller.UserController (BAKERBAZZAR.API).
2024-11-15 11:01:31.285 +05:30  INF  Route matched with {action = "UpdateCartItem", controller = "User"}. Executing controller action with signature System.Threading.Tasks.Task`1[Microsoft.AspNetCore.Mvc.ActionResult`1[BAKERBAZZAR.API.Models.ApiResponse]] UpdateCartItem(Int32, Int32) on controller BAKERBAZZAR.API.Controller.UserController (BAKERBAZZAR.API).
2024-11-15 11:01:31.285 +05:30  INF  Request starting HTTP/1.1 OPTIONS http://localhost:5145/user/updatecartitem?linerid=326&qty=1 - -
2024-11-15 11:01:31.285 +05:30  INF  Request starting HTTP/1.1 PUT http://localhost:5145/user/updatecartitem?linerid=326&qty=1 - 0
2024-11-15 11:01:31.285 +05:30  INF  CORS policy execution successful.
2024-11-15 11:01:31.285 +05:30  INF  CORS policy execution successful.
2024-11-15 11:01:31.285 +05:30  INF  Executing endpoint 'BAKERBAZZAR.API.Controller.UserController.UpdateCartItem (BAKERBAZZAR.API)'
2024-11-15 11:01:31.286 +05:30  INF  Request finished HTTP/1.1 OPTIONS http://localhost:5145/user/updatecartitem?linerid=326&qty=1 - - - 204 - - 0.2469ms
2024-11-15 11:01:31.286 +05:30  INF  Route matched with {action = "UpdateCartItem", controller = "User"}. Executing controller action with signature System.Threading.Tasks.Task`1[Microsoft.AspNetCore.Mvc.ActionResult`1[BAKERBAZZAR.API.Models.ApiResponse]] UpdateCartItem(Int32, Int32) on controller BAKERBAZZAR.API.Controller.UserController (BAKERBAZZAR.API).
2024-11-15 11:01:31.287 +05:30  INF  Request starting HTTP/1.1 PUT http://localhost:5145/user/updatecartitem?linerid=326&qty=1 - 0
2024-11-15 11:01:31.287 +05:30  INF  CORS policy execution successful.
2024-11-15 11:01:31.287 +05:30  INF  Executing endpoint 'BAKERBAZZAR.API.Controller.UserController.UpdateCartItem (BAKERBAZZAR.API)'
2024-11-15 11:01:31.287 +05:30  INF  Route matched with {action = "UpdateCartItem", controller = "User"}. Executing controller action with signature System.Threading.Tasks.Task`1[Microsoft.AspNetCore.Mvc.ActionResult`1[BAKERBAZZAR.API.Models.ApiResponse]] UpdateCartItem(Int32, Int32) on controller BAKERBAZZAR.API.Controller.UserController (BAKERBAZZAR.API).
2024-11-15 11:01:31.287 +05:30  INF  Executing ObjectResult, writing value of type 'BAKERBAZZAR.API.Models.ApiResponse'.
2024-11-15 11:01:31.288 +05:30  INF  Executed action BAKERBAZZAR.API.Controller.UserController.UpdateCartItem (BAKERBAZZAR.API) in 2.8731ms
2024-11-15 11:01:31.288 +05:30  INF  Executed endpoint 'BAKERBAZZAR.API.Controller.UserController.UpdateCartItem (BAKERBAZZAR.API)'
2024-11-15 11:01:31.288 +05:30  INF  Request finished HTTP/1.1 PUT http://localhost:5145/user/updatecartitem?linerid=324&qty=4 - 0 - 200 - application/json;+charset=utf-8 4.3076ms
2024-11-15 11:01:31.288 +05:30  INF  Executing ObjectResult, writing value of type 'BAKERBAZZAR.API.Models.ApiResponse'.
2024-11-15 11:01:31.288 +05:30  INF  Executed action BAKERBAZZAR.API.Controller.UserController.UpdateCartItem (BAKERBAZZAR.API) in 3.0969ms
2024-11-15 11:01:31.288 +05:30  INF  Executed endpoint 'BAKERBAZZAR.API.Controller.UserController.UpdateCartItem (BAKERBAZZAR.API)'
2024-11-15 11:01:31.288 +05:30  INF  Executing ObjectResult, writing value of type 'BAKERBAZZAR.API.Models.ApiResponse'.
2024-11-15 11:01:31.288 +05:30  INF  Request finished HTTP/1.1 PUT http://localhost:5145/user/updatecartitem?linerid=324&qty=4 - 0 - 200 - application/json;+charset=utf-8 4.0987ms
2024-11-15 11:01:31.288 +05:30  INF  Executed action BAKERBAZZAR.API.Controller.UserController.UpdateCartItem (BAKERBAZZAR.API) in 2.3172ms
2024-11-15 11:01:31.288 +05:30  INF  Executed endpoint 'BAKERBAZZAR.API.Controller.UserController.UpdateCartItem (BAKERBAZZAR.API)'
2024-11-15 11:01:31.288 +05:30  INF  Request finished HTTP/1.1 PUT http://localhost:5145/user/updatecartitem?linerid=326&qty=1 - 0 - 200 - application/json;+charset=utf-8 2.5826ms
2024-11-15 11:01:31.291 +05:30  INF  Request starting HTTP/1.1 GET http://localhost:5145/User/CartDetails?displayid=8d79efcd-ca17-4476-b990-bb4b916390ff - -
2024-11-15 11:01:31.291 +05:30  INF  CORS policy execution successful.
2024-11-15 11:01:31.291 +05:30  INF  Executing endpoint 'BAKERBAZZAR.API.Controller.UserController.CartDetails (BAKERBAZZAR.API)'
2024-11-15 11:01:31.291 +05:30  INF  Route matched with {action = "CartDetails", controller = "User"}. Executing controller action with signature System.Threading.Tasks.Task`1[Microsoft.AspNetCore.Mvc.ActionResult`1[BAKERBAZZAR.API.Models.ApiResponse]] CartDetails(System.String) on controller BAKERBAZZAR.API.Controller.UserController (BAKERBAZZAR.API).
2024-11-15 11:01:31.295 +05:30  INF  Executing ObjectResult, writing value of type 'BAKERBAZZAR.API.Models.ApiResponse'.
2024-11-15 11:01:31.295 +05:30  INF  Executed action BAKERBAZZAR.API.Controller.UserController.UpdateCartItem (BAKERBAZZAR.API) in 7.8746ms
2024-11-15 11:01:31.295 +05:30  INF  Executed endpoint 'BAKERBAZZAR.API.Controller.UserController.UpdateCartItem (BAKERBAZZAR.API)'
2024-11-15 11:01:31.295 +05:30  INF  Request finished HTTP/1.1 PUT http://localhost:5145/user/updatecartitem?linerid=326&qty=1 - 0 - 200 - application/json;+charset=utf-8 8.3405ms
2024-11-15 11:01:31.295 +05:30  INF  Executing ObjectResult, writing value of type 'BAKERBAZZAR.API.Models.ApiResponse'.
2024-11-15 11:01:31.296 +05:30  INF  Executed action BAKERBAZZAR.API.Controller.UserController.CartDetails (BAKERBAZZAR.API) in 4.2442ms
2024-11-15 11:01:31.296 +05:30  INF  Executed endpoint 'BAKERBAZZAR.API.Controller.UserController.CartDetails (BAKERBAZZAR.API)'
2024-11-15 11:01:31.296 +05:30  INF  Request finished HTTP/1.1 GET http://localhost:5145/User/CartDetails?displayid=8d79efcd-ca17-4476-b990-bb4b916390ff - - - 200 - application/json;+charset=utf-8 4.6429ms
2024-11-15 11:01:41.947 +05:30  INF  Request starting HTTP/1.1 GET http://localhost:5145/User/CartDetails?displayid=8d79efcd-ca17-4476-b990-bb4b916390ff - -
2024-11-15 11:01:41.947 +05:30  INF  CORS policy execution successful.
2024-11-15 11:01:41.947 +05:30  INF  Executing endpoint 'BAKERBAZZAR.API.Controller.UserController.CartDetails (BAKERBAZZAR.API)'
2024-11-15 11:01:41.947 +05:30  INF  Route matched with {action = "CartDetails", controller = "User"}. Executing controller action with signature System.Threading.Tasks.Task`1[Microsoft.AspNetCore.Mvc.ActionResult`1[BAKERBAZZAR.API.Models.ApiResponse]] CartDetails(System.String) on controller BAKERBAZZAR.API.Controller.UserController (BAKERBAZZAR.API).
2024-11-15 11:01:41.950 +05:30  INF  Executing ObjectResult, writing value of type 'BAKERBAZZAR.API.Models.ApiResponse'.
2024-11-15 11:01:41.950 +05:30  INF  Executed action BAKERBAZZAR.API.Controller.UserController.CartDetails (BAKERBAZZAR.API) in 2.8022ms
2024-11-15 11:01:41.950 +05:30  INF  Executed endpoint 'BAKERBAZZAR.API.Controller.UserController.CartDetails (BAKERBAZZAR.API)'
2024-11-15 11:01:41.950 +05:30  INF  Request finished HTTP/1.1 GET http://localhost:5145/User/CartDetails?displayid=8d79efcd-ca17-4476-b990-bb4b916390ff - - - 200 - application/json;+charset=utf-8 3.3338ms
2024-11-15 11:01:41.953 +05:30  INF  Request starting HTTP/1.1 GET http://localhost:5145/User/CartDetails?displayid=8d79efcd-ca17-4476-b990-bb4b916390ff - -
2024-11-15 11:01:41.953 +05:30  INF  CORS policy execution successful.
2024-11-15 11:01:41.953 +05:30  INF  Executing endpoint 'BAKERBAZZAR.API.Controller.UserController.CartDetails (BAKERBAZZAR.API)'
2024-11-15 11:01:41.953 +05:30  INF  Route matched with {action = "CartDetails", controller = "User"}. Executing controller action with signature System.Threading.Tasks.Task`1[Microsoft.AspNetCore.Mvc.ActionResult`1[BAKERBAZZAR.API.Models.ApiResponse]] CartDetails(System.String) on controller BAKERBAZZAR.API.Controller.UserController (BAKERBAZZAR.API).
2024-11-15 11:01:41.955 +05:30  INF  Executing ObjectResult, writing value of type 'BAKERBAZZAR.API.Models.ApiResponse'.
2024-11-15 11:01:41.955 +05:30  INF  Executed action BAKERBAZZAR.API.Controller.UserController.CartDetails (BAKERBAZZAR.API) in 2.4635ms
2024-11-15 11:01:41.955 +05:30  INF  Executed endpoint 'BAKERBAZZAR.API.Controller.UserController.CartDetails (BAKERBAZZAR.API)'
2024-11-15 11:01:41.955 +05:30  INF  Request finished HTTP/1.1 GET http://localhost:5145/User/CartDetails?displayid=8d79efcd-ca17-4476-b990-bb4b916390ff - - - 200 - application/json;+charset=utf-8 2.8684ms
2024-11-15 11:01:41.968 +05:30  INF  Request starting HTTP/1.1 OPTIONS http://localhost:5145/user/updatecartitem?linerid=324&qty=4 - -
2024-11-15 11:01:41.968 +05:30  INF  CORS policy execution successful.
2024-11-15 11:01:41.969 +05:30  INF  Request finished HTTP/1.1 OPTIONS http://localhost:5145/user/updatecartitem?linerid=324&qty=4 - - - 204 - - 0.5390ms
2024-11-15 11:01:41.969 +05:30  INF  Request starting HTTP/1.1 OPTIONS http://localhost:5145/user/updatecartitem?linerid=326&qty=1 - -
2024-11-15 11:01:41.970 +05:30  INF  CORS policy execution successful.
2024-11-15 11:01:41.971 +05:30  INF  Request finished HTTP/1.1 OPTIONS http://localhost:5145/user/updatecartitem?linerid=326&qty=1 - - - 204 - - 1.9383ms
2024-11-15 11:01:41.973 +05:30  INF  Request starting HTTP/1.1 OPTIONS http://localhost:5145/user/updatecartitem?linerid=324&qty=4 - -
2024-11-15 11:01:41.973 +05:30  INF  CORS policy execution successful.
2024-11-15 11:01:41.973 +05:30  INF  Request finished HTTP/1.1 OPTIONS http://localhost:5145/user/updatecartitem?linerid=324&qty=4 - - - 204 - - 0.6068ms
2024-11-15 11:01:41.975 +05:30  INF  Request starting HTTP/1.1 PUT http://localhost:5145/user/updatecartitem?linerid=324&qty=4 - 0
2024-11-15 11:01:41.975 +05:30  INF  Request starting HTTP/1.1 OPTIONS http://localhost:5145/user/updatecartitem?linerid=326&qty=1 - -
2024-11-15 11:01:41.975 +05:30  INF  CORS policy execution successful.
2024-11-15 11:01:41.975 +05:30  INF  CORS policy execution successful.
2024-11-15 11:01:41.975 +05:30  INF  Request finished HTTP/1.1 OPTIONS http://localhost:5145/user/updatecartitem?linerid=326&qty=1 - - - 204 - - 0.2290ms
2024-11-15 11:01:41.976 +05:30  INF  Executing endpoint 'BAKERBAZZAR.API.Controller.UserController.UpdateCartItem (BAKERBAZZAR.API)'
2024-11-15 11:01:41.976 +05:30  INF  Route matched with {action = "UpdateCartItem", controller = "User"}. Executing controller action with signature System.Threading.Tasks.Task`1[Microsoft.AspNetCore.Mvc.ActionResult`1[BAKERBAZZAR.API.Models.ApiResponse]] UpdateCartItem(Int32, Int32) on controller BAKERBAZZAR.API.Controller.UserController (BAKERBAZZAR.API).
2024-11-15 11:01:41.977 +05:30  INF  Request starting HTTP/1.1 PUT http://localhost:5145/user/updatecartitem?linerid=326&qty=1 - 0
2024-11-15 11:01:41.977 +05:30  INF  CORS policy execution successful.
2024-11-15 11:01:41.977 +05:30  INF  Request starting HTTP/1.1 PUT http://localhost:5145/user/updatecartitem?linerid=324&qty=4 - 0
2024-11-15 11:01:41.977 +05:30  INF  Executing endpoint 'BAKERBAZZAR.API.Controller.UserController.UpdateCartItem (BAKERBAZZAR.API)'
2024-11-15 11:01:41.977 +05:30  INF  CORS policy execution successful.
2024-11-15 11:01:41.977 +05:30  INF  Executing endpoint 'BAKERBAZZAR.API.Controller.UserController.UpdateCartItem (BAKERBAZZAR.API)'
2024-11-15 11:01:41.977 +05:30  INF  Route matched with {action = "UpdateCartItem", controller = "User"}. Executing controller action with signature System.Threading.Tasks.Task`1[Microsoft.AspNetCore.Mvc.ActionResult`1[BAKERBAZZAR.API.Models.ApiResponse]] UpdateCartItem(Int32, Int32) on controller BAKERBAZZAR.API.Controller.UserController (BAKERBAZZAR.API).
2024-11-15 11:01:41.977 +05:30  INF  Route matched with {action = "UpdateCartItem", controller = "User"}. Executing controller action with signature System.Threading.Tasks.Task`1[Microsoft.AspNetCore.Mvc.ActionResult`1[BAKERBAZZAR.API.Models.ApiResponse]] UpdateCartItem(Int32, Int32) on controller BAKERBAZZAR.API.Controller.UserController (BAKERBAZZAR.API).
2024-11-15 11:01:41.978 +05:30  INF  Request starting HTTP/1.1 PUT http://localhost:5145/user/updatecartitem?linerid=326&qty=1 - 0
2024-11-15 11:01:41.978 +05:30  INF  CORS policy execution successful.
2024-11-15 11:01:41.978 +05:30  INF  Executing endpoint 'BAKERBAZZAR.API.Controller.UserController.UpdateCartItem (BAKERBAZZAR.API)'
2024-11-15 11:01:41.978 +05:30  INF  Route matched with {action = "UpdateCartItem", controller = "User"}. Executing controller action with signature System.Threading.Tasks.Task`1[Microsoft.AspNetCore.Mvc.ActionResult`1[BAKERBAZZAR.API.Models.ApiResponse]] UpdateCartItem(Int32, Int32) on controller BAKERBAZZAR.API.Controller.UserController (BAKERBAZZAR.API).
2024-11-15 11:01:41.981 +05:30  INF  Request starting HTTP/1.1 GET http://localhost:5145/User/CartDetails?displayid=8d79efcd-ca17-4476-b990-bb4b916390ff - -
2024-11-15 11:01:41.981 +05:30  INF  CORS policy execution successful.
2024-11-15 11:01:41.981 +05:30  INF  Executing endpoint 'BAKERBAZZAR.API.Controller.UserController.CartDetails (BAKERBAZZAR.API)'
2024-11-15 11:01:41.981 +05:30  INF  Executing ObjectResult, writing value of type 'BAKERBAZZAR.API.Models.ApiResponse'.
2024-11-15 11:01:41.981 +05:30  INF  Executed action BAKERBAZZAR.API.Controller.UserController.UpdateCartItem (BAKERBAZZAR.API) in 5.5431ms
2024-11-15 11:01:41.981 +05:30  INF  Executed endpoint 'BAKERBAZZAR.API.Controller.UserController.UpdateCartItem (BAKERBAZZAR.API)'
2024-11-15 11:01:41.981 +05:30  INF  Route matched with {action = "CartDetails", controller = "User"}. Executing controller action with signature System.Threading.Tasks.Task`1[Microsoft.AspNetCore.Mvc.ActionResult`1[BAKERBAZZAR.API.Models.ApiResponse]] CartDetails(System.String) on controller BAKERBAZZAR.API.Controller.UserController (BAKERBAZZAR.API).
2024-11-15 11:01:41.981 +05:30  INF  Request finished HTTP/1.1 PUT http://localhost:5145/user/updatecartitem?linerid=324&qty=4 - 0 - 200 - application/json;+charset=utf-8 6.7453ms
2024-11-15 11:01:41.986 +05:30  INF  Executing ObjectResult, writing value of type 'BAKERBAZZAR.API.Models.ApiResponse'.
2024-11-15 11:01:41.986 +05:30  INF  Executing ObjectResult, writing value of type 'BAKERBAZZAR.API.Models.ApiResponse'.
2024-11-15 11:01:41.986 +05:30  INF  Executed action BAKERBAZZAR.API.Controller.UserController.UpdateCartItem (BAKERBAZZAR.API) in 7.6724ms
2024-11-15 11:01:41.986 +05:30  INF  Executed action BAKERBAZZAR.API.Controller.UserController.UpdateCartItem (BAKERBAZZAR.API) in 8.2346ms
2024-11-15 11:01:41.986 +05:30  INF  Executed endpoint 'BAKERBAZZAR.API.Controller.UserController.UpdateCartItem (BAKERBAZZAR.API)'
2024-11-15 11:01:41.986 +05:30  INF  Executed endpoint 'BAKERBAZZAR.API.Controller.UserController.UpdateCartItem (BAKERBAZZAR.API)'
2024-11-15 11:01:41.986 +05:30  INF  Request finished HTTP/1.1 PUT http://localhost:5145/user/updatecartitem?linerid=326&qty=1 - 0 - 200 - application/json;+charset=utf-8 8.7247ms
2024-11-15 11:01:41.986 +05:30  INF  Request finished HTTP/1.1 PUT http://localhost:5145/user/updatecartitem?linerid=326&qty=1 - 0 - 200 - application/json;+charset=utf-8 8.0515ms
2024-11-15 11:01:41.986 +05:30  INF  Executing ObjectResult, writing value of type 'BAKERBAZZAR.API.Models.ApiResponse'.
2024-11-15 11:01:41.986 +05:30  INF  Executed action BAKERBAZZAR.API.Controller.UserController.UpdateCartItem (BAKERBAZZAR.API) in 8.4567ms
2024-11-15 11:01:41.986 +05:30  INF  Executed endpoint 'BAKERBAZZAR.API.Controller.UserController.UpdateCartItem (BAKERBAZZAR.API)'
2024-11-15 11:01:41.986 +05:30  INF  Request finished HTTP/1.1 PUT http://localhost:5145/user/updatecartitem?linerid=324&qty=4 - 0 - 200 - application/json;+charset=utf-8 8.7443ms
2024-11-15 11:01:41.987 +05:30  INF  Executing ObjectResult, writing value of type 'BAKERBAZZAR.API.Models.ApiResponse'.
2024-11-15 11:01:41.987 +05:30  INF  Executed action BAKERBAZZAR.API.Controller.UserController.CartDetails (BAKERBAZZAR.API) in 5.946ms
2024-11-15 11:01:41.987 +05:30  INF  Executed endpoint 'BAKERBAZZAR.API.Controller.UserController.CartDetails (BAKERBAZZAR.API)'
2024-11-15 11:01:41.988 +05:30  INF  Request finished HTTP/1.1 GET http://localhost:5145/User/CartDetails?displayid=8d79efcd-ca17-4476-b990-bb4b916390ff - - - 200 - application/json;+charset=utf-8 6.8850ms
2024-11-15 11:01:46.140 +05:30  INF  Request starting HTTP/1.1 GET http://localhost:5145/User/CartDetails?displayid=8d79efcd-ca17-4476-b990-bb4b916390ff - -
2024-11-15 11:01:46.140 +05:30  INF  CORS policy execution successful.
2024-11-15 11:01:46.140 +05:30  INF  Executing endpoint 'BAKERBAZZAR.API.Controller.UserController.CartDetails (BAKERBAZZAR.API)'
2024-11-15 11:01:46.140 +05:30  INF  Route matched with {action = "CartDetails", controller = "User"}. Executing controller action with signature System.Threading.Tasks.Task`1[Microsoft.AspNetCore.Mvc.ActionResult`1[BAKERBAZZAR.API.Models.ApiResponse]] CartDetails(System.String) on controller BAKERBAZZAR.API.Controller.UserController (BAKERBAZZAR.API).
2024-11-15 11:01:46.143 +05:30  INF  Executing ObjectResult, writing value of type 'BAKERBAZZAR.API.Models.ApiResponse'.
2024-11-15 11:01:46.144 +05:30  INF  Executed action BAKERBAZZAR.API.Controller.UserController.CartDetails (BAKERBAZZAR.API) in 3.5236ms
2024-11-15 11:01:46.144 +05:30  INF  Executed endpoint 'BAKERBAZZAR.API.Controller.UserController.CartDetails (BAKERBAZZAR.API)'
2024-11-15 11:01:46.144 +05:30  INF  Request finished HTTP/1.1 GET http://localhost:5145/User/CartDetails?displayid=8d79efcd-ca17-4476-b990-bb4b916390ff - - - 200 - application/json;+charset=utf-8 3.9671ms
2024-11-15 11:01:46.144 +05:30  INF  Request starting HTTP/1.1 GET http://localhost:5145/User/CartDetails?displayid=8d79efcd-ca17-4476-b990-bb4b916390ff - -
2024-11-15 11:01:46.144 +05:30  INF  CORS policy execution successful.
2024-11-15 11:01:46.144 +05:30  INF  Executing endpoint 'BAKERBAZZAR.API.Controller.UserController.CartDetails (BAKERBAZZAR.API)'
2024-11-15 11:01:46.144 +05:30  INF  Route matched with {action = "CartDetails", controller = "User"}. Executing controller action with signature System.Threading.Tasks.Task`1[Microsoft.AspNetCore.Mvc.ActionResult`1[BAKERBAZZAR.API.Models.ApiResponse]] CartDetails(System.String) on controller BAKERBAZZAR.API.Controller.UserController (BAKERBAZZAR.API).
2024-11-15 11:01:46.146 +05:30  INF  Executing ObjectResult, writing value of type 'BAKERBAZZAR.API.Models.ApiResponse'.
2024-11-15 11:01:46.147 +05:30  INF  Executed action BAKERBAZZAR.API.Controller.UserController.CartDetails (BAKERBAZZAR.API) in 2.2557ms
2024-11-15 11:01:46.147 +05:30  INF  Executed endpoint 'BAKERBAZZAR.API.Controller.UserController.CartDetails (BAKERBAZZAR.API)'
2024-11-15 11:01:46.147 +05:30  INF  Request finished HTTP/1.1 GET http://localhost:5145/User/CartDetails?displayid=8d79efcd-ca17-4476-b990-bb4b916390ff - - - 200 - application/json;+charset=utf-8 2.5384ms
2024-11-15 11:01:46.160 +05:30  INF  Request starting HTTP/1.1 PUT http://localhost:5145/user/updatecartitem?linerid=324&qty=4 - 0
2024-11-15 11:01:46.160 +05:30  INF  CORS policy execution successful.
2024-11-15 11:01:46.160 +05:30  INF  Executing endpoint 'BAKERBAZZAR.API.Controller.UserController.UpdateCartItem (BAKERBAZZAR.API)'
2024-11-15 11:01:46.160 +05:30  INF  Route matched with {action = "UpdateCartItem", controller = "User"}. Executing controller action with signature System.Threading.Tasks.Task`1[Microsoft.AspNetCore.Mvc.ActionResult`1[BAKERBAZZAR.API.Models.ApiResponse]] UpdateCartItem(Int32, Int32) on controller BAKERBAZZAR.API.Controller.UserController (BAKERBAZZAR.API).
2024-11-15 11:01:46.160 +05:30  INF  Request starting HTTP/1.1 PUT http://localhost:5145/user/updatecartitem?linerid=326&qty=1 - 0
2024-11-15 11:01:46.160 +05:30  INF  CORS policy execution successful.
2024-11-15 11:01:46.160 +05:30  INF  Executing endpoint 'BAKERBAZZAR.API.Controller.UserController.UpdateCartItem (BAKERBAZZAR.API)'
2024-11-15 11:01:46.160 +05:30  INF  Route matched with {action = "UpdateCartItem", controller = "User"}. Executing controller action with signature System.Threading.Tasks.Task`1[Microsoft.AspNetCore.Mvc.ActionResult`1[BAKERBAZZAR.API.Models.ApiResponse]] UpdateCartItem(Int32, Int32) on controller BAKERBAZZAR.API.Controller.UserController (BAKERBAZZAR.API).
2024-11-15 11:01:46.161 +05:30  INF  Request starting HTTP/1.1 PUT http://localhost:5145/user/updatecartitem?linerid=324&qty=4 - 0
2024-11-15 11:01:46.161 +05:30  INF  CORS policy execution successful.
2024-11-15 11:01:46.161 +05:30  INF  Executing endpoint 'BAKERBAZZAR.API.Controller.UserController.UpdateCartItem (BAKERBAZZAR.API)'
2024-11-15 11:01:46.161 +05:30  INF  Request starting HTTP/1.1 PUT http://localhost:5145/user/updatecartitem?linerid=326&qty=1 - 0
2024-11-15 11:01:46.161 +05:30  INF  CORS policy execution successful.
2024-11-15 11:01:46.161 +05:30  INF  Route matched with {action = "UpdateCartItem", controller = "User"}. Executing controller action with signature System.Threading.Tasks.Task`1[Microsoft.AspNetCore.Mvc.ActionResult`1[BAKERBAZZAR.API.Models.ApiResponse]] UpdateCartItem(Int32, Int32) on controller BAKERBAZZAR.API.Controller.UserController (BAKERBAZZAR.API).
2024-11-15 11:01:46.161 +05:30  INF  Executing endpoint 'BAKERBAZZAR.API.Controller.UserController.UpdateCartItem (BAKERBAZZAR.API)'
2024-11-15 11:01:46.161 +05:30  INF  Route matched with {action = "UpdateCartItem", controller = "User"}. Executing controller action with signature System.Threading.Tasks.Task`1[Microsoft.AspNetCore.Mvc.ActionResult`1[BAKERBAZZAR.API.Models.ApiResponse]] UpdateCartItem(Int32, Int32) on controller BAKERBAZZAR.API.Controller.UserController (BAKERBAZZAR.API).
2024-11-15 11:01:46.163 +05:30  INF  Executing ObjectResult, writing value of type 'BAKERBAZZAR.API.Models.ApiResponse'.
2024-11-15 11:01:46.163 +05:30  INF  Executed action BAKERBAZZAR.API.Controller.UserController.UpdateCartItem (BAKERBAZZAR.API) in 2.9366ms
2024-11-15 11:01:46.163 +05:30  INF  Executed endpoint 'BAKERBAZZAR.API.Controller.UserController.UpdateCartItem (BAKERBAZZAR.API)'
2024-11-15 11:01:46.163 +05:30  INF  Request finished HTTP/1.1 PUT http://localhost:5145/user/updatecartitem?linerid=324&qty=4 - 0 - 200 - application/json;+charset=utf-8 3.4287ms
2024-11-15 11:01:46.163 +05:30  INF  Executing ObjectResult, writing value of type 'BAKERBAZZAR.API.Models.ApiResponse'.
2024-11-15 11:01:46.163 +05:30  INF  Executed action BAKERBAZZAR.API.Controller.UserController.UpdateCartItem (BAKERBAZZAR.API) in 2.7525ms
2024-11-15 11:01:46.163 +05:30  INF  Executed endpoint 'BAKERBAZZAR.API.Controller.UserController.UpdateCartItem (BAKERBAZZAR.API)'
2024-11-15 11:01:46.163 +05:30  INF  Executing ObjectResult, writing value of type 'BAKERBAZZAR.API.Models.ApiResponse'.
2024-11-15 11:01:46.163 +05:30  INF  Request finished HTTP/1.1 PUT http://localhost:5145/user/updatecartitem?linerid=326&qty=1 - 0 - 200 - application/json;+charset=utf-8 3.1251ms
2024-11-15 11:01:46.163 +05:30  INF  Executed action BAKERBAZZAR.API.Controller.UserController.UpdateCartItem (BAKERBAZZAR.API) in 2.3071ms
2024-11-15 11:01:46.163 +05:30  INF  Executed endpoint 'BAKERBAZZAR.API.Controller.UserController.UpdateCartItem (BAKERBAZZAR.API)'
2024-11-15 11:01:46.163 +05:30  INF  Request finished HTTP/1.1 PUT http://localhost:5145/user/updatecartitem?linerid=326&qty=1 - 0 - 200 - application/json;+charset=utf-8 2.4359ms
2024-11-15 11:01:46.163 +05:30  INF  Executing ObjectResult, writing value of type 'BAKERBAZZAR.API.Models.ApiResponse'.
2024-11-15 11:01:46.164 +05:30  INF  Executed action BAKERBAZZAR.API.Controller.UserController.UpdateCartItem (BAKERBAZZAR.API) in 2.5532ms
2024-11-15 11:01:46.164 +05:30  INF  Executed endpoint 'BAKERBAZZAR.API.Controller.UserController.UpdateCartItem (BAKERBAZZAR.API)'
2024-11-15 11:01:46.164 +05:30  INF  Request finished HTTP/1.1 PUT http://localhost:5145/user/updatecartitem?linerid=324&qty=4 - 0 - 200 - application/json;+charset=utf-8 2.7833ms
2024-11-15 11:01:46.165 +05:30  INF  Request starting HTTP/1.1 GET http://localhost:5145/User/CartDetails?displayid=8d79efcd-ca17-4476-b990-bb4b916390ff - -
2024-11-15 11:01:46.165 +05:30  INF  CORS policy execution successful.
2024-11-15 11:01:46.165 +05:30  INF  Executing endpoint 'BAKERBAZZAR.API.Controller.UserController.CartDetails (BAKERBAZZAR.API)'
2024-11-15 11:01:46.165 +05:30  INF  Route matched with {action = "CartDetails", controller = "User"}. Executing controller action with signature System.Threading.Tasks.Task`1[Microsoft.AspNetCore.Mvc.ActionResult`1[BAKERBAZZAR.API.Models.ApiResponse]] CartDetails(System.String) on controller BAKERBAZZAR.API.Controller.UserController (BAKERBAZZAR.API).
2024-11-15 11:01:46.168 +05:30  INF  Executing ObjectResult, writing value of type 'BAKERBAZZAR.API.Models.ApiResponse'.
2024-11-15 11:01:46.169 +05:30  INF  Executed action BAKERBAZZAR.API.Controller.UserController.CartDetails (BAKERBAZZAR.API) in 4.4408ms
2024-11-15 11:01:46.169 +05:30  INF  Executed endpoint 'BAKERBAZZAR.API.Controller.UserController.CartDetails (BAKERBAZZAR.API)'
2024-11-15 11:01:46.169 +05:30  INF  Request finished HTTP/1.1 GET http://localhost:5145/User/CartDetails?displayid=8d79efcd-ca17-4476-b990-bb4b916390ff - - - 200 - application/json;+charset=utf-8 4.7711ms
2024-11-15 11:01:51.486 +05:30  INF  Request starting HTTP/1.1 GET http://localhost:5145/User/CartDetails?displayid=8d79efcd-ca17-4476-b990-bb4b916390ff - -
2024-11-15 11:01:51.486 +05:30  INF  CORS policy execution successful.
2024-11-15 11:01:51.486 +05:30  INF  Executing endpoint 'BAKERBAZZAR.API.Controller.UserController.CartDetails (BAKERBAZZAR.API)'
2024-11-15 11:01:51.486 +05:30  INF  Route matched with {action = "CartDetails", controller = "User"}. Executing controller action with signature System.Threading.Tasks.Task`1[Microsoft.AspNetCore.Mvc.ActionResult`1[BAKERBAZZAR.API.Models.ApiResponse]] CartDetails(System.String) on controller BAKERBAZZAR.API.Controller.UserController (BAKERBAZZAR.API).
2024-11-15 11:01:51.527 +05:30  INF  Executing ObjectResult, writing value of type 'BAKERBAZZAR.API.Models.ApiResponse'.
2024-11-15 11:01:51.527 +05:30  INF  Executed action BAKERBAZZAR.API.Controller.UserController.CartDetails (BAKERBAZZAR.API) in 40.6822ms
2024-11-15 11:01:51.527 +05:30  INF  Executed endpoint 'BAKERBAZZAR.API.Controller.UserController.CartDetails (BAKERBAZZAR.API)'
2024-11-15 11:01:51.527 +05:30  INF  Request finished HTTP/1.1 GET http://localhost:5145/User/CartDetails?displayid=8d79efcd-ca17-4476-b990-bb4b916390ff - - - 200 - application/json;+charset=utf-8 41.1576ms
2024-11-15 11:01:51.528 +05:30  INF  Request starting HTTP/1.1 GET http://localhost:5145/User/CartDetails?displayid=8d79efcd-ca17-4476-b990-bb4b916390ff - -
2024-11-15 11:01:51.528 +05:30  INF  CORS policy execution successful.
2024-11-15 11:01:51.528 +05:30  INF  Executing endpoint 'BAKERBAZZAR.API.Controller.UserController.CartDetails (BAKERBAZZAR.API)'
2024-11-15 11:01:51.528 +05:30  INF  Route matched with {action = "CartDetails", controller = "User"}. Executing controller action with signature System.Threading.Tasks.Task`1[Microsoft.AspNetCore.Mvc.ActionResult`1[BAKERBAZZAR.API.Models.ApiResponse]] CartDetails(System.String) on controller BAKERBAZZAR.API.Controller.UserController (BAKERBAZZAR.API).
2024-11-15 11:01:51.530 +05:30  INF  Executing ObjectResult, writing value of type 'BAKERBAZZAR.API.Models.ApiResponse'.
2024-11-15 11:01:51.530 +05:30  INF  Executed action BAKERBAZZAR.API.Controller.UserController.CartDetails (BAKERBAZZAR.API) in 1.9694ms
2024-11-15 11:01:51.530 +05:30  INF  Executed endpoint 'BAKERBAZZAR.API.Controller.UserController.CartDetails (BAKERBAZZAR.API)'
2024-11-15 11:01:51.530 +05:30  INF  Request finished HTTP/1.1 GET http://localhost:5145/User/CartDetails?displayid=8d79efcd-ca17-4476-b990-bb4b916390ff - - - 200 - application/json;+charset=utf-8 2.3226ms
2024-11-15 11:01:51.533 +05:30  INF  Request starting HTTP/1.1 OPTIONS http://localhost:5145/user/updatecartitem?linerid=324&qty=4 - -
2024-11-15 11:01:51.533 +05:30  INF  CORS policy execution successful.
2024-11-15 11:01:51.533 +05:30  INF  Request starting HTTP/1.1 OPTIONS http://localhost:5145/user/updatecartitem?linerid=326&qty=1 - -
2024-11-15 11:01:51.533 +05:30  INF  Request finished HTTP/1.1 OPTIONS http://localhost:5145/user/updatecartitem?linerid=324&qty=4 - - - 204 - - 0.2603ms
2024-11-15 11:01:51.533 +05:30  INF  CORS policy execution successful.
2024-11-15 11:01:51.533 +05:30  INF  Request finished HTTP/1.1 OPTIONS http://localhost:5145/user/updatecartitem?linerid=326&qty=1 - - - 204 - - 0.1146ms
2024-11-15 11:01:51.534 +05:30  INF  Request starting HTTP/1.1 OPTIONS http://localhost:5145/user/updatecartitem?linerid=324&qty=4 - -
2024-11-15 11:01:51.534 +05:30  INF  CORS policy execution successful.
2024-11-15 11:01:51.534 +05:30  INF  Request finished HTTP/1.1 OPTIONS http://localhost:5145/user/updatecartitem?linerid=324&qty=4 - - - 204 - - 0.0908ms
2024-11-15 11:01:51.534 +05:30  INF  Request starting HTTP/1.1 OPTIONS http://localhost:5145/user/updatecartitem?linerid=326&qty=1 - -
2024-11-15 11:01:51.534 +05:30  INF  CORS policy execution successful.
2024-11-15 11:01:51.534 +05:30  INF  Request starting HTTP/1.1 PUT http://localhost:5145/user/updatecartitem?linerid=324&qty=4 - 0
2024-11-15 11:01:51.534 +05:30  INF  Request finished HTTP/1.1 OPTIONS http://localhost:5145/user/updatecartitem?linerid=326&qty=1 - - - 204 - - 0.1004ms
2024-11-15 11:01:51.534 +05:30  INF  Request starting HTTP/1.1 PUT http://localhost:5145/user/updatecartitem?linerid=326&qty=1 - 0
2024-11-15 11:01:51.534 +05:30  INF  CORS policy execution successful.
2024-11-15 11:01:51.534 +05:30  INF  CORS policy execution successful.
2024-11-15 11:01:51.535 +05:30  INF  Executing endpoint 'BAKERBAZZAR.API.Controller.UserController.UpdateCartItem (BAKERBAZZAR.API)'
2024-11-15 11:01:51.535 +05:30  INF  Executing endpoint 'BAKERBAZZAR.API.Controller.UserController.UpdateCartItem (BAKERBAZZAR.API)'
2024-11-15 11:01:51.535 +05:30  INF  Route matched with {action = "UpdateCartItem", controller = "User"}. Executing controller action with signature System.Threading.Tasks.Task`1[Microsoft.AspNetCore.Mvc.ActionResult`1[BAKERBAZZAR.API.Models.ApiResponse]] UpdateCartItem(Int32, Int32) on controller BAKERBAZZAR.API.Controller.UserController (BAKERBAZZAR.API).
2024-11-15 11:01:51.535 +05:30  INF  Route matched with {action = "UpdateCartItem", controller = "User"}. Executing controller action with signature System.Threading.Tasks.Task`1[Microsoft.AspNetCore.Mvc.ActionResult`1[BAKERBAZZAR.API.Models.ApiResponse]] UpdateCartItem(Int32, Int32) on controller BAKERBAZZAR.API.Controller.UserController (BAKERBAZZAR.API).
2024-11-15 11:01:51.535 +05:30  INF  Request starting HTTP/1.1 PUT http://localhost:5145/user/updatecartitem?linerid=324&qty=4 - 0
2024-11-15 11:01:51.535 +05:30  INF  CORS policy execution successful.
2024-11-15 11:01:51.535 +05:30  INF  Executing endpoint 'BAKERBAZZAR.API.Controller.UserController.UpdateCartItem (BAKERBAZZAR.API)'
2024-11-15 11:01:51.535 +05:30  INF  Route matched with {action = "UpdateCartItem", controller = "User"}. Executing controller action with signature System.Threading.Tasks.Task`1[Microsoft.AspNetCore.Mvc.ActionResult`1[BAKERBAZZAR.API.Models.ApiResponse]] UpdateCartItem(Int32, Int32) on controller BAKERBAZZAR.API.Controller.UserController (BAKERBAZZAR.API).
2024-11-15 11:01:51.535 +05:30  INF  Request starting HTTP/1.1 PUT http://localhost:5145/user/updatecartitem?linerid=326&qty=1 - 0
2024-11-15 11:01:51.535 +05:30  INF  CORS policy execution successful.
2024-11-15 11:01:51.535 +05:30  INF  Executing endpoint 'BAKERBAZZAR.API.Controller.UserController.UpdateCartItem (BAKERBAZZAR.API)'
2024-11-15 11:01:51.535 +05:30  INF  Route matched with {action = "UpdateCartItem", controller = "User"}. Executing controller action with signature System.Threading.Tasks.Task`1[Microsoft.AspNetCore.Mvc.ActionResult`1[BAKERBAZZAR.API.Models.ApiResponse]] UpdateCartItem(Int32, Int32) on controller BAKERBAZZAR.API.Controller.UserController (BAKERBAZZAR.API).
2024-11-15 11:01:51.540 +05:30  INF  Request starting HTTP/1.1 GET http://localhost:5145/User/CartDetails?displayid=8d79efcd-ca17-4476-b990-bb4b916390ff - -
2024-11-15 11:01:51.542 +05:30  INF  CORS policy execution successful.
2024-11-15 11:01:51.542 +05:30  INF  Executing endpoint 'BAKERBAZZAR.API.Controller.UserController.CartDetails (BAKERBAZZAR.API)'
2024-11-15 11:01:51.542 +05:30  INF  Route matched with {action = "CartDetails", controller = "User"}. Executing controller action with signature System.Threading.Tasks.Task`1[Microsoft.AspNetCore.Mvc.ActionResult`1[BAKERBAZZAR.API.Models.ApiResponse]] CartDetails(System.String) on controller BAKERBAZZAR.API.Controller.UserController (BAKERBAZZAR.API).
2024-11-15 11:01:51.548 +05:30  INF  Executing ObjectResult, writing value of type 'BAKERBAZZAR.API.Models.ApiResponse'.
2024-11-15 11:01:51.548 +05:30  INF  Executing ObjectResult, writing value of type 'BAKERBAZZAR.API.Models.ApiResponse'.
2024-11-15 11:01:51.549 +05:30  INF  Executing ObjectResult, writing value of type 'BAKERBAZZAR.API.Models.ApiResponse'.
2024-11-15 11:01:51.549 +05:30  INF  Executed action BAKERBAZZAR.API.Controller.UserController.UpdateCartItem (BAKERBAZZAR.API) in 13.2346ms
2024-11-15 11:01:51.549 +05:30  INF  Executed action BAKERBAZZAR.API.Controller.UserController.UpdateCartItem (BAKERBAZZAR.API) in 14.0603ms
2024-11-15 11:01:51.549 +05:30  INF  Executed endpoint 'BAKERBAZZAR.API.Controller.UserController.UpdateCartItem (BAKERBAZZAR.API)'
2024-11-15 11:01:51.549 +05:30  INF  Executing ObjectResult, writing value of type 'BAKERBAZZAR.API.Models.ApiResponse'.
2024-11-15 11:01:51.549 +05:30  INF  Request finished HTTP/1.1 PUT http://localhost:5145/user/updatecartitem?linerid=324&qty=4 - 0 - 200 - application/json;+charset=utf-8 14.3864ms
2024-11-15 11:01:51.549 +05:30  INF  Executed action BAKERBAZZAR.API.Controller.UserController.UpdateCartItem (BAKERBAZZAR.API) in 13.5172ms
2024-11-15 11:01:51.549 +05:30  INF  Executed endpoint 'BAKERBAZZAR.API.Controller.UserController.UpdateCartItem (BAKERBAZZAR.API)'
2024-11-15 11:01:51.549 +05:30  INF  Request finished HTTP/1.1 PUT http://localhost:5145/user/updatecartitem?linerid=324&qty=4 - 0 - 200 - application/json;+charset=utf-8 13.8224ms
2024-11-15 11:01:51.549 +05:30  INF  Executed action BAKERBAZZAR.API.Controller.UserController.UpdateCartItem (BAKERBAZZAR.API) in 14.0586ms
2024-11-15 11:01:51.549 +05:30  INF  Executed endpoint 'BAKERBAZZAR.API.Controller.UserController.UpdateCartItem (BAKERBAZZAR.API)'
2024-11-15 11:01:51.549 +05:30  INF  Request finished HTTP/1.1 PUT http://localhost:5145/user/updatecartitem?linerid=326&qty=1 - 0 - 200 - application/json;+charset=utf-8 14.4755ms
2024-11-15 11:01:51.549 +05:30  INF  Executed endpoint 'BAKERBAZZAR.API.Controller.UserController.UpdateCartItem (BAKERBAZZAR.API)'
2024-11-15 11:01:51.549 +05:30  INF  Request finished HTTP/1.1 PUT http://localhost:5145/user/updatecartitem?linerid=326&qty=1 - 0 - 200 - application/json;+charset=utf-8 13.8328ms
2024-11-15 11:01:51.555 +05:30  INF  Executing ObjectResult, writing value of type 'BAKERBAZZAR.API.Models.ApiResponse'.
2024-11-15 11:01:51.555 +05:30  INF  Executed action BAKERBAZZAR.API.Controller.UserController.CartDetails (BAKERBAZZAR.API) in 12.6755ms
2024-11-15 11:01:51.555 +05:30  INF  Executed endpoint 'BAKERBAZZAR.API.Controller.UserController.CartDetails (BAKERBAZZAR.API)'
2024-11-15 11:01:51.555 +05:30  INF  Request finished HTTP/1.1 GET http://localhost:5145/User/CartDetails?displayid=8d79efcd-ca17-4476-b990-bb4b916390ff - - - 200 - application/json;+charset=utf-8 14.9831ms
2024-11-15 11:01:54.180 +05:30  INF  Request starting HTTP/1.1 GET http://localhost:5145/User/GetMyAddresses?displayid=e62f03f4-2dcf-4f80-bc23-341651bd9338 - -
2024-11-15 11:01:54.180 +05:30  INF  CORS policy execution successful.
2024-11-15 11:01:54.180 +05:30  INF  Executing endpoint 'BAKERBAZZAR.API.Controller.UserController.GetAddress (BAKERBAZZAR.API)'
2024-11-15 11:01:54.180 +05:30  INF  Route matched with {action = "GetAddress", controller = "User"}. Executing controller action with signature System.Threading.Tasks.Task`1[Microsoft.AspNetCore.Mvc.ActionResult`1[BAKERBAZZAR.API.Models.ApiResponse]] GetAddress(System.String) on controller BAKERBAZZAR.API.Controller.UserController (BAKERBAZZAR.API).
2024-11-15 11:01:54.184 +05:30  INF  Executing ObjectResult, writing value of type 'BAKERBAZZAR.API.Models.ApiResponse'.
2024-11-15 11:01:54.184 +05:30  INF  Executed action BAKERBAZZAR.API.Controller.UserController.GetAddress (BAKERBAZZAR.API) in 4.0599ms
2024-11-15 11:01:54.184 +05:30  INF  Executed endpoint 'BAKERBAZZAR.API.Controller.UserController.GetAddress (BAKERBAZZAR.API)'
2024-11-15 11:01:54.184 +05:30  INF  Request finished HTTP/1.1 GET http://localhost:5145/User/GetMyAddresses?displayid=e62f03f4-2dcf-4f80-bc23-341651bd9338 - - - 200 - application/json;+charset=utf-8 4.8593ms
2024-11-15 11:01:54.185 +05:30  INF  Request starting HTTP/1.1 GET http://localhost:5145/User/GetMyAddresses?displayid=e62f03f4-2dcf-4f80-bc23-341651bd9338 - -
2024-11-15 11:01:54.185 +05:30  INF  CORS policy execution successful.
2024-11-15 11:01:54.186 +05:30  INF  Executing endpoint 'BAKERBAZZAR.API.Controller.UserController.GetAddress (BAKERBAZZAR.API)'
2024-11-15 11:01:54.186 +05:30  INF  Route matched with {action = "GetAddress", controller = "User"}. Executing controller action with signature System.Threading.Tasks.Task`1[Microsoft.AspNetCore.Mvc.ActionResult`1[BAKERBAZZAR.API.Models.ApiResponse]] GetAddress(System.String) on controller BAKERBAZZAR.API.Controller.UserController (BAKERBAZZAR.API).
2024-11-15 11:01:54.187 +05:30  INF  Executing ObjectResult, writing value of type 'BAKERBAZZAR.API.Models.ApiResponse'.
2024-11-15 11:01:54.187 +05:30  INF  Executed action BAKERBAZZAR.API.Controller.UserController.GetAddress (BAKERBAZZAR.API) in 1.1594ms
2024-11-15 11:01:54.187 +05:30  INF  Executed endpoint 'BAKERBAZZAR.API.Controller.UserController.GetAddress (BAKERBAZZAR.API)'
2024-11-15 11:01:54.187 +05:30  INF  Request finished HTTP/1.1 GET http://localhost:5145/User/GetMyAddresses?displayid=e62f03f4-2dcf-4f80-bc23-341651bd9338 - - - 200 - application/json;+charset=utf-8 1.5873ms
2024-11-15 11:01:57.986 +05:30  INF  Request starting HTTP/1.1 OPTIONS http://localhost:5145/user/changeaddress?displayid=e62f03f4-2dcf-4f80-bc23-341651bd9338&recordid=1037 - -
2024-11-15 11:01:57.986 +05:30  INF  CORS policy execution successful.
2024-11-15 11:01:57.986 +05:30  INF  Request finished HTTP/1.1 OPTIONS http://localhost:5145/user/changeaddress?displayid=e62f03f4-2dcf-4f80-bc23-341651bd9338&recordid=1037 - - - 204 - - 0.1998ms
2024-11-15 11:01:57.987 +05:30  INF  Request starting HTTP/1.1 PUT http://localhost:5145/user/changeaddress?displayid=e62f03f4-2dcf-4f80-bc23-341651bd9338&recordid=1037 - 0
2024-11-15 11:01:57.987 +05:30  INF  CORS policy execution successful.
2024-11-15 11:01:57.987 +05:30  INF  Executing endpoint 'BAKERBAZZAR.API.Controller.UserController.ChangeAddress (BAKERBAZZAR.API)'
2024-11-15 11:01:57.987 +05:30  INF  Route matched with {action = "ChangeAddress", controller = "User"}. Executing controller action with signature System.Threading.Tasks.Task`1[Microsoft.AspNetCore.Mvc.ActionResult`1[BAKERBAZZAR.API.Models.ApiResponse]] ChangeAddress(System.String, Int32) on controller BAKERBAZZAR.API.Controller.UserController (BAKERBAZZAR.API).
2024-11-15 11:01:57.991 +05:30  INF  Executing ObjectResult, writing value of type 'BAKERBAZZAR.API.Models.ApiResponse'.
2024-11-15 11:01:57.991 +05:30  INF  Executed action BAKERBAZZAR.API.Controller.UserController.ChangeAddress (BAKERBAZZAR.API) in 3.4601ms
2024-11-15 11:01:57.991 +05:30  INF  Executed endpoint 'BAKERBAZZAR.API.Controller.UserController.ChangeAddress (BAKERBAZZAR.API)'
2024-11-15 11:01:57.991 +05:30  INF  Request finished HTTP/1.1 PUT http://localhost:5145/user/changeaddress?displayid=e62f03f4-2dcf-4f80-bc23-341651bd9338&recordid=1037 - 0 - 200 - application/json;+charset=utf-8 3.7126ms
2024-11-15 11:02:02.602 +05:30  INF  Request starting HTTP/1.1 GET http://localhost:5145/User/CartDetails?displayid=8d79efcd-ca17-4476-b990-bb4b916390ff - -
2024-11-15 11:02:02.602 +05:30  INF  CORS policy execution successful.
2024-11-15 11:02:02.602 +05:30  INF  Executing endpoint 'BAKERBAZZAR.API.Controller.UserController.CartDetails (BAKERBAZZAR.API)'
2024-11-15 11:02:02.602 +05:30  INF  Route matched with {action = "CartDetails", controller = "User"}. Executing controller action with signature System.Threading.Tasks.Task`1[Microsoft.AspNetCore.Mvc.ActionResult`1[BAKERBAZZAR.API.Models.ApiResponse]] CartDetails(System.String) on controller BAKERBAZZAR.API.Controller.UserController (BAKERBAZZAR.API).
2024-11-15 11:02:02.607 +05:30  INF  Executing ObjectResult, writing value of type 'BAKERBAZZAR.API.Models.ApiResponse'.
2024-11-15 11:02:02.608 +05:30  INF  Executed action BAKERBAZZAR.API.Controller.UserController.CartDetails (BAKERBAZZAR.API) in 5.6085ms
2024-11-15 11:02:02.608 +05:30  INF  Executed endpoint 'BAKERBAZZAR.API.Controller.UserController.CartDetails (BAKERBAZZAR.API)'
2024-11-15 11:02:02.608 +05:30  INF  Request finished HTTP/1.1 GET http://localhost:5145/User/CartDetails?displayid=8d79efcd-ca17-4476-b990-bb4b916390ff - - - 200 - application/json;+charset=utf-8 6.5138ms
2024-11-15 11:02:02.612 +05:30  INF  Request starting HTTP/1.1 GET http://localhost:5145/User/CartDetails?displayid=8d79efcd-ca17-4476-b990-bb4b916390ff - -
2024-11-15 11:02:02.613 +05:30  INF  CORS policy execution successful.
2024-11-15 11:02:02.613 +05:30  INF  Executing endpoint 'BAKERBAZZAR.API.Controller.UserController.CartDetails (BAKERBAZZAR.API)'
2024-11-15 11:02:02.613 +05:30  INF  Route matched with {action = "CartDetails", controller = "User"}. Executing controller action with signature System.Threading.Tasks.Task`1[Microsoft.AspNetCore.Mvc.ActionResult`1[BAKERBAZZAR.API.Models.ApiResponse]] CartDetails(System.String) on controller BAKERBAZZAR.API.Controller.UserController (BAKERBAZZAR.API).
2024-11-15 11:02:02.618 +05:30  INF  Executing ObjectResult, writing value of type 'BAKERBAZZAR.API.Models.ApiResponse'.
2024-11-15 11:02:02.618 +05:30  INF  Executed action BAKERBAZZAR.API.Controller.UserController.CartDetails (BAKERBAZZAR.API) in 5.2409ms
2024-11-15 11:02:02.618 +05:30  INF  Executed endpoint 'BAKERBAZZAR.API.Controller.UserController.CartDetails (BAKERBAZZAR.API)'
2024-11-15 11:02:02.618 +05:30  INF  Request finished HTTP/1.1 GET http://localhost:5145/User/CartDetails?displayid=8d79efcd-ca17-4476-b990-bb4b916390ff - - - 200 - application/json;+charset=utf-8 6.0228ms
2024-11-15 11:02:02.632 +05:30  INF  Request starting HTTP/1.1 OPTIONS http://localhost:5145/user/updatecartitem?linerid=324&qty=4 - -
2024-11-15 11:02:02.632 +05:30  INF  CORS policy execution successful.
2024-11-15 11:02:02.633 +05:30  INF  Request finished HTTP/1.1 OPTIONS http://localhost:5145/user/updatecartitem?linerid=324&qty=4 - - - 204 - - 0.4856ms
2024-11-15 11:02:02.634 +05:30  INF  Request starting HTTP/1.1 OPTIONS http://localhost:5145/user/updatecartitem?linerid=326&qty=1 - -
2024-11-15 11:02:02.634 +05:30  INF  CORS policy execution successful.
2024-11-15 11:02:02.634 +05:30  INF  Request finished HTTP/1.1 OPTIONS http://localhost:5145/user/updatecartitem?linerid=326&qty=1 - - - 204 - - 0.8786ms
2024-11-15 11:02:02.637 +05:30  INF  Request starting HTTP/1.1 PUT http://localhost:5145/user/updatecartitem?linerid=324&qty=4 - 0
2024-11-15 11:02:02.637 +05:30  INF  Request starting HTTP/1.1 OPTIONS http://localhost:5145/user/updatecartitem?linerid=324&qty=4 - -
2024-11-15 11:02:02.637 +05:30  INF  Request starting HTTP/1.1 OPTIONS http://localhost:5145/user/updatecartitem?linerid=326&qty=1 - -
2024-11-15 11:02:02.637 +05:30  INF  CORS policy execution successful.
2024-11-15 11:02:02.637 +05:30  INF  CORS policy execution successful.
2024-11-15 11:02:02.637 +05:30  INF  CORS policy execution successful.
2024-11-15 11:02:02.637 +05:30  INF  Request finished HTTP/1.1 OPTIONS http://localhost:5145/user/updatecartitem?linerid=326&qty=1 - - - 204 - - 0.0949ms
2024-11-15 11:02:02.637 +05:30  INF  Request finished HTTP/1.1 OPTIONS http://localhost:5145/user/updatecartitem?linerid=324&qty=4 - - - 204 - - 0.2830ms
2024-11-15 11:02:02.637 +05:30  INF  Executing endpoint 'BAKERBAZZAR.API.Controller.UserController.UpdateCartItem (BAKERBAZZAR.API)'
2024-11-15 11:02:02.637 +05:30  INF  Route matched with {action = "UpdateCartItem", controller = "User"}. Executing controller action with signature System.Threading.Tasks.Task`1[Microsoft.AspNetCore.Mvc.ActionResult`1[BAKERBAZZAR.API.Models.ApiResponse]] UpdateCartItem(Int32, Int32) on controller BAKERBAZZAR.API.Controller.UserController (BAKERBAZZAR.API).
2024-11-15 11:02:02.639 +05:30  INF  Request starting HTTP/1.1 PUT http://localhost:5145/user/updatecartitem?linerid=326&qty=1 - 0
2024-11-15 11:02:02.639 +05:30  INF  CORS policy execution successful.
2024-11-15 11:02:02.639 +05:30  INF  Executing endpoint 'BAKERBAZZAR.API.Controller.UserController.UpdateCartItem (BAKERBAZZAR.API)'
2024-11-15 11:02:02.639 +05:30  INF  Route matched with {action = "UpdateCartItem", controller = "User"}. Executing controller action with signature System.Threading.Tasks.Task`1[Microsoft.AspNetCore.Mvc.ActionResult`1[BAKERBAZZAR.API.Models.ApiResponse]] UpdateCartItem(Int32, Int32) on controller BAKERBAZZAR.API.Controller.UserController (BAKERBAZZAR.API).
2024-11-15 11:02:02.640 +05:30  INF  Executing ObjectResult, writing value of type 'BAKERBAZZAR.API.Models.ApiResponse'.
2024-11-15 11:02:02.640 +05:30  INF  Request starting HTTP/1.1 PUT http://localhost:5145/user/updatecartitem?linerid=326&qty=1 - 0
2024-11-15 11:02:02.640 +05:30  INF  Request starting HTTP/1.1 PUT http://localhost:5145/user/updatecartitem?linerid=324&qty=4 - 0
2024-11-15 11:02:02.640 +05:30  INF  Executed action BAKERBAZZAR.API.Controller.UserController.UpdateCartItem (BAKERBAZZAR.API) in 2.3985ms
2024-11-15 11:02:02.640 +05:30  INF  CORS policy execution successful.
2024-11-15 11:02:02.640 +05:30  INF  CORS policy execution successful.
2024-11-15 11:02:02.640 +05:30  INF  Executed endpoint 'BAKERBAZZAR.API.Controller.UserController.UpdateCartItem (BAKERBAZZAR.API)'
2024-11-15 11:02:02.640 +05:30  INF  Executing endpoint 'BAKERBAZZAR.API.Controller.UserController.UpdateCartItem (BAKERBAZZAR.API)'
2024-11-15 11:02:02.640 +05:30  INF  Request finished HTTP/1.1 PUT http://localhost:5145/user/updatecartitem?linerid=324&qty=4 - 0 - 200 - application/json;+charset=utf-8 2.9412ms
2024-11-15 11:02:02.640 +05:30  INF  Executing endpoint 'BAKERBAZZAR.API.Controller.UserController.UpdateCartItem (BAKERBAZZAR.API)'
2024-11-15 11:02:02.640 +05:30  INF  Route matched with {action = "UpdateCartItem", controller = "User"}. Executing controller action with signature System.Threading.Tasks.Task`1[Microsoft.AspNetCore.Mvc.ActionResult`1[BAKERBAZZAR.API.Models.ApiResponse]] UpdateCartItem(Int32, Int32) on controller BAKERBAZZAR.API.Controller.UserController (BAKERBAZZAR.API).
2024-11-15 11:02:02.640 +05:30  INF  Route matched with {action = "UpdateCartItem", controller = "User"}. Executing controller action with signature System.Threading.Tasks.Task`1[Microsoft.AspNetCore.Mvc.ActionResult`1[BAKERBAZZAR.API.Models.ApiResponse]] UpdateCartItem(Int32, Int32) on controller BAKERBAZZAR.API.Controller.UserController (BAKERBAZZAR.API).
2024-11-15 11:02:02.641 +05:30  INF  Executing ObjectResult, writing value of type 'BAKERBAZZAR.API.Models.ApiResponse'.
2024-11-15 11:02:02.641 +05:30  INF  Executed action BAKERBAZZAR.API.Controller.UserController.UpdateCartItem (BAKERBAZZAR.API) in 2.1787ms
2024-11-15 11:02:02.641 +05:30  INF  Executed endpoint 'BAKERBAZZAR.API.Controller.UserController.UpdateCartItem (BAKERBAZZAR.API)'
2024-11-15 11:02:02.641 +05:30  INF  Request finished HTTP/1.1 PUT http://localhost:5145/user/updatecartitem?linerid=326&qty=1 - 0 - 200 - application/json;+charset=utf-8 2.7109ms
2024-11-15 11:02:02.641 +05:30  INF  Request starting HTTP/1.1 GET http://localhost:5145/User/CartDetails?displayid=8d79efcd-ca17-4476-b990-bb4b916390ff - -
2024-11-15 11:02:02.641 +05:30  INF  CORS policy execution successful.
2024-11-15 11:02:02.642 +05:30  INF  Executing endpoint 'BAKERBAZZAR.API.Controller.UserController.CartDetails (BAKERBAZZAR.API)'
2024-11-15 11:02:02.642 +05:30  INF  Executing ObjectResult, writing value of type 'BAKERBAZZAR.API.Models.ApiResponse'.
2024-11-15 11:02:02.642 +05:30  INF  Executed action BAKERBAZZAR.API.Controller.UserController.UpdateCartItem (BAKERBAZZAR.API) in 1.6942ms
2024-11-15 11:02:02.642 +05:30  INF  Executed endpoint 'BAKERBAZZAR.API.Controller.UserController.UpdateCartItem (BAKERBAZZAR.API)'
2024-11-15 11:02:02.642 +05:30  INF  Request finished HTTP/1.1 PUT http://localhost:5145/user/updatecartitem?linerid=324&qty=4 - 0 - 200 - application/json;+charset=utf-8 2.0823ms
2024-11-15 11:02:02.642 +05:30  INF  Route matched with {action = "CartDetails", controller = "User"}. Executing controller action with signature System.Threading.Tasks.Task`1[Microsoft.AspNetCore.Mvc.ActionResult`1[BAKERBAZZAR.API.Models.ApiResponse]] CartDetails(System.String) on controller BAKERBAZZAR.API.Controller.UserController (BAKERBAZZAR.API).
2024-11-15 11:02:02.643 +05:30  INF  Executing ObjectResult, writing value of type 'BAKERBAZZAR.API.Models.ApiResponse'.
2024-11-15 11:02:02.643 +05:30  INF  Executed action BAKERBAZZAR.API.Controller.UserController.UpdateCartItem (BAKERBAZZAR.API) in 3.0105ms
2024-11-15 11:02:02.643 +05:30  INF  Executed endpoint 'BAKERBAZZAR.API.Controller.UserController.UpdateCartItem (BAKERBAZZAR.API)'
2024-11-15 11:02:02.643 +05:30  INF  Request finished HTTP/1.1 PUT http://localhost:5145/user/updatecartitem?linerid=326&qty=1 - 0 - 200 - application/json;+charset=utf-8 3.4545ms
2024-11-15 11:02:02.647 +05:30  INF  Executing ObjectResult, writing value of type 'BAKERBAZZAR.API.Models.ApiResponse'.
2024-11-15 11:02:02.648 +05:30  INF  Executed action BAKERBAZZAR.API.Controller.UserController.CartDetails (BAKERBAZZAR.API) in 5.5861ms
2024-11-15 11:02:02.648 +05:30  INF  Executed endpoint 'BAKERBAZZAR.API.Controller.UserController.CartDetails (BAKERBAZZAR.API)'
2024-11-15 11:02:02.648 +05:30  INF  Request finished HTTP/1.1 GET http://localhost:5145/User/CartDetails?displayid=8d79efcd-ca17-4476-b990-bb4b916390ff - - - 200 - application/json;+charset=utf-8 6.3708ms
2024-11-15 11:02:08.291 +05:30  INF  Request starting HTTP/1.1 GET http://localhost:5145/user/orderdetails?displayId=8d79efcd-ca17-4476-b990-bb4b916390ff&status=placeorder&addressid=1026 - -
2024-11-15 11:02:08.291 +05:30  INF  CORS policy execution successful.
2024-11-15 11:02:08.291 +05:30  INF  Executing endpoint 'BAKERBAZZAR.API.Controller.UserController.OrderDetails (BAKERBAZZAR.API)'
2024-11-15 11:02:08.291 +05:30  INF  Route matched with {action = "OrderDetails", controller = "User"}. Executing controller action with signature System.Threading.Tasks.Task`1[Microsoft.AspNetCore.Mvc.ActionResult`1[BAKERBAZZAR.API.Models.ApiResponse]] OrderDetails(System.String, System.String, Int32) on controller BAKERBAZZAR.API.Controller.UserController (BAKERBAZZAR.API).
2024-11-15 11:02:08.337 +05:30  INF  Executing ObjectResult, writing value of type 'BAKERBAZZAR.API.Models.ApiResponse'.
2024-11-15 11:02:08.337 +05:30  INF  Executed action BAKERBAZZAR.API.Controller.UserController.OrderDetails (BAKERBAZZAR.API) in 45.778ms
2024-11-15 11:02:08.337 +05:30  INF  Executed endpoint 'BAKERBAZZAR.API.Controller.UserController.OrderDetails (BAKERBAZZAR.API)'
2024-11-15 11:02:08.337 +05:30  INF  Request finished HTTP/1.1 GET http://localhost:5145/user/orderdetails?displayId=8d79efcd-ca17-4476-b990-bb4b916390ff&status=placeorder&addressid=1026 - - - 200 - application/json;+charset=utf-8 46.0623ms
2024-11-15 11:02:12.141 +05:30  INF  Request starting HTTP/1.1 GET http://localhost:5145/user/myorders?displayid=e62f03f4-2dcf-4f80-bc23-341651bd9338 - -
2024-11-15 11:02:12.141 +05:30  INF  CORS policy execution successful.
2024-11-15 11:02:12.141 +05:30  INF  Executing endpoint 'BAKERBAZZAR.API.Controller.UserController.MyOrders (BAKERBAZZAR.API)'
2024-11-15 11:02:12.141 +05:30  INF  Route matched with {action = "MyOrders", controller = "User"}. Executing controller action with signature System.Threading.Tasks.Task`1[Microsoft.AspNetCore.Mvc.ActionResult`1[BAKERBAZZAR.API.Models.ApiResponse]] MyOrders(System.String, System.String, System.String) on controller BAKERBAZZAR.API.Controller.UserController (BAKERBAZZAR.API).
2024-11-15 11:02:12.175 +05:30  INF  Executing ObjectResult, writing value of type 'BAKERBAZZAR.API.Models.ApiResponse'.
2024-11-15 11:02:12.176 +05:30  INF  Executed action BAKERBAZZAR.API.Controller.UserController.MyOrders (BAKERBAZZAR.API) in 34.4649ms
2024-11-15 11:02:12.176 +05:30  INF  Executed endpoint 'BAKERBAZZAR.API.Controller.UserController.MyOrders (BAKERBAZZAR.API)'
2024-11-15 11:02:12.176 +05:30  INF  Request finished HTTP/1.1 GET http://localhost:5145/user/myorders?displayid=e62f03f4-2dcf-4f80-bc23-341651bd9338 - - - 200 - application/json;+charset=utf-8 35.0039ms
2024-11-15 11:02:12.178 +05:30  INF  Request starting HTTP/1.1 GET http://localhost:5145/user/myorders?displayid=e62f03f4-2dcf-4f80-bc23-341651bd9338 - -
2024-11-15 11:02:12.178 +05:30  INF  CORS policy execution successful.
2024-11-15 11:02:12.178 +05:30  INF  Executing endpoint 'BAKERBAZZAR.API.Controller.UserController.MyOrders (BAKERBAZZAR.API)'
2024-11-15 11:02:12.178 +05:30  INF  Route matched with {action = "MyOrders", controller = "User"}. Executing controller action with signature System.Threading.Tasks.Task`1[Microsoft.AspNetCore.Mvc.ActionResult`1[BAKERBAZZAR.API.Models.ApiResponse]] MyOrders(System.String, System.String, System.String) on controller BAKERBAZZAR.API.Controller.UserController (BAKERBAZZAR.API).
2024-11-15 11:02:12.183 +05:30  INF  Executing ObjectResult, writing value of type 'BAKERBAZZAR.API.Models.ApiResponse'.
2024-11-15 11:02:12.184 +05:30  INF  Executed action BAKERBAZZAR.API.Controller.UserController.MyOrders (BAKERBAZZAR.API) in 5.4879ms
2024-11-15 11:02:12.184 +05:30  INF  Executed endpoint 'BAKERBAZZAR.API.Controller.UserController.MyOrders (BAKERBAZZAR.API)'
2024-11-15 11:02:12.184 +05:30  INF  Request finished HTTP/1.1 GET http://localhost:5145/user/myorders?displayid=e62f03f4-2dcf-4f80-bc23-341651bd9338 - - - 200 - application/json;+charset=utf-8 5.9506ms
2024-11-15 11:02:26.118 +05:30  INF  Request starting HTTP/1.1 GET http://localhost:5145/User/CartDetails?displayid=8d79efcd-ca17-4476-b990-bb4b916390ff - -
2024-11-15 11:02:26.120 +05:30  INF  CORS policy execution successful.
2024-11-15 11:02:26.120 +05:30  INF  Executing endpoint 'BAKERBAZZAR.API.Controller.UserController.CartDetails (BAKERBAZZAR.API)'
2024-11-15 11:02:26.120 +05:30  INF  Route matched with {action = "CartDetails", controller = "User"}. Executing controller action with signature System.Threading.Tasks.Task`1[Microsoft.AspNetCore.Mvc.ActionResult`1[BAKERBAZZAR.API.Models.ApiResponse]] CartDetails(System.String) on controller BAKERBAZZAR.API.Controller.UserController (BAKERBAZZAR.API).
2024-11-15 11:02:26.121 +05:30  INF  Executing ObjectResult, writing value of type 'BAKERBAZZAR.API.Models.ApiResponse'.
2024-11-15 11:02:26.121 +05:30  INF  Executed action BAKERBAZZAR.API.Controller.UserController.CartDetails (BAKERBAZZAR.API) in 1.1618ms
2024-11-15 11:02:26.121 +05:30  INF  Executed endpoint 'BAKERBAZZAR.API.Controller.UserController.CartDetails (BAKERBAZZAR.API)'
2024-11-15 11:02:26.122 +05:30  INF  Request finished HTTP/1.1 GET http://localhost:5145/User/CartDetails?displayid=8d79efcd-ca17-4476-b990-bb4b916390ff - - - 200 - application/json;+charset=utf-8 4.9100ms
2024-11-15 11:02:26.123 +05:30  INF  Request starting HTTP/1.1 GET http://localhost:5145/User/CartDetails?displayid=8d79efcd-ca17-4476-b990-bb4b916390ff - -
2024-11-15 11:02:26.123 +05:30  INF  CORS policy execution successful.
2024-11-15 11:02:26.123 +05:30  INF  Executing endpoint 'BAKERBAZZAR.API.Controller.UserController.CartDetails (BAKERBAZZAR.API)'
2024-11-15 11:02:26.123 +05:30  INF  Route matched with {action = "CartDetails", controller = "User"}. Executing controller action with signature System.Threading.Tasks.Task`1[Microsoft.AspNetCore.Mvc.ActionResult`1[BAKERBAZZAR.API.Models.ApiResponse]] CartDetails(System.String) on controller BAKERBAZZAR.API.Controller.UserController (BAKERBAZZAR.API).
2024-11-15 11:02:26.124 +05:30  INF  Executing ObjectResult, writing value of type 'BAKERBAZZAR.API.Models.ApiResponse'.
2024-11-15 11:02:26.125 +05:30  INF  Executed action BAKERBAZZAR.API.Controller.UserController.CartDetails (BAKERBAZZAR.API) in 1.4766ms
2024-11-15 11:02:26.125 +05:30  INF  Executed endpoint 'BAKERBAZZAR.API.Controller.UserController.CartDetails (BAKERBAZZAR.API)'
2024-11-15 11:02:26.125 +05:30  INF  Request finished HTTP/1.1 GET http://localhost:5145/User/CartDetails?displayid=8d79efcd-ca17-4476-b990-bb4b916390ff - - - 200 - application/json;+charset=utf-8 1.8757ms
2024-11-15 11:02:27.164 +05:30  INF  Request starting HTTP/1.1 GET http://localhost:5145/user/myorders?displayid=e62f03f4-2dcf-4f80-bc23-341651bd9338 - -
2024-11-15 11:02:27.164 +05:30  INF  CORS policy execution successful.
2024-11-15 11:02:27.165 +05:30  INF  Executing endpoint 'BAKERBAZZAR.API.Controller.UserController.MyOrders (BAKERBAZZAR.API)'
2024-11-15 11:02:27.165 +05:30  INF  Route matched with {action = "MyOrders", controller = "User"}. Executing controller action with signature System.Threading.Tasks.Task`1[Microsoft.AspNetCore.Mvc.ActionResult`1[BAKERBAZZAR.API.Models.ApiResponse]] MyOrders(System.String, System.String, System.String) on controller BAKERBAZZAR.API.Controller.UserController (BAKERBAZZAR.API).
2024-11-15 11:02:27.170 +05:30  INF  Executing ObjectResult, writing value of type 'BAKERBAZZAR.API.Models.ApiResponse'.
2024-11-15 11:02:27.170 +05:30  INF  Executed action BAKERBAZZAR.API.Controller.UserController.MyOrders (BAKERBAZZAR.API) in 5.1185ms
2024-11-15 11:02:27.170 +05:30  INF  Executed endpoint 'BAKERBAZZAR.API.Controller.UserController.MyOrders (BAKERBAZZAR.API)'
2024-11-15 11:02:27.170 +05:30  INF  Request finished HTTP/1.1 GET http://localhost:5145/user/myorders?displayid=e62f03f4-2dcf-4f80-bc23-341651bd9338 - - - 200 - application/json;+charset=utf-8 5.6842ms
2024-11-15 11:02:27.173 +05:30  INF  Request starting HTTP/1.1 GET http://localhost:5145/user/myorders?displayid=e62f03f4-2dcf-4f80-bc23-341651bd9338 - -
2024-11-15 11:02:27.174 +05:30  INF  CORS policy execution successful.
2024-11-15 11:02:27.174 +05:30  INF  Executing endpoint 'BAKERBAZZAR.API.Controller.UserController.MyOrders (BAKERBAZZAR.API)'
2024-11-15 11:02:27.174 +05:30  INF  Route matched with {action = "MyOrders", controller = "User"}. Executing controller action with signature System.Threading.Tasks.Task`1[Microsoft.AspNetCore.Mvc.ActionResult`1[BAKERBAZZAR.API.Models.ApiResponse]] MyOrders(System.String, System.String, System.String) on controller BAKERBAZZAR.API.Controller.UserController (BAKERBAZZAR.API).
2024-11-15 11:02:27.185 +05:30  INF  Executing ObjectResult, writing value of type 'BAKERBAZZAR.API.Models.ApiResponse'.
2024-11-15 11:02:27.185 +05:30  INF  Executed action BAKERBAZZAR.API.Controller.UserController.MyOrders (BAKERBAZZAR.API) in 11.3098ms
2024-11-15 11:02:27.185 +05:30  INF  Executed endpoint 'BAKERBAZZAR.API.Controller.UserController.MyOrders (BAKERBAZZAR.API)'
2024-11-15 11:02:27.185 +05:30  INF  Request finished HTTP/1.1 GET http://localhost:5145/user/myorders?displayid=e62f03f4-2dcf-4f80-bc23-341651bd9338 - - - 200 - application/json;+charset=utf-8 11.8286ms
2024-11-15 11:02:34.894 +05:30  INF  Request starting HTTP/1.1 GET http://localhost:5145/user/myorders?displayid=e62f03f4-2dcf-4f80-bc23-341651bd9338 - -
2024-11-15 11:02:34.894 +05:30  INF  CORS policy execution successful.
2024-11-15 11:02:34.895 +05:30  INF  Executing endpoint 'BAKERBAZZAR.API.Controller.UserController.MyOrders (BAKERBAZZAR.API)'
2024-11-15 11:02:34.895 +05:30  INF  Route matched with {action = "MyOrders", controller = "User"}. Executing controller action with signature System.Threading.Tasks.Task`1[Microsoft.AspNetCore.Mvc.ActionResult`1[BAKERBAZZAR.API.Models.ApiResponse]] MyOrders(System.String, System.String, System.String) on controller BAKERBAZZAR.API.Controller.UserController (BAKERBAZZAR.API).
2024-11-15 11:02:34.895 +05:30  INF  Request starting HTTP/1.1 GET http://localhost:5145/User/Category - -
2024-11-15 11:02:34.896 +05:30  INF  CORS policy execution successful.
2024-11-15 11:02:34.896 +05:30  INF  Executing endpoint 'BAKERBAZZAR.API.Controller.UserController.Category (BAKERBAZZAR.API)'
2024-11-15 11:02:34.897 +05:30  INF  Route matched with {action = "Category", controller = "User"}. Executing controller action with signature System.Threading.Tasks.Task`1[Microsoft.AspNetCore.Mvc.ActionResult`1[BAKERBAZZAR.API.Models.ApiResponse]] Category(System.String) on controller BAKERBAZZAR.API.Controller.UserController (BAKERBAZZAR.API).
2024-11-15 11:02:34.900 +05:30  INF  Request starting HTTP/1.1 GET http://localhost:5145/user/products?categoryid= - -
2024-11-15 11:02:34.900 +05:30  INF  CORS policy execution successful.
2024-11-15 11:02:34.901 +05:30  INF  Executing endpoint 'BAKERBAZZAR.API.Controller.UserController.Products (BAKERBAZZAR.API)'
2024-11-15 11:02:34.901 +05:30  INF  Route matched with {action = "Products", controller = "User"}. Executing controller action with signature System.Threading.Tasks.Task`1[Microsoft.AspNetCore.Mvc.ActionResult`1[BAKERBAZZAR.API.Models.ApiResponse]] Products(System.String, System.String) on controller BAKERBAZZAR.API.Controller.UserController (BAKERBAZZAR.API).
2024-11-15 11:02:34.908 +05:30  INF  Executing ObjectResult, writing value of type 'BAKERBAZZAR.API.Models.ApiResponse'.
2024-11-15 11:02:34.909 +05:30  INF  Executed action BAKERBAZZAR.API.Controller.UserController.MyOrders (BAKERBAZZAR.API) in 13.3608ms
2024-11-15 11:02:34.909 +05:30  INF  Executed endpoint 'BAKERBAZZAR.API.Controller.UserController.MyOrders (BAKERBAZZAR.API)'
2024-11-15 11:02:34.909 +05:30  INF  Request finished HTTP/1.1 GET http://localhost:5145/user/myorders?displayid=e62f03f4-2dcf-4f80-bc23-341651bd9338 - - - 200 - application/json;+charset=utf-8 14.5550ms
2024-11-15 11:02:34.914 +05:30  INF  Request starting HTTP/1.1 GET http://localhost:5145/user/myorders?displayid=e62f03f4-2dcf-4f80-bc23-341651bd9338 - -
2024-11-15 11:02:34.914 +05:30  INF  CORS policy execution successful.
2024-11-15 11:02:34.914 +05:30  INF  Executing endpoint 'BAKERBAZZAR.API.Controller.UserController.MyOrders (BAKERBAZZAR.API)'
2024-11-15 11:02:34.914 +05:30  INF  Route matched with {action = "MyOrders", controller = "User"}. Executing controller action with signature System.Threading.Tasks.Task`1[Microsoft.AspNetCore.Mvc.ActionResult`1[BAKERBAZZAR.API.Models.ApiResponse]] MyOrders(System.String, System.String, System.String) on controller BAKERBAZZAR.API.Controller.UserController (BAKERBAZZAR.API).
2024-11-15 11:02:34.918 +05:30  INF  Executing ObjectResult, writing value of type 'BAKERBAZZAR.API.Models.ApiResponse'.
2024-11-15 11:02:34.918 +05:30  INF  Executed action BAKERBAZZAR.API.Controller.UserController.Category (BAKERBAZZAR.API) in 21.9318ms
2024-11-15 11:02:34.919 +05:30  INF  Executed endpoint 'BAKERBAZZAR.API.Controller.UserController.Category (BAKERBAZZAR.API)'
2024-11-15 11:02:34.919 +05:30  INF  Request finished HTTP/1.1 GET http://localhost:5145/User/Category - - - 200 - application/json;+charset=utf-8 23.1706ms
2024-11-15 11:02:34.921 +05:30  INF  Request starting HTTP/1.1 GET http://localhost:5145/User/Category - -
2024-11-15 11:02:34.921 +05:30  INF  CORS policy execution successful.
2024-11-15 11:02:34.921 +05:30  INF  Executing endpoint 'BAKERBAZZAR.API.Controller.UserController.Category (BAKERBAZZAR.API)'
2024-11-15 11:02:34.921 +05:30  INF  Route matched with {action = "Category", controller = "User"}. Executing controller action with signature System.Threading.Tasks.Task`1[Microsoft.AspNetCore.Mvc.ActionResult`1[BAKERBAZZAR.API.Models.ApiResponse]] Category(System.String) on controller BAKERBAZZAR.API.Controller.UserController (BAKERBAZZAR.API).
2024-11-15 11:02:34.922 +05:30  INF  Executing ObjectResult, writing value of type 'BAKERBAZZAR.API.Models.ApiResponse'.
2024-11-15 11:02:34.922 +05:30  INF  Executed action BAKERBAZZAR.API.Controller.UserController.MyOrders (BAKERBAZZAR.API) in 8.1494ms
2024-11-15 11:02:34.923 +05:30  INF  Executed endpoint 'BAKERBAZZAR.API.Controller.UserController.MyOrders (BAKERBAZZAR.API)'
2024-11-15 11:02:34.923 +05:30  INF  Request finished HTTP/1.1 GET http://localhost:5145/user/myorders?displayid=e62f03f4-2dcf-4f80-bc23-341651bd9338 - - - 200 - application/json;+charset=utf-8 8.6642ms
2024-11-15 11:02:34.923 +05:30  INF  Executing ObjectResult, writing value of type 'BAKERBAZZAR.API.Models.ApiResponse'.
2024-11-15 11:02:34.923 +05:30  INF  Executed action BAKERBAZZAR.API.Controller.UserController.Category (BAKERBAZZAR.API) in 1.9135ms
2024-11-15 11:02:34.923 +05:30  INF  Executed endpoint 'BAKERBAZZAR.API.Controller.UserController.Category (BAKERBAZZAR.API)'
2024-11-15 11:02:34.923 +05:30  INF  Executing ObjectResult, writing value of type 'BAKERBAZZAR.API.Models.ApiResponse'.
2024-11-15 11:02:34.923 +05:30  INF  Request finished HTTP/1.1 GET http://localhost:5145/User/Category - - - 200 - application/json;+charset=utf-8 2.7107ms
2024-11-15 11:02:34.925 +05:30  INF  Executed action BAKERBAZZAR.API.Controller.UserController.Products (BAKERBAZZAR.API) in 23.8768ms
2024-11-15 11:02:34.925 +05:30  INF  Executed endpoint 'BAKERBAZZAR.API.Controller.UserController.Products (BAKERBAZZAR.API)'
2024-11-15 11:02:34.925 +05:30  INF  Request finished HTTP/1.1 GET http://localhost:5145/user/products?categoryid= - - - 200 - application/json;+charset=utf-8 25.1835ms
2024-11-15 11:02:34.927 +05:30  INF  Request starting HTTP/1.1 GET http://localhost:5145/user/products?categoryid= - -
2024-11-15 11:02:34.927 +05:30  INF  CORS policy execution successful.
2024-11-15 11:02:34.927 +05:30  INF  Executing endpoint 'BAKERBAZZAR.API.Controller.UserController.Products (BAKERBAZZAR.API)'
2024-11-15 11:02:34.928 +05:30  INF  Route matched with {action = "Products", controller = "User"}. Executing controller action with signature System.Threading.Tasks.Task`1[Microsoft.AspNetCore.Mvc.ActionResult`1[BAKERBAZZAR.API.Models.ApiResponse]] Products(System.String, System.String) on controller BAKERBAZZAR.API.Controller.UserController (BAKERBAZZAR.API).
2024-11-15 11:02:34.933 +05:30  INF  Executing ObjectResult, writing value of type 'BAKERBAZZAR.API.Models.ApiResponse'.
2024-11-15 11:02:34.934 +05:30  INF  Executed action BAKERBAZZAR.API.Controller.UserController.Products (BAKERBAZZAR.API) in 6.2918ms
2024-11-15 11:02:34.934 +05:30  INF  Executed endpoint 'BAKERBAZZAR.API.Controller.UserController.Products (BAKERBAZZAR.API)'
2024-11-15 11:02:34.934 +05:30  INF  Request finished HTTP/1.1 GET http://localhost:5145/user/products?categoryid= - - - 200 - application/json;+charset=utf-8 6.9299ms
2024-11-15 11:03:13.491 +05:30  INF  Request starting HTTP/1.1 GET http://localhost:5145/User/GetMyAddresses?displayid=e62f03f4-2dcf-4f80-bc23-341651bd9338 - -
2024-11-15 11:03:13.491 +05:30  INF  CORS policy execution successful.
2024-11-15 11:03:13.491 +05:30  INF  Executing endpoint 'BAKERBAZZAR.API.Controller.UserController.GetAddress (BAKERBAZZAR.API)'
2024-11-15 11:03:13.492 +05:30  INF  Route matched with {action = "GetAddress", controller = "User"}. Executing controller action with signature System.Threading.Tasks.Task`1[Microsoft.AspNetCore.Mvc.ActionResult`1[BAKERBAZZAR.API.Models.ApiResponse]] GetAddress(System.String) on controller BAKERBAZZAR.API.Controller.UserController (BAKERBAZZAR.API).
2024-11-15 11:03:13.516 +05:30  INF  Executing ObjectResult, writing value of type 'BAKERBAZZAR.API.Models.ApiResponse'.
2024-11-15 11:03:13.516 +05:30  INF  Executed action BAKERBAZZAR.API.Controller.UserController.GetAddress (BAKERBAZZAR.API) in 24.1475ms
2024-11-15 11:03:13.516 +05:30  INF  Executed endpoint 'BAKERBAZZAR.API.Controller.UserController.GetAddress (BAKERBAZZAR.API)'
2024-11-15 11:03:13.516 +05:30  INF  Request finished HTTP/1.1 GET http://localhost:5145/User/GetMyAddresses?displayid=e62f03f4-2dcf-4f80-bc23-341651bd9338 - - - 200 - application/json;+charset=utf-8 25.1333ms
2024-11-15 11:03:13.659 +05:30  INF  Request starting HTTP/1.1 GET http://localhost:5145/User/GetMyAddresses?displayid=e62f03f4-2dcf-4f80-bc23-341651bd9338 - -
2024-11-15 11:03:13.660 +05:30  INF  CORS policy execution successful.
2024-11-15 11:03:13.660 +05:30  INF  Executing endpoint 'BAKERBAZZAR.API.Controller.UserController.GetAddress (BAKERBAZZAR.API)'
2024-11-15 11:03:13.660 +05:30  INF  Route matched with {action = "GetAddress", controller = "User"}. Executing controller action with signature System.Threading.Tasks.Task`1[Microsoft.AspNetCore.Mvc.ActionResult`1[BAKERBAZZAR.API.Models.ApiResponse]] GetAddress(System.String) on controller BAKERBAZZAR.API.Controller.UserController (BAKERBAZZAR.API).
2024-11-15 11:03:13.661 +05:30  INF  Executing ObjectResult, writing value of type 'BAKERBAZZAR.API.Models.ApiResponse'.
2024-11-15 11:03:13.661 +05:30  INF  Executed action BAKERBAZZAR.API.Controller.UserController.GetAddress (BAKERBAZZAR.API) in 1.1149ms
2024-11-15 11:03:13.661 +05:30  INF  Executed endpoint 'BAKERBAZZAR.API.Controller.UserController.GetAddress (BAKERBAZZAR.API)'
2024-11-15 11:03:13.661 +05:30  INF  Request finished HTTP/1.1 GET http://localhost:5145/User/GetMyAddresses?displayid=e62f03f4-2dcf-4f80-bc23-341651bd9338 - - - 200 - application/json;+charset=utf-8 1.6544ms
2024-11-15 11:03:22.147 +05:30  INF  Request starting HTTP/1.1 OPTIONS http://localhost:5145/user/changeaddress?displayid=e62f03f4-2dcf-4f80-bc23-341651bd9338&recordid=1023 - -
2024-11-15 11:03:22.147 +05:30  INF  CORS policy execution successful.
2024-11-15 11:03:22.148 +05:30  INF  Request finished HTTP/1.1 OPTIONS http://localhost:5145/user/changeaddress?displayid=e62f03f4-2dcf-4f80-bc23-341651bd9338&recordid=1023 - - - 204 - - 0.2364ms
2024-11-15 11:03:22.149 +05:30  INF  Request starting HTTP/1.1 PUT http://localhost:5145/user/changeaddress?displayid=e62f03f4-2dcf-4f80-bc23-341651bd9338&recordid=1023 - 0
2024-11-15 11:03:22.149 +05:30  INF  CORS policy execution successful.
2024-11-15 11:03:22.149 +05:30  INF  Executing endpoint 'BAKERBAZZAR.API.Controller.UserController.ChangeAddress (BAKERBAZZAR.API)'
2024-11-15 11:03:22.149 +05:30  INF  Route matched with {action = "ChangeAddress", controller = "User"}. Executing controller action with signature System.Threading.Tasks.Task`1[Microsoft.AspNetCore.Mvc.ActionResult`1[BAKERBAZZAR.API.Models.ApiResponse]] ChangeAddress(System.String, Int32) on controller BAKERBAZZAR.API.Controller.UserController (BAKERBAZZAR.API).
2024-11-15 11:03:22.153 +05:30  INF  Executing ObjectResult, writing value of type 'BAKERBAZZAR.API.Models.ApiResponse'.
2024-11-15 11:03:22.153 +05:30  INF  Executed action BAKERBAZZAR.API.Controller.UserController.ChangeAddress (BAKERBAZZAR.API) in 3.9143ms
2024-11-15 11:03:22.153 +05:30  INF  Executed endpoint 'BAKERBAZZAR.API.Controller.UserController.ChangeAddress (BAKERBAZZAR.API)'
2024-11-15 11:03:22.153 +05:30  INF  Request finished HTTP/1.1 PUT http://localhost:5145/user/changeaddress?displayid=e62f03f4-2dcf-4f80-bc23-341651bd9338&recordid=1023 - 0 - 200 - application/json;+charset=utf-8 4.4233ms
2024-11-15 11:03:42.729 +05:30  INF  Request starting HTTP/1.1 GET http://localhost:5145/user/myorders?displayid=e62f03f4-2dcf-4f80-bc23-341651bd9338 - -
2024-11-15 11:03:42.729 +05:30  INF  CORS policy execution successful.
2024-11-15 11:03:42.729 +05:30  INF  Executing endpoint 'BAKERBAZZAR.API.Controller.UserController.MyOrders (BAKERBAZZAR.API)'
2024-11-15 11:03:42.729 +05:30  INF  Route matched with {action = "MyOrders", controller = "User"}. Executing controller action with signature System.Threading.Tasks.Task`1[Microsoft.AspNetCore.Mvc.ActionResult`1[BAKERBAZZAR.API.Models.ApiResponse]] MyOrders(System.String, System.String, System.String) on controller BAKERBAZZAR.API.Controller.UserController (BAKERBAZZAR.API).
2024-11-15 11:03:42.757 +05:30  INF  Executing ObjectResult, writing value of type 'BAKERBAZZAR.API.Models.ApiResponse'.
2024-11-15 11:03:42.758 +05:30  INF  Executed action BAKERBAZZAR.API.Controller.UserController.MyOrders (BAKERBAZZAR.API) in 28.451ms
2024-11-15 11:03:42.758 +05:30  INF  Executed endpoint 'BAKERBAZZAR.API.Controller.UserController.MyOrders (BAKERBAZZAR.API)'
2024-11-15 11:03:42.758 +05:30  INF  Request finished HTTP/1.1 GET http://localhost:5145/user/myorders?displayid=e62f03f4-2dcf-4f80-bc23-341651bd9338 - - - 200 - application/json;+charset=utf-8 28.8594ms
2024-11-15 11:03:42.760 +05:30  INF  Request starting HTTP/1.1 GET http://localhost:5145/user/myorders?displayid=e62f03f4-2dcf-4f80-bc23-341651bd9338 - -
2024-11-15 11:03:42.760 +05:30  INF  CORS policy execution successful.
2024-11-15 11:03:42.760 +05:30  INF  Executing endpoint 'BAKERBAZZAR.API.Controller.UserController.MyOrders (BAKERBAZZAR.API)'
2024-11-15 11:03:42.760 +05:30  INF  Route matched with {action = "MyOrders", controller = "User"}. Executing controller action with signature System.Threading.Tasks.Task`1[Microsoft.AspNetCore.Mvc.ActionResult`1[BAKERBAZZAR.API.Models.ApiResponse]] MyOrders(System.String, System.String, System.String) on controller BAKERBAZZAR.API.Controller.UserController (BAKERBAZZAR.API).
2024-11-15 11:03:42.764 +05:30  INF  Executing ObjectResult, writing value of type 'BAKERBAZZAR.API.Models.ApiResponse'.
2024-11-15 11:03:42.764 +05:30  INF  Executed action BAKERBAZZAR.API.Controller.UserController.MyOrders (BAKERBAZZAR.API) in 3.5592ms
2024-11-15 11:03:42.764 +05:30  INF  Executed endpoint 'BAKERBAZZAR.API.Controller.UserController.MyOrders (BAKERBAZZAR.API)'
2024-11-15 11:03:42.764 +05:30  INF  Request finished HTTP/1.1 GET http://localhost:5145/user/myorders?displayid=e62f03f4-2dcf-4f80-bc23-341651bd9338 - - - 200 - application/json;+charset=utf-8 4.0108ms
2024-11-15 11:03:48.166 +05:30  INF  Request starting HTTP/1.1 OPTIONS http://localhost:5145/User/AddToCart - -
2024-11-15 11:03:48.166 +05:30  INF  CORS policy execution successful.
2024-11-15 11:03:48.166 +05:30  INF  Request finished HTTP/1.1 OPTIONS http://localhost:5145/User/AddToCart - - - 204 - - 0.1996ms
2024-11-15 11:03:48.167 +05:30  INF  Request starting HTTP/1.1 POST http://localhost:5145/User/AddToCart application/json 141
2024-11-15 11:03:48.167 +05:30  INF  CORS policy execution successful.
2024-11-15 11:03:48.167 +05:30  INF  Executing endpoint 'BAKERBAZZAR.API.Controller.UserController.AddToCart (BAKERBAZZAR.API)'
2024-11-15 11:03:48.167 +05:30  INF  Route matched with {action = "AddToCart", controller = "User"}. Executing controller action with signature System.Threading.Tasks.Task`1[Microsoft.AspNetCore.Mvc.ActionResult`1[BAKERBAZZAR.API.Models.ApiResponse]] AddToCart(BAKERBAZZAR.API.Models.IO_Templates.AddToCartRequest) on controller BAKERBAZZAR.API.Controller.UserController (BAKERBAZZAR.API).
2024-11-15 11:03:48.181 +05:30  INF  Executing ObjectResult, writing value of type 'BAKERBAZZAR.API.Models.ApiResponse'.
2024-11-15 11:03:48.181 +05:30  INF  Executed action BAKERBAZZAR.API.Controller.UserController.AddToCart (BAKERBAZZAR.API) in 14.0233ms
2024-11-15 11:03:48.181 +05:30  INF  Executed endpoint 'BAKERBAZZAR.API.Controller.UserController.AddToCart (BAKERBAZZAR.API)'
2024-11-15 11:03:48.181 +05:30  INF  Request finished HTTP/1.1 POST http://localhost:5145/User/AddToCart application/json 141 - 200 - application/json;+charset=utf-8 14.2370ms
2024-11-15 11:03:49.291 +05:30  INF  Request starting HTTP/1.1 POST http://localhost:5145/User/AddToCart application/json 140
2024-11-15 11:03:49.291 +05:30  INF  CORS policy execution successful.
2024-11-15 11:03:49.291 +05:30  INF  Executing endpoint 'BAKERBAZZAR.API.Controller.UserController.AddToCart (BAKERBAZZAR.API)'
2024-11-15 11:03:49.291 +05:30  INF  Route matched with {action = "AddToCart", controller = "User"}. Executing controller action with signature System.Threading.Tasks.Task`1[Microsoft.AspNetCore.Mvc.ActionResult`1[BAKERBAZZAR.API.Models.ApiResponse]] AddToCart(BAKERBAZZAR.API.Models.IO_Templates.AddToCartRequest) on controller BAKERBAZZAR.API.Controller.UserController (BAKERBAZZAR.API).
2024-11-15 11:03:49.292 +05:30  INF  Executing ObjectResult, writing value of type 'BAKERBAZZAR.API.Models.ApiResponse'.
2024-11-15 11:03:49.292 +05:30  INF  Executed action BAKERBAZZAR.API.Controller.UserController.AddToCart (BAKERBAZZAR.API) in 0.8713ms
2024-11-15 11:03:49.292 +05:30  INF  Executed endpoint 'BAKERBAZZAR.API.Controller.UserController.AddToCart (BAKERBAZZAR.API)'
2024-11-15 11:03:49.292 +05:30  INF  Request finished HTTP/1.1 POST http://localhost:5145/User/AddToCart application/json 140 - 200 - application/json;+charset=utf-8 1.1550ms
2024-11-15 11:03:50.566 +05:30  INF  Request starting HTTP/1.1 GET http://localhost:5145/User/CartDetails?displayid=8d79efcd-ca17-4476-b990-bb4b916390ff - -
2024-11-15 11:03:50.566 +05:30  INF  CORS policy execution successful.
2024-11-15 11:03:50.566 +05:30  INF  Executing endpoint 'BAKERBAZZAR.API.Controller.UserController.CartDetails (BAKERBAZZAR.API)'
2024-11-15 11:03:50.566 +05:30  INF  Route matched with {action = "CartDetails", controller = "User"}. Executing controller action with signature System.Threading.Tasks.Task`1[Microsoft.AspNetCore.Mvc.ActionResult`1[BAKERBAZZAR.API.Models.ApiResponse]] CartDetails(System.String) on controller BAKERBAZZAR.API.Controller.UserController (BAKERBAZZAR.API).
2024-11-15 11:03:50.583 +05:30  INF  Executing ObjectResult, writing value of type 'BAKERBAZZAR.API.Models.ApiResponse'.
2024-11-15 11:03:50.583 +05:30  INF  Executed action BAKERBAZZAR.API.Controller.UserController.CartDetails (BAKERBAZZAR.API) in 17.3352ms
2024-11-15 11:03:50.583 +05:30  INF  Executed endpoint 'BAKERBAZZAR.API.Controller.UserController.CartDetails (BAKERBAZZAR.API)'
2024-11-15 11:03:50.583 +05:30  INF  Request finished HTTP/1.1 GET http://localhost:5145/User/CartDetails?displayid=8d79efcd-ca17-4476-b990-bb4b916390ff - - - 200 - application/json;+charset=utf-8 17.6921ms
2024-11-15 11:03:50.585 +05:30  INF  Request starting HTTP/1.1 GET http://localhost:5145/User/CartDetails?displayid=8d79efcd-ca17-4476-b990-bb4b916390ff - -
2024-11-15 11:03:50.586 +05:30  INF  CORS policy execution successful.
2024-11-15 11:03:50.586 +05:30  INF  Executing endpoint 'BAKERBAZZAR.API.Controller.UserController.CartDetails (BAKERBAZZAR.API)'
2024-11-15 11:03:50.586 +05:30  INF  Route matched with {action = "CartDetails", controller = "User"}. Executing controller action with signature System.Threading.Tasks.Task`1[Microsoft.AspNetCore.Mvc.ActionResult`1[BAKERBAZZAR.API.Models.ApiResponse]] CartDetails(System.String) on controller BAKERBAZZAR.API.Controller.UserController (BAKERBAZZAR.API).
2024-11-15 11:03:50.586 +05:30  INF  Executing ObjectResult, writing value of type 'BAKERBAZZAR.API.Models.ApiResponse'.
2024-11-15 11:03:50.586 +05:30  INF  Executed action BAKERBAZZAR.API.Controller.UserController.CartDetails (BAKERBAZZAR.API) in 0.701ms
2024-11-15 11:03:50.586 +05:30  INF  Executed endpoint 'BAKERBAZZAR.API.Controller.UserController.CartDetails (BAKERBAZZAR.API)'
2024-11-15 11:03:50.586 +05:30  INF  Request finished HTTP/1.1 GET http://localhost:5145/User/CartDetails?displayid=8d79efcd-ca17-4476-b990-bb4b916390ff - - - 200 - application/json;+charset=utf-8 1.1661ms
2024-11-15 11:03:59.039 +05:30  INF  Request starting HTTP/1.1 GET http://localhost:5145/user/products?categoryid= - -
2024-11-15 11:03:59.039 +05:30  INF  Request starting HTTP/1.1 GET http://localhost:5145/User/Category - -
2024-11-15 11:03:59.039 +05:30  INF  CORS policy execution successful.
2024-11-15 11:03:59.039 +05:30  INF  CORS policy execution successful.
2024-11-15 11:03:59.039 +05:30  INF  Executing endpoint 'BAKERBAZZAR.API.Controller.UserController.Products (BAKERBAZZAR.API)'
2024-11-15 11:03:59.039 +05:30  INF  Executing endpoint 'BAKERBAZZAR.API.Controller.UserController.Category (BAKERBAZZAR.API)'
2024-11-15 11:03:59.039 +05:30  INF  Route matched with {action = "Category", controller = "User"}. Executing controller action with signature System.Threading.Tasks.Task`1[Microsoft.AspNetCore.Mvc.ActionResult`1[BAKERBAZZAR.API.Models.ApiResponse]] Category(System.String) on controller BAKERBAZZAR.API.Controller.UserController (BAKERBAZZAR.API).
2024-11-15 11:03:59.039 +05:30  INF  Route matched with {action = "Products", controller = "User"}. Executing controller action with signature System.Threading.Tasks.Task`1[Microsoft.AspNetCore.Mvc.ActionResult`1[BAKERBAZZAR.API.Models.ApiResponse]] Products(System.String, System.String) on controller BAKERBAZZAR.API.Controller.UserController (BAKERBAZZAR.API).
2024-11-15 11:03:59.056 +05:30  INF  Executing ObjectResult, writing value of type 'BAKERBAZZAR.API.Models.ApiResponse'.
2024-11-15 11:03:59.056 +05:30  INF  Executed action BAKERBAZZAR.API.Controller.UserController.Category (BAKERBAZZAR.API) in 16.6843ms
2024-11-15 11:03:59.056 +05:30  INF  Executed endpoint 'BAKERBAZZAR.API.Controller.UserController.Category (BAKERBAZZAR.API)'
2024-11-15 11:03:59.056 +05:30  INF  Request finished HTTP/1.1 GET http://localhost:5145/User/Category - - - 200 - application/json;+charset=utf-8 17.4237ms
2024-11-15 11:03:59.057 +05:30  INF  Request starting HTTP/1.1 GET http://localhost:5145/User/Category - -
2024-11-15 11:03:59.058 +05:30  INF  CORS policy execution successful.
2024-11-15 11:03:59.058 +05:30  INF  Executing endpoint 'BAKERBAZZAR.API.Controller.UserController.Category (BAKERBAZZAR.API)'
2024-11-15 11:03:59.058 +05:30  INF  Route matched with {action = "Category", controller = "User"}. Executing controller action with signature System.Threading.Tasks.Task`1[Microsoft.AspNetCore.Mvc.ActionResult`1[BAKERBAZZAR.API.Models.ApiResponse]] Category(System.String) on controller BAKERBAZZAR.API.Controller.UserController (BAKERBAZZAR.API).
2024-11-15 11:03:59.058 +05:30  INF  Executing ObjectResult, writing value of type 'BAKERBAZZAR.API.Models.ApiResponse'.
2024-11-15 11:03:59.059 +05:30  INF  Executing ObjectResult, writing value of type 'BAKERBAZZAR.API.Models.ApiResponse'.
2024-11-15 11:03:59.059 +05:30  INF  Executed action BAKERBAZZAR.API.Controller.UserController.Category (BAKERBAZZAR.API) in 1.5418ms
2024-11-15 11:03:59.059 +05:30  INF  Executed endpoint 'BAKERBAZZAR.API.Controller.UserController.Category (BAKERBAZZAR.API)'
2024-11-15 11:03:59.059 +05:30  INF  Request finished HTTP/1.1 GET http://localhost:5145/User/Category - - - 200 - application/json;+charset=utf-8 1.8789ms
2024-11-15 11:03:59.060 +05:30  INF  Executed action BAKERBAZZAR.API.Controller.UserController.Products (BAKERBAZZAR.API) in 20.4388ms
2024-11-15 11:03:59.060 +05:30  INF  Executed endpoint 'BAKERBAZZAR.API.Controller.UserController.Products (BAKERBAZZAR.API)'
2024-11-15 11:03:59.060 +05:30  INF  Request finished HTTP/1.1 GET http://localhost:5145/user/products?categoryid= - - - 200 - application/json;+charset=utf-8 21.2739ms
2024-11-15 11:03:59.063 +05:30  INF  Request starting HTTP/1.1 GET http://localhost:5145/user/products?categoryid= - -
2024-11-15 11:03:59.063 +05:30  INF  CORS policy execution successful.
2024-11-15 11:03:59.063 +05:30  INF  Executing endpoint 'BAKERBAZZAR.API.Controller.UserController.Products (BAKERBAZZAR.API)'
2024-11-15 11:03:59.063 +05:30  INF  Route matched with {action = "Products", controller = "User"}. Executing controller action with signature System.Threading.Tasks.Task`1[Microsoft.AspNetCore.Mvc.ActionResult`1[BAKERBAZZAR.API.Models.ApiResponse]] Products(System.String, System.String) on controller BAKERBAZZAR.API.Controller.UserController (BAKERBAZZAR.API).
2024-11-15 11:03:59.066 +05:30  INF  Executing ObjectResult, writing value of type 'BAKERBAZZAR.API.Models.ApiResponse'.
2024-11-15 11:03:59.067 +05:30  INF  Executed action BAKERBAZZAR.API.Controller.UserController.Products (BAKERBAZZAR.API) in 4.0208ms
2024-11-15 11:03:59.067 +05:30  INF  Executed endpoint 'BAKERBAZZAR.API.Controller.UserController.Products (BAKERBAZZAR.API)'
2024-11-15 11:03:59.067 +05:30  INF  Request finished HTTP/1.1 GET http://localhost:5145/user/products?categoryid= - - - 200 - application/json;+charset=utf-8 4.4537ms
2024-11-15 11:04:01.466 +05:30  INF  Request starting HTTP/1.1 OPTIONS http://localhost:5145/Authentication/Login - -
2024-11-15 11:04:01.466 +05:30  INF  CORS policy execution successful.
2024-11-15 11:04:01.466 +05:30  INF  Request finished HTTP/1.1 OPTIONS http://localhost:5145/Authentication/Login - - - 204 - - 0.2972ms
2024-11-15 11:04:01.468 +05:30  INF  Request starting HTTP/1.1 POST http://localhost:5145/Authentication/Login application/json 37
2024-11-15 11:04:01.468 +05:30  INF  CORS policy execution successful.
2024-11-15 11:04:01.468 +05:30  INF  Executing endpoint 'BAKERBAZZAR.API.Controller.AuthenticationController.VerifyUser (BAKERBAZZAR.API)'
2024-11-15 11:04:01.468 +05:30  INF  Route matched with {action = "VerifyUser", controller = "Authentication"}. Executing controller action with signature System.Threading.Tasks.Task`1[Microsoft.AspNetCore.Mvc.ActionResult`1[BAKERBAZZAR.API.Models.ApiResponse]] VerifyUser(BAKERBAZZAR.API.Models.IO_Templates.LoginRequest) on controller BAKERBAZZAR.API.Controller.AuthenticationController (BAKERBAZZAR.API).
2024-11-15 11:04:01.468 +05:30  INF  verify user execution start
2024-11-15 11:04:01.497 +05:30  INF  verify user execution end
2024-11-15 11:04:01.498 +05:30  INF  Executing ObjectResult, writing value of type 'BAKERBAZZAR.API.Models.ApiResponse'.
2024-11-15 11:04:01.498 +05:30  INF  Executed action BAKERBAZZAR.API.Controller.AuthenticationController.VerifyUser (BAKERBAZZAR.API) in 29.8069ms
2024-11-15 11:04:01.498 +05:30  INF  Executed endpoint 'BAKERBAZZAR.API.Controller.AuthenticationController.VerifyUser (BAKERBAZZAR.API)'
2024-11-15 11:04:01.498 +05:30  INF  Request finished HTTP/1.1 POST http://localhost:5145/Authentication/Login application/json 37 - 200 - application/json;+charset=utf-8 30.0975ms
2024-11-15 11:04:05.506 +05:30  INF  Request starting HTTP/1.1 POST http://localhost:5145/Authentication/Login application/json 39
2024-11-15 11:04:05.506 +05:30  INF  CORS policy execution successful.
2024-11-15 11:04:05.507 +05:30  INF  Executing endpoint 'BAKERBAZZAR.API.Controller.AuthenticationController.VerifyUser (BAKERBAZZAR.API)'
2024-11-15 11:04:05.507 +05:30  INF  Route matched with {action = "VerifyUser", controller = "Authentication"}. Executing controller action with signature System.Threading.Tasks.Task`1[Microsoft.AspNetCore.Mvc.ActionResult`1[BAKERBAZZAR.API.Models.ApiResponse]] VerifyUser(BAKERBAZZAR.API.Models.IO_Templates.LoginRequest) on controller BAKERBAZZAR.API.Controller.AuthenticationController (BAKERBAZZAR.API).
2024-11-15 11:04:05.507 +05:30  INF  verify user execution start
2024-11-15 11:04:05.558 +05:30  INF  verify user execution end
2024-11-15 11:04:05.558 +05:30  INF  Executing ObjectResult, writing value of type 'BAKERBAZZAR.API.Models.ApiResponse'.
2024-11-15 11:04:05.558 +05:30  INF  Executed action BAKERBAZZAR.API.Controller.AuthenticationController.VerifyUser (BAKERBAZZAR.API) in 51.3499ms
2024-11-15 11:04:05.558 +05:30  INF  Executed endpoint 'BAKERBAZZAR.API.Controller.AuthenticationController.VerifyUser (BAKERBAZZAR.API)'
2024-11-15 11:04:05.558 +05:30  INF  Request finished HTTP/1.1 POST http://localhost:5145/Authentication/Login application/json 39 - 200 - application/json;+charset=utf-8 52.1867ms
2024-11-15 11:04:10.175 +05:30  INF  Request starting HTTP/1.1 GET http://localhost:5145/user/products?categoryid=3e85ca1f-91c2-42f2-9b05-bd920051c25e - -
2024-11-15 11:04:10.176 +05:30  INF  CORS policy execution successful.
2024-11-15 11:04:10.176 +05:30  INF  Executing endpoint 'BAKERBAZZAR.API.Controller.UserController.Products (BAKERBAZZAR.API)'
2024-11-15 11:04:10.176 +05:30  INF  Route matched with {action = "Products", controller = "User"}. Executing controller action with signature System.Threading.Tasks.Task`1[Microsoft.AspNetCore.Mvc.ActionResult`1[BAKERBAZZAR.API.Models.ApiResponse]] Products(System.String, System.String) on controller BAKERBAZZAR.API.Controller.UserController (BAKERBAZZAR.API).
2024-11-15 11:04:10.207 +05:30  INF  Executing ObjectResult, writing value of type 'BAKERBAZZAR.API.Models.ApiResponse'.
2024-11-15 11:04:10.207 +05:30  INF  Executed action BAKERBAZZAR.API.Controller.UserController.Products (BAKERBAZZAR.API) in 31.4184ms
2024-11-15 11:04:10.207 +05:30  INF  Executed endpoint 'BAKERBAZZAR.API.Controller.UserController.Products (BAKERBAZZAR.API)'
2024-11-15 11:04:10.207 +05:30  INF  Request finished HTTP/1.1 GET http://localhost:5145/user/products?categoryid=3e85ca1f-91c2-42f2-9b05-bd920051c25e - - - 200 - application/json;+charset=utf-8 31.8807ms
2024-11-15 11:04:11.428 +05:30  INF  Request starting HTTP/1.1 OPTIONS http://localhost:5145/User/AddToCart - -
2024-11-15 11:04:11.428 +05:30  INF  CORS policy execution successful.
2024-11-15 11:04:11.428 +05:30  INF  Request finished HTTP/1.1 OPTIONS http://localhost:5145/User/AddToCart - - - 204 - - 0.2953ms
2024-11-15 11:04:11.429 +05:30  INF  Request starting HTTP/1.1 POST http://localhost:5145/User/AddToCart application/json 140
2024-11-15 11:04:11.429 +05:30  INF  CORS policy execution successful.
2024-11-15 11:04:11.429 +05:30  INF  Executing endpoint 'BAKERBAZZAR.API.Controller.UserController.AddToCart (BAKERBAZZAR.API)'
2024-11-15 11:04:11.429 +05:30  INF  Route matched with {action = "AddToCart", controller = "User"}. Executing controller action with signature System.Threading.Tasks.Task`1[Microsoft.AspNetCore.Mvc.ActionResult`1[BAKERBAZZAR.API.Models.ApiResponse]] AddToCart(BAKERBAZZAR.API.Models.IO_Templates.AddToCartRequest) on controller BAKERBAZZAR.API.Controller.UserController (BAKERBAZZAR.API).
2024-11-15 11:04:11.447 +05:30  INF  Executing ObjectResult, writing value of type 'BAKERBAZZAR.API.Models.ApiResponse'.
2024-11-15 11:04:11.447 +05:30  INF  Executed action BAKERBAZZAR.API.Controller.UserController.AddToCart (BAKERBAZZAR.API) in 18.2561ms
2024-11-15 11:04:11.447 +05:30  INF  Executed endpoint 'BAKERBAZZAR.API.Controller.UserController.AddToCart (BAKERBAZZAR.API)'
2024-11-15 11:04:11.447 +05:30  INF  Request finished HTTP/1.1 POST http://localhost:5145/User/AddToCart application/json 140 - 200 - application/json;+charset=utf-8 18.4798ms
2024-11-15 11:04:12.760 +05:30  INF  Request starting HTTP/1.1 POST http://localhost:5145/User/AddToCart application/json 140
2024-11-15 11:04:12.761 +05:30  INF  CORS policy execution successful.
2024-11-15 11:04:12.761 +05:30  INF  Executing endpoint 'BAKERBAZZAR.API.Controller.UserController.AddToCart (BAKERBAZZAR.API)'
2024-11-15 11:04:12.761 +05:30  INF  Route matched with {action = "AddToCart", controller = "User"}. Executing controller action with signature System.Threading.Tasks.Task`1[Microsoft.AspNetCore.Mvc.ActionResult`1[BAKERBAZZAR.API.Models.ApiResponse]] AddToCart(BAKERBAZZAR.API.Models.IO_Templates.AddToCartRequest) on controller BAKERBAZZAR.API.Controller.UserController (BAKERBAZZAR.API).
2024-11-15 11:04:12.763 +05:30  INF  Executing ObjectResult, writing value of type 'BAKERBAZZAR.API.Models.ApiResponse'.
2024-11-15 11:04:12.763 +05:30  INF  Executed action BAKERBAZZAR.API.Controller.UserController.AddToCart (BAKERBAZZAR.API) in 2.287ms
2024-11-15 11:04:12.763 +05:30  INF  Executed endpoint 'BAKERBAZZAR.API.Controller.UserController.AddToCart (BAKERBAZZAR.API)'
2024-11-15 11:04:12.763 +05:30  INF  Request finished HTTP/1.1 POST http://localhost:5145/User/AddToCart application/json 140 - 200 - application/json;+charset=utf-8 2.5601ms
2024-11-15 11:04:13.779 +05:30  INF  Request starting HTTP/1.1 GET http://localhost:5145/User/CartDetails?displayid=fb0247db-d2cd-43c5-aa62-eee3fad2ba85 - -
2024-11-15 11:04:13.779 +05:30  INF  CORS policy execution successful.
2024-11-15 11:04:13.779 +05:30  INF  Executing endpoint 'BAKERBAZZAR.API.Controller.UserController.CartDetails (BAKERBAZZAR.API)'
2024-11-15 11:04:13.779 +05:30  INF  Route matched with {action = "CartDetails", controller = "User"}. Executing controller action with signature System.Threading.Tasks.Task`1[Microsoft.AspNetCore.Mvc.ActionResult`1[BAKERBAZZAR.API.Models.ApiResponse]] CartDetails(System.String) on controller BAKERBAZZAR.API.Controller.UserController (BAKERBAZZAR.API).
2024-11-15 11:04:13.800 +05:30  INF  Executing ObjectResult, writing value of type 'BAKERBAZZAR.API.Models.ApiResponse'.
2024-11-15 11:04:13.800 +05:30  INF  Executed action BAKERBAZZAR.API.Controller.UserController.CartDetails (BAKERBAZZAR.API) in 20.8675ms
2024-11-15 11:04:13.800 +05:30  INF  Executed endpoint 'BAKERBAZZAR.API.Controller.UserController.CartDetails (BAKERBAZZAR.API)'
2024-11-15 11:04:13.801 +05:30  INF  Request finished HTTP/1.1 GET http://localhost:5145/User/CartDetails?displayid=fb0247db-d2cd-43c5-aa62-eee3fad2ba85 - - - 200 - application/json;+charset=utf-8 22.0262ms
2024-11-15 11:04:13.802 +05:30  INF  Request starting HTTP/1.1 GET http://localhost:5145/User/CartDetails?displayid=fb0247db-d2cd-43c5-aa62-eee3fad2ba85 - -
2024-11-15 11:04:13.802 +05:30  INF  CORS policy execution successful.
2024-11-15 11:04:13.802 +05:30  INF  Executing endpoint 'BAKERBAZZAR.API.Controller.UserController.CartDetails (BAKERBAZZAR.API)'
2024-11-15 11:04:13.802 +05:30  INF  Route matched with {action = "CartDetails", controller = "User"}. Executing controller action with signature System.Threading.Tasks.Task`1[Microsoft.AspNetCore.Mvc.ActionResult`1[BAKERBAZZAR.API.Models.ApiResponse]] CartDetails(System.String) on controller BAKERBAZZAR.API.Controller.UserController (BAKERBAZZAR.API).
2024-11-15 11:04:13.806 +05:30  INF  Executing ObjectResult, writing value of type 'BAKERBAZZAR.API.Models.ApiResponse'.
2024-11-15 11:04:13.806 +05:30  INF  Executed action BAKERBAZZAR.API.Controller.UserController.CartDetails (BAKERBAZZAR.API) in 4.0696ms
2024-11-15 11:04:13.806 +05:30  INF  Executed endpoint 'BAKERBAZZAR.API.Controller.UserController.CartDetails (BAKERBAZZAR.API)'
2024-11-15 11:04:13.806 +05:30  INF  Request finished HTTP/1.1 GET http://localhost:5145/User/CartDetails?displayid=fb0247db-d2cd-43c5-aa62-eee3fad2ba85 - - - 200 - application/json;+charset=utf-8 4.5460ms
2024-11-15 11:04:13.815 +05:30  INF  Request starting HTTP/1.1 OPTIONS http://localhost:5145/user/updatecartitem?linerid=327&qty=1 - -
2024-11-15 11:04:13.815 +05:30  INF  Request starting HTTP/1.1 OPTIONS http://localhost:5145/user/updatecartitem?linerid=328&qty=1 - -
2024-11-15 11:04:13.815 +05:30  INF  CORS policy execution successful.
2024-11-15 11:04:13.815 +05:30  INF  Request finished HTTP/1.1 OPTIONS http://localhost:5145/user/updatecartitem?linerid=328&qty=1 - - - 204 - - 0.1862ms
2024-11-15 11:04:13.815 +05:30  INF  CORS policy execution successful.
2024-11-15 11:04:13.816 +05:30  INF  Request finished HTTP/1.1 OPTIONS http://localhost:5145/user/updatecartitem?linerid=327&qty=1 - - - 204 - - 0.7410ms
2024-11-15 11:04:13.818 +05:30  INF  Request starting HTTP/1.1 OPTIONS http://localhost:5145/user/updatecartitem?linerid=327&qty=1 - -
2024-11-15 11:04:13.818 +05:30  INF  CORS policy execution successful.
2024-11-15 11:04:13.818 +05:30  INF  Request finished HTTP/1.1 OPTIONS http://localhost:5145/user/updatecartitem?linerid=327&qty=1 - - - 204 - - 0.3136ms
2024-11-15 11:04:13.820 +05:30  INF  Request starting HTTP/1.1 OPTIONS http://localhost:5145/user/updatecartitem?linerid=328&qty=1 - -
2024-11-15 11:04:13.820 +05:30  INF  CORS policy execution successful.
2024-11-15 11:04:13.820 +05:30  INF  Request finished HTTP/1.1 OPTIONS http://localhost:5145/user/updatecartitem?linerid=328&qty=1 - - - 204 - - 0.2057ms
2024-11-15 11:04:13.820 +05:30  INF  Request starting HTTP/1.1 PUT http://localhost:5145/user/updatecartitem?linerid=328&qty=1 - 0
2024-11-15 11:04:13.820 +05:30  INF  CORS policy execution successful.
2024-11-15 11:04:13.820 +05:30  INF  Executing endpoint 'BAKERBAZZAR.API.Controller.UserController.UpdateCartItem (BAKERBAZZAR.API)'
2024-11-15 11:04:13.820 +05:30  INF  Route matched with {action = "UpdateCartItem", controller = "User"}. Executing controller action with signature System.Threading.Tasks.Task`1[Microsoft.AspNetCore.Mvc.ActionResult`1[BAKERBAZZAR.API.Models.ApiResponse]] UpdateCartItem(Int32, Int32) on controller BAKERBAZZAR.API.Controller.UserController (BAKERBAZZAR.API).
2024-11-15 11:04:13.821 +05:30  INF  Request starting HTTP/1.1 PUT http://localhost:5145/user/updatecartitem?linerid=327&qty=1 - 0
2024-11-15 11:04:13.821 +05:30  INF  CORS policy execution successful.
2024-11-15 11:04:13.821 +05:30  INF  Executing endpoint 'BAKERBAZZAR.API.Controller.UserController.UpdateCartItem (BAKERBAZZAR.API)'
2024-11-15 11:04:13.821 +05:30  INF  Route matched with {action = "UpdateCartItem", controller = "User"}. Executing controller action with signature System.Threading.Tasks.Task`1[Microsoft.AspNetCore.Mvc.ActionResult`1[BAKERBAZZAR.API.Models.ApiResponse]] UpdateCartItem(Int32, Int32) on controller BAKERBAZZAR.API.Controller.UserController (BAKERBAZZAR.API).
2024-11-15 11:04:13.821 +05:30  INF  Request starting HTTP/1.1 PUT http://localhost:5145/user/updatecartitem?linerid=327&qty=1 - 0
2024-11-15 11:04:13.821 +05:30  INF  CORS policy execution successful.
2024-11-15 11:04:13.821 +05:30  INF  Executing endpoint 'BAKERBAZZAR.API.Controller.UserController.UpdateCartItem (BAKERBAZZAR.API)'
2024-11-15 11:04:13.821 +05:30  INF  Route matched with {action = "UpdateCartItem", controller = "User"}. Executing controller action with signature System.Threading.Tasks.Task`1[Microsoft.AspNetCore.Mvc.ActionResult`1[BAKERBAZZAR.API.Models.ApiResponse]] UpdateCartItem(Int32, Int32) on controller BAKERBAZZAR.API.Controller.UserController (BAKERBAZZAR.API).
2024-11-15 11:04:13.821 +05:30  INF  Request starting HTTP/1.1 PUT http://localhost:5145/user/updatecartitem?linerid=328&qty=1 - 0
2024-11-15 11:04:13.821 +05:30  INF  CORS policy execution successful.
2024-11-15 11:04:13.821 +05:30  INF  Executing endpoint 'BAKERBAZZAR.API.Controller.UserController.UpdateCartItem (BAKERBAZZAR.API)'
2024-11-15 11:04:13.821 +05:30  INF  Route matched with {action = "UpdateCartItem", controller = "User"}. Executing controller action with signature System.Threading.Tasks.Task`1[Microsoft.AspNetCore.Mvc.ActionResult`1[BAKERBAZZAR.API.Models.ApiResponse]] UpdateCartItem(Int32, Int32) on controller BAKERBAZZAR.API.Controller.UserController (BAKERBAZZAR.API).
2024-11-15 11:04:13.824 +05:30  INF  Request starting HTTP/1.1 GET http://localhost:5145/User/CartDetails?displayid=fb0247db-d2cd-43c5-aa62-eee3fad2ba85 - -
2024-11-15 11:04:13.824 +05:30  INF  CORS policy execution successful.
2024-11-15 11:04:13.824 +05:30  INF  Executing endpoint 'BAKERBAZZAR.API.Controller.UserController.CartDetails (BAKERBAZZAR.API)'
2024-11-15 11:04:13.824 +05:30  INF  Route matched with {action = "CartDetails", controller = "User"}. Executing controller action with signature System.Threading.Tasks.Task`1[Microsoft.AspNetCore.Mvc.ActionResult`1[BAKERBAZZAR.API.Models.ApiResponse]] CartDetails(System.String) on controller BAKERBAZZAR.API.Controller.UserController (BAKERBAZZAR.API).
2024-11-15 11:04:13.827 +05:30  INF  Executing ObjectResult, writing value of type 'BAKERBAZZAR.API.Models.ApiResponse'.
2024-11-15 11:04:13.827 +05:30  INF  Executing ObjectResult, writing value of type 'BAKERBAZZAR.API.Models.ApiResponse'.
2024-11-15 11:04:13.827 +05:30  INF  Executing ObjectResult, writing value of type 'BAKERBAZZAR.API.Models.ApiResponse'.
2024-11-15 11:04:13.827 +05:30  INF  Executed action BAKERBAZZAR.API.Controller.UserController.UpdateCartItem (BAKERBAZZAR.API) in 7.2116ms
2024-11-15 11:04:13.827 +05:30  INF  Executed action BAKERBAZZAR.API.Controller.UserController.CartDetails (BAKERBAZZAR.API) in 2.964ms
2024-11-15 11:04:13.827 +05:30  INF  Executed action BAKERBAZZAR.API.Controller.UserController.UpdateCartItem (BAKERBAZZAR.API) in 6.2606ms
2024-11-15 11:04:13.827 +05:30  INF  Executed endpoint 'BAKERBAZZAR.API.Controller.UserController.UpdateCartItem (BAKERBAZZAR.API)'
2024-11-15 11:04:13.827 +05:30  INF  Executed endpoint 'BAKERBAZZAR.API.Controller.UserController.CartDetails (BAKERBAZZAR.API)'
2024-11-15 11:04:13.827 +05:30  INF  Request finished HTTP/1.1 PUT http://localhost:5145/user/updatecartitem?linerid=328&qty=1 - 0 - 200 - application/json;+charset=utf-8 7.4677ms
2024-11-15 11:04:13.827 +05:30  INF  Request finished HTTP/1.1 GET http://localhost:5145/User/CartDetails?displayid=fb0247db-d2cd-43c5-aa62-eee3fad2ba85 - - - 200 - application/json;+charset=utf-8 3.3537ms
2024-11-15 11:04:13.828 +05:30  INF  Executed endpoint 'BAKERBAZZAR.API.Controller.UserController.UpdateCartItem (BAKERBAZZAR.API)'
2024-11-15 11:04:13.828 +05:30  INF  Request finished HTTP/1.1 PUT http://localhost:5145/user/updatecartitem?linerid=327&qty=1 - 0 - 200 - application/json;+charset=utf-8 6.8187ms
2024-11-15 11:04:13.828 +05:30  INF  Executing ObjectResult, writing value of type 'BAKERBAZZAR.API.Models.ApiResponse'.
2024-11-15 11:04:13.828 +05:30  INF  Executing ObjectResult, writing value of type 'BAKERBAZZAR.API.Models.ApiResponse'.
2024-11-15 11:04:13.829 +05:30  INF  Executed action BAKERBAZZAR.API.Controller.UserController.UpdateCartItem (BAKERBAZZAR.API) in 7.2039ms
2024-11-15 11:04:13.829 +05:30  INF  Executed endpoint 'BAKERBAZZAR.API.Controller.UserController.UpdateCartItem (BAKERBAZZAR.API)'
2024-11-15 11:04:13.829 +05:30  INF  Executed action BAKERBAZZAR.API.Controller.UserController.UpdateCartItem (BAKERBAZZAR.API) in 7.5894ms
2024-11-15 11:04:13.829 +05:30  INF  Request finished HTTP/1.1 PUT http://localhost:5145/user/updatecartitem?linerid=328&qty=1 - 0 - 200 - application/json;+charset=utf-8 7.5208ms
2024-11-15 11:04:13.829 +05:30  INF  Executed endpoint 'BAKERBAZZAR.API.Controller.UserController.UpdateCartItem (BAKERBAZZAR.API)'
2024-11-15 11:04:13.829 +05:30  INF  Request finished HTTP/1.1 PUT http://localhost:5145/user/updatecartitem?linerid=327&qty=1 - 0 - 200 - application/json;+charset=utf-8 7.8397ms
2024-11-15 11:04:19.788 +05:30  INF  Request starting HTTP/1.1 GET http://localhost:5145/User/CartDetails?displayid=fb0247db-d2cd-43c5-aa62-eee3fad2ba85 - -
2024-11-15 11:04:19.789 +05:30  INF  CORS policy execution successful.
2024-11-15 11:04:19.789 +05:30  INF  Executing endpoint 'BAKERBAZZAR.API.Controller.UserController.CartDetails (BAKERBAZZAR.API)'
2024-11-15 11:04:19.789 +05:30  INF  Route matched with {action = "CartDetails", controller = "User"}. Executing controller action with signature System.Threading.Tasks.Task`1[Microsoft.AspNetCore.Mvc.ActionResult`1[BAKERBAZZAR.API.Models.ApiResponse]] CartDetails(System.String) on controller BAKERBAZZAR.API.Controller.UserController (BAKERBAZZAR.API).
2024-11-15 11:04:19.794 +05:30  INF  Executing ObjectResult, writing value of type 'BAKERBAZZAR.API.Models.ApiResponse'.
2024-11-15 11:04:19.794 +05:30  INF  Executed action BAKERBAZZAR.API.Controller.UserController.CartDetails (BAKERBAZZAR.API) in 5.5394ms
2024-11-15 11:04:19.794 +05:30  INF  Executed endpoint 'BAKERBAZZAR.API.Controller.UserController.CartDetails (BAKERBAZZAR.API)'
2024-11-15 11:04:19.794 +05:30  INF  Request finished HTTP/1.1 GET http://localhost:5145/User/CartDetails?displayid=fb0247db-d2cd-43c5-aa62-eee3fad2ba85 - - - 200 - application/json;+charset=utf-8 5.9595ms
2024-11-15 11:04:19.796 +05:30  INF  Request starting HTTP/1.1 GET http://localhost:5145/User/CartDetails?displayid=fb0247db-d2cd-43c5-aa62-eee3fad2ba85 - -
2024-11-15 11:04:19.797 +05:30  INF  CORS policy execution successful.
2024-11-15 11:04:19.797 +05:30  INF  Executing endpoint 'BAKERBAZZAR.API.Controller.UserController.CartDetails (BAKERBAZZAR.API)'
2024-11-15 11:04:19.797 +05:30  INF  Route matched with {action = "CartDetails", controller = "User"}. Executing controller action with signature System.Threading.Tasks.Task`1[Microsoft.AspNetCore.Mvc.ActionResult`1[BAKERBAZZAR.API.Models.ApiResponse]] CartDetails(System.String) on controller BAKERBAZZAR.API.Controller.UserController (BAKERBAZZAR.API).
2024-11-15 11:04:19.799 +05:30  INF  Executing ObjectResult, writing value of type 'BAKERBAZZAR.API.Models.ApiResponse'.
2024-11-15 11:04:19.799 +05:30  INF  Executed action BAKERBAZZAR.API.Controller.UserController.CartDetails (BAKERBAZZAR.API) in 2.2721ms
2024-11-15 11:04:19.799 +05:30  INF  Executed endpoint 'BAKERBAZZAR.API.Controller.UserController.CartDetails (BAKERBAZZAR.API)'
2024-11-15 11:04:19.799 +05:30  INF  Request finished HTTP/1.1 GET http://localhost:5145/User/CartDetails?displayid=fb0247db-d2cd-43c5-aa62-eee3fad2ba85 - - - 200 - application/json;+charset=utf-8 2.6721ms
2024-11-15 11:04:19.813 +05:30  INF  Request starting HTTP/1.1 OPTIONS http://localhost:5145/user/updatecartitem?linerid=327&qty=1 - -
2024-11-15 11:04:19.813 +05:30  INF  CORS policy execution successful.
2024-11-15 11:04:19.813 +05:30  INF  Request finished HTTP/1.1 OPTIONS http://localhost:5145/user/updatecartitem?linerid=327&qty=1 - - - 204 - - 0.2684ms
2024-11-15 11:04:19.813 +05:30  INF  Request starting HTTP/1.1 OPTIONS http://localhost:5145/user/updatecartitem?linerid=328&qty=1 - -
2024-11-15 11:04:19.813 +05:30  INF  CORS policy execution successful.
2024-11-15 11:04:19.813 +05:30  INF  Request finished HTTP/1.1 OPTIONS http://localhost:5145/user/updatecartitem?linerid=328&qty=1 - - - 204 - - 0.0740ms
2024-11-15 11:04:19.816 +05:30  INF  Request starting HTTP/1.1 OPTIONS http://localhost:5145/user/updatecartitem?linerid=327&qty=1 - -
2024-11-15 11:04:19.816 +05:30  INF  CORS policy execution successful.
2024-11-15 11:04:19.816 +05:30  INF  Request finished HTTP/1.1 OPTIONS http://localhost:5145/user/updatecartitem?linerid=327&qty=1 - - - 204 - - 0.4303ms
2024-11-15 11:04:19.816 +05:30  INF  Request starting HTTP/1.1 OPTIONS http://localhost:5145/user/updatecartitem?linerid=328&qty=1 - -
2024-11-15 11:04:19.816 +05:30  INF  Request starting HTTP/1.1 PUT http://localhost:5145/user/updatecartitem?linerid=327&qty=1 - 0
2024-11-15 11:04:19.816 +05:30  INF  CORS policy execution successful.
2024-11-15 11:04:19.816 +05:30  INF  CORS policy execution successful.
2024-11-15 11:04:19.816 +05:30  INF  Executing endpoint 'BAKERBAZZAR.API.Controller.UserController.UpdateCartItem (BAKERBAZZAR.API)'
2024-11-15 11:04:19.816 +05:30  INF  Request finished HTTP/1.1 OPTIONS http://localhost:5145/user/updatecartitem?linerid=328&qty=1 - - - 204 - - 0.2289ms
2024-11-15 11:04:19.816 +05:30  INF  Route matched with {action = "UpdateCartItem", controller = "User"}. Executing controller action with signature System.Threading.Tasks.Task`1[Microsoft.AspNetCore.Mvc.ActionResult`1[BAKERBAZZAR.API.Models.ApiResponse]] UpdateCartItem(Int32, Int32) on controller BAKERBAZZAR.API.Controller.UserController (BAKERBAZZAR.API).
2024-11-15 11:04:19.816 +05:30  INF  Request starting HTTP/1.1 PUT http://localhost:5145/user/updatecartitem?linerid=328&qty=1 - 0
2024-11-15 11:04:19.817 +05:30  INF  CORS policy execution successful.
2024-11-15 11:04:19.817 +05:30  INF  Executing endpoint 'BAKERBAZZAR.API.Controller.UserController.UpdateCartItem (BAKERBAZZAR.API)'
2024-11-15 11:04:19.817 +05:30  INF  Route matched with {action = "UpdateCartItem", controller = "User"}. Executing controller action with signature System.Threading.Tasks.Task`1[Microsoft.AspNetCore.Mvc.ActionResult`1[BAKERBAZZAR.API.Models.ApiResponse]] UpdateCartItem(Int32, Int32) on controller BAKERBAZZAR.API.Controller.UserController (BAKERBAZZAR.API).
2024-11-15 11:04:19.819 +05:30  INF  Request starting HTTP/1.1 PUT http://localhost:5145/user/updatecartitem?linerid=328&qty=1 - 0
2024-11-15 11:04:19.819 +05:30  INF  Request starting HTTP/1.1 PUT http://localhost:5145/user/updatecartitem?linerid=327&qty=1 - 0
2024-11-15 11:04:19.819 +05:30  INF  CORS policy execution successful.
2024-11-15 11:04:19.819 +05:30  INF  CORS policy execution successful.
2024-11-15 11:04:19.819 +05:30  INF  Executing endpoint 'BAKERBAZZAR.API.Controller.UserController.UpdateCartItem (BAKERBAZZAR.API)'
2024-11-15 11:04:19.819 +05:30  INF  Executing endpoint 'BAKERBAZZAR.API.Controller.UserController.UpdateCartItem (BAKERBAZZAR.API)'
2024-11-15 11:04:19.820 +05:30  INF  Route matched with {action = "UpdateCartItem", controller = "User"}. Executing controller action with signature System.Threading.Tasks.Task`1[Microsoft.AspNetCore.Mvc.ActionResult`1[BAKERBAZZAR.API.Models.ApiResponse]] UpdateCartItem(Int32, Int32) on controller BAKERBAZZAR.API.Controller.UserController (BAKERBAZZAR.API).
2024-11-15 11:04:19.820 +05:30  INF  Route matched with {action = "UpdateCartItem", controller = "User"}. Executing controller action with signature System.Threading.Tasks.Task`1[Microsoft.AspNetCore.Mvc.ActionResult`1[BAKERBAZZAR.API.Models.ApiResponse]] UpdateCartItem(Int32, Int32) on controller BAKERBAZZAR.API.Controller.UserController (BAKERBAZZAR.API).
2024-11-15 11:04:19.820 +05:30  INF  Executing ObjectResult, writing value of type 'BAKERBAZZAR.API.Models.ApiResponse'.
2024-11-15 11:04:19.820 +05:30  INF  Executed action BAKERBAZZAR.API.Controller.UserController.UpdateCartItem (BAKERBAZZAR.API) in 3.9646ms
2024-11-15 11:04:19.820 +05:30  INF  Executed endpoint 'BAKERBAZZAR.API.Controller.UserController.UpdateCartItem (BAKERBAZZAR.API)'
2024-11-15 11:04:19.821 +05:30  INF  Request finished HTTP/1.1 PUT http://localhost:5145/user/updatecartitem?linerid=327&qty=1 - 0 - 200 - application/json;+charset=utf-8 4.3541ms
2024-11-15 11:04:19.822 +05:30  INF  Executing ObjectResult, writing value of type 'BAKERBAZZAR.API.Models.ApiResponse'.
2024-11-15 11:04:19.822 +05:30  INF  Executed action BAKERBAZZAR.API.Controller.UserController.UpdateCartItem (BAKERBAZZAR.API) in 4.8182ms
2024-11-15 11:04:19.822 +05:30  INF  Executed endpoint 'BAKERBAZZAR.API.Controller.UserController.UpdateCartItem (BAKERBAZZAR.API)'
2024-11-15 11:04:19.822 +05:30  INF  Request finished HTTP/1.1 PUT http://localhost:5145/user/updatecartitem?linerid=328&qty=1 - 0 - 200 - application/json;+charset=utf-8 5.8604ms
2024-11-15 11:04:19.823 +05:30  INF  Executing ObjectResult, writing value of type 'BAKERBAZZAR.API.Models.ApiResponse'.
2024-11-15 11:04:19.823 +05:30  INF  Request starting HTTP/1.1 GET http://localhost:5145/User/CartDetails?displayid=fb0247db-d2cd-43c5-aa62-eee3fad2ba85 - -
2024-11-15 11:04:19.823 +05:30  INF  Executed action BAKERBAZZAR.API.Controller.UserController.UpdateCartItem (BAKERBAZZAR.API) in 3.1741ms
2024-11-15 11:04:19.823 +05:30  INF  Executed endpoint 'BAKERBAZZAR.API.Controller.UserController.UpdateCartItem (BAKERBAZZAR.API)'
2024-11-15 11:04:19.823 +05:30  INF  Request finished HTTP/1.1 PUT http://localhost:5145/user/updatecartitem?linerid=327&qty=1 - 0 - 200 - application/json;+charset=utf-8 3.4965ms
2024-11-15 11:04:19.823 +05:30  INF  CORS policy execution successful.
2024-11-15 11:04:19.823 +05:30  INF  Executing endpoint 'BAKERBAZZAR.API.Controller.UserController.CartDetails (BAKERBAZZAR.API)'
2024-11-15 11:04:19.823 +05:30  INF  Route matched with {action = "CartDetails", controller = "User"}. Executing controller action with signature System.Threading.Tasks.Task`1[Microsoft.AspNetCore.Mvc.ActionResult`1[BAKERBAZZAR.API.Models.ApiResponse]] CartDetails(System.String) on controller BAKERBAZZAR.API.Controller.UserController (BAKERBAZZAR.API).
2024-11-15 11:04:19.823 +05:30  INF  Executing ObjectResult, writing value of type 'BAKERBAZZAR.API.Models.ApiResponse'.
2024-11-15 11:04:19.823 +05:30  INF  Executed action BAKERBAZZAR.API.Controller.UserController.UpdateCartItem (BAKERBAZZAR.API) in 3.7443ms
2024-11-15 11:04:19.823 +05:30  INF  Executed endpoint 'BAKERBAZZAR.API.Controller.UserController.UpdateCartItem (BAKERBAZZAR.API)'
2024-11-15 11:04:19.823 +05:30  INF  Request finished HTTP/1.1 PUT http://localhost:5145/user/updatecartitem?linerid=328&qty=1 - 0 - 200 - application/json;+charset=utf-8 4.1520ms
2024-11-15 11:04:19.825 +05:30  INF  Executing ObjectResult, writing value of type 'BAKERBAZZAR.API.Models.ApiResponse'.
2024-11-15 11:04:19.825 +05:30  INF  Executed action BAKERBAZZAR.API.Controller.UserController.CartDetails (BAKERBAZZAR.API) in 2.1785ms
2024-11-15 11:04:19.825 +05:30  INF  Executed endpoint 'BAKERBAZZAR.API.Controller.UserController.CartDetails (BAKERBAZZAR.API)'
2024-11-15 11:04:19.825 +05:30  INF  Request finished HTTP/1.1 GET http://localhost:5145/User/CartDetails?displayid=fb0247db-d2cd-43c5-aa62-eee3fad2ba85 - - - 200 - application/json;+charset=utf-8 2.7579ms
2024-11-15 11:04:21.846 +05:30  INF  Request starting HTTP/1.1 GET http://localhost:5145/user/myorders?displayid=e62f03f4-2dcf-4f80-bc23-341651bd9338 - -
2024-11-15 11:04:21.846 +05:30  INF  CORS policy execution successful.
2024-11-15 11:04:21.846 +05:30  INF  Executing endpoint 'BAKERBAZZAR.API.Controller.UserController.MyOrders (BAKERBAZZAR.API)'
2024-11-15 11:04:21.847 +05:30  INF  Route matched with {action = "MyOrders", controller = "User"}. Executing controller action with signature System.Threading.Tasks.Task`1[Microsoft.AspNetCore.Mvc.ActionResult`1[BAKERBAZZAR.API.Models.ApiResponse]] MyOrders(System.String, System.String, System.String) on controller BAKERBAZZAR.API.Controller.UserController (BAKERBAZZAR.API).
2024-11-15 11:04:21.871 +05:30  INF  Executing ObjectResult, writing value of type 'BAKERBAZZAR.API.Models.ApiResponse'.
2024-11-15 11:04:21.872 +05:30  INF  Executed action BAKERBAZZAR.API.Controller.UserController.MyOrders (BAKERBAZZAR.API) in 24.9551ms
2024-11-15 11:04:21.872 +05:30  INF  Executed endpoint 'BAKERBAZZAR.API.Controller.UserController.MyOrders (BAKERBAZZAR.API)'
2024-11-15 11:04:21.872 +05:30  INF  Request finished HTTP/1.1 GET http://localhost:5145/user/myorders?displayid=e62f03f4-2dcf-4f80-bc23-341651bd9338 - - - 200 - application/json;+charset=utf-8 25.5493ms
2024-11-15 11:04:21.874 +05:30  INF  Request starting HTTP/1.1 GET http://localhost:5145/user/myorders?displayid=e62f03f4-2dcf-4f80-bc23-341651bd9338 - -
2024-11-15 11:04:21.874 +05:30  INF  CORS policy execution successful.
2024-11-15 11:04:21.874 +05:30  INF  Executing endpoint 'BAKERBAZZAR.API.Controller.UserController.MyOrders (BAKERBAZZAR.API)'
2024-11-15 11:04:21.874 +05:30  INF  Route matched with {action = "MyOrders", controller = "User"}. Executing controller action with signature System.Threading.Tasks.Task`1[Microsoft.AspNetCore.Mvc.ActionResult`1[BAKERBAZZAR.API.Models.ApiResponse]] MyOrders(System.String, System.String, System.String) on controller BAKERBAZZAR.API.Controller.UserController (BAKERBAZZAR.API).
2024-11-15 11:04:21.881 +05:30  INF  Executing ObjectResult, writing value of type 'BAKERBAZZAR.API.Models.ApiResponse'.
2024-11-15 11:04:21.881 +05:30  INF  Executed action BAKERBAZZAR.API.Controller.UserController.MyOrders (BAKERBAZZAR.API) in 6.6682ms
2024-11-15 11:04:21.881 +05:30  INF  Executed endpoint 'BAKERBAZZAR.API.Controller.UserController.MyOrders (BAKERBAZZAR.API)'
2024-11-15 11:04:21.881 +05:30  INF  Request finished HTTP/1.1 GET http://localhost:5145/user/myorders?displayid=e62f03f4-2dcf-4f80-bc23-341651bd9338 - - - 200 - application/json;+charset=utf-8 7.0485ms
2024-11-15 11:04:25.194 +05:30  INF  Request starting HTTP/1.1 GET http://localhost:5145/User/GetMyAddresses?displayid=e62f03f4-2dcf-4f80-bc23-341651bd9338 - -
2024-11-15 11:04:25.194 +05:30  INF  CORS policy execution successful.
2024-11-15 11:04:25.194 +05:30  INF  Executing endpoint 'BAKERBAZZAR.API.Controller.UserController.GetAddress (BAKERBAZZAR.API)'
2024-11-15 11:04:25.194 +05:30  INF  Route matched with {action = "GetAddress", controller = "User"}. Executing controller action with signature System.Threading.Tasks.Task`1[Microsoft.AspNetCore.Mvc.ActionResult`1[BAKERBAZZAR.API.Models.ApiResponse]] GetAddress(System.String) on controller BAKERBAZZAR.API.Controller.UserController (BAKERBAZZAR.API).
2024-11-15 11:04:25.199 +05:30  INF  Executing ObjectResult, writing value of type 'BAKERBAZZAR.API.Models.ApiResponse'.
2024-11-15 11:04:25.199 +05:30  INF  Executed action BAKERBAZZAR.API.Controller.UserController.GetAddress (BAKERBAZZAR.API) in 4.7661ms
2024-11-15 11:04:25.199 +05:30  INF  Executed endpoint 'BAKERBAZZAR.API.Controller.UserController.GetAddress (BAKERBAZZAR.API)'
2024-11-15 11:04:25.199 +05:30  INF  Request finished HTTP/1.1 GET http://localhost:5145/User/GetMyAddresses?displayid=e62f03f4-2dcf-4f80-bc23-341651bd9338 - - - 200 - application/json;+charset=utf-8 5.2071ms
2024-11-15 11:04:25.201 +05:30  INF  Request starting HTTP/1.1 GET http://localhost:5145/User/GetMyAddresses?displayid=e62f03f4-2dcf-4f80-bc23-341651bd9338 - -
2024-11-15 11:04:25.201 +05:30  INF  CORS policy execution successful.
2024-11-15 11:04:25.201 +05:30  INF  Executing endpoint 'BAKERBAZZAR.API.Controller.UserController.GetAddress (BAKERBAZZAR.API)'
2024-11-15 11:04:25.201 +05:30  INF  Route matched with {action = "GetAddress", controller = "User"}. Executing controller action with signature System.Threading.Tasks.Task`1[Microsoft.AspNetCore.Mvc.ActionResult`1[BAKERBAZZAR.API.Models.ApiResponse]] GetAddress(System.String) on controller BAKERBAZZAR.API.Controller.UserController (BAKERBAZZAR.API).
2024-11-15 11:04:25.204 +05:30  INF  Executing ObjectResult, writing value of type 'BAKERBAZZAR.API.Models.ApiResponse'.
2024-11-15 11:04:25.204 +05:30  INF  Executed action BAKERBAZZAR.API.Controller.UserController.GetAddress (BAKERBAZZAR.API) in 2.4679ms
2024-11-15 11:04:25.204 +05:30  INF  Executed endpoint 'BAKERBAZZAR.API.Controller.UserController.GetAddress (BAKERBAZZAR.API)'
2024-11-15 11:04:25.204 +05:30  INF  Request finished HTTP/1.1 GET http://localhost:5145/User/GetMyAddresses?displayid=e62f03f4-2dcf-4f80-bc23-341651bd9338 - - - 200 - application/json;+charset=utf-8 2.9011ms
2024-11-15 11:04:31.642 +05:30  INF  Request starting HTTP/1.1 OPTIONS http://localhost:5145/user/changeaddress?displayid=e62f03f4-2dcf-4f80-bc23-341651bd9338&recordid=1037 - -
2024-11-15 11:04:31.642 +05:30  INF  CORS policy execution successful.
2024-11-15 11:04:31.642 +05:30  INF  Request finished HTTP/1.1 OPTIONS http://localhost:5145/user/changeaddress?displayid=e62f03f4-2dcf-4f80-bc23-341651bd9338&recordid=1037 - - - 204 - - 0.2783ms
2024-11-15 11:04:31.643 +05:30  INF  Request starting HTTP/1.1 PUT http://localhost:5145/user/changeaddress?displayid=e62f03f4-2dcf-4f80-bc23-341651bd9338&recordid=1037 - 0
2024-11-15 11:04:31.643 +05:30  INF  CORS policy execution successful.
2024-11-15 11:04:31.645 +05:30  INF  Executing endpoint 'BAKERBAZZAR.API.Controller.UserController.ChangeAddress (BAKERBAZZAR.API)'
2024-11-15 11:04:31.645 +05:30  INF  Route matched with {action = "ChangeAddress", controller = "User"}. Executing controller action with signature System.Threading.Tasks.Task`1[Microsoft.AspNetCore.Mvc.ActionResult`1[BAKERBAZZAR.API.Models.ApiResponse]] ChangeAddress(System.String, Int32) on controller BAKERBAZZAR.API.Controller.UserController (BAKERBAZZAR.API).
2024-11-15 11:04:31.647 +05:30  INF  Executing ObjectResult, writing value of type 'BAKERBAZZAR.API.Models.ApiResponse'.
2024-11-15 11:04:31.647 +05:30  INF  Executed action BAKERBAZZAR.API.Controller.UserController.ChangeAddress (BAKERBAZZAR.API) in 1.9645ms
2024-11-15 11:04:31.647 +05:30  INF  Executed endpoint 'BAKERBAZZAR.API.Controller.UserController.ChangeAddress (BAKERBAZZAR.API)'
2024-11-15 11:04:31.647 +05:30  INF  Request finished HTTP/1.1 PUT http://localhost:5145/user/changeaddress?displayid=e62f03f4-2dcf-4f80-bc23-341651bd9338&recordid=1037 - 0 - 200 - application/json;+charset=utf-8 4.2140ms
2024-11-15 11:04:39.221 +05:30  INF  Request starting HTTP/1.1 OPTIONS http://localhost:5145/user/changeaddress?displayid=e62f03f4-2dcf-4f80-bc23-341651bd9338&recordid=1034 - -
2024-11-15 11:04:39.223 +05:30  INF  CORS policy execution successful.
2024-11-15 11:04:39.223 +05:30  INF  Request finished HTTP/1.1 OPTIONS http://localhost:5145/user/changeaddress?displayid=e62f03f4-2dcf-4f80-bc23-341651bd9338&recordid=1034 - - - 204 - - 1.9253ms
2024-11-15 11:04:39.226 +05:30  INF  Request starting HTTP/1.1 PUT http://localhost:5145/user/changeaddress?displayid=e62f03f4-2dcf-4f80-bc23-341651bd9338&recordid=1034 - 0
2024-11-15 11:04:39.226 +05:30  INF  CORS policy execution successful.
2024-11-15 11:04:39.226 +05:30  INF  Executing endpoint 'BAKERBAZZAR.API.Controller.UserController.ChangeAddress (BAKERBAZZAR.API)'
2024-11-15 11:04:39.226 +05:30  INF  Route matched with {action = "ChangeAddress", controller = "User"}. Executing controller action with signature System.Threading.Tasks.Task`1[Microsoft.AspNetCore.Mvc.ActionResult`1[BAKERBAZZAR.API.Models.ApiResponse]] ChangeAddress(System.String, Int32) on controller BAKERBAZZAR.API.Controller.UserController (BAKERBAZZAR.API).
2024-11-15 11:04:39.229 +05:30  INF  Executing ObjectResult, writing value of type 'BAKERBAZZAR.API.Models.ApiResponse'.
2024-11-15 11:04:39.229 +05:30  INF  Executed action BAKERBAZZAR.API.Controller.UserController.ChangeAddress (BAKERBAZZAR.API) in 2.154ms
2024-11-15 11:04:39.229 +05:30  INF  Executed endpoint 'BAKERBAZZAR.API.Controller.UserController.ChangeAddress (BAKERBAZZAR.API)'
2024-11-15 11:04:39.229 +05:30  INF  Request finished HTTP/1.1 PUT http://localhost:5145/user/changeaddress?displayid=e62f03f4-2dcf-4f80-bc23-341651bd9338&recordid=1034 - 0 - 200 - application/json;+charset=utf-8 4.1658ms
2024-11-15 11:04:59.710 +05:30  INF  Request starting HTTP/1.1 GET http://localhost:5145/User/GetMyAddresses?displayid=e62f03f4-2dcf-4f80-bc23-341651bd9338 - -
2024-11-15 11:04:59.711 +05:30  INF  Request starting HTTP/1.1 GET http://localhost:5145/User/Category - -
2024-11-15 11:04:59.711 +05:30  INF  CORS policy execution successful.
2024-11-15 11:04:59.711 +05:30  INF  CORS policy execution successful.
2024-11-15 11:04:59.711 +05:30  INF  Request starting HTTP/1.1 GET http://localhost:5145/user/products?categoryid= - -
2024-11-15 11:04:59.711 +05:30  INF  CORS policy execution successful.
2024-11-15 11:04:59.711 +05:30  INF  Executing endpoint 'BAKERBAZZAR.API.Controller.UserController.Category (BAKERBAZZAR.API)'
2024-11-15 11:04:59.711 +05:30  INF  Executing endpoint 'BAKERBAZZAR.API.Controller.UserController.GetAddress (BAKERBAZZAR.API)'
2024-11-15 11:04:59.711 +05:30  INF  Executing endpoint 'BAKERBAZZAR.API.Controller.UserController.Products (BAKERBAZZAR.API)'
2024-11-15 11:04:59.711 +05:30  INF  Route matched with {action = "Category", controller = "User"}. Executing controller action with signature System.Threading.Tasks.Task`1[Microsoft.AspNetCore.Mvc.ActionResult`1[BAKERBAZZAR.API.Models.ApiResponse]] Category(System.String) on controller BAKERBAZZAR.API.Controller.UserController (BAKERBAZZAR.API).
2024-11-15 11:04:59.711 +05:30  INF  Route matched with {action = "GetAddress", controller = "User"}. Executing controller action with signature System.Threading.Tasks.Task`1[Microsoft.AspNetCore.Mvc.ActionResult`1[BAKERBAZZAR.API.Models.ApiResponse]] GetAddress(System.String) on controller BAKERBAZZAR.API.Controller.UserController (BAKERBAZZAR.API).
2024-11-15 11:04:59.711 +05:30  INF  Route matched with {action = "Products", controller = "User"}. Executing controller action with signature System.Threading.Tasks.Task`1[Microsoft.AspNetCore.Mvc.ActionResult`1[BAKERBAZZAR.API.Models.ApiResponse]] Products(System.String, System.String) on controller BAKERBAZZAR.API.Controller.UserController (BAKERBAZZAR.API).
2024-11-15 11:04:59.713 +05:30  INF  Executing ObjectResult, writing value of type 'BAKERBAZZAR.API.Models.ApiResponse'.
2024-11-15 11:04:59.713 +05:30  INF  Executed action BAKERBAZZAR.API.Controller.UserController.GetAddress (BAKERBAZZAR.API) in 2.2588ms
2024-11-15 11:04:59.714 +05:30  INF  Executed endpoint 'BAKERBAZZAR.API.Controller.UserController.GetAddress (BAKERBAZZAR.API)'
2024-11-15 11:04:59.714 +05:30  INF  Request finished HTTP/1.1 GET http://localhost:5145/User/GetMyAddresses?displayid=e62f03f4-2dcf-4f80-bc23-341651bd9338 - - - 200 - application/json;+charset=utf-8 3.2884ms
2024-11-15 11:04:59.733 +05:30  INF  Executing ObjectResult, writing value of type 'BAKERBAZZAR.API.Models.ApiResponse'.
2024-11-15 11:04:59.735 +05:30  INF  Executed action BAKERBAZZAR.API.Controller.UserController.Products (BAKERBAZZAR.API) in 23.953ms
2024-11-15 11:04:59.735 +05:30  INF  Executed endpoint 'BAKERBAZZAR.API.Controller.UserController.Products (BAKERBAZZAR.API)'
2024-11-15 11:04:59.735 +05:30  INF  Request finished HTTP/1.1 GET http://localhost:5145/user/products?categoryid= - - - 200 - application/json;+charset=utf-8 24.5539ms
2024-11-15 11:04:59.784 +05:30  INF  Executing ObjectResult, writing value of type 'BAKERBAZZAR.API.Models.ApiResponse'.
2024-11-15 11:04:59.784 +05:30  INF  Executed action BAKERBAZZAR.API.Controller.UserController.Category (BAKERBAZZAR.API) in 73.2529ms
2024-11-15 11:04:59.784 +05:30  INF  Executed endpoint 'BAKERBAZZAR.API.Controller.UserController.Category (BAKERBAZZAR.API)'
2024-11-15 11:04:59.785 +05:30  INF  Request finished HTTP/1.1 GET http://localhost:5145/User/Category - - - 200 - application/json;+charset=utf-8 73.9830ms
2024-11-15 11:04:59.878 +05:30  INF  Request starting HTTP/1.1 GET http://localhost:5145/User/GetMyAddresses?displayid=e62f03f4-2dcf-4f80-bc23-341651bd9338 - -
2024-11-15 11:04:59.878 +05:30  INF  CORS policy execution successful.
2024-11-15 11:04:59.879 +05:30  INF  Executing endpoint 'BAKERBAZZAR.API.Controller.UserController.GetAddress (BAKERBAZZAR.API)'
2024-11-15 11:04:59.879 +05:30  INF  Route matched with {action = "GetAddress", controller = "User"}. Executing controller action with signature System.Threading.Tasks.Task`1[Microsoft.AspNetCore.Mvc.ActionResult`1[BAKERBAZZAR.API.Models.ApiResponse]] GetAddress(System.String) on controller BAKERBAZZAR.API.Controller.UserController (BAKERBAZZAR.API).
2024-11-15 11:04:59.884 +05:30  INF  Executing ObjectResult, writing value of type 'BAKERBAZZAR.API.Models.ApiResponse'.
2024-11-15 11:04:59.884 +05:30  INF  Executed action BAKERBAZZAR.API.Controller.UserController.GetAddress (BAKERBAZZAR.API) in 4.5399ms
2024-11-15 11:04:59.884 +05:30  INF  Executed endpoint 'BAKERBAZZAR.API.Controller.UserController.GetAddress (BAKERBAZZAR.API)'
2024-11-15 11:04:59.884 +05:30  INF  Request finished HTTP/1.1 GET http://localhost:5145/User/GetMyAddresses?displayid=e62f03f4-2dcf-4f80-bc23-341651bd9338 - - - 200 - application/json;+charset=utf-8 6.5437ms
2024-11-15 11:04:59.884 +05:30  INF  Request starting HTTP/1.1 GET http://localhost:5145/user/products?categoryid= - -
2024-11-15 11:04:59.884 +05:30  INF  Request starting HTTP/1.1 GET http://localhost:5145/User/Category - -
2024-11-15 11:04:59.884 +05:30  INF  CORS policy execution successful.
2024-11-15 11:04:59.884 +05:30  INF  CORS policy execution successful.
2024-11-15 11:04:59.884 +05:30  INF  Executing endpoint 'BAKERBAZZAR.API.Controller.UserController.Category (BAKERBAZZAR.API)'
2024-11-15 11:04:59.884 +05:30  INF  Executing endpoint 'BAKERBAZZAR.API.Controller.UserController.Products (BAKERBAZZAR.API)'
2024-11-15 11:04:59.884 +05:30  INF  Route matched with {action = "Category", controller = "User"}. Executing controller action with signature System.Threading.Tasks.Task`1[Microsoft.AspNetCore.Mvc.ActionResult`1[BAKERBAZZAR.API.Models.ApiResponse]] Category(System.String) on controller BAKERBAZZAR.API.Controller.UserController (BAKERBAZZAR.API).
2024-11-15 11:04:59.884 +05:30  INF  Route matched with {action = "Products", controller = "User"}. Executing controller action with signature System.Threading.Tasks.Task`1[Microsoft.AspNetCore.Mvc.ActionResult`1[BAKERBAZZAR.API.Models.ApiResponse]] Products(System.String, System.String) on controller BAKERBAZZAR.API.Controller.UserController (BAKERBAZZAR.API).
2024-11-15 11:04:59.889 +05:30  INF  Executing ObjectResult, writing value of type 'BAKERBAZZAR.API.Models.ApiResponse'.
2024-11-15 11:04:59.889 +05:30  INF  Executed action BAKERBAZZAR.API.Controller.UserController.Category (BAKERBAZZAR.API) in 4.7047ms
2024-11-15 11:04:59.889 +05:30  INF  Executed endpoint 'BAKERBAZZAR.API.Controller.UserController.Category (BAKERBAZZAR.API)'
2024-11-15 11:04:59.889 +05:30  INF  Request finished HTTP/1.1 GET http://localhost:5145/User/Category - - - 200 - application/json;+charset=utf-8 5.1291ms
2024-11-15 11:04:59.894 +05:30  INF  Executing ObjectResult, writing value of type 'BAKERBAZZAR.API.Models.ApiResponse'.
2024-11-15 11:04:59.896 +05:30  INF  Executed action BAKERBAZZAR.API.Controller.UserController.Products (BAKERBAZZAR.API) in 11.4012ms
2024-11-15 11:04:59.896 +05:30  INF  Executed endpoint 'BAKERBAZZAR.API.Controller.UserController.Products (BAKERBAZZAR.API)'
2024-11-15 11:04:59.896 +05:30  INF  Request finished HTTP/1.1 GET http://localhost:5145/user/products?categoryid= - - - 200 - application/json;+charset=utf-8 12.0833ms
2024-11-15 11:05:09.807 +05:30  INF  Request starting HTTP/1.1 OPTIONS http://localhost:5145/user/changeaddress?displayid=e62f03f4-2dcf-4f80-bc23-341651bd9338&recordid=1037 - -
2024-11-15 11:05:09.807 +05:30  INF  CORS policy execution successful.
2024-11-15 11:05:09.807 +05:30  INF  Request finished HTTP/1.1 OPTIONS http://localhost:5145/user/changeaddress?displayid=e62f03f4-2dcf-4f80-bc23-341651bd9338&recordid=1037 - - - 204 - - 0.3517ms
2024-11-15 11:05:09.809 +05:30  INF  Request starting HTTP/1.1 PUT http://localhost:5145/user/changeaddress?displayid=e62f03f4-2dcf-4f80-bc23-341651bd9338&recordid=1037 - 0
2024-11-15 11:05:09.809 +05:30  INF  CORS policy execution successful.
2024-11-15 11:05:09.809 +05:30  INF  Executing endpoint 'BAKERBAZZAR.API.Controller.UserController.ChangeAddress (BAKERBAZZAR.API)'
2024-11-15 11:05:09.809 +05:30  INF  Route matched with {action = "ChangeAddress", controller = "User"}. Executing controller action with signature System.Threading.Tasks.Task`1[Microsoft.AspNetCore.Mvc.ActionResult`1[BAKERBAZZAR.API.Models.ApiResponse]] ChangeAddress(System.String, Int32) on controller BAKERBAZZAR.API.Controller.UserController (BAKERBAZZAR.API).
2024-11-15 11:05:15.247 +05:30  INF  Executing ObjectResult, writing value of type 'BAKERBAZZAR.API.Models.ApiResponse'.
2024-11-15 11:05:15.256 +05:30  INF  Executed action BAKERBAZZAR.API.Controller.UserController.ChangeAddress (BAKERBAZZAR.API) in 5446.2067ms
2024-11-15 11:05:15.256 +05:30  INF  Executed endpoint 'BAKERBAZZAR.API.Controller.UserController.ChangeAddress (BAKERBAZZAR.API)'
2024-11-15 11:05:15.256 +05:30  INF  Request finished HTTP/1.1 PUT http://localhost:5145/user/changeaddress?displayid=e62f03f4-2dcf-4f80-bc23-341651bd9338&recordid=1037 - 0 - 0 - application/json;+charset=utf-8 5446.8304ms
2024-11-15 11:05:15.407 +05:30  INF  Request starting HTTP/1.1 GET http://localhost:5145/User/GetMyAddresses?displayid=e62f03f4-2dcf-4f80-bc23-341651bd9338 - -
2024-11-15 11:05:15.407 +05:30  INF  CORS policy execution successful.
2024-11-15 11:05:15.407 +05:30  INF  Executing endpoint 'BAKERBAZZAR.API.Controller.UserController.GetAddress (BAKERBAZZAR.API)'
2024-11-15 11:05:15.408 +05:30  INF  Route matched with {action = "GetAddress", controller = "User"}. Executing controller action with signature System.Threading.Tasks.Task`1[Microsoft.AspNetCore.Mvc.ActionResult`1[BAKERBAZZAR.API.Models.ApiResponse]] GetAddress(System.String) on controller BAKERBAZZAR.API.Controller.UserController (BAKERBAZZAR.API).
2024-11-15 11:05:15.427 +05:30  INF  Request starting HTTP/1.1 GET http://localhost:5145/user/products?categoryid= - -
2024-11-15 11:05:15.427 +05:30  INF  Request starting HTTP/1.1 GET http://localhost:5145/User/Category - -
2024-11-15 11:05:15.427 +05:30  INF  CORS policy execution successful.
2024-11-15 11:05:15.427 +05:30  INF  CORS policy execution successful.
2024-11-15 11:05:15.428 +05:30  INF  Executing endpoint 'BAKERBAZZAR.API.Controller.UserController.Category (BAKERBAZZAR.API)'
2024-11-15 11:05:15.428 +05:30  INF  Executing endpoint 'BAKERBAZZAR.API.Controller.UserController.Products (BAKERBAZZAR.API)'
2024-11-15 11:05:15.428 +05:30  INF  Route matched with {action = "Category", controller = "User"}. Executing controller action with signature System.Threading.Tasks.Task`1[Microsoft.AspNetCore.Mvc.ActionResult`1[BAKERBAZZAR.API.Models.ApiResponse]] Category(System.String) on controller BAKERBAZZAR.API.Controller.UserController (BAKERBAZZAR.API).
2024-11-15 11:05:15.428 +05:30  INF  Route matched with {action = "Products", controller = "User"}. Executing controller action with signature System.Threading.Tasks.Task`1[Microsoft.AspNetCore.Mvc.ActionResult`1[BAKERBAZZAR.API.Models.ApiResponse]] Products(System.String, System.String) on controller BAKERBAZZAR.API.Controller.UserController (BAKERBAZZAR.API).
2024-11-15 11:05:15.441 +05:30  INF  Executing ObjectResult, writing value of type 'BAKERBAZZAR.API.Models.ApiResponse'.
2024-11-15 11:05:15.441 +05:30  INF  Executed action BAKERBAZZAR.API.Controller.UserController.GetAddress (BAKERBAZZAR.API) in 33.3219ms
2024-11-15 11:05:15.441 +05:30  INF  Executed endpoint 'BAKERBAZZAR.API.Controller.UserController.GetAddress (BAKERBAZZAR.API)'
2024-11-15 11:05:15.441 +05:30  INF  Request finished HTTP/1.1 GET http://localhost:5145/User/GetMyAddresses?displayid=e62f03f4-2dcf-4f80-bc23-341651bd9338 - - - 200 - application/json;+charset=utf-8 34.1582ms
2024-11-15 11:05:15.460 +05:30  INF  Executing ObjectResult, writing value of type 'BAKERBAZZAR.API.Models.ApiResponse'.
2024-11-15 11:05:15.461 +05:30  INF  Executed action BAKERBAZZAR.API.Controller.UserController.Category (BAKERBAZZAR.API) in 32.7249ms
2024-11-15 11:05:15.461 +05:30  INF  Executed endpoint 'BAKERBAZZAR.API.Controller.UserController.Category (BAKERBAZZAR.API)'
2024-11-15 11:05:15.461 +05:30  INF  Request finished HTTP/1.1 GET http://localhost:5145/User/Category - - - 200 - application/json;+charset=utf-8 33.7793ms
2024-11-15 11:05:15.466 +05:30  INF  Executing ObjectResult, writing value of type 'BAKERBAZZAR.API.Models.ApiResponse'.
2024-11-15 11:05:15.467 +05:30  INF  Executed action BAKERBAZZAR.API.Controller.UserController.Products (BAKERBAZZAR.API) in 38.9895ms
2024-11-15 11:05:15.467 +05:30  INF  Executed endpoint 'BAKERBAZZAR.API.Controller.UserController.Products (BAKERBAZZAR.API)'
2024-11-15 11:05:15.467 +05:30  INF  Request finished HTTP/1.1 GET http://localhost:5145/user/products?categoryid= - - - 200 - application/json;+charset=utf-8 40.3018ms
2024-11-15 11:05:15.583 +05:30  INF  Request starting HTTP/1.1 GET http://localhost:5145/User/GetMyAddresses?displayid=e62f03f4-2dcf-4f80-bc23-341651bd9338 - -
2024-11-15 11:05:15.584 +05:30  INF  CORS policy execution successful.
2024-11-15 11:05:15.584 +05:30  INF  Executing endpoint 'BAKERBAZZAR.API.Controller.UserController.GetAddress (BAKERBAZZAR.API)'
2024-11-15 11:05:15.584 +05:30  INF  Route matched with {action = "GetAddress", controller = "User"}. Executing controller action with signature System.Threading.Tasks.Task`1[Microsoft.AspNetCore.Mvc.ActionResult`1[BAKERBAZZAR.API.Models.ApiResponse]] GetAddress(System.String) on controller BAKERBAZZAR.API.Controller.UserController (BAKERBAZZAR.API).
2024-11-15 11:05:15.587 +05:30  INF  Executing ObjectResult, writing value of type 'BAKERBAZZAR.API.Models.ApiResponse'.
2024-11-15 11:05:15.587 +05:30  INF  Executed action BAKERBAZZAR.API.Controller.UserController.GetAddress (BAKERBAZZAR.API) in 2.926ms
2024-11-15 11:05:15.587 +05:30  INF  Executed endpoint 'BAKERBAZZAR.API.Controller.UserController.GetAddress (BAKERBAZZAR.API)'
2024-11-15 11:05:15.588 +05:30  INF  Request finished HTTP/1.1 GET http://localhost:5145/User/GetMyAddresses?displayid=e62f03f4-2dcf-4f80-bc23-341651bd9338 - - - 200 - application/json;+charset=utf-8 4.6506ms
2024-11-15 11:05:15.588 +05:30  INF  Request starting HTTP/1.1 GET http://localhost:5145/User/Category - -
2024-11-15 11:05:15.588 +05:30  INF  CORS policy execution successful.
2024-11-15 11:05:15.588 +05:30  INF  Executing endpoint 'BAKERBAZZAR.API.Controller.UserController.Category (BAKERBAZZAR.API)'
2024-11-15 11:05:15.588 +05:30  INF  Route matched with {action = "Category", controller = "User"}. Executing controller action with signature System.Threading.Tasks.Task`1[Microsoft.AspNetCore.Mvc.ActionResult`1[BAKERBAZZAR.API.Models.ApiResponse]] Category(System.String) on controller BAKERBAZZAR.API.Controller.UserController (BAKERBAZZAR.API).
2024-11-15 11:05:15.590 +05:30  INF  Executing ObjectResult, writing value of type 'BAKERBAZZAR.API.Models.ApiResponse'.
2024-11-15 11:05:15.591 +05:30  INF  Request starting HTTP/1.1 GET http://localhost:5145/user/products?categoryid= - -
2024-11-15 11:05:15.591 +05:30  INF  Executed action BAKERBAZZAR.API.Controller.UserController.Category (BAKERBAZZAR.API) in 2.5195ms
2024-11-15 11:05:15.591 +05:30  INF  Executed endpoint 'BAKERBAZZAR.API.Controller.UserController.Category (BAKERBAZZAR.API)'
2024-11-15 11:05:15.591 +05:30  INF  CORS policy execution successful.
2024-11-15 11:05:15.591 +05:30  INF  Executing endpoint 'BAKERBAZZAR.API.Controller.UserController.Products (BAKERBAZZAR.API)'
2024-11-15 11:05:15.591 +05:30  INF  Request finished HTTP/1.1 GET http://localhost:5145/User/Category - - - 200 - application/json;+charset=utf-8 3.2479ms
2024-11-15 11:05:15.591 +05:30  INF  Route matched with {action = "Products", controller = "User"}. Executing controller action with signature System.Threading.Tasks.Task`1[Microsoft.AspNetCore.Mvc.ActionResult`1[BAKERBAZZAR.API.Models.ApiResponse]] Products(System.String, System.String) on controller BAKERBAZZAR.API.Controller.UserController (BAKERBAZZAR.API).
2024-11-15 11:05:15.596 +05:30  INF  Executing ObjectResult, writing value of type 'BAKERBAZZAR.API.Models.ApiResponse'.
2024-11-15 11:05:15.596 +05:30  INF  Executed action BAKERBAZZAR.API.Controller.UserController.Products (BAKERBAZZAR.API) in 5.2003ms
2024-11-15 11:05:15.596 +05:30  INF  Executed endpoint 'BAKERBAZZAR.API.Controller.UserController.Products (BAKERBAZZAR.API)'
2024-11-15 11:05:15.597 +05:30  INF  Request finished HTTP/1.1 GET http://localhost:5145/user/products?categoryid= - - - 200 - application/json;+charset=utf-8 5.9745ms
2024-11-15 11:05:23.872 +05:30  INF  Request starting HTTP/1.1 GET http://localhost:5145/User/CartDetails?displayid=fb0247db-d2cd-43c5-aa62-eee3fad2ba85 - -
2024-11-15 11:05:23.872 +05:30  INF  CORS policy execution successful.
2024-11-15 11:05:23.872 +05:30  INF  Executing endpoint 'BAKERBAZZAR.API.Controller.UserController.CartDetails (BAKERBAZZAR.API)'
2024-11-15 11:05:23.872 +05:30  INF  Route matched with {action = "CartDetails", controller = "User"}. Executing controller action with signature System.Threading.Tasks.Task`1[Microsoft.AspNetCore.Mvc.ActionResult`1[BAKERBAZZAR.API.Models.ApiResponse]] CartDetails(System.String) on controller BAKERBAZZAR.API.Controller.UserController (BAKERBAZZAR.API).
2024-11-15 11:05:23.897 +05:30  INF  Executing ObjectResult, writing value of type 'BAKERBAZZAR.API.Models.ApiResponse'.
2024-11-15 11:05:23.897 +05:30  INF  Executed action BAKERBAZZAR.API.Controller.UserController.CartDetails (BAKERBAZZAR.API) in 24.952ms
2024-11-15 11:05:23.897 +05:30  INF  Executed endpoint 'BAKERBAZZAR.API.Controller.UserController.CartDetails (BAKERBAZZAR.API)'
2024-11-15 11:05:23.897 +05:30  INF  Request finished HTTP/1.1 GET http://localhost:5145/User/CartDetails?displayid=fb0247db-d2cd-43c5-aa62-eee3fad2ba85 - - - 200 - application/json;+charset=utf-8 25.4896ms
2024-11-15 11:05:23.898 +05:30  INF  Request starting HTTP/1.1 GET http://localhost:5145/User/CartDetails?displayid=fb0247db-d2cd-43c5-aa62-eee3fad2ba85 - -
2024-11-15 11:05:23.898 +05:30  INF  CORS policy execution successful.
2024-11-15 11:05:23.899 +05:30  INF  Executing endpoint 'BAKERBAZZAR.API.Controller.UserController.CartDetails (BAKERBAZZAR.API)'
2024-11-15 11:05:23.899 +05:30  INF  Route matched with {action = "CartDetails", controller = "User"}. Executing controller action with signature System.Threading.Tasks.Task`1[Microsoft.AspNetCore.Mvc.ActionResult`1[BAKERBAZZAR.API.Models.ApiResponse]] CartDetails(System.String) on controller BAKERBAZZAR.API.Controller.UserController (BAKERBAZZAR.API).
2024-11-15 11:05:23.903 +05:30  INF  Executing ObjectResult, writing value of type 'BAKERBAZZAR.API.Models.ApiResponse'.
2024-11-15 11:05:23.903 +05:30  INF  Executed action BAKERBAZZAR.API.Controller.UserController.CartDetails (BAKERBAZZAR.API) in 4.2004ms
2024-11-15 11:05:23.903 +05:30  INF  Executed endpoint 'BAKERBAZZAR.API.Controller.UserController.CartDetails (BAKERBAZZAR.API)'
2024-11-15 11:05:23.903 +05:30  INF  Request finished HTTP/1.1 GET http://localhost:5145/User/CartDetails?displayid=fb0247db-d2cd-43c5-aa62-eee3fad2ba85 - - - 200 - application/json;+charset=utf-8 4.5804ms
2024-11-15 11:05:23.911 +05:30  INF  Request starting HTTP/1.1 OPTIONS http://localhost:5145/user/updatecartitem?linerid=327&qty=1 - -
2024-11-15 11:05:23.911 +05:30  INF  CORS policy execution successful.
2024-11-15 11:05:23.911 +05:30  INF  Request finished HTTP/1.1 OPTIONS http://localhost:5145/user/updatecartitem?linerid=327&qty=1 - - - 204 - - 0.2328ms
2024-11-15 11:05:23.917 +05:30  INF  Request starting HTTP/1.1 OPTIONS http://localhost:5145/user/updatecartitem?linerid=328&qty=1 - -
2024-11-15 11:05:23.917 +05:30  INF  Request starting HTTP/1.1 OPTIONS http://localhost:5145/user/updatecartitem?linerid=328&qty=1 - -
2024-11-15 11:05:23.917 +05:30  INF  CORS policy execution successful.
2024-11-15 11:05:23.917 +05:30  INF  Request starting HTTP/1.1 PUT http://localhost:5145/user/updatecartitem?linerid=327&qty=1 - 0
2024-11-15 11:05:23.917 +05:30  INF  Request finished HTTP/1.1 OPTIONS http://localhost:5145/user/updatecartitem?linerid=328&qty=1 - - - 204 - - 0.1941ms
2024-11-15 11:05:23.917 +05:30  INF  CORS policy execution successful.
2024-11-15 11:05:23.917 +05:30  INF  Request starting HTTP/1.1 PUT http://localhost:5145/user/updatecartitem?linerid=327&qty=1 - 0
2024-11-15 11:05:23.917 +05:30  INF  Request finished HTTP/1.1 OPTIONS http://localhost:5145/user/updatecartitem?linerid=328&qty=1 - - - 204 - - 0.3191ms
2024-11-15 11:05:23.917 +05:30  INF  CORS policy execution successful.
2024-11-15 11:05:23.917 +05:30  INF  CORS policy execution successful.
2024-11-15 11:05:23.917 +05:30  INF  Executing endpoint 'BAKERBAZZAR.API.Controller.UserController.UpdateCartItem (BAKERBAZZAR.API)'
2024-11-15 11:05:23.917 +05:30  INF  Executing endpoint 'BAKERBAZZAR.API.Controller.UserController.UpdateCartItem (BAKERBAZZAR.API)'
2024-11-15 11:05:23.918 +05:30  INF  Route matched with {action = "UpdateCartItem", controller = "User"}. Executing controller action with signature System.Threading.Tasks.Task`1[Microsoft.AspNetCore.Mvc.ActionResult`1[BAKERBAZZAR.API.Models.ApiResponse]] UpdateCartItem(Int32, Int32) on controller BAKERBAZZAR.API.Controller.UserController (BAKERBAZZAR.API).
2024-11-15 11:05:23.918 +05:30  INF  Route matched with {action = "UpdateCartItem", controller = "User"}. Executing controller action with signature System.Threading.Tasks.Task`1[Microsoft.AspNetCore.Mvc.ActionResult`1[BAKERBAZZAR.API.Models.ApiResponse]] UpdateCartItem(Int32, Int32) on controller BAKERBAZZAR.API.Controller.UserController (BAKERBAZZAR.API).
2024-11-15 11:05:23.920 +05:30  INF  Request starting HTTP/1.1 PUT http://localhost:5145/user/updatecartitem?linerid=328&qty=1 - 0
2024-11-15 11:05:23.920 +05:30  INF  Request starting HTTP/1.1 PUT http://localhost:5145/user/updatecartitem?linerid=328&qty=1 - 0
2024-11-15 11:05:23.920 +05:30  INF  CORS policy execution successful.
2024-11-15 11:05:23.920 +05:30  INF  CORS policy execution successful.
2024-11-15 11:05:23.920 +05:30  INF  Executing endpoint 'BAKERBAZZAR.API.Controller.UserController.UpdateCartItem (BAKERBAZZAR.API)'
2024-11-15 11:05:23.920 +05:30  INF  Executing endpoint 'BAKERBAZZAR.API.Controller.UserController.UpdateCartItem (BAKERBAZZAR.API)'
2024-11-15 11:05:23.920 +05:30  INF  Route matched with {action = "UpdateCartItem", controller = "User"}. Executing controller action with signature System.Threading.Tasks.Task`1[Microsoft.AspNetCore.Mvc.ActionResult`1[BAKERBAZZAR.API.Models.ApiResponse]] UpdateCartItem(Int32, Int32) on controller BAKERBAZZAR.API.Controller.UserController (BAKERBAZZAR.API).
2024-11-15 11:05:23.920 +05:30  INF  Route matched with {action = "UpdateCartItem", controller = "User"}. Executing controller action with signature System.Threading.Tasks.Task`1[Microsoft.AspNetCore.Mvc.ActionResult`1[BAKERBAZZAR.API.Models.ApiResponse]] UpdateCartItem(Int32, Int32) on controller BAKERBAZZAR.API.Controller.UserController (BAKERBAZZAR.API).
2024-11-15 11:05:23.925 +05:30  INF  Request starting HTTP/1.1 GET http://localhost:5145/User/CartDetails?displayid=fb0247db-d2cd-43c5-aa62-eee3fad2ba85 - -
2024-11-15 11:05:23.926 +05:30  INF  CORS policy execution successful.
2024-11-15 11:05:23.926 +05:30  INF  Executing endpoint 'BAKERBAZZAR.API.Controller.UserController.CartDetails (BAKERBAZZAR.API)'
2024-11-15 11:05:23.926 +05:30  INF  Route matched with {action = "CartDetails", controller = "User"}. Executing controller action with signature System.Threading.Tasks.Task`1[Microsoft.AspNetCore.Mvc.ActionResult`1[BAKERBAZZAR.API.Models.ApiResponse]] CartDetails(System.String) on controller BAKERBAZZAR.API.Controller.UserController (BAKERBAZZAR.API).
2024-11-15 11:05:23.928 +05:30  INF  Executing ObjectResult, writing value of type 'BAKERBAZZAR.API.Models.ApiResponse'.
2024-11-15 11:05:23.928 +05:30  INF  Executed action BAKERBAZZAR.API.Controller.UserController.CartDetails (BAKERBAZZAR.API) in 2.5144ms
2024-11-15 11:05:23.928 +05:30  INF  Executed endpoint 'BAKERBAZZAR.API.Controller.UserController.CartDetails (BAKERBAZZAR.API)'
2024-11-15 11:05:23.928 +05:30  INF  Request finished HTTP/1.1 GET http://localhost:5145/User/CartDetails?displayid=fb0247db-d2cd-43c5-aa62-eee3fad2ba85 - - - 200 - application/json;+charset=utf-8 3.0275ms
2024-11-15 11:05:23.931 +05:30  INF  Executing ObjectResult, writing value of type 'BAKERBAZZAR.API.Models.ApiResponse'.
2024-11-15 11:05:23.932 +05:30  INF  Executed action BAKERBAZZAR.API.Controller.UserController.UpdateCartItem (BAKERBAZZAR.API) in 11.6798ms
2024-11-15 11:05:23.932 +05:30  INF  Executed endpoint 'BAKERBAZZAR.API.Controller.UserController.UpdateCartItem (BAKERBAZZAR.API)'
2024-11-15 11:05:23.932 +05:30  INF  Request finished HTTP/1.1 PUT http://localhost:5145/user/updatecartitem?linerid=328&qty=1 - 0 - 200 - application/json;+charset=utf-8 12.0791ms
2024-11-15 11:05:23.932 +05:30  INF  Executing ObjectResult, writing value of type 'BAKERBAZZAR.API.Models.ApiResponse'.
2024-11-15 11:05:23.932 +05:30  INF  Executed action BAKERBAZZAR.API.Controller.UserController.UpdateCartItem (BAKERBAZZAR.API) in 14.3692ms
2024-11-15 11:05:23.932 +05:30  INF  Executed endpoint 'BAKERBAZZAR.API.Controller.UserController.UpdateCartItem (BAKERBAZZAR.API)'
2024-11-15 11:05:23.932 +05:30  INF  Request finished HTTP/1.1 PUT http://localhost:5145/user/updatecartitem?linerid=327&qty=1 - 0 - 200 - application/json;+charset=utf-8 15.1816ms
2024-11-15 11:05:23.932 +05:30  INF  Executing ObjectResult, writing value of type 'BAKERBAZZAR.API.Models.ApiResponse'.
2024-11-15 11:05:23.932 +05:30  INF  Executed action BAKERBAZZAR.API.Controller.UserController.UpdateCartItem (BAKERBAZZAR.API) in 14.5456ms
2024-11-15 11:05:23.932 +05:30  INF  Executed endpoint 'BAKERBAZZAR.API.Controller.UserController.UpdateCartItem (BAKERBAZZAR.API)'
2024-11-15 11:05:23.932 +05:30  INF  Request finished HTTP/1.1 PUT http://localhost:5145/user/updatecartitem?linerid=327&qty=1 - 0 - 200 - application/json;+charset=utf-8 15.5109ms
2024-11-15 11:05:23.933 +05:30  INF  Executing ObjectResult, writing value of type 'BAKERBAZZAR.API.Models.ApiResponse'.
2024-11-15 11:05:23.933 +05:30  INF  Executed action BAKERBAZZAR.API.Controller.UserController.UpdateCartItem (BAKERBAZZAR.API) in 12.97ms
2024-11-15 11:05:23.933 +05:30  INF  Executed endpoint 'BAKERBAZZAR.API.Controller.UserController.UpdateCartItem (BAKERBAZZAR.API)'
2024-11-15 11:05:23.933 +05:30  INF  Request finished HTTP/1.1 PUT http://localhost:5145/user/updatecartitem?linerid=328&qty=1 - 0 - 200 - application/json;+charset=utf-8 13.3719ms
2024-11-15 11:05:27.214 +05:30  INF  Request starting HTTP/1.1 GET http://localhost:5145/user/orderdetails?displayId=fb0247db-d2cd-43c5-aa62-eee3fad2ba85&status=placeorder&addressid=1023 - -
2024-11-15 11:05:27.215 +05:30  INF  CORS policy execution successful.
2024-11-15 11:05:27.216 +05:30  INF  Executing endpoint 'BAKERBAZZAR.API.Controller.UserController.OrderDetails (BAKERBAZZAR.API)'
2024-11-15 11:05:27.216 +05:30  INF  Route matched with {action = "OrderDetails", controller = "User"}. Executing controller action with signature System.Threading.Tasks.Task`1[Microsoft.AspNetCore.Mvc.ActionResult`1[BAKERBAZZAR.API.Models.ApiResponse]] OrderDetails(System.String, System.String, Int32) on controller BAKERBAZZAR.API.Controller.UserController (BAKERBAZZAR.API).
2024-11-15 11:05:27.255 +05:30  INF  Executing ObjectResult, writing value of type 'BAKERBAZZAR.API.Models.ApiResponse'.
2024-11-15 11:05:27.255 +05:30  INF  Executed action BAKERBAZZAR.API.Controller.UserController.OrderDetails (BAKERBAZZAR.API) in 38.921ms
2024-11-15 11:05:27.255 +05:30  INF  Executed endpoint 'BAKERBAZZAR.API.Controller.UserController.OrderDetails (BAKERBAZZAR.API)'
2024-11-15 11:05:27.255 +05:30  INF  Request finished HTTP/1.1 GET http://localhost:5145/user/orderdetails?displayId=fb0247db-d2cd-43c5-aa62-eee3fad2ba85&status=placeorder&addressid=1023 - - - 200 - application/json;+charset=utf-8 40.7701ms
2024-11-15 11:05:34.486 +05:30  INF  Request starting HTTP/1.1 GET http://localhost:5145/user/myorders?displayid=e62f03f4-2dcf-4f80-bc23-341651bd9338 - -
2024-11-15 11:05:34.486 +05:30  INF  CORS policy execution successful.
2024-11-15 11:05:34.486 +05:30  INF  Executing endpoint 'BAKERBAZZAR.API.Controller.UserController.MyOrders (BAKERBAZZAR.API)'
2024-11-15 11:05:34.486 +05:30  INF  Route matched with {action = "MyOrders", controller = "User"}. Executing controller action with signature System.Threading.Tasks.Task`1[Microsoft.AspNetCore.Mvc.ActionResult`1[BAKERBAZZAR.API.Models.ApiResponse]] MyOrders(System.String, System.String, System.String) on controller BAKERBAZZAR.API.Controller.UserController (BAKERBAZZAR.API).
2024-11-15 11:05:34.526 +05:30  INF  Executing ObjectResult, writing value of type 'BAKERBAZZAR.API.Models.ApiResponse'.
2024-11-15 11:05:34.526 +05:30  INF  Executed action BAKERBAZZAR.API.Controller.UserController.MyOrders (BAKERBAZZAR.API) in 39.9822ms
2024-11-15 11:05:34.526 +05:30  INF  Executed endpoint 'BAKERBAZZAR.API.Controller.UserController.MyOrders (BAKERBAZZAR.API)'
2024-11-15 11:05:34.526 +05:30  INF  Request finished HTTP/1.1 GET http://localhost:5145/user/myorders?displayid=e62f03f4-2dcf-4f80-bc23-341651bd9338 - - - 200 - application/json;+charset=utf-8 40.4258ms
2024-11-15 11:05:34.529 +05:30  INF  Request starting HTTP/1.1 GET http://localhost:5145/user/myorders?displayid=e62f03f4-2dcf-4f80-bc23-341651bd9338 - -
2024-11-15 11:05:34.529 +05:30  INF  CORS policy execution successful.
2024-11-15 11:05:34.529 +05:30  INF  Executing endpoint 'BAKERBAZZAR.API.Controller.UserController.MyOrders (BAKERBAZZAR.API)'
2024-11-15 11:05:34.529 +05:30  INF  Route matched with {action = "MyOrders", controller = "User"}. Executing controller action with signature System.Threading.Tasks.Task`1[Microsoft.AspNetCore.Mvc.ActionResult`1[BAKERBAZZAR.API.Models.ApiResponse]] MyOrders(System.String, System.String, System.String) on controller BAKERBAZZAR.API.Controller.UserController (BAKERBAZZAR.API).
2024-11-15 11:05:34.533 +05:30  INF  Executing ObjectResult, writing value of type 'BAKERBAZZAR.API.Models.ApiResponse'.
2024-11-15 11:05:34.533 +05:30  INF  Executed action BAKERBAZZAR.API.Controller.UserController.MyOrders (BAKERBAZZAR.API) in 4.0102ms
2024-11-15 11:05:34.533 +05:30  INF  Executed endpoint 'BAKERBAZZAR.API.Controller.UserController.MyOrders (BAKERBAZZAR.API)'
2024-11-15 11:05:34.533 +05:30  INF  Request finished HTTP/1.1 GET http://localhost:5145/user/myorders?displayid=e62f03f4-2dcf-4f80-bc23-341651bd9338 - - - 200 - application/json;+charset=utf-8 4.3570ms
2024-11-15 11:05:45.112 +05:30  INF  Request starting HTTP/1.1 GET http://localhost:5145/user/myorders?displayid=e62f03f4-2dcf-4f80-bc23-341651bd9338 - -
2024-11-15 11:05:45.112 +05:30  INF  CORS policy execution successful.
2024-11-15 11:05:45.112 +05:30  INF  Executing endpoint 'BAKERBAZZAR.API.Controller.UserController.MyOrders (BAKERBAZZAR.API)'
2024-11-15 11:05:45.112 +05:30  INF  Route matched with {action = "MyOrders", controller = "User"}. Executing controller action with signature System.Threading.Tasks.Task`1[Microsoft.AspNetCore.Mvc.ActionResult`1[BAKERBAZZAR.API.Models.ApiResponse]] MyOrders(System.String, System.String, System.String) on controller BAKERBAZZAR.API.Controller.UserController (BAKERBAZZAR.API).
2024-11-15 11:05:45.113 +05:30  INF  Request starting HTTP/1.1 GET http://localhost:5145/User/Category - -
2024-11-15 11:05:45.113 +05:30  INF  CORS policy execution successful.
2024-11-15 11:05:45.114 +05:30  INF  Executing endpoint 'BAKERBAZZAR.API.Controller.UserController.Category (BAKERBAZZAR.API)'
2024-11-15 11:05:45.114 +05:30  INF  Route matched with {action = "Category", controller = "User"}. Executing controller action with signature System.Threading.Tasks.Task`1[Microsoft.AspNetCore.Mvc.ActionResult`1[BAKERBAZZAR.API.Models.ApiResponse]] Category(System.String) on controller BAKERBAZZAR.API.Controller.UserController (BAKERBAZZAR.API).
2024-11-15 11:05:45.121 +05:30  INF  Request starting HTTP/1.1 GET http://localhost:5145/user/products?categoryid= - -
2024-11-15 11:05:45.121 +05:30  INF  CORS policy execution successful.
2024-11-15 11:05:45.121 +05:30  INF  Executing endpoint 'BAKERBAZZAR.API.Controller.UserController.Products (BAKERBAZZAR.API)'
2024-11-15 11:05:45.121 +05:30  INF  Route matched with {action = "Products", controller = "User"}. Executing controller action with signature System.Threading.Tasks.Task`1[Microsoft.AspNetCore.Mvc.ActionResult`1[BAKERBAZZAR.API.Models.ApiResponse]] Products(System.String, System.String) on controller BAKERBAZZAR.API.Controller.UserController (BAKERBAZZAR.API).
2024-11-15 11:05:45.124 +05:30  INF  Executing ObjectResult, writing value of type 'BAKERBAZZAR.API.Models.ApiResponse'.
2024-11-15 11:05:45.124 +05:30  INF  Executed action BAKERBAZZAR.API.Controller.UserController.MyOrders (BAKERBAZZAR.API) in 11.935ms
2024-11-15 11:05:45.124 +05:30  INF  Executed endpoint 'BAKERBAZZAR.API.Controller.UserController.MyOrders (BAKERBAZZAR.API)'
2024-11-15 11:05:45.124 +05:30  INF  Request finished HTTP/1.1 GET http://localhost:5145/user/myorders?displayid=e62f03f4-2dcf-4f80-bc23-341651bd9338 - - - 200 - application/json;+charset=utf-8 12.4629ms
2024-11-15 11:05:45.126 +05:30  INF  Executing ObjectResult, writing value of type 'BAKERBAZZAR.API.Models.ApiResponse'.
2024-11-15 11:05:45.126 +05:30  INF  Executed action BAKERBAZZAR.API.Controller.UserController.Category (BAKERBAZZAR.API) in 12.2235ms
2024-11-15 11:05:45.126 +05:30  INF  Executed endpoint 'BAKERBAZZAR.API.Controller.UserController.Category (BAKERBAZZAR.API)'
2024-11-15 11:05:45.126 +05:30  INF  Request finished HTTP/1.1 GET http://localhost:5145/User/Category - - - 200 - application/json;+charset=utf-8 12.7892ms
2024-11-15 11:05:45.130 +05:30  INF  Request starting HTTP/1.1 GET http://localhost:5145/user/myorders?displayid=e62f03f4-2dcf-4f80-bc23-341651bd9338 - -
2024-11-15 11:05:45.131 +05:30  INF  CORS policy execution successful.
2024-11-15 11:05:45.131 +05:30  INF  Executing endpoint 'BAKERBAZZAR.API.Controller.UserController.MyOrders (BAKERBAZZAR.API)'
2024-11-15 11:05:45.131 +05:30  INF  Request starting HTTP/1.1 GET http://localhost:5145/User/Category - -
2024-11-15 11:05:45.131 +05:30  INF  Route matched with {action = "MyOrders", controller = "User"}. Executing controller action with signature System.Threading.Tasks.Task`1[Microsoft.AspNetCore.Mvc.ActionResult`1[BAKERBAZZAR.API.Models.ApiResponse]] MyOrders(System.String, System.String, System.String) on controller BAKERBAZZAR.API.Controller.UserController (BAKERBAZZAR.API).
2024-11-15 11:05:45.131 +05:30  INF  CORS policy execution successful.
2024-11-15 11:05:45.131 +05:30  INF  Executing endpoint 'BAKERBAZZAR.API.Controller.UserController.Category (BAKERBAZZAR.API)'
2024-11-15 11:05:45.131 +05:30  INF  Route matched with {action = "Category", controller = "User"}. Executing controller action with signature System.Threading.Tasks.Task`1[Microsoft.AspNetCore.Mvc.ActionResult`1[BAKERBAZZAR.API.Models.ApiResponse]] Category(System.String) on controller BAKERBAZZAR.API.Controller.UserController (BAKERBAZZAR.API).
2024-11-15 11:05:45.135 +05:30  INF  Executing ObjectResult, writing value of type 'BAKERBAZZAR.API.Models.ApiResponse'.
2024-11-15 11:05:45.135 +05:30  INF  Executed action BAKERBAZZAR.API.Controller.UserController.Category (BAKERBAZZAR.API) in 3.6883ms
2024-11-15 11:05:45.135 +05:30  INF  Executed endpoint 'BAKERBAZZAR.API.Controller.UserController.Category (BAKERBAZZAR.API)'
2024-11-15 11:05:45.135 +05:30  INF  Request finished HTTP/1.1 GET http://localhost:5145/User/Category - - - 200 - application/json;+charset=utf-8 3.9818ms
2024-11-15 11:05:45.137 +05:30  INF  Executing ObjectResult, writing value of type 'BAKERBAZZAR.API.Models.ApiResponse'.
2024-11-15 11:05:45.137 +05:30  INF  Executed action BAKERBAZZAR.API.Controller.UserController.MyOrders (BAKERBAZZAR.API) in 6.2002ms
2024-11-15 11:05:45.137 +05:30  INF  Executed endpoint 'BAKERBAZZAR.API.Controller.UserController.MyOrders (BAKERBAZZAR.API)'
2024-11-15 11:05:45.137 +05:30  INF  Request finished HTTP/1.1 GET http://localhost:5145/user/myorders?displayid=e62f03f4-2dcf-4f80-bc23-341651bd9338 - - - 200 - application/json;+charset=utf-8 6.8772ms
2024-11-15 11:05:45.139 +05:30  INF  Executing ObjectResult, writing value of type 'BAKERBAZZAR.API.Models.ApiResponse'.
2024-11-15 11:05:45.140 +05:30  INF  Executed action BAKERBAZZAR.API.Controller.UserController.Products (BAKERBAZZAR.API) in 18.8386ms
2024-11-15 11:05:45.141 +05:30  INF  Executed endpoint 'BAKERBAZZAR.API.Controller.UserController.Products (BAKERBAZZAR.API)'
2024-11-15 11:05:45.141 +05:30  INF  Request finished HTTP/1.1 GET http://localhost:5145/user/products?categoryid= - - - 200 - application/json;+charset=utf-8 19.7969ms
2024-11-15 11:05:45.144 +05:30  INF  Request starting HTTP/1.1 GET http://localhost:5145/user/products?categoryid= - -
2024-11-15 11:05:45.144 +05:30  INF  CORS policy execution successful.
2024-11-15 11:05:45.144 +05:30  INF  Executing endpoint 'BAKERBAZZAR.API.Controller.UserController.Products (BAKERBAZZAR.API)'
2024-11-15 11:05:45.144 +05:30  INF  Route matched with {action = "Products", controller = "User"}. Executing controller action with signature System.Threading.Tasks.Task`1[Microsoft.AspNetCore.Mvc.ActionResult`1[BAKERBAZZAR.API.Models.ApiResponse]] Products(System.String, System.String) on controller BAKERBAZZAR.API.Controller.UserController (BAKERBAZZAR.API).
2024-11-15 11:05:45.151 +05:30  INF  Executing ObjectResult, writing value of type 'BAKERBAZZAR.API.Models.ApiResponse'.
2024-11-15 11:05:45.152 +05:30  INF  Executed action BAKERBAZZAR.API.Controller.UserController.Products (BAKERBAZZAR.API) in 7.7786ms
2024-11-15 11:05:45.152 +05:30  INF  Executed endpoint 'BAKERBAZZAR.API.Controller.UserController.Products (BAKERBAZZAR.API)'
2024-11-15 11:05:45.152 +05:30  INF  Request finished HTTP/1.1 GET http://localhost:5145/user/products?categoryid= - - - 200 - application/json;+charset=utf-8 8.4893ms
2024-11-15 11:06:15.584 +05:30  INF  Request starting HTTP/1.1 OPTIONS http://localhost:5145/User/AddToCart - -
2024-11-15 11:06:15.584 +05:30  INF  CORS policy execution successful.
2024-11-15 11:06:15.584 +05:30  INF  Request finished HTTP/1.1 OPTIONS http://localhost:5145/User/AddToCart - - - 204 - - 0.2025ms
2024-11-15 11:06:15.585 +05:30  INF  Request starting HTTP/1.1 POST http://localhost:5145/User/AddToCart application/json 140
2024-11-15 11:06:15.585 +05:30  INF  CORS policy execution successful.
2024-11-15 11:06:15.585 +05:30  INF  Executing endpoint 'BAKERBAZZAR.API.Controller.UserController.AddToCart (BAKERBAZZAR.API)'
2024-11-15 11:06:15.586 +05:30  INF  Route matched with {action = "AddToCart", controller = "User"}. Executing controller action with signature System.Threading.Tasks.Task`1[Microsoft.AspNetCore.Mvc.ActionResult`1[BAKERBAZZAR.API.Models.ApiResponse]] AddToCart(BAKERBAZZAR.API.Models.IO_Templates.AddToCartRequest) on controller BAKERBAZZAR.API.Controller.UserController (BAKERBAZZAR.API).
2024-11-15 11:06:15.618 +05:30  INF  Executing ObjectResult, writing value of type 'BAKERBAZZAR.API.Models.ApiResponse'.
2024-11-15 11:06:15.618 +05:30  INF  Executed action BAKERBAZZAR.API.Controller.UserController.AddToCart (BAKERBAZZAR.API) in 32.8942ms
2024-11-15 11:06:15.618 +05:30  INF  Executed endpoint 'BAKERBAZZAR.API.Controller.UserController.AddToCart (BAKERBAZZAR.API)'
2024-11-15 11:06:15.619 +05:30  INF  Request finished HTTP/1.1 POST http://localhost:5145/User/AddToCart application/json 140 - 200 - application/json;+charset=utf-8 33.2373ms
2024-11-15 11:06:16.908 +05:30  INF  Request starting HTTP/1.1 POST http://localhost:5145/User/AddToCart application/json 140
2024-11-15 11:06:16.908 +05:30  INF  CORS policy execution successful.
2024-11-15 11:06:16.908 +05:30  INF  Executing endpoint 'BAKERBAZZAR.API.Controller.UserController.AddToCart (BAKERBAZZAR.API)'
2024-11-15 11:06:16.908 +05:30  INF  Route matched with {action = "AddToCart", controller = "User"}. Executing controller action with signature System.Threading.Tasks.Task`1[Microsoft.AspNetCore.Mvc.ActionResult`1[BAKERBAZZAR.API.Models.ApiResponse]] AddToCart(BAKERBAZZAR.API.Models.IO_Templates.AddToCartRequest) on controller BAKERBAZZAR.API.Controller.UserController (BAKERBAZZAR.API).
2024-11-15 11:06:16.930 +05:30  INF  Executing ObjectResult, writing value of type 'BAKERBAZZAR.API.Models.ApiResponse'.
2024-11-15 11:06:16.930 +05:30  INF  Executed action BAKERBAZZAR.API.Controller.UserController.AddToCart (BAKERBAZZAR.API) in 21.6798ms
2024-11-15 11:06:16.930 +05:30  INF  Executed endpoint 'BAKERBAZZAR.API.Controller.UserController.AddToCart (BAKERBAZZAR.API)'
2024-11-15 11:06:16.930 +05:30  INF  Request finished HTTP/1.1 POST http://localhost:5145/User/AddToCart application/json 140 - 200 - application/json;+charset=utf-8 21.9686ms
2024-11-15 11:06:17.888 +05:30  INF  Request starting HTTP/1.1 GET http://localhost:5145/User/CartDetails?displayid=fb0247db-d2cd-43c5-aa62-eee3fad2ba85 - -
2024-11-15 11:06:17.888 +05:30  INF  CORS policy execution successful.
2024-11-15 11:06:17.888 +05:30  INF  Executing endpoint 'BAKERBAZZAR.API.Controller.UserController.CartDetails (BAKERBAZZAR.API)'
2024-11-15 11:06:17.888 +05:30  INF  Route matched with {action = "CartDetails", controller = "User"}. Executing controller action with signature System.Threading.Tasks.Task`1[Microsoft.AspNetCore.Mvc.ActionResult`1[BAKERBAZZAR.API.Models.ApiResponse]] CartDetails(System.String) on controller BAKERBAZZAR.API.Controller.UserController (BAKERBAZZAR.API).
2024-11-15 11:06:17.917 +05:30  INF  Executing ObjectResult, writing value of type 'BAKERBAZZAR.API.Models.ApiResponse'.
2024-11-15 11:06:17.917 +05:30  INF  Executed action BAKERBAZZAR.API.Controller.UserController.CartDetails (BAKERBAZZAR.API) in 29.462ms
2024-11-15 11:06:17.917 +05:30  INF  Executed endpoint 'BAKERBAZZAR.API.Controller.UserController.CartDetails (BAKERBAZZAR.API)'
2024-11-15 11:06:17.918 +05:30  INF  Request finished HTTP/1.1 GET http://localhost:5145/User/CartDetails?displayid=fb0247db-d2cd-43c5-aa62-eee3fad2ba85 - - - 200 - application/json;+charset=utf-8 29.8017ms
2024-11-15 11:06:17.919 +05:30  INF  Request starting HTTP/1.1 GET http://localhost:5145/User/CartDetails?displayid=fb0247db-d2cd-43c5-aa62-eee3fad2ba85 - -
2024-11-15 11:06:17.919 +05:30  INF  CORS policy execution successful.
2024-11-15 11:06:17.919 +05:30  INF  Executing endpoint 'BAKERBAZZAR.API.Controller.UserController.CartDetails (BAKERBAZZAR.API)'
2024-11-15 11:06:17.919 +05:30  INF  Route matched with {action = "CartDetails", controller = "User"}. Executing controller action with signature System.Threading.Tasks.Task`1[Microsoft.AspNetCore.Mvc.ActionResult`1[BAKERBAZZAR.API.Models.ApiResponse]] CartDetails(System.String) on controller BAKERBAZZAR.API.Controller.UserController (BAKERBAZZAR.API).
2024-11-15 11:06:17.920 +05:30  INF  Executing ObjectResult, writing value of type 'BAKERBAZZAR.API.Models.ApiResponse'.
2024-11-15 11:06:17.920 +05:30  INF  Executed action BAKERBAZZAR.API.Controller.UserController.CartDetails (BAKERBAZZAR.API) in 0.6073ms
2024-11-15 11:06:17.920 +05:30  INF  Executed endpoint 'BAKERBAZZAR.API.Controller.UserController.CartDetails (BAKERBAZZAR.API)'
2024-11-15 11:06:17.920 +05:30  INF  Request finished HTTP/1.1 GET http://localhost:5145/User/CartDetails?displayid=fb0247db-d2cd-43c5-aa62-eee3fad2ba85 - - - 200 - application/json;+charset=utf-8 0.9379ms
2024-11-15 11:06:21.138 +05:30  INF  Request starting HTTP/1.1 GET http://localhost:5145/User/CartDetails?displayid=fb0247db-d2cd-43c5-aa62-eee3fad2ba85 - -
2024-11-15 11:06:21.138 +05:30  INF  CORS policy execution successful.
2024-11-15 11:06:21.139 +05:30  INF  Executing endpoint 'BAKERBAZZAR.API.Controller.UserController.CartDetails (BAKERBAZZAR.API)'
2024-11-15 11:06:21.139 +05:30  INF  Route matched with {action = "CartDetails", controller = "User"}. Executing controller action with signature System.Threading.Tasks.Task`1[Microsoft.AspNetCore.Mvc.ActionResult`1[BAKERBAZZAR.API.Models.ApiResponse]] CartDetails(System.String) on controller BAKERBAZZAR.API.Controller.UserController (BAKERBAZZAR.API).
2024-11-15 11:06:21.140 +05:30  INF  Request starting HTTP/1.1 GET http://localhost:5145/User/Category - -
2024-11-15 11:06:21.140 +05:30  INF  CORS policy execution successful.
2024-11-15 11:06:21.140 +05:30  INF  Executing endpoint 'BAKERBAZZAR.API.Controller.UserController.Category (BAKERBAZZAR.API)'
2024-11-15 11:06:21.140 +05:30  INF  Route matched with {action = "Category", controller = "User"}. Executing controller action with signature System.Threading.Tasks.Task`1[Microsoft.AspNetCore.Mvc.ActionResult`1[BAKERBAZZAR.API.Models.ApiResponse]] Category(System.String) on controller BAKERBAZZAR.API.Controller.UserController (BAKERBAZZAR.API).
2024-11-15 11:06:21.141 +05:30  INF  Request starting HTTP/1.1 GET http://localhost:5145/user/products?categoryid= - -
2024-11-15 11:06:21.141 +05:30  INF  CORS policy execution successful.
2024-11-15 11:06:21.141 +05:30  INF  Executing endpoint 'BAKERBAZZAR.API.Controller.UserController.Products (BAKERBAZZAR.API)'
2024-11-15 11:06:21.141 +05:30  INF  Route matched with {action = "Products", controller = "User"}. Executing controller action with signature System.Threading.Tasks.Task`1[Microsoft.AspNetCore.Mvc.ActionResult`1[BAKERBAZZAR.API.Models.ApiResponse]] Products(System.String, System.String) on controller BAKERBAZZAR.API.Controller.UserController (BAKERBAZZAR.API).
2024-11-15 11:06:21.166 +05:30  INF  Executing ObjectResult, writing value of type 'BAKERBAZZAR.API.Models.ApiResponse'.
2024-11-15 11:06:21.166 +05:30  INF  Executed action BAKERBAZZAR.API.Controller.UserController.Category (BAKERBAZZAR.API) in 26.1135ms
2024-11-15 11:06:21.166 +05:30  INF  Executed endpoint 'BAKERBAZZAR.API.Controller.UserController.Category (BAKERBAZZAR.API)'
2024-11-15 11:06:21.166 +05:30  INF  Request finished HTTP/1.1 GET http://localhost:5145/User/Category - - - 200 - application/json;+charset=utf-8 26.6780ms
2024-11-15 11:06:21.169 +05:30  INF  Request starting HTTP/1.1 GET http://localhost:5145/User/Category - -
2024-11-15 11:06:21.169 +05:30  INF  CORS policy execution successful.
2024-11-15 11:06:21.170 +05:30  INF  Executing endpoint 'BAKERBAZZAR.API.Controller.UserController.Category (BAKERBAZZAR.API)'
2024-11-15 11:06:21.170 +05:30  INF  Route matched with {action = "Category", controller = "User"}. Executing controller action with signature System.Threading.Tasks.Task`1[Microsoft.AspNetCore.Mvc.ActionResult`1[BAKERBAZZAR.API.Models.ApiResponse]] Category(System.String) on controller BAKERBAZZAR.API.Controller.UserController (BAKERBAZZAR.API).
2024-11-15 11:06:21.171 +05:30  INF  Executing ObjectResult, writing value of type 'BAKERBAZZAR.API.Models.ApiResponse'.
2024-11-15 11:06:21.171 +05:30  INF  Executing ObjectResult, writing value of type 'BAKERBAZZAR.API.Models.ApiResponse'.
2024-11-15 11:06:21.172 +05:30  INF  Executing ObjectResult, writing value of type 'BAKERBAZZAR.API.Models.ApiResponse'.
2024-11-15 11:06:21.172 +05:30  INF  Executed action BAKERBAZZAR.API.Controller.UserController.CartDetails (BAKERBAZZAR.API) in 33.0531ms
2024-11-15 11:06:21.172 +05:30  INF  Executed action BAKERBAZZAR.API.Controller.UserController.Category (BAKERBAZZAR.API) in 1.9083ms
2024-11-15 11:06:21.172 +05:30  INF  Executed endpoint 'BAKERBAZZAR.API.Controller.UserController.Category (BAKERBAZZAR.API)'
2024-11-15 11:06:21.172 +05:30  INF  Executed endpoint 'BAKERBAZZAR.API.Controller.UserController.CartDetails (BAKERBAZZAR.API)'
2024-11-15 11:06:21.172 +05:30  INF  Request finished HTTP/1.1 GET http://localhost:5145/User/CartDetails?displayid=fb0247db-d2cd-43c5-aa62-eee3fad2ba85 - - - 200 - application/json;+charset=utf-8 33.4569ms
2024-11-15 11:06:21.172 +05:30  INF  Request finished HTTP/1.1 GET http://localhost:5145/User/Category - - - 200 - application/json;+charset=utf-8 2.6357ms
2024-11-15 11:06:21.172 +05:30  INF  Executed action BAKERBAZZAR.API.Controller.UserController.Products (BAKERBAZZAR.API) in 31.2733ms
2024-11-15 11:06:21.172 +05:30  INF  Executed endpoint 'BAKERBAZZAR.API.Controller.UserController.Products (BAKERBAZZAR.API)'
2024-11-15 11:06:21.172 +05:30  INF  Request finished HTTP/1.1 GET http://localhost:5145/user/products?categoryid= - - - 200 - application/json;+charset=utf-8 31.9532ms
2024-11-15 11:06:21.177 +05:30  INF  Request starting HTTP/1.1 GET http://localhost:5145/user/products?categoryid= - -
2024-11-15 11:06:21.177 +05:30  INF  Request starting HTTP/1.1 GET http://localhost:5145/User/CartDetails?displayid=fb0247db-d2cd-43c5-aa62-eee3fad2ba85 - -
2024-11-15 11:06:21.178 +05:30  INF  CORS policy execution successful.
2024-11-15 11:06:21.178 +05:30  INF  CORS policy execution successful.
2024-11-15 11:06:21.178 +05:30  INF  Executing endpoint 'BAKERBAZZAR.API.Controller.UserController.CartDetails (BAKERBAZZAR.API)'
2024-11-15 11:06:21.178 +05:30  INF  Executing endpoint 'BAKERBAZZAR.API.Controller.UserController.Products (BAKERBAZZAR.API)'
2024-11-15 11:06:21.178 +05:30  INF  Route matched with {action = "Products", controller = "User"}. Executing controller action with signature System.Threading.Tasks.Task`1[Microsoft.AspNetCore.Mvc.ActionResult`1[BAKERBAZZAR.API.Models.ApiResponse]] Products(System.String, System.String) on controller BAKERBAZZAR.API.Controller.UserController (BAKERBAZZAR.API).
2024-11-15 11:06:21.178 +05:30  INF  Route matched with {action = "CartDetails", controller = "User"}. Executing controller action with signature System.Threading.Tasks.Task`1[Microsoft.AspNetCore.Mvc.ActionResult`1[BAKERBAZZAR.API.Models.ApiResponse]] CartDetails(System.String) on controller BAKERBAZZAR.API.Controller.UserController (BAKERBAZZAR.API).
2024-11-15 11:06:21.178 +05:30  INF  Executing ObjectResult, writing value of type 'BAKERBAZZAR.API.Models.ApiResponse'.
2024-11-15 11:06:21.179 +05:30  INF  Executed action BAKERBAZZAR.API.Controller.UserController.CartDetails (BAKERBAZZAR.API) in 0.7951ms
2024-11-15 11:06:21.179 +05:30  INF  Executed endpoint 'BAKERBAZZAR.API.Controller.UserController.CartDetails (BAKERBAZZAR.API)'
2024-11-15 11:06:21.179 +05:30  INF  Request finished HTTP/1.1 GET http://localhost:5145/User/CartDetails?displayid=fb0247db-d2cd-43c5-aa62-eee3fad2ba85 - - - 200 - application/json;+charset=utf-8 1.2573ms
2024-11-15 11:06:21.182 +05:30  INF  Executing ObjectResult, writing value of type 'BAKERBAZZAR.API.Models.ApiResponse'.
2024-11-15 11:06:21.182 +05:30  INF  Executed action BAKERBAZZAR.API.Controller.UserController.Products (BAKERBAZZAR.API) in 4.7585ms
2024-11-15 11:06:21.182 +05:30  INF  Executed endpoint 'BAKERBAZZAR.API.Controller.UserController.Products (BAKERBAZZAR.API)'
2024-11-15 11:06:21.183 +05:30  INF  Request finished HTTP/1.1 GET http://localhost:5145/user/products?categoryid= - - - 200 - application/json;+charset=utf-8 5.4671ms
2024-11-15 11:06:25.120 +05:30  INF  Request starting HTTP/1.1 OPTIONS http://localhost:5145/User/AddToCart - -
2024-11-15 11:06:25.121 +05:30  INF  CORS policy execution successful.
2024-11-15 11:06:25.121 +05:30  INF  Request finished HTTP/1.1 OPTIONS http://localhost:5145/User/AddToCart - - - 204 - - 0.1702ms
2024-11-15 11:06:25.121 +05:30  INF  Request starting HTTP/1.1 POST http://localhost:5145/User/AddToCart application/json 140
2024-11-15 11:06:25.121 +05:30  INF  CORS policy execution successful.
2024-11-15 11:06:25.121 +05:30  INF  Executing endpoint 'BAKERBAZZAR.API.Controller.UserController.AddToCart (BAKERBAZZAR.API)'
2024-11-15 11:06:25.121 +05:30  INF  Route matched with {action = "AddToCart", controller = "User"}. Executing controller action with signature System.Threading.Tasks.Task`1[Microsoft.AspNetCore.Mvc.ActionResult`1[BAKERBAZZAR.API.Models.ApiResponse]] AddToCart(BAKERBAZZAR.API.Models.IO_Templates.AddToCartRequest) on controller BAKERBAZZAR.API.Controller.UserController (BAKERBAZZAR.API).
2024-11-15 11:06:25.131 +05:30  INF  Executing ObjectResult, writing value of type 'BAKERBAZZAR.API.Models.ApiResponse'.
2024-11-15 11:06:25.131 +05:30  INF  Executed action BAKERBAZZAR.API.Controller.UserController.AddToCart (BAKERBAZZAR.API) in 9.3179ms
2024-11-15 11:06:25.131 +05:30  INF  Executed endpoint 'BAKERBAZZAR.API.Controller.UserController.AddToCart (BAKERBAZZAR.API)'
2024-11-15 11:06:25.131 +05:30  INF  Request finished HTTP/1.1 POST http://localhost:5145/User/AddToCart application/json 140 - 200 - application/json;+charset=utf-8 9.5152ms
2024-11-15 11:06:26.493 +05:30  INF  Request starting HTTP/1.1 POST http://localhost:5145/User/AddToCart application/json 140
2024-11-15 11:06:26.494 +05:30  INF  CORS policy execution successful.
2024-11-15 11:06:26.494 +05:30  INF  Executing endpoint 'BAKERBAZZAR.API.Controller.UserController.AddToCart (BAKERBAZZAR.API)'
2024-11-15 11:06:26.494 +05:30  INF  Route matched with {action = "AddToCart", controller = "User"}. Executing controller action with signature System.Threading.Tasks.Task`1[Microsoft.AspNetCore.Mvc.ActionResult`1[BAKERBAZZAR.API.Models.ApiResponse]] AddToCart(BAKERBAZZAR.API.Models.IO_Templates.AddToCartRequest) on controller BAKERBAZZAR.API.Controller.UserController (BAKERBAZZAR.API).
2024-11-15 11:06:26.496 +05:30  INF  Executing ObjectResult, writing value of type 'BAKERBAZZAR.API.Models.ApiResponse'.
2024-11-15 11:06:26.496 +05:30  INF  Executed action BAKERBAZZAR.API.Controller.UserController.AddToCart (BAKERBAZZAR.API) in 2.649ms
2024-11-15 11:06:26.496 +05:30  INF  Executed endpoint 'BAKERBAZZAR.API.Controller.UserController.AddToCart (BAKERBAZZAR.API)'
2024-11-15 11:06:26.496 +05:30  INF  Request finished HTTP/1.1 POST http://localhost:5145/User/AddToCart application/json 140 - 200 - application/json;+charset=utf-8 2.9090ms
2024-11-15 11:06:28.880 +05:30  INF  Request starting HTTP/1.1 GET http://localhost:5145/User/CartDetails?displayid=fb0247db-d2cd-43c5-aa62-eee3fad2ba85 - -
2024-11-15 11:06:28.880 +05:30  INF  CORS policy execution successful.
2024-11-15 11:06:28.880 +05:30  INF  Executing endpoint 'BAKERBAZZAR.API.Controller.UserController.CartDetails (BAKERBAZZAR.API)'
2024-11-15 11:06:28.880 +05:30  INF  Route matched with {action = "CartDetails", controller = "User"}. Executing controller action with signature System.Threading.Tasks.Task`1[Microsoft.AspNetCore.Mvc.ActionResult`1[BAKERBAZZAR.API.Models.ApiResponse]] CartDetails(System.String) on controller BAKERBAZZAR.API.Controller.UserController (BAKERBAZZAR.API).
2024-11-15 11:06:28.881 +05:30  INF  Executing ObjectResult, writing value of type 'BAKERBAZZAR.API.Models.ApiResponse'.
2024-11-15 11:06:28.882 +05:30  INF  Executed action BAKERBAZZAR.API.Controller.UserController.CartDetails (BAKERBAZZAR.API) in 1.2211ms
2024-11-15 11:06:28.882 +05:30  INF  Executed endpoint 'BAKERBAZZAR.API.Controller.UserController.CartDetails (BAKERBAZZAR.API)'
2024-11-15 11:06:28.882 +05:30  INF  Request finished HTTP/1.1 GET http://localhost:5145/User/CartDetails?displayid=fb0247db-d2cd-43c5-aa62-eee3fad2ba85 - - - 200 - application/json;+charset=utf-8 1.6410ms
2024-11-15 11:06:28.888 +05:30  INF  Request starting HTTP/1.1 GET http://localhost:5145/User/CartDetails?displayid=fb0247db-d2cd-43c5-aa62-eee3fad2ba85 - -
2024-11-15 11:06:28.888 +05:30  INF  CORS policy execution successful.
2024-11-15 11:06:28.888 +05:30  INF  Executing endpoint 'BAKERBAZZAR.API.Controller.UserController.CartDetails (BAKERBAZZAR.API)'
2024-11-15 11:06:28.890 +05:30  INF  Route matched with {action = "CartDetails", controller = "User"}. Executing controller action with signature System.Threading.Tasks.Task`1[Microsoft.AspNetCore.Mvc.ActionResult`1[BAKERBAZZAR.API.Models.ApiResponse]] CartDetails(System.String) on controller BAKERBAZZAR.API.Controller.UserController (BAKERBAZZAR.API).
2024-11-15 11:06:28.891 +05:30  INF  Executing ObjectResult, writing value of type 'BAKERBAZZAR.API.Models.ApiResponse'.
2024-11-15 11:06:28.891 +05:30  INF  Executed action BAKERBAZZAR.API.Controller.UserController.CartDetails (BAKERBAZZAR.API) in 0.6238ms
2024-11-15 11:06:28.891 +05:30  INF  Executed endpoint 'BAKERBAZZAR.API.Controller.UserController.CartDetails (BAKERBAZZAR.API)'
2024-11-15 11:06:28.891 +05:30  INF  Request finished HTTP/1.1 GET http://localhost:5145/User/CartDetails?displayid=fb0247db-d2cd-43c5-aa62-eee3fad2ba85 - - - 200 - application/json;+charset=utf-8 3.2845ms
2024-11-15 12:07:28.118 +05:30  INF  Request starting HTTP/1.1 OPTIONS http://localhost:5145/User/AddToCart - -
2024-11-15 12:07:28.120 +05:30  INF  CORS policy execution successful.
2024-11-15 12:07:28.121 +05:30  INF  Request finished HTTP/1.1 OPTIONS http://localhost:5145/User/AddToCart - - - 204 - - 6.5701ms
2024-11-15 12:07:28.122 +05:30  INF  Request starting HTTP/1.1 POST http://localhost:5145/User/AddToCart application/json 140
2024-11-15 12:07:28.122 +05:30  INF  CORS policy execution successful.
2024-11-15 12:07:28.123 +05:30  INF  Executing endpoint 'BAKERBAZZAR.API.Controller.UserController.AddToCart (BAKERBAZZAR.API)'
2024-11-15 12:07:28.126 +05:30  INF  Route matched with {action = "AddToCart", controller = "User"}. Executing controller action with signature System.Threading.Tasks.Task`1[Microsoft.AspNetCore.Mvc.ActionResult`1[BAKERBAZZAR.API.Models.ApiResponse]] AddToCart(BAKERBAZZAR.API.Models.IO_Templates.AddToCartRequest) on controller BAKERBAZZAR.API.Controller.UserController (BAKERBAZZAR.API).
2024-11-15 12:07:28.293 +05:30  INF  Executing ObjectResult, writing value of type 'BAKERBAZZAR.API.Models.ApiResponse'.
2024-11-15 12:07:28.293 +05:30  INF  Executed action BAKERBAZZAR.API.Controller.UserController.AddToCart (BAKERBAZZAR.API) in 167.281ms
2024-11-15 12:07:28.293 +05:30  INF  Executed endpoint 'BAKERBAZZAR.API.Controller.UserController.AddToCart (BAKERBAZZAR.API)'
2024-11-15 12:07:28.294 +05:30  INF  Request finished HTTP/1.1 POST http://localhost:5145/User/AddToCart application/json 140 - 200 - application/json;+charset=utf-8 171.7156ms
2024-11-15 12:07:29.762 +05:30  INF  Request starting HTTP/1.1 GET http://localhost:5145/User/CartDetails?displayid=fb0247db-d2cd-43c5-aa62-eee3fad2ba85 - -
2024-11-15 12:07:29.762 +05:30  INF  CORS policy execution successful.
2024-11-15 12:07:29.763 +05:30  INF  Executing endpoint 'BAKERBAZZAR.API.Controller.UserController.CartDetails (BAKERBAZZAR.API)'
2024-11-15 12:07:29.763 +05:30  INF  Route matched with {action = "CartDetails", controller = "User"}. Executing controller action with signature System.Threading.Tasks.Task`1[Microsoft.AspNetCore.Mvc.ActionResult`1[BAKERBAZZAR.API.Models.ApiResponse]] CartDetails(System.String) on controller BAKERBAZZAR.API.Controller.UserController (BAKERBAZZAR.API).
2024-11-15 12:07:29.793 +05:30  INF  Executing ObjectResult, writing value of type 'BAKERBAZZAR.API.Models.ApiResponse'.
2024-11-15 12:07:29.793 +05:30  INF  Executed action BAKERBAZZAR.API.Controller.UserController.CartDetails (BAKERBAZZAR.API) in 30.0988ms
2024-11-15 12:07:29.793 +05:30  INF  Executed endpoint 'BAKERBAZZAR.API.Controller.UserController.CartDetails (BAKERBAZZAR.API)'
2024-11-15 12:07:29.793 +05:30  INF  Request finished HTTP/1.1 GET http://localhost:5145/User/CartDetails?displayid=fb0247db-d2cd-43c5-aa62-eee3fad2ba85 - - - 200 - application/json;+charset=utf-8 31.1580ms
2024-11-15 12:07:29.794 +05:30  INF  Request starting HTTP/1.1 GET http://localhost:5145/User/CartDetails?displayid=fb0247db-d2cd-43c5-aa62-eee3fad2ba85 - -
2024-11-15 12:07:29.794 +05:30  INF  CORS policy execution successful.
2024-11-15 12:07:29.794 +05:30  INF  Executing endpoint 'BAKERBAZZAR.API.Controller.UserController.CartDetails (BAKERBAZZAR.API)'
2024-11-15 12:07:29.794 +05:30  INF  Route matched with {action = "CartDetails", controller = "User"}. Executing controller action with signature System.Threading.Tasks.Task`1[Microsoft.AspNetCore.Mvc.ActionResult`1[BAKERBAZZAR.API.Models.ApiResponse]] CartDetails(System.String) on controller BAKERBAZZAR.API.Controller.UserController (BAKERBAZZAR.API).
2024-11-15 12:07:29.795 +05:30  INF  Executing ObjectResult, writing value of type 'BAKERBAZZAR.API.Models.ApiResponse'.
2024-11-15 12:07:29.795 +05:30  INF  Executed action BAKERBAZZAR.API.Controller.UserController.CartDetails (BAKERBAZZAR.API) in 0.5685ms
2024-11-15 12:07:29.795 +05:30  INF  Executed endpoint 'BAKERBAZZAR.API.Controller.UserController.CartDetails (BAKERBAZZAR.API)'
2024-11-15 12:07:29.795 +05:30  INF  Request finished HTTP/1.1 GET http://localhost:5145/User/CartDetails?displayid=fb0247db-d2cd-43c5-aa62-eee3fad2ba85 - - - 200 - application/json;+charset=utf-8 1.0653ms
2024-11-15 12:18:08.049 +05:30  INF  Request starting HTTP/1.1 OPTIONS http://localhost:5145/user/cartdetails?displayId=23c3ec7a-92b1-44c6-93a2-01832315d9bd - -
2024-11-15 12:18:08.049 +05:30  INF  CORS policy execution successful.
2024-11-15 12:18:08.050 +05:30  INF  Request finished HTTP/1.1 OPTIONS http://localhost:5145/user/cartdetails?displayId=23c3ec7a-92b1-44c6-93a2-01832315d9bd - - - 204 - - 1.7432ms
2024-11-15 12:18:08.052 +05:30  INF  Request starting HTTP/1.1 GET http://localhost:5145/user/cartdetails?displayId=23c3ec7a-92b1-44c6-93a2-01832315d9bd application/json -
2024-11-15 12:18:08.052 +05:30  INF  CORS policy execution successful.
2024-11-15 12:18:08.052 +05:30  INF  Executing endpoint 'BAKERBAZZAR.API.Controller.UserController.CartDetails (BAKERBAZZAR.API)'
2024-11-15 12:18:08.052 +05:30  INF  Route matched with {action = "CartDetails", controller = "User"}. Executing controller action with signature System.Threading.Tasks.Task`1[Microsoft.AspNetCore.Mvc.ActionResult`1[BAKERBAZZAR.API.Models.ApiResponse]] CartDetails(System.String) on controller BAKERBAZZAR.API.Controller.UserController (BAKERBAZZAR.API).
2024-11-15 12:18:08.143 +05:30  INF  Executing ObjectResult, writing value of type 'BAKERBAZZAR.API.Models.ApiResponse'.
2024-11-15 12:18:08.143 +05:30  INF  Executed action BAKERBAZZAR.API.Controller.UserController.CartDetails (BAKERBAZZAR.API) in 90.3858ms
2024-11-15 12:18:08.143 +05:30  INF  Executed endpoint 'BAKERBAZZAR.API.Controller.UserController.CartDetails (BAKERBAZZAR.API)'
2024-11-15 12:18:08.143 +05:30  INF  Request finished HTTP/1.1 GET http://localhost:5145/user/cartdetails?displayId=23c3ec7a-92b1-44c6-93a2-01832315d9bd application/json - - 200 - application/json;+charset=utf-8 91.3045ms
2024-11-15 12:26:46.365 +05:30  INF  Request starting HTTP/1.1 GET http://localhost:5145/user/myorders?displayid=e62f03f4-2dcf-4f80-bc23-341651bd9338 - -
2024-11-15 12:26:46.369 +05:30  INF  CORS policy execution successful.
2024-11-15 12:26:46.370 +05:30  INF  Executing endpoint 'BAKERBAZZAR.API.Controller.UserController.MyOrders (BAKERBAZZAR.API)'
2024-11-15 12:26:46.372 +05:30  INF  Route matched with {action = "MyOrders", controller = "User"}. Executing controller action with signature System.Threading.Tasks.Task`1[Microsoft.AspNetCore.Mvc.ActionResult`1[BAKERBAZZAR.API.Models.ApiResponse]] MyOrders(System.String, System.String, System.String) on controller BAKERBAZZAR.API.Controller.UserController (BAKERBAZZAR.API).
