2024-11-13 13:34:33.688 +05:30  INF  CORS policy execution successful.
2024-11-13 13:34:33.701 +05:30  INF  Executing endpoint 'BAKERBAZZAR.API.Controller.UserController.CartDetails (BAKERBAZZAR.API)'
2024-11-13 13:34:33.701 +05:30  INF  Route matched with {action = "CartDetails", controller = "User"}. Executing controller action with signature System.Threading.Tasks.Task`1[Microsoft.AspNetCore.Mvc.ActionResult`1[BAKERBAZZAR.API.Models.ApiResponse]] CartDetails(System.String) on controller BAKERBAZZAR.API.Controller.UserController (BAKERBAZZAR.API).
2024-11-13 13:34:33.709 +05:30  INF  Executing ObjectResult, writing value of type 'BAKERBAZZAR.API.Models.ApiResponse'.
2024-11-13 13:34:33.709 +05:30  INF  Executed action BAKERBAZZAR.API.Controller.UserController.CartDetails (BAKERBAZZAR.API) in 8.2939ms
2024-11-13 13:34:33.710 +05:30  INF  Executed endpoint 'BAKERBAZZAR.API.Controller.UserController.CartDetails (BAKERBAZZAR.API)'
2024-11-13 13:34:33.710 +05:30  INF  Request finished HTTP/1.1 GET http://localhost:5145/User/CartDetails?displayid=54ad4834-4071-46df-9009-2f2bc60bca0a - - - 200 - application/json;+charset=utf-8 21.9914ms
2024-11-13 13:34:34.712 +05:30  INF  Request starting HTTP/1.1 GET http://localhost:5145/User/CartDetails?displayid=54ad4834-4071-46df-9009-2f2bc60bca0a - -
2024-11-13 13:34:34.712 +05:30  INF  CORS policy execution successful.
2024-11-13 13:34:34.712 +05:30  INF  Executing endpoint 'BAKERBAZZAR.API.Controller.UserController.CartDetails (BAKERBAZZAR.API)'
2024-11-13 13:34:34.712 +05:30  INF  Route matched with {action = "CartDetails", controller = "User"}. Executing controller action with signature System.Threading.Tasks.Task`1[Microsoft.AspNetCore.Mvc.ActionResult`1[BAKERBAZZAR.API.Models.ApiResponse]] CartDetails(System.String) on controller BAKERBAZZAR.API.Controller.UserController (BAKERBAZZAR.API).
2024-11-13 13:34:34.732 +05:30  INF  Executing ObjectResult, writing value of type 'BAKERBAZZAR.API.Models.ApiResponse'.
2024-11-13 13:34:34.733 +05:30  INF  Executed action BAKERBAZZAR.API.Controller.UserController.CartDetails (BAKERBAZZAR.API) in 20.4252ms
2024-11-13 13:34:34.733 +05:30  INF  Executed endpoint 'BAKERBAZZAR.API.Controller.UserController.CartDetails (BAKERBAZZAR.API)'
2024-11-13 13:34:34.733 +05:30  INF  Request finished HTTP/1.1 GET http://localhost:5145/User/CartDetails?displayid=54ad4834-4071-46df-9009-2f2bc60bca0a - - - 200 - application/json;+charset=utf-8 21.3407ms
2024-11-13 13:35:54.400 +05:30  INF  Request starting HTTP/1.1 GET http://localhost:5145/User/CartDetails?displayid=54ad4834-4071-46df-9009-2f2bc60bca0a - -
2024-11-13 13:35:54.400 +05:30  INF  CORS policy execution successful.
2024-11-13 13:35:54.400 +05:30  INF  Executing endpoint 'BAKERBAZZAR.API.Controller.UserController.CartDetails (BAKERBAZZAR.API)'
2024-11-13 13:35:54.400 +05:30  INF  Route matched with {action = "CartDetails", controller = "User"}. Executing controller action with signature System.Threading.Tasks.Task`1[Microsoft.AspNetCore.Mvc.ActionResult`1[BAKERBAZZAR.API.Models.ApiResponse]] CartDetails(System.String) on controller BAKERBAZZAR.API.Controller.UserController (BAKERBAZZAR.API).
2024-11-13 13:35:54.416 +05:30  INF  Executing ObjectResult, writing value of type 'BAKERBAZZAR.API.Models.ApiResponse'.
2024-11-13 13:35:54.416 +05:30  INF  Executed action BAKERBAZZAR.API.Controller.UserController.CartDetails (BAKERBAZZAR.API) in 15.8819ms
2024-11-13 13:35:54.416 +05:30  INF  Executed endpoint 'BAKERBAZZAR.API.Controller.UserController.CartDetails (BAKERBAZZAR.API)'
2024-11-13 13:35:54.416 +05:30  INF  Request finished HTTP/1.1 GET http://localhost:5145/User/CartDetails?displayid=54ad4834-4071-46df-9009-2f2bc60bca0a - - - 200 - application/json;+charset=utf-8 16.7779ms
2024-11-13 13:38:15.452 +05:30  INF  Request starting HTTP/1.1 GET http://localhost:5145/User/CartDetails?displayid=54ad4834-4071-46df-9009-2f2bc60bca0a - -
2024-11-13 13:38:15.452 +05:30  INF  CORS policy execution successful.
2024-11-13 13:38:15.453 +05:30  INF  Executing endpoint 'BAKERBAZZAR.API.Controller.UserController.CartDetails (BAKERBAZZAR.API)'
2024-11-13 13:38:15.453 +05:30  INF  Route matched with {action = "CartDetails", controller = "User"}. Executing controller action with signature System.Threading.Tasks.Task`1[Microsoft.AspNetCore.Mvc.ActionResult`1[BAKERBAZZAR.API.Models.ApiResponse]] CartDetails(System.String) on controller BAKERBAZZAR.API.Controller.UserController (BAKERBAZZAR.API).
2024-11-13 13:38:15.473 +05:30  INF  Executing ObjectResult, writing value of type 'BAKERBAZZAR.API.Models.ApiResponse'.
2024-11-13 13:38:15.474 +05:30  INF  Executed action BAKERBAZZAR.API.Controller.UserController.CartDetails (BAKERBAZZAR.API) in 20.4921ms
2024-11-13 13:38:15.474 +05:30  INF  Executed endpoint 'BAKERBAZZAR.API.Controller.UserController.CartDetails (BAKERBAZZAR.API)'
2024-11-13 13:38:15.474 +05:30  INF  Request finished HTTP/1.1 GET http://localhost:5145/User/CartDetails?displayid=54ad4834-4071-46df-9009-2f2bc60bca0a - - - 200 - application/json;+charset=utf-8 21.8559ms
2024-11-13 13:38:15.475 +05:30  INF  Request starting HTTP/1.1 GET http://localhost:5145/User/CartDetails?displayid=54ad4834-4071-46df-9009-2f2bc60bca0a - -
2024-11-13 13:38:15.476 +05:30  INF  CORS policy execution successful.
2024-11-13 13:38:15.476 +05:30  INF  Executing endpoint 'BAKERBAZZAR.API.Controller.UserController.CartDetails (BAKERBAZZAR.API)'
2024-11-13 13:38:15.476 +05:30  INF  Route matched with {action = "CartDetails", controller = "User"}. Executing controller action with signature System.Threading.Tasks.Task`1[Microsoft.AspNetCore.Mvc.ActionResult`1[BAKERBAZZAR.API.Models.ApiResponse]] CartDetails(System.String) on controller BAKERBAZZAR.API.Controller.UserController (BAKERBAZZAR.API).
2024-11-13 13:38:15.478 +05:30  INF  Executing ObjectResult, writing value of type 'BAKERBAZZAR.API.Models.ApiResponse'.
2024-11-13 13:38:15.478 +05:30  INF  Executed action BAKERBAZZAR.API.Controller.UserController.CartDetails (BAKERBAZZAR.API) in 2.407ms
2024-11-13 13:38:15.478 +05:30  INF  Executed endpoint 'BAKERBAZZAR.API.Controller.UserController.CartDetails (BAKERBAZZAR.API)'
2024-11-13 13:38:15.478 +05:30  INF  Request finished HTTP/1.1 GET http://localhost:5145/User/CartDetails?displayid=54ad4834-4071-46df-9009-2f2bc60bca0a - - - 200 - application/json;+charset=utf-8 3.3840ms
2024-11-13 13:39:40.007 +05:30  INF  Request starting HTTP/1.1 GET http://localhost:5145/User/CartDetails?displayid=54ad4834-4071-46df-9009-2f2bc60bca0a - -
2024-11-13 13:39:40.007 +05:30  INF  CORS policy execution successful.
2024-11-13 13:39:40.008 +05:30  INF  Executing endpoint 'BAKERBAZZAR.API.Controller.UserController.CartDetails (BAKERBAZZAR.API)'
2024-11-13 13:39:40.008 +05:30  INF  Route matched with {action = "CartDetails", controller = "User"}. Executing controller action with signature System.Threading.Tasks.Task`1[Microsoft.AspNetCore.Mvc.ActionResult`1[BAKERBAZZAR.API.Models.ApiResponse]] CartDetails(System.String) on controller BAKERBAZZAR.API.Controller.UserController (BAKERBAZZAR.API).
2024-11-13 13:39:40.026 +05:30  INF  Executing ObjectResult, writing value of type 'BAKERBAZZAR.API.Models.ApiResponse'.
2024-11-13 13:39:40.026 +05:30  INF  Executed action BAKERBAZZAR.API.Controller.UserController.CartDetails (BAKERBAZZAR.API) in 17.9618ms
2024-11-13 13:39:40.027 +05:30  INF  Executed endpoint 'BAKERBAZZAR.API.Controller.UserController.CartDetails (BAKERBAZZAR.API)'
2024-11-13 13:39:40.027 +05:30  INF  Request finished HTTP/1.1 GET http://localhost:5145/User/CartDetails?displayid=54ad4834-4071-46df-9009-2f2bc60bca0a - - - 200 - application/json;+charset=utf-8 19.7857ms
2024-11-13 13:39:40.028 +05:30  INF  Request starting HTTP/1.1 GET http://localhost:5145/User/CartDetails?displayid=54ad4834-4071-46df-9009-2f2bc60bca0a - -
2024-11-13 13:39:40.028 +05:30  INF  CORS policy execution successful.
2024-11-13 13:39:40.028 +05:30  INF  Executing endpoint 'BAKERBAZZAR.API.Controller.UserController.CartDetails (BAKERBAZZAR.API)'
2024-11-13 13:39:40.028 +05:30  INF  Route matched with {action = "CartDetails", controller = "User"}. Executing controller action with signature System.Threading.Tasks.Task`1[Microsoft.AspNetCore.Mvc.ActionResult`1[BAKERBAZZAR.API.Models.ApiResponse]] CartDetails(System.String) on controller BAKERBAZZAR.API.Controller.UserController (BAKERBAZZAR.API).
2024-11-13 13:39:40.031 +05:30  INF  Executing ObjectResult, writing value of type 'BAKERBAZZAR.API.Models.ApiResponse'.
2024-11-13 13:39:40.031 +05:30  INF  Executed action BAKERBAZZAR.API.Controller.UserController.CartDetails (BAKERBAZZAR.API) in 2.6731ms
2024-11-13 13:39:40.031 +05:30  INF  Executed endpoint 'BAKERBAZZAR.API.Controller.UserController.CartDetails (BAKERBAZZAR.API)'
2024-11-13 13:39:40.031 +05:30  INF  Request finished HTTP/1.1 GET http://localhost:5145/User/CartDetails?displayid=54ad4834-4071-46df-9009-2f2bc60bca0a - - - 200 - application/json;+charset=utf-8 3.4349ms
2024-11-13 13:44:59.674 +05:30  INF  Request starting HTTP/1.1 GET http://localhost:5145/User/CartDetails?displayid=54ad4834-4071-46df-9009-2f2bc60bca0a - -
2024-11-13 13:44:59.674 +05:30  INF  Request starting HTTP/1.1 GET http://localhost:5145/User/Category - -
2024-11-13 13:44:59.675 +05:30  INF  Request starting HTTP/1.1 GET http://localhost:5145/user/products?categoryid= - -
2024-11-13 13:44:59.676 +05:30  INF  CORS policy execution successful.
2024-11-13 13:44:59.676 +05:30  INF  CORS policy execution successful.
2024-11-13 13:44:59.676 +05:30  INF  CORS policy execution successful.
2024-11-13 13:44:59.677 +05:30  INF  Executing endpoint 'BAKERBAZZAR.API.Controller.UserController.Category (BAKERBAZZAR.API)'
2024-11-13 13:44:59.677 +05:30  INF  Executing endpoint 'BAKERBAZZAR.API.Controller.UserController.Products (BAKERBAZZAR.API)'
2024-11-13 13:44:59.677 +05:30  INF  Executing endpoint 'BAKERBAZZAR.API.Controller.UserController.CartDetails (BAKERBAZZAR.API)'
2024-11-13 13:44:59.678 +05:30  INF  Route matched with {action = "Category", controller = "User"}. Executing controller action with signature System.Threading.Tasks.Task`1[Microsoft.AspNetCore.Mvc.ActionResult`1[BAKERBAZZAR.API.Models.ApiResponse]] Category(System.String) on controller BAKERBAZZAR.API.Controller.UserController (BAKERBAZZAR.API).
2024-11-13 13:44:59.678 +05:30  INF  Route matched with {action = "CartDetails", controller = "User"}. Executing controller action with signature System.Threading.Tasks.Task`1[Microsoft.AspNetCore.Mvc.ActionResult`1[BAKERBAZZAR.API.Models.ApiResponse]] CartDetails(System.String) on controller BAKERBAZZAR.API.Controller.UserController (BAKERBAZZAR.API).
2024-11-13 13:44:59.678 +05:30  INF  Route matched with {action = "Products", controller = "User"}. Executing controller action with signature System.Threading.Tasks.Task`1[Microsoft.AspNetCore.Mvc.ActionResult`1[BAKERBAZZAR.API.Models.ApiResponse]] Products(System.String, System.String) on controller BAKERBAZZAR.API.Controller.UserController (BAKERBAZZAR.API).
2024-11-13 13:44:59.682 +05:30  INF  Request starting HTTP/1.1 GET http://localhost:5145/user/myorders?displayid=e62f03f4-2dcf-4f80-bc23-341651bd9338 - -
2024-11-13 13:44:59.683 +05:30  INF  CORS policy execution successful.
2024-11-13 13:44:59.683 +05:30  INF  Executing endpoint 'BAKERBAZZAR.API.Controller.UserController.MyOrders (BAKERBAZZAR.API)'
2024-11-13 13:44:59.683 +05:30  INF  Route matched with {action = "MyOrders", controller = "User"}. Executing controller action with signature System.Threading.Tasks.Task`1[Microsoft.AspNetCore.Mvc.ActionResult`1[BAKERBAZZAR.API.Models.ApiResponse]] MyOrders(System.String, System.String, System.String) on controller BAKERBAZZAR.API.Controller.UserController (BAKERBAZZAR.API).
2024-11-13 13:44:59.848 +05:30  INF  Executing ObjectResult, writing value of type 'BAKERBAZZAR.API.Models.ApiResponse'.
2024-11-13 13:44:59.849 +05:30  INF  Executed action BAKERBAZZAR.API.Controller.UserController.Category (BAKERBAZZAR.API) in 171.2144ms
2024-11-13 13:44:59.849 +05:30  INF  Executed endpoint 'BAKERBAZZAR.API.Controller.UserController.Category (BAKERBAZZAR.API)'
2024-11-13 13:44:59.849 +05:30  INF  Request finished HTTP/1.1 GET http://localhost:5145/User/Category - - - 200 - application/json;+charset=utf-8 174.8850ms
2024-11-13 13:44:59.851 +05:30  INF  Request starting HTTP/1.1 GET http://localhost:5145/User/Category - -
2024-11-13 13:44:59.852 +05:30  INF  CORS policy execution successful.
2024-11-13 13:44:59.852 +05:30  INF  Executing endpoint 'BAKERBAZZAR.API.Controller.UserController.Category (BAKERBAZZAR.API)'
2024-11-13 13:44:59.852 +05:30  INF  Route matched with {action = "Category", controller = "User"}. Executing controller action with signature System.Threading.Tasks.Task`1[Microsoft.AspNetCore.Mvc.ActionResult`1[BAKERBAZZAR.API.Models.ApiResponse]] Category(System.String) on controller BAKERBAZZAR.API.Controller.UserController (BAKERBAZZAR.API).
2024-11-13 13:44:59.854 +05:30  INF  Executing ObjectResult, writing value of type 'BAKERBAZZAR.API.Models.ApiResponse'.
2024-11-13 13:44:59.855 +05:30  INF  Executed action BAKERBAZZAR.API.Controller.UserController.Category (BAKERBAZZAR.API) in 2.598ms
2024-11-13 13:44:59.855 +05:30  INF  Executed endpoint 'BAKERBAZZAR.API.Controller.UserController.Category (BAKERBAZZAR.API)'
2024-11-13 13:44:59.855 +05:30  INF  Request finished HTTP/1.1 GET http://localhost:5145/User/Category - - - 200 - application/json;+charset=utf-8 3.7246ms
2024-11-13 13:44:59.857 +05:30  INF  Executing ObjectResult, writing value of type 'BAKERBAZZAR.API.Models.ApiResponse'.
2024-11-13 13:44:59.858 +05:30  INF  Executing ObjectResult, writing value of type 'BAKERBAZZAR.API.Models.ApiResponse'.
2024-11-13 13:44:59.858 +05:30  INF  Executed action BAKERBAZZAR.API.Controller.UserController.CartDetails (BAKERBAZZAR.API) in 179.7756ms
2024-11-13 13:44:59.858 +05:30  INF  Executed endpoint 'BAKERBAZZAR.API.Controller.UserController.CartDetails (BAKERBAZZAR.API)'
2024-11-13 13:44:59.858 +05:30  INF  Request finished HTTP/1.1 GET http://localhost:5145/User/CartDetails?displayid=54ad4834-4071-46df-9009-2f2bc60bca0a - - - 200 - application/json;+charset=utf-8 184.2625ms
2024-11-13 13:44:59.859 +05:30  INF  Request starting HTTP/1.1 GET http://localhost:5145/User/CartDetails?displayid=54ad4834-4071-46df-9009-2f2bc60bca0a - -
2024-11-13 13:44:59.860 +05:30  INF  CORS policy execution successful.
2024-11-13 13:44:59.860 +05:30  INF  Executing endpoint 'BAKERBAZZAR.API.Controller.UserController.CartDetails (BAKERBAZZAR.API)'
2024-11-13 13:44:59.860 +05:30  INF  Route matched with {action = "CartDetails", controller = "User"}. Executing controller action with signature System.Threading.Tasks.Task`1[Microsoft.AspNetCore.Mvc.ActionResult`1[BAKERBAZZAR.API.Models.ApiResponse]] CartDetails(System.String) on controller BAKERBAZZAR.API.Controller.UserController (BAKERBAZZAR.API).
2024-11-13 13:44:59.861 +05:30  INF  Executed action BAKERBAZZAR.API.Controller.UserController.Products (BAKERBAZZAR.API) in 182.6274ms
2024-11-13 13:44:59.861 +05:30  INF  Executed endpoint 'BAKERBAZZAR.API.Controller.UserController.Products (BAKERBAZZAR.API)'
2024-11-13 13:44:59.861 +05:30  INF  Request finished HTTP/1.1 GET http://localhost:5145/user/products?categoryid= - - - 200 - application/json;+charset=utf-8 186.0877ms
2024-11-13 13:44:59.862 +05:30  INF  Request starting HTTP/1.1 GET http://localhost:5145/user/products?categoryid= - -
2024-11-13 13:44:59.863 +05:30  INF  CORS policy execution successful.
2024-11-13 13:44:59.863 +05:30  INF  Executing endpoint 'BAKERBAZZAR.API.Controller.UserController.Products (BAKERBAZZAR.API)'
2024-11-13 13:44:59.863 +05:30  INF  Route matched with {action = "Products", controller = "User"}. Executing controller action with signature System.Threading.Tasks.Task`1[Microsoft.AspNetCore.Mvc.ActionResult`1[BAKERBAZZAR.API.Models.ApiResponse]] Products(System.String, System.String) on controller BAKERBAZZAR.API.Controller.UserController (BAKERBAZZAR.API).
2024-11-13 13:44:59.864 +05:30  INF  Executing ObjectResult, writing value of type 'BAKERBAZZAR.API.Models.ApiResponse'.
2024-11-13 13:44:59.865 +05:30  INF  Executed action BAKERBAZZAR.API.Controller.UserController.CartDetails (BAKERBAZZAR.API) in 4.7138ms
2024-11-13 13:44:59.865 +05:30  INF  Executed endpoint 'BAKERBAZZAR.API.Controller.UserController.CartDetails (BAKERBAZZAR.API)'
2024-11-13 13:44:59.865 +05:30  INF  Request finished HTTP/1.1 GET http://localhost:5145/User/CartDetails?displayid=54ad4834-4071-46df-9009-2f2bc60bca0a - - - 200 - application/json;+charset=utf-8 5.5646ms
2024-11-13 13:44:59.868 +05:30  INF  Executing ObjectResult, writing value of type 'BAKERBAZZAR.API.Models.ApiResponse'.
2024-11-13 13:44:59.869 +05:30  INF  Executed action BAKERBAZZAR.API.Controller.UserController.Products (BAKERBAZZAR.API) in 6.054ms
2024-11-13 13:44:59.869 +05:30  INF  Executed endpoint 'BAKERBAZZAR.API.Controller.UserController.Products (BAKERBAZZAR.API)'
2024-11-13 13:44:59.869 +05:30  INF  Request finished HTTP/1.1 GET http://localhost:5145/user/products?categoryid= - - - 200 - application/json;+charset=utf-8 6.8553ms
2024-11-13 13:44:59.892 +05:30  INF  Executing ObjectResult, writing value of type 'BAKERBAZZAR.API.Models.ApiResponse'.
2024-11-13 13:44:59.893 +05:30  INF  Executed action BAKERBAZZAR.API.Controller.UserController.MyOrders (BAKERBAZZAR.API) in 209.6745ms
2024-11-13 13:44:59.893 +05:30  INF  Executed endpoint 'BAKERBAZZAR.API.Controller.UserController.MyOrders (BAKERBAZZAR.API)'
2024-11-13 13:44:59.893 +05:30  INF  Request finished HTTP/1.1 GET http://localhost:5145/user/myorders?displayid=e62f03f4-2dcf-4f80-bc23-341651bd9338 - - - 200 - application/json;+charset=utf-8 210.3118ms
2024-11-13 13:45:07.178 +05:30  INF  Request starting HTTP/1.1 GET http://localhost:5145/User/Category - -
2024-11-13 13:45:07.178 +05:30  INF  Request starting HTTP/1.1 GET http://localhost:5145/User/CartDetails?displayid=54ad4834-4071-46df-9009-2f2bc60bca0a - -
2024-11-13 13:45:07.178 +05:30  INF  Request starting HTTP/1.1 GET http://localhost:5145/user/products?categoryid= - -
2024-11-13 13:45:07.179 +05:30  INF  Request starting HTTP/1.1 GET http://localhost:5145/user/myorders?displayid=e62f03f4-2dcf-4f80-bc23-341651bd9338 - -
2024-11-13 13:45:07.179 +05:30  INF  CORS policy execution successful.
2024-11-13 13:45:07.179 +05:30  INF  CORS policy execution successful.
2024-11-13 13:45:07.179 +05:30  INF  CORS policy execution successful.
2024-11-13 13:45:07.179 +05:30  INF  CORS policy execution successful.
2024-11-13 13:45:07.179 +05:30  INF  Executing endpoint 'BAKERBAZZAR.API.Controller.UserController.Products (BAKERBAZZAR.API)'
2024-11-13 13:45:07.179 +05:30  INF  Route matched with {action = "Products", controller = "User"}. Executing controller action with signature System.Threading.Tasks.Task`1[Microsoft.AspNetCore.Mvc.ActionResult`1[BAKERBAZZAR.API.Models.ApiResponse]] Products(System.String, System.String) on controller BAKERBAZZAR.API.Controller.UserController (BAKERBAZZAR.API).
2024-11-13 13:45:07.180 +05:30  INF  Executing endpoint 'BAKERBAZZAR.API.Controller.UserController.MyOrders (BAKERBAZZAR.API)'
2024-11-13 13:45:07.180 +05:30  INF  Executing endpoint 'BAKERBAZZAR.API.Controller.UserController.CartDetails (BAKERBAZZAR.API)'
2024-11-13 13:45:07.180 +05:30  INF  Route matched with {action = "MyOrders", controller = "User"}. Executing controller action with signature System.Threading.Tasks.Task`1[Microsoft.AspNetCore.Mvc.ActionResult`1[BAKERBAZZAR.API.Models.ApiResponse]] MyOrders(System.String, System.String, System.String) on controller BAKERBAZZAR.API.Controller.UserController (BAKERBAZZAR.API).
2024-11-13 13:45:07.180 +05:30  INF  Route matched with {action = "CartDetails", controller = "User"}. Executing controller action with signature System.Threading.Tasks.Task`1[Microsoft.AspNetCore.Mvc.ActionResult`1[BAKERBAZZAR.API.Models.ApiResponse]] CartDetails(System.String) on controller BAKERBAZZAR.API.Controller.UserController (BAKERBAZZAR.API).
2024-11-13 13:45:07.180 +05:30  INF  Executing endpoint 'BAKERBAZZAR.API.Controller.UserController.Category (BAKERBAZZAR.API)'
2024-11-13 13:45:07.180 +05:30  INF  Route matched with {action = "Category", controller = "User"}. Executing controller action with signature System.Threading.Tasks.Task`1[Microsoft.AspNetCore.Mvc.ActionResult`1[BAKERBAZZAR.API.Models.ApiResponse]] Category(System.String) on controller BAKERBAZZAR.API.Controller.UserController (BAKERBAZZAR.API).
2024-11-13 13:45:07.191 +05:30  INF  Executing ObjectResult, writing value of type 'BAKERBAZZAR.API.Models.ApiResponse'.
2024-11-13 13:45:07.191 +05:30  INF  Executed action BAKERBAZZAR.API.Controller.UserController.Category (BAKERBAZZAR.API) in 11.1903ms
2024-11-13 13:45:07.191 +05:30  INF  Executed endpoint 'BAKERBAZZAR.API.Controller.UserController.Category (BAKERBAZZAR.API)'
2024-11-13 13:45:07.191 +05:30  INF  Request finished HTTP/1.1 GET http://localhost:5145/User/Category - - - 200 - application/json;+charset=utf-8 13.0764ms
2024-11-13 13:45:07.194 +05:30  INF  Executing ObjectResult, writing value of type 'BAKERBAZZAR.API.Models.ApiResponse'.
2024-11-13 13:45:07.194 +05:30  INF  Request starting HTTP/1.1 GET http://localhost:5145/User/Category - -
2024-11-13 13:45:07.194 +05:30  INF  CORS policy execution successful.
2024-11-13 13:45:07.195 +05:30  INF  Executing endpoint 'BAKERBAZZAR.API.Controller.UserController.Category (BAKERBAZZAR.API)'
2024-11-13 13:45:07.195 +05:30  INF  Route matched with {action = "Category", controller = "User"}. Executing controller action with signature System.Threading.Tasks.Task`1[Microsoft.AspNetCore.Mvc.ActionResult`1[BAKERBAZZAR.API.Models.ApiResponse]] Category(System.String) on controller BAKERBAZZAR.API.Controller.UserController (BAKERBAZZAR.API).
2024-11-13 13:45:07.195 +05:30  INF  Executed action BAKERBAZZAR.API.Controller.UserController.Products (BAKERBAZZAR.API) in 15.9253ms
2024-11-13 13:45:07.195 +05:30  INF  Executed endpoint 'BAKERBAZZAR.API.Controller.UserController.Products (BAKERBAZZAR.API)'
2024-11-13 13:45:07.195 +05:30  INF  Request finished HTTP/1.1 GET http://localhost:5145/user/products?categoryid= - - - 200 - application/json;+charset=utf-8 16.7815ms
2024-11-13 13:45:07.197 +05:30  INF  Executing ObjectResult, writing value of type 'BAKERBAZZAR.API.Models.ApiResponse'.
2024-11-13 13:45:07.197 +05:30  INF  Executing ObjectResult, writing value of type 'BAKERBAZZAR.API.Models.ApiResponse'.
2024-11-13 13:45:07.198 +05:30  INF  Executed action BAKERBAZZAR.API.Controller.UserController.Category (BAKERBAZZAR.API) in 2.8728ms
2024-11-13 13:45:07.198 +05:30  INF  Executed endpoint 'BAKERBAZZAR.API.Controller.UserController.Category (BAKERBAZZAR.API)'
2024-11-13 13:45:07.198 +05:30  INF  Executed action BAKERBAZZAR.API.Controller.UserController.MyOrders (BAKERBAZZAR.API) in 18.0587ms
2024-11-13 13:45:07.198 +05:30  INF  Executed endpoint 'BAKERBAZZAR.API.Controller.UserController.MyOrders (BAKERBAZZAR.API)'
2024-11-13 13:45:07.198 +05:30  INF  Request finished HTTP/1.1 GET http://localhost:5145/User/Category - - - 200 - application/json;+charset=utf-8 3.9113ms
2024-11-13 13:45:07.198 +05:30  INF  Request finished HTTP/1.1 GET http://localhost:5145/user/myorders?displayid=e62f03f4-2dcf-4f80-bc23-341651bd9338 - - - 200 - application/json;+charset=utf-8 19.2363ms
2024-11-13 13:45:07.200 +05:30  INF  Request starting HTTP/1.1 GET http://localhost:5145/user/products?categoryid= - -
2024-11-13 13:45:07.200 +05:30  INF  CORS policy execution successful.
2024-11-13 13:45:07.201 +05:30  INF  Executing endpoint 'BAKERBAZZAR.API.Controller.UserController.Products (BAKERBAZZAR.API)'
2024-11-13 13:45:07.201 +05:30  INF  Route matched with {action = "Products", controller = "User"}. Executing controller action with signature System.Threading.Tasks.Task`1[Microsoft.AspNetCore.Mvc.ActionResult`1[BAKERBAZZAR.API.Models.ApiResponse]] Products(System.String, System.String) on controller BAKERBAZZAR.API.Controller.UserController (BAKERBAZZAR.API).
2024-11-13 13:45:07.201 +05:30  INF  Executing ObjectResult, writing value of type 'BAKERBAZZAR.API.Models.ApiResponse'.
2024-11-13 13:45:07.202 +05:30  INF  Executed action BAKERBAZZAR.API.Controller.UserController.CartDetails (BAKERBAZZAR.API) in 22.2666ms
2024-11-13 13:45:07.202 +05:30  INF  Executed endpoint 'BAKERBAZZAR.API.Controller.UserController.CartDetails (BAKERBAZZAR.API)'
2024-11-13 13:45:07.202 +05:30  INF  Request finished HTTP/1.1 GET http://localhost:5145/User/CartDetails?displayid=54ad4834-4071-46df-9009-2f2bc60bca0a - - - 200 - application/json;+charset=utf-8 23.8092ms
2024-11-13 13:45:07.205 +05:30  INF  Request starting HTTP/1.1 GET http://localhost:5145/User/CartDetails?displayid=54ad4834-4071-46df-9009-2f2bc60bca0a - -
2024-11-13 13:45:07.205 +05:30  INF  CORS policy execution successful.
2024-11-13 13:45:07.205 +05:30  INF  Executing endpoint 'BAKERBAZZAR.API.Controller.UserController.CartDetails (BAKERBAZZAR.API)'
2024-11-13 13:45:07.205 +05:30  INF  Route matched with {action = "CartDetails", controller = "User"}. Executing controller action with signature System.Threading.Tasks.Task`1[Microsoft.AspNetCore.Mvc.ActionResult`1[BAKERBAZZAR.API.Models.ApiResponse]] CartDetails(System.String) on controller BAKERBAZZAR.API.Controller.UserController (BAKERBAZZAR.API).
2024-11-13 13:45:07.209 +05:30  INF  Executing ObjectResult, writing value of type 'BAKERBAZZAR.API.Models.ApiResponse'.
2024-11-13 13:45:07.209 +05:30  INF  Executing ObjectResult, writing value of type 'BAKERBAZZAR.API.Models.ApiResponse'.
2024-11-13 13:45:07.210 +05:30  INF  Executed action BAKERBAZZAR.API.Controller.UserController.CartDetails (BAKERBAZZAR.API) in 4.6786ms
2024-11-13 13:45:07.210 +05:30  INF  Executed endpoint 'BAKERBAZZAR.API.Controller.UserController.CartDetails (BAKERBAZZAR.API)'
2024-11-13 13:45:07.210 +05:30  INF  Request finished HTTP/1.1 GET http://localhost:5145/User/CartDetails?displayid=54ad4834-4071-46df-9009-2f2bc60bca0a - - - 200 - application/json;+charset=utf-8 5.6197ms
2024-11-13 13:45:07.217 +05:30  INF  Executed action BAKERBAZZAR.API.Controller.UserController.Products (BAKERBAZZAR.API) in 15.4563ms
2024-11-13 13:45:07.217 +05:30  INF  Executed endpoint 'BAKERBAZZAR.API.Controller.UserController.Products (BAKERBAZZAR.API)'
2024-11-13 13:45:07.217 +05:30  INF  Request finished HTTP/1.1 GET http://localhost:5145/user/products?categoryid= - - - 200 - application/json;+charset=utf-8 17.2198ms
2024-11-13 13:52:21.224 +05:30  INF  Request starting HTTP/1.1 GET http://localhost:5145/User/Category - -
2024-11-13 13:52:21.226 +05:30  INF  Request starting HTTP/1.1 GET http://localhost:5145/User/CartDetails?displayid=54ad4834-4071-46df-9009-2f2bc60bca0a - -
2024-11-13 13:52:21.229 +05:30  INF  Request starting HTTP/1.1 GET http://localhost:5145/user/products?categoryid= - -
2024-11-13 13:52:21.232 +05:30  INF  CORS policy execution successful.
2024-11-13 13:52:21.232 +05:30  INF  CORS policy execution successful.
2024-11-13 13:52:21.232 +05:30  INF  CORS policy execution successful.
2024-11-13 13:52:21.234 +05:30  INF  Executing endpoint 'BAKERBAZZAR.API.Controller.UserController.CartDetails (BAKERBAZZAR.API)'
2024-11-13 13:52:21.234 +05:30  INF  Executing endpoint 'BAKERBAZZAR.API.Controller.UserController.Category (BAKERBAZZAR.API)'
2024-11-13 13:52:21.234 +05:30  INF  Executing endpoint 'BAKERBAZZAR.API.Controller.UserController.Products (BAKERBAZZAR.API)'
2024-11-13 13:52:21.235 +05:30  INF  Route matched with {action = "Products", controller = "User"}. Executing controller action with signature System.Threading.Tasks.Task`1[Microsoft.AspNetCore.Mvc.ActionResult`1[BAKERBAZZAR.API.Models.ApiResponse]] Products(System.String, System.String) on controller BAKERBAZZAR.API.Controller.UserController (BAKERBAZZAR.API).
2024-11-13 13:52:21.235 +05:30  INF  Route matched with {action = "Category", controller = "User"}. Executing controller action with signature System.Threading.Tasks.Task`1[Microsoft.AspNetCore.Mvc.ActionResult`1[BAKERBAZZAR.API.Models.ApiResponse]] Category(System.String) on controller BAKERBAZZAR.API.Controller.UserController (BAKERBAZZAR.API).
2024-11-13 13:52:21.235 +05:30  INF  Route matched with {action = "CartDetails", controller = "User"}. Executing controller action with signature System.Threading.Tasks.Task`1[Microsoft.AspNetCore.Mvc.ActionResult`1[BAKERBAZZAR.API.Models.ApiResponse]] CartDetails(System.String) on controller BAKERBAZZAR.API.Controller.UserController (BAKERBAZZAR.API).
2024-11-13 13:52:21.298 +05:30  INF  Request starting HTTP/1.1 GET http://localhost:5145/user/myorders?displayid=e62f03f4-2dcf-4f80-bc23-341651bd9338 - -
2024-11-13 13:52:21.298 +05:30  INF  CORS policy execution successful.
2024-11-13 13:52:21.298 +05:30  INF  Executing endpoint 'BAKERBAZZAR.API.Controller.UserController.MyOrders (BAKERBAZZAR.API)'
2024-11-13 13:52:21.299 +05:30  INF  Route matched with {action = "MyOrders", controller = "User"}. Executing controller action with signature System.Threading.Tasks.Task`1[Microsoft.AspNetCore.Mvc.ActionResult`1[BAKERBAZZAR.API.Models.ApiResponse]] MyOrders(System.String, System.String, System.String) on controller BAKERBAZZAR.API.Controller.UserController (BAKERBAZZAR.API).
2024-11-13 13:52:21.384 +05:30  INF  Executing ObjectResult, writing value of type 'BAKERBAZZAR.API.Models.ApiResponse'.
2024-11-13 13:52:21.386 +05:30  INF  Executed action BAKERBAZZAR.API.Controller.UserController.Category (BAKERBAZZAR.API) in 150.2078ms
2024-11-13 13:52:21.386 +05:30  INF  Executed endpoint 'BAKERBAZZAR.API.Controller.UserController.Category (BAKERBAZZAR.API)'
2024-11-13 13:52:21.386 +05:30  INF  Request finished HTTP/1.1 GET http://localhost:5145/User/Category - - - 200 - application/json;+charset=utf-8 162.3375ms
2024-11-13 13:52:21.386 +05:30  INF  Executing ObjectResult, writing value of type 'BAKERBAZZAR.API.Models.ApiResponse'.
2024-11-13 13:52:21.388 +05:30  INF  Executed action BAKERBAZZAR.API.Controller.UserController.Products (BAKERBAZZAR.API) in 152.2542ms
2024-11-13 13:52:21.388 +05:30  INF  Executed endpoint 'BAKERBAZZAR.API.Controller.UserController.Products (BAKERBAZZAR.API)'
2024-11-13 13:52:21.388 +05:30  INF  Request finished HTTP/1.1 GET http://localhost:5145/user/products?categoryid= - - - 200 - application/json;+charset=utf-8 158.8829ms
2024-11-13 13:52:21.391 +05:30  INF  Request starting HTTP/1.1 GET http://localhost:5145/User/Category - -
2024-11-13 13:52:21.391 +05:30  INF  CORS policy execution successful.
2024-11-13 13:52:21.391 +05:30  INF  Executing endpoint 'BAKERBAZZAR.API.Controller.UserController.Category (BAKERBAZZAR.API)'
2024-11-13 13:52:21.391 +05:30  INF  Route matched with {action = "Category", controller = "User"}. Executing controller action with signature System.Threading.Tasks.Task`1[Microsoft.AspNetCore.Mvc.ActionResult`1[BAKERBAZZAR.API.Models.ApiResponse]] Category(System.String) on controller BAKERBAZZAR.API.Controller.UserController (BAKERBAZZAR.API).
2024-11-13 13:52:21.394 +05:30  INF  Request starting HTTP/1.1 GET http://localhost:5145/user/products?categoryid= - -
2024-11-13 13:52:21.394 +05:30  INF  CORS policy execution successful.
2024-11-13 13:52:21.394 +05:30  INF  Executing endpoint 'BAKERBAZZAR.API.Controller.UserController.Products (BAKERBAZZAR.API)'
2024-11-13 13:52:21.395 +05:30  INF  Route matched with {action = "Products", controller = "User"}. Executing controller action with signature System.Threading.Tasks.Task`1[Microsoft.AspNetCore.Mvc.ActionResult`1[BAKERBAZZAR.API.Models.ApiResponse]] Products(System.String, System.String) on controller BAKERBAZZAR.API.Controller.UserController (BAKERBAZZAR.API).
2024-11-13 13:52:21.396 +05:30  INF  Executing ObjectResult, writing value of type 'BAKERBAZZAR.API.Models.ApiResponse'.
2024-11-13 13:52:21.396 +05:30  INF  Executing ObjectResult, writing value of type 'BAKERBAZZAR.API.Models.ApiResponse'.
2024-11-13 13:52:21.397 +05:30  INF  Executed action BAKERBAZZAR.API.Controller.UserController.Category (BAKERBAZZAR.API) in 4.9194ms
2024-11-13 13:52:21.397 +05:30  INF  Executed endpoint 'BAKERBAZZAR.API.Controller.UserController.Category (BAKERBAZZAR.API)'
2024-11-13 13:52:21.397 +05:30  INF  Request finished HTTP/1.1 GET http://localhost:5145/User/Category - - - 200 - application/json;+charset=utf-8 6.1510ms
2024-11-13 13:52:21.397 +05:30  INF  Executed action BAKERBAZZAR.API.Controller.UserController.MyOrders (BAKERBAZZAR.API) in 97.9341ms
2024-11-13 13:52:21.397 +05:30  INF  Executed endpoint 'BAKERBAZZAR.API.Controller.UserController.MyOrders (BAKERBAZZAR.API)'
2024-11-13 13:52:21.397 +05:30  INF  Request finished HTTP/1.1 GET http://localhost:5145/user/myorders?displayid=e62f03f4-2dcf-4f80-bc23-341651bd9338 - - - 200 - application/json;+charset=utf-8 99.2478ms
2024-11-13 13:52:21.402 +05:30  INF  Executing ObjectResult, writing value of type 'BAKERBAZZAR.API.Models.ApiResponse'.
2024-11-13 13:52:21.403 +05:30  INF  Executing ObjectResult, writing value of type 'BAKERBAZZAR.API.Models.ApiResponse'.
2024-11-13 13:52:21.403 +05:30  INF  Executed action BAKERBAZZAR.API.Controller.UserController.Products (BAKERBAZZAR.API) in 8.5914ms
2024-11-13 13:52:21.403 +05:30  INF  Executed endpoint 'BAKERBAZZAR.API.Controller.UserController.Products (BAKERBAZZAR.API)'
2024-11-13 13:52:21.404 +05:30  INF  Request finished HTTP/1.1 GET http://localhost:5145/user/products?categoryid= - - - 200 - application/json;+charset=utf-8 9.7381ms
2024-11-13 13:52:21.404 +05:30  INF  Executed action BAKERBAZZAR.API.Controller.UserController.CartDetails (BAKERBAZZAR.API) in 168.4868ms
2024-11-13 13:52:21.404 +05:30  INF  Executed endpoint 'BAKERBAZZAR.API.Controller.UserController.CartDetails (BAKERBAZZAR.API)'
2024-11-13 13:52:21.404 +05:30  INF  Request finished HTTP/1.1 GET http://localhost:5145/User/CartDetails?displayid=54ad4834-4071-46df-9009-2f2bc60bca0a - - - 200 - application/json;+charset=utf-8 178.0631ms
2024-11-13 13:52:21.409 +05:30  INF  Request starting HTTP/1.1 GET http://localhost:5145/User/CartDetails?displayid=54ad4834-4071-46df-9009-2f2bc60bca0a - -
2024-11-13 13:52:21.409 +05:30  INF  CORS policy execution successful.
2024-11-13 13:52:21.410 +05:30  INF  Executing endpoint 'BAKERBAZZAR.API.Controller.UserController.CartDetails (BAKERBAZZAR.API)'
2024-11-13 13:52:21.410 +05:30  INF  Route matched with {action = "CartDetails", controller = "User"}. Executing controller action with signature System.Threading.Tasks.Task`1[Microsoft.AspNetCore.Mvc.ActionResult`1[BAKERBAZZAR.API.Models.ApiResponse]] CartDetails(System.String) on controller BAKERBAZZAR.API.Controller.UserController (BAKERBAZZAR.API).
2024-11-13 13:52:21.417 +05:30  INF  Executing ObjectResult, writing value of type 'BAKERBAZZAR.API.Models.ApiResponse'.
2024-11-13 13:52:21.418 +05:30  INF  Executed action BAKERBAZZAR.API.Controller.UserController.CartDetails (BAKERBAZZAR.API) in 8.4075ms
2024-11-13 13:52:21.418 +05:30  INF  Executed endpoint 'BAKERBAZZAR.API.Controller.UserController.CartDetails (BAKERBAZZAR.API)'
2024-11-13 13:52:21.418 +05:30  INF  Request finished HTTP/1.1 GET http://localhost:5145/User/CartDetails?displayid=54ad4834-4071-46df-9009-2f2bc60bca0a - - - 200 - application/json;+charset=utf-8 9.2954ms
2024-11-13 13:52:35.889 +05:30  INF  Request starting HTTP/1.1 GET http://localhost:5145/User/Category - -
2024-11-13 13:52:35.891 +05:30  INF  Request starting HTTP/1.1 GET http://localhost:5145/user/products?categoryid= - -
2024-11-13 13:52:35.891 +05:30  INF  CORS policy execution successful.
2024-11-13 13:52:35.891 +05:30  INF  CORS policy execution successful.
2024-11-13 13:52:35.891 +05:30  INF  Executing endpoint 'BAKERBAZZAR.API.Controller.UserController.Products (BAKERBAZZAR.API)'
2024-11-13 13:52:35.891 +05:30  INF  Executing endpoint 'BAKERBAZZAR.API.Controller.UserController.Category (BAKERBAZZAR.API)'
2024-11-13 13:52:35.892 +05:30  INF  Route matched with {action = "Category", controller = "User"}. Executing controller action with signature System.Threading.Tasks.Task`1[Microsoft.AspNetCore.Mvc.ActionResult`1[BAKERBAZZAR.API.Models.ApiResponse]] Category(System.String) on controller BAKERBAZZAR.API.Controller.UserController (BAKERBAZZAR.API).
2024-11-13 13:52:35.892 +05:30  INF  Route matched with {action = "Products", controller = "User"}. Executing controller action with signature System.Threading.Tasks.Task`1[Microsoft.AspNetCore.Mvc.ActionResult`1[BAKERBAZZAR.API.Models.ApiResponse]] Products(System.String, System.String) on controller BAKERBAZZAR.API.Controller.UserController (BAKERBAZZAR.API).
2024-11-13 13:52:35.931 +05:30  INF  Executing ObjectResult, writing value of type 'BAKERBAZZAR.API.Models.ApiResponse'.
2024-11-13 13:52:35.932 +05:30  INF  Executed action BAKERBAZZAR.API.Controller.UserController.Category (BAKERBAZZAR.API) in 40.6776ms
2024-11-13 13:52:35.932 +05:30  INF  Executed endpoint 'BAKERBAZZAR.API.Controller.UserController.Category (BAKERBAZZAR.API)'
2024-11-13 13:52:35.933 +05:30  INF  Request finished HTTP/1.1 GET http://localhost:5145/User/Category - - - 200 - application/json;+charset=utf-8 43.8772ms
2024-11-13 13:52:35.933 +05:30  INF  Request starting HTTP/1.1 GET http://localhost:5145/user/myorders?displayid=e62f03f4-2dcf-4f80-bc23-341651bd9338 - -
2024-11-13 13:52:35.934 +05:30  INF  CORS policy execution successful.
2024-11-13 13:52:35.936 +05:30  INF  Executing endpoint 'BAKERBAZZAR.API.Controller.UserController.MyOrders (BAKERBAZZAR.API)'
2024-11-13 13:52:35.937 +05:30  INF  Route matched with {action = "MyOrders", controller = "User"}. Executing controller action with signature System.Threading.Tasks.Task`1[Microsoft.AspNetCore.Mvc.ActionResult`1[BAKERBAZZAR.API.Models.ApiResponse]] MyOrders(System.String, System.String, System.String) on controller BAKERBAZZAR.API.Controller.UserController (BAKERBAZZAR.API).
2024-11-13 13:52:35.939 +05:30  INF  Request starting HTTP/1.1 GET http://localhost:5145/User/Category - -
2024-11-13 13:52:35.939 +05:30  INF  CORS policy execution successful.
2024-11-13 13:52:35.939 +05:30  INF  Executing endpoint 'BAKERBAZZAR.API.Controller.UserController.Category (BAKERBAZZAR.API)'
2024-11-13 13:52:35.939 +05:30  INF  Route matched with {action = "Category", controller = "User"}. Executing controller action with signature System.Threading.Tasks.Task`1[Microsoft.AspNetCore.Mvc.ActionResult`1[BAKERBAZZAR.API.Models.ApiResponse]] Category(System.String) on controller BAKERBAZZAR.API.Controller.UserController (BAKERBAZZAR.API).
2024-11-13 13:52:35.985 +05:30  INF  Executing ObjectResult, writing value of type 'BAKERBAZZAR.API.Models.ApiResponse'.
2024-11-13 13:52:35.986 +05:30  INF  Executed action BAKERBAZZAR.API.Controller.UserController.Category (BAKERBAZZAR.API) in 47.0485ms
2024-11-13 13:52:35.986 +05:30  INF  Executed endpoint 'BAKERBAZZAR.API.Controller.UserController.Category (BAKERBAZZAR.API)'
2024-11-13 13:52:35.986 +05:30  INF  Request finished HTTP/1.1 GET http://localhost:5145/User/Category - - - 200 - application/json;+charset=utf-8 47.7381ms
2024-11-13 13:52:35.986 +05:30  INF  Executing ObjectResult, writing value of type 'BAKERBAZZAR.API.Models.ApiResponse'.
2024-11-13 13:52:35.996 +05:30  INF  Executed action BAKERBAZZAR.API.Controller.UserController.Products (BAKERBAZZAR.API) in 104.3738ms
2024-11-13 13:52:35.996 +05:30  INF  Executed endpoint 'BAKERBAZZAR.API.Controller.UserController.Products (BAKERBAZZAR.API)'
2024-11-13 13:52:35.997 +05:30  INF  Request finished HTTP/1.1 GET http://localhost:5145/user/products?categoryid= - - - 200 - application/json;+charset=utf-8 106.2153ms
2024-11-13 13:52:35.997 +05:30  INF  Request starting HTTP/1.1 GET http://localhost:5145/user/products?categoryid= - -
2024-11-13 13:52:35.998 +05:30  INF  CORS policy execution successful.
2024-11-13 13:52:35.998 +05:30  INF  Executing endpoint 'BAKERBAZZAR.API.Controller.UserController.Products (BAKERBAZZAR.API)'
2024-11-13 13:52:35.998 +05:30  INF  Route matched with {action = "Products", controller = "User"}. Executing controller action with signature System.Threading.Tasks.Task`1[Microsoft.AspNetCore.Mvc.ActionResult`1[BAKERBAZZAR.API.Models.ApiResponse]] Products(System.String, System.String) on controller BAKERBAZZAR.API.Controller.UserController (BAKERBAZZAR.API).
2024-11-13 13:52:36.007 +05:30  INF  Executing ObjectResult, writing value of type 'BAKERBAZZAR.API.Models.ApiResponse'.
2024-11-13 13:52:36.009 +05:30  INF  Executed action BAKERBAZZAR.API.Controller.UserController.Products (BAKERBAZZAR.API) in 10.6379ms
2024-11-13 13:52:36.009 +05:30  INF  Executed endpoint 'BAKERBAZZAR.API.Controller.UserController.Products (BAKERBAZZAR.API)'
2024-11-13 13:52:36.009 +05:30  INF  Request finished HTTP/1.1 GET http://localhost:5145/user/products?categoryid= - - - 200 - application/json;+charset=utf-8 11.3861ms
2024-11-13 13:52:36.108 +05:30  INF  Executing ObjectResult, writing value of type 'BAKERBAZZAR.API.Models.ApiResponse'.
2024-11-13 13:52:36.108 +05:30  INF  Executed action BAKERBAZZAR.API.Controller.UserController.MyOrders (BAKERBAZZAR.API) in 171.755ms
2024-11-13 13:52:36.108 +05:30  INF  Executed endpoint 'BAKERBAZZAR.API.Controller.UserController.MyOrders (BAKERBAZZAR.API)'
2024-11-13 13:52:36.109 +05:30  INF  Request finished HTTP/1.1 GET http://localhost:5145/user/myorders?displayid=e62f03f4-2dcf-4f80-bc23-341651bd9338 - - - 200 - application/json;+charset=utf-8 175.0812ms
2024-11-13 13:52:44.158 +05:30  INF  Request starting HTTP/1.1 GET http://localhost:5145/User/Category - -
2024-11-13 13:52:44.158 +05:30  INF  CORS policy execution successful.
2024-11-13 13:52:44.158 +05:30  INF  Executing endpoint 'BAKERBAZZAR.API.Controller.UserController.Category (BAKERBAZZAR.API)'
2024-11-13 13:52:44.158 +05:30  INF  Route matched with {action = "Category", controller = "User"}. Executing controller action with signature System.Threading.Tasks.Task`1[Microsoft.AspNetCore.Mvc.ActionResult`1[BAKERBAZZAR.API.Models.ApiResponse]] Category(System.String) on controller BAKERBAZZAR.API.Controller.UserController (BAKERBAZZAR.API).
2024-11-13 13:52:44.160 +05:30  INF  Request starting HTTP/1.1 GET http://localhost:5145/user/products?categoryid= - -
2024-11-13 13:52:44.160 +05:30  INF  CORS policy execution successful.
2024-11-13 13:52:44.160 +05:30  INF  Executing endpoint 'BAKERBAZZAR.API.Controller.UserController.Products (BAKERBAZZAR.API)'
2024-11-13 13:52:44.160 +05:30  INF  Route matched with {action = "Products", controller = "User"}. Executing controller action with signature System.Threading.Tasks.Task`1[Microsoft.AspNetCore.Mvc.ActionResult`1[BAKERBAZZAR.API.Models.ApiResponse]] Products(System.String, System.String) on controller BAKERBAZZAR.API.Controller.UserController (BAKERBAZZAR.API).
2024-11-13 13:52:44.200 +05:30  INF  Executing ObjectResult, writing value of type 'BAKERBAZZAR.API.Models.ApiResponse'.
2024-11-13 13:52:44.200 +05:30  INF  Executed action BAKERBAZZAR.API.Controller.UserController.Category (BAKERBAZZAR.API) in 41.7025ms
2024-11-13 13:52:44.200 +05:30  INF  Executed endpoint 'BAKERBAZZAR.API.Controller.UserController.Category (BAKERBAZZAR.API)'
2024-11-13 13:52:44.200 +05:30  INF  Request finished HTTP/1.1 GET http://localhost:5145/User/Category - - - 200 - application/json;+charset=utf-8 42.2058ms
2024-11-13 13:52:44.206 +05:30  INF  Executing ObjectResult, writing value of type 'BAKERBAZZAR.API.Models.ApiResponse'.
2024-11-13 13:52:44.209 +05:30  INF  Request starting HTTP/1.1 GET http://localhost:5145/User/Category - -
2024-11-13 13:52:44.209 +05:30  INF  CORS policy execution successful.
2024-11-13 13:52:44.209 +05:30  INF  Executing endpoint 'BAKERBAZZAR.API.Controller.UserController.Category (BAKERBAZZAR.API)'
2024-11-13 13:52:44.237 +05:30  INF  Executed action BAKERBAZZAR.API.Controller.UserController.Products (BAKERBAZZAR.API) in 77.0858ms
2024-11-13 13:52:44.237 +05:30  INF  Request starting HTTP/1.1 GET http://localhost:5145/user/myorders?displayid=e62f03f4-2dcf-4f80-bc23-341651bd9338 - -
2024-11-13 13:52:44.237 +05:30  INF  Executed endpoint 'BAKERBAZZAR.API.Controller.UserController.Products (BAKERBAZZAR.API)'
2024-11-13 13:52:44.238 +05:30  INF  Request finished HTTP/1.1 GET http://localhost:5145/user/products?categoryid= - - - 200 - application/json;+charset=utf-8 78.0103ms
2024-11-13 13:52:44.238 +05:30  INF  CORS policy execution successful.
2024-11-13 13:52:44.238 +05:30  INF  Executing endpoint 'BAKERBAZZAR.API.Controller.UserController.MyOrders (BAKERBAZZAR.API)'
2024-11-13 13:52:44.238 +05:30  INF  Request starting HTTP/1.1 GET http://localhost:5145/user/products?categoryid= - -
2024-11-13 13:52:44.238 +05:30  INF  Route matched with {action = "MyOrders", controller = "User"}. Executing controller action with signature System.Threading.Tasks.Task`1[Microsoft.AspNetCore.Mvc.ActionResult`1[BAKERBAZZAR.API.Models.ApiResponse]] MyOrders(System.String, System.String, System.String) on controller BAKERBAZZAR.API.Controller.UserController (BAKERBAZZAR.API).
2024-11-13 13:52:44.238 +05:30  INF  Route matched with {action = "Category", controller = "User"}. Executing controller action with signature System.Threading.Tasks.Task`1[Microsoft.AspNetCore.Mvc.ActionResult`1[BAKERBAZZAR.API.Models.ApiResponse]] Category(System.String) on controller BAKERBAZZAR.API.Controller.UserController (BAKERBAZZAR.API).
2024-11-13 13:52:44.238 +05:30  INF  CORS policy execution successful.
2024-11-13 13:52:44.239 +05:30  INF  Executing endpoint 'BAKERBAZZAR.API.Controller.UserController.Products (BAKERBAZZAR.API)'
2024-11-13 13:52:44.239 +05:30  INF  Route matched with {action = "Products", controller = "User"}. Executing controller action with signature System.Threading.Tasks.Task`1[Microsoft.AspNetCore.Mvc.ActionResult`1[BAKERBAZZAR.API.Models.ApiResponse]] Products(System.String, System.String) on controller BAKERBAZZAR.API.Controller.UserController (BAKERBAZZAR.API).
2024-11-13 13:52:44.248 +05:30  INF  Executing ObjectResult, writing value of type 'BAKERBAZZAR.API.Models.ApiResponse'.
2024-11-13 13:52:44.248 +05:30  INF  Executed action BAKERBAZZAR.API.Controller.UserController.Category (BAKERBAZZAR.API) in 8.8872ms
2024-11-13 13:52:44.248 +05:30  INF  Executed endpoint 'BAKERBAZZAR.API.Controller.UserController.Category (BAKERBAZZAR.API)'
2024-11-13 13:52:44.248 +05:30  INF  Request finished HTTP/1.1 GET http://localhost:5145/User/Category - - - 200 - application/json;+charset=utf-8 39.1579ms
2024-11-13 13:52:44.258 +05:30  INF  Executing ObjectResult, writing value of type 'BAKERBAZZAR.API.Models.ApiResponse'.
2024-11-13 13:52:44.260 +05:30  INF  Executed action BAKERBAZZAR.API.Controller.UserController.Products (BAKERBAZZAR.API) in 19.5898ms
2024-11-13 13:52:44.260 +05:30  INF  Executed endpoint 'BAKERBAZZAR.API.Controller.UserController.Products (BAKERBAZZAR.API)'
2024-11-13 13:52:44.260 +05:30  INF  Request finished HTTP/1.1 GET http://localhost:5145/user/products?categoryid= - - - 200 - application/json;+charset=utf-8 22.6023ms
2024-11-13 13:52:44.356 +05:30  INF  Executing ObjectResult, writing value of type 'BAKERBAZZAR.API.Models.ApiResponse'.
2024-11-13 13:52:44.356 +05:30  INF  Executed action BAKERBAZZAR.API.Controller.UserController.MyOrders (BAKERBAZZAR.API) in 118.5462ms
2024-11-13 13:52:44.356 +05:30  INF  Executed endpoint 'BAKERBAZZAR.API.Controller.UserController.MyOrders (BAKERBAZZAR.API)'
2024-11-13 13:52:44.357 +05:30  INF  Request finished HTTP/1.1 GET http://localhost:5145/user/myorders?displayid=e62f03f4-2dcf-4f80-bc23-341651bd9338 - - - 200 - application/json;+charset=utf-8 119.0411ms
2024-11-13 13:52:48.226 +05:30  INF  Request starting HTTP/1.1 GET http://localhost:5145/User/Category - -
2024-11-13 13:52:48.226 +05:30  INF  CORS policy execution successful.
2024-11-13 13:52:48.226 +05:30  INF  Executing endpoint 'BAKERBAZZAR.API.Controller.UserController.Category (BAKERBAZZAR.API)'
2024-11-13 13:52:48.227 +05:30  INF  Route matched with {action = "Category", controller = "User"}. Executing controller action with signature System.Threading.Tasks.Task`1[Microsoft.AspNetCore.Mvc.ActionResult`1[BAKERBAZZAR.API.Models.ApiResponse]] Category(System.String) on controller BAKERBAZZAR.API.Controller.UserController (BAKERBAZZAR.API).
2024-11-13 13:52:48.228 +05:30  INF  Request starting HTTP/1.1 GET http://localhost:5145/user/products?categoryid= - -
2024-11-13 13:52:48.229 +05:30  INF  CORS policy execution successful.
2024-11-13 13:52:48.229 +05:30  INF  Executing endpoint 'BAKERBAZZAR.API.Controller.UserController.Products (BAKERBAZZAR.API)'
2024-11-13 13:52:48.229 +05:30  INF  Route matched with {action = "Products", controller = "User"}. Executing controller action with signature System.Threading.Tasks.Task`1[Microsoft.AspNetCore.Mvc.ActionResult`1[BAKERBAZZAR.API.Models.ApiResponse]] Products(System.String, System.String) on controller BAKERBAZZAR.API.Controller.UserController (BAKERBAZZAR.API).
2024-11-13 13:52:48.229 +05:30  INF  Executing ObjectResult, writing value of type 'BAKERBAZZAR.API.Models.ApiResponse'.
2024-11-13 13:52:48.229 +05:30  INF  Executed action BAKERBAZZAR.API.Controller.UserController.Category (BAKERBAZZAR.API) in 2.7388ms
2024-11-13 13:52:48.229 +05:30  INF  Executed endpoint 'BAKERBAZZAR.API.Controller.UserController.Category (BAKERBAZZAR.API)'
2024-11-13 13:52:48.229 +05:30  INF  Request finished HTTP/1.1 GET http://localhost:5145/User/Category - - - 200 - application/json;+charset=utf-8 3.2695ms
2024-11-13 13:52:48.231 +05:30  INF  Request starting HTTP/1.1 GET http://localhost:5145/User/Category - -
2024-11-13 13:52:48.232 +05:30  INF  CORS policy execution successful.
2024-11-13 13:52:48.233 +05:30  INF  Executing endpoint 'BAKERBAZZAR.API.Controller.UserController.Category (BAKERBAZZAR.API)'
2024-11-13 13:52:48.233 +05:30  INF  Route matched with {action = "Category", controller = "User"}. Executing controller action with signature System.Threading.Tasks.Task`1[Microsoft.AspNetCore.Mvc.ActionResult`1[BAKERBAZZAR.API.Models.ApiResponse]] Category(System.String) on controller BAKERBAZZAR.API.Controller.UserController (BAKERBAZZAR.API).
2024-11-13 13:52:48.236 +05:30  INF  Executing ObjectResult, writing value of type 'BAKERBAZZAR.API.Models.ApiResponse'.
2024-11-13 13:52:48.236 +05:30  INF  Executed action BAKERBAZZAR.API.Controller.UserController.Category (BAKERBAZZAR.API) in 3.4254ms
2024-11-13 13:52:48.236 +05:30  INF  Executed endpoint 'BAKERBAZZAR.API.Controller.UserController.Category (BAKERBAZZAR.API)'
2024-11-13 13:52:48.236 +05:30  INF  Request finished HTTP/1.1 GET http://localhost:5145/User/Category - - - 200 - application/json;+charset=utf-8 5.0476ms
2024-11-13 13:52:48.241 +05:30  INF  Executing ObjectResult, writing value of type 'BAKERBAZZAR.API.Models.ApiResponse'.
2024-11-13 13:52:48.254 +05:30  INF  Executed action BAKERBAZZAR.API.Controller.UserController.Products (BAKERBAZZAR.API) in 24.9299ms
2024-11-13 13:52:48.254 +05:30  INF  Executed endpoint 'BAKERBAZZAR.API.Controller.UserController.Products (BAKERBAZZAR.API)'
2024-11-13 13:52:48.254 +05:30  INF  Request finished HTTP/1.1 GET http://localhost:5145/user/products?categoryid= - - - 200 - application/json;+charset=utf-8 25.4581ms
2024-11-13 13:52:48.255 +05:30  INF  Request starting HTTP/1.1 GET http://localhost:5145/user/products?categoryid= - -
2024-11-13 13:52:48.255 +05:30  INF  CORS policy execution successful.
2024-11-13 13:52:48.255 +05:30  INF  Executing endpoint 'BAKERBAZZAR.API.Controller.UserController.Products (BAKERBAZZAR.API)'
2024-11-13 13:52:48.255 +05:30  INF  Route matched with {action = "Products", controller = "User"}. Executing controller action with signature System.Threading.Tasks.Task`1[Microsoft.AspNetCore.Mvc.ActionResult`1[BAKERBAZZAR.API.Models.ApiResponse]] Products(System.String, System.String) on controller BAKERBAZZAR.API.Controller.UserController (BAKERBAZZAR.API).
2024-11-13 13:52:48.262 +05:30  INF  Request starting HTTP/1.1 GET http://localhost:5145/user/myorders?displayid=e62f03f4-2dcf-4f80-bc23-341651bd9338 - -
2024-11-13 13:52:48.262 +05:30  INF  CORS policy execution successful.
2024-11-13 13:52:48.263 +05:30  INF  Executing endpoint 'BAKERBAZZAR.API.Controller.UserController.MyOrders (BAKERBAZZAR.API)'
2024-11-13 13:52:48.263 +05:30  INF  Route matched with {action = "MyOrders", controller = "User"}. Executing controller action with signature System.Threading.Tasks.Task`1[Microsoft.AspNetCore.Mvc.ActionResult`1[BAKERBAZZAR.API.Models.ApiResponse]] MyOrders(System.String, System.String, System.String) on controller BAKERBAZZAR.API.Controller.UserController (BAKERBAZZAR.API).
2024-11-13 13:52:48.268 +05:30  INF  Executing ObjectResult, writing value of type 'BAKERBAZZAR.API.Models.ApiResponse'.
2024-11-13 13:52:48.281 +05:30  INF  Executed action BAKERBAZZAR.API.Controller.UserController.Products (BAKERBAZZAR.API) in 26.065ms
2024-11-13 13:52:48.282 +05:30  INF  Executed endpoint 'BAKERBAZZAR.API.Controller.UserController.Products (BAKERBAZZAR.API)'
2024-11-13 13:52:48.282 +05:30  INF  Request finished HTTP/1.1 GET http://localhost:5145/user/products?categoryid= - - - 200 - application/json;+charset=utf-8 26.8143ms
2024-11-13 13:52:48.283 +05:30  INF  Executing ObjectResult, writing value of type 'BAKERBAZZAR.API.Models.ApiResponse'.
2024-11-13 13:52:48.284 +05:30  INF  Executed action BAKERBAZZAR.API.Controller.UserController.MyOrders (BAKERBAZZAR.API) in 21.1985ms
2024-11-13 13:52:48.284 +05:30  INF  Executed endpoint 'BAKERBAZZAR.API.Controller.UserController.MyOrders (BAKERBAZZAR.API)'
2024-11-13 13:52:48.284 +05:30  INF  Request finished HTTP/1.1 GET http://localhost:5145/user/myorders?displayid=e62f03f4-2dcf-4f80-bc23-341651bd9338 - - - 200 - application/json;+charset=utf-8 21.7632ms
2024-11-13 13:52:52.527 +05:30  INF  Request starting HTTP/1.1 GET http://localhost:5145/user/products?categoryid=3e85ca1f-91c2-42f2-9b05-bd920051c25e - -
2024-11-13 13:52:52.527 +05:30  INF  CORS policy execution successful.
2024-11-13 13:52:52.527 +05:30  INF  Executing endpoint 'BAKERBAZZAR.API.Controller.UserController.Products (BAKERBAZZAR.API)'
2024-11-13 13:52:52.527 +05:30  INF  Route matched with {action = "Products", controller = "User"}. Executing controller action with signature System.Threading.Tasks.Task`1[Microsoft.AspNetCore.Mvc.ActionResult`1[BAKERBAZZAR.API.Models.ApiResponse]] Products(System.String, System.String) on controller BAKERBAZZAR.API.Controller.UserController (BAKERBAZZAR.API).
2024-11-13 13:52:52.541 +05:30  INF  Executing ObjectResult, writing value of type 'BAKERBAZZAR.API.Models.ApiResponse'.
2024-11-13 13:52:52.541 +05:30  INF  Executed action BAKERBAZZAR.API.Controller.UserController.Products (BAKERBAZZAR.API) in 13.3746ms
2024-11-13 13:52:52.541 +05:30  INF  Executed endpoint 'BAKERBAZZAR.API.Controller.UserController.Products (BAKERBAZZAR.API)'
2024-11-13 13:52:52.541 +05:30  INF  Request finished HTTP/1.1 GET http://localhost:5145/user/products?categoryid=3e85ca1f-91c2-42f2-9b05-bd920051c25e - - - 200 - application/json;+charset=utf-8 14.2845ms
2024-11-13 13:53:10.654 +05:30  INF  Request starting HTTP/1.1 GET http://localhost:5145/User/Category - -
2024-11-13 13:53:10.654 +05:30  INF  CORS policy execution successful.
2024-11-13 13:53:10.654 +05:30  INF  Executing endpoint 'BAKERBAZZAR.API.Controller.UserController.Category (BAKERBAZZAR.API)'
2024-11-13 13:53:10.655 +05:30  INF  Route matched with {action = "Category", controller = "User"}. Executing controller action with signature System.Threading.Tasks.Task`1[Microsoft.AspNetCore.Mvc.ActionResult`1[BAKERBAZZAR.API.Models.ApiResponse]] Category(System.String) on controller BAKERBAZZAR.API.Controller.UserController (BAKERBAZZAR.API).
2024-11-13 13:53:10.656 +05:30  INF  Request starting HTTP/1.1 GET http://localhost:5145/user/products?categoryid= - -
2024-11-13 13:53:10.656 +05:30  INF  CORS policy execution successful.
2024-11-13 13:53:10.657 +05:30  INF  Executing endpoint 'BAKERBAZZAR.API.Controller.UserController.Products (BAKERBAZZAR.API)'
2024-11-13 13:53:10.657 +05:30  INF  Route matched with {action = "Products", controller = "User"}. Executing controller action with signature System.Threading.Tasks.Task`1[Microsoft.AspNetCore.Mvc.ActionResult`1[BAKERBAZZAR.API.Models.ApiResponse]] Products(System.String, System.String) on controller BAKERBAZZAR.API.Controller.UserController (BAKERBAZZAR.API).
2024-11-13 13:53:10.677 +05:30  INF  Executing ObjectResult, writing value of type 'BAKERBAZZAR.API.Models.ApiResponse'.
2024-11-13 13:53:10.677 +05:30  INF  Executed action BAKERBAZZAR.API.Controller.UserController.Category (BAKERBAZZAR.API) in 22.3358ms
2024-11-13 13:53:10.677 +05:30  INF  Executed endpoint 'BAKERBAZZAR.API.Controller.UserController.Category (BAKERBAZZAR.API)'
2024-11-13 13:53:10.677 +05:30  INF  Request finished HTTP/1.1 GET http://localhost:5145/User/Category - - - 200 - application/json;+charset=utf-8 23.8719ms
2024-11-13 13:53:10.680 +05:30  INF  Request starting HTTP/1.1 GET http://localhost:5145/User/Category - -
2024-11-13 13:53:10.680 +05:30  INF  CORS policy execution successful.
2024-11-13 13:53:10.680 +05:30  INF  Executing endpoint 'BAKERBAZZAR.API.Controller.UserController.Category (BAKERBAZZAR.API)'
2024-11-13 13:53:10.681 +05:30  INF  Route matched with {action = "Category", controller = "User"}. Executing controller action with signature System.Threading.Tasks.Task`1[Microsoft.AspNetCore.Mvc.ActionResult`1[BAKERBAZZAR.API.Models.ApiResponse]] Category(System.String) on controller BAKERBAZZAR.API.Controller.UserController (BAKERBAZZAR.API).
2024-11-13 13:53:10.684 +05:30  INF  Executing ObjectResult, writing value of type 'BAKERBAZZAR.API.Models.ApiResponse'.
2024-11-13 13:53:10.684 +05:30  INF  Executing ObjectResult, writing value of type 'BAKERBAZZAR.API.Models.ApiResponse'.
2024-11-13 13:53:10.684 +05:30  INF  Executed action BAKERBAZZAR.API.Controller.UserController.Category (BAKERBAZZAR.API) in 3.3418ms
2024-11-13 13:53:10.684 +05:30  INF  Executed endpoint 'BAKERBAZZAR.API.Controller.UserController.Category (BAKERBAZZAR.API)'
2024-11-13 13:53:10.684 +05:30  INF  Request finished HTTP/1.1 GET http://localhost:5145/User/Category - - - 200 - application/json;+charset=utf-8 4.2875ms
2024-11-13 13:53:10.685 +05:30  INF  Executed action BAKERBAZZAR.API.Controller.UserController.Products (BAKERBAZZAR.API) in 27.9566ms
2024-11-13 13:53:10.685 +05:30  INF  Executed endpoint 'BAKERBAZZAR.API.Controller.UserController.Products (BAKERBAZZAR.API)'
2024-11-13 13:53:10.685 +05:30  INF  Request finished HTTP/1.1 GET http://localhost:5145/user/products?categoryid= - - - 200 - application/json;+charset=utf-8 28.5468ms
2024-11-13 13:53:10.690 +05:30  INF  Request starting HTTP/1.1 GET http://localhost:5145/user/products?categoryid= - -
2024-11-13 13:53:10.691 +05:30  INF  CORS policy execution successful.
2024-11-13 13:53:10.691 +05:30  INF  Executing endpoint 'BAKERBAZZAR.API.Controller.UserController.Products (BAKERBAZZAR.API)'
2024-11-13 13:53:10.691 +05:30  INF  Route matched with {action = "Products", controller = "User"}. Executing controller action with signature System.Threading.Tasks.Task`1[Microsoft.AspNetCore.Mvc.ActionResult`1[BAKERBAZZAR.API.Models.ApiResponse]] Products(System.String, System.String) on controller BAKERBAZZAR.API.Controller.UserController (BAKERBAZZAR.API).
2024-11-13 13:53:10.696 +05:30  INF  Request starting HTTP/1.1 GET http://localhost:5145/user/myorders?displayid=e62f03f4-2dcf-4f80-bc23-341651bd9338 - -
2024-11-13 13:53:10.696 +05:30  INF  CORS policy execution successful.
2024-11-13 13:53:10.696 +05:30  INF  Executing endpoint 'BAKERBAZZAR.API.Controller.UserController.MyOrders (BAKERBAZZAR.API)'
2024-11-13 13:53:10.696 +05:30  INF  Route matched with {action = "MyOrders", controller = "User"}. Executing controller action with signature System.Threading.Tasks.Task`1[Microsoft.AspNetCore.Mvc.ActionResult`1[BAKERBAZZAR.API.Models.ApiResponse]] MyOrders(System.String, System.String, System.String) on controller BAKERBAZZAR.API.Controller.UserController (BAKERBAZZAR.API).
2024-11-13 13:53:10.698 +05:30  INF  Executing ObjectResult, writing value of type 'BAKERBAZZAR.API.Models.ApiResponse'.
2024-11-13 13:53:10.698 +05:30  INF  Executed action BAKERBAZZAR.API.Controller.UserController.Products (BAKERBAZZAR.API) in 7.4647ms
2024-11-13 13:53:10.699 +05:30  INF  Executed endpoint 'BAKERBAZZAR.API.Controller.UserController.Products (BAKERBAZZAR.API)'
2024-11-13 13:53:10.699 +05:30  INF  Request finished HTTP/1.1 GET http://localhost:5145/user/products?categoryid= - - - 200 - application/json;+charset=utf-8 8.6661ms
2024-11-13 13:53:10.751 +05:30  INF  Executing ObjectResult, writing value of type 'BAKERBAZZAR.API.Models.ApiResponse'.
2024-11-13 13:53:10.751 +05:30  INF  Executed action BAKERBAZZAR.API.Controller.UserController.MyOrders (BAKERBAZZAR.API) in 54.9427ms
2024-11-13 13:53:10.752 +05:30  INF  Executed endpoint 'BAKERBAZZAR.API.Controller.UserController.MyOrders (BAKERBAZZAR.API)'
2024-11-13 13:53:10.752 +05:30  INF  Request finished HTTP/1.1 GET http://localhost:5145/user/myorders?displayid=e62f03f4-2dcf-4f80-bc23-341651bd9338 - - - 200 - application/json;+charset=utf-8 55.5124ms
2024-11-13 13:53:42.201 +05:30  INF  Request starting HTTP/1.1 GET http://localhost:5145/User/Category - -
2024-11-13 13:53:42.202 +05:30  INF  CORS policy execution successful.
2024-11-13 13:53:42.202 +05:30  INF  Executing endpoint 'BAKERBAZZAR.API.Controller.UserController.Category (BAKERBAZZAR.API)'
2024-11-13 13:53:42.202 +05:30  INF  Route matched with {action = "Category", controller = "User"}. Executing controller action with signature System.Threading.Tasks.Task`1[Microsoft.AspNetCore.Mvc.ActionResult`1[BAKERBAZZAR.API.Models.ApiResponse]] Category(System.String) on controller BAKERBAZZAR.API.Controller.UserController (BAKERBAZZAR.API).
2024-11-13 13:53:42.207 +05:30  INF  Request starting HTTP/1.1 GET http://localhost:5145/user/products?categoryid= - -
2024-11-13 13:53:42.207 +05:30  INF  CORS policy execution successful.
2024-11-13 13:53:42.208 +05:30  INF  Executing endpoint 'BAKERBAZZAR.API.Controller.UserController.Products (BAKERBAZZAR.API)'
2024-11-13 13:53:42.208 +05:30  INF  Route matched with {action = "Products", controller = "User"}. Executing controller action with signature System.Threading.Tasks.Task`1[Microsoft.AspNetCore.Mvc.ActionResult`1[BAKERBAZZAR.API.Models.ApiResponse]] Products(System.String, System.String) on controller BAKERBAZZAR.API.Controller.UserController (BAKERBAZZAR.API).
2024-11-13 13:53:42.222 +05:30  INF  Executing ObjectResult, writing value of type 'BAKERBAZZAR.API.Models.ApiResponse'.
2024-11-13 13:53:42.222 +05:30  INF  Executed action BAKERBAZZAR.API.Controller.UserController.Category (BAKERBAZZAR.API) in 20.3666ms
2024-11-13 13:53:42.223 +05:30  INF  Executed endpoint 'BAKERBAZZAR.API.Controller.UserController.Category (BAKERBAZZAR.API)'
2024-11-13 13:53:42.223 +05:30  INF  Request finished HTTP/1.1 GET http://localhost:5145/User/Category - - - 200 - application/json;+charset=utf-8 21.7770ms
2024-11-13 13:53:42.226 +05:30  INF  Request starting HTTP/1.1 GET http://localhost:5145/User/Category - -
2024-11-13 13:53:42.226 +05:30  INF  CORS policy execution successful.
2024-11-13 13:53:42.226 +05:30  INF  Executing endpoint 'BAKERBAZZAR.API.Controller.UserController.Category (BAKERBAZZAR.API)'
2024-11-13 13:53:42.226 +05:30  INF  Route matched with {action = "Category", controller = "User"}. Executing controller action with signature System.Threading.Tasks.Task`1[Microsoft.AspNetCore.Mvc.ActionResult`1[BAKERBAZZAR.API.Models.ApiResponse]] Category(System.String) on controller BAKERBAZZAR.API.Controller.UserController (BAKERBAZZAR.API).
2024-11-13 13:53:42.226 +05:30  INF  Executing ObjectResult, writing value of type 'BAKERBAZZAR.API.Models.ApiResponse'.
2024-11-13 13:53:42.228 +05:30  INF  Executed action BAKERBAZZAR.API.Controller.UserController.Products (BAKERBAZZAR.API) in 20.4938ms
2024-11-13 13:53:42.228 +05:30  INF  Executed endpoint 'BAKERBAZZAR.API.Controller.UserController.Products (BAKERBAZZAR.API)'
2024-11-13 13:53:42.228 +05:30  INF  Request finished HTTP/1.1 GET http://localhost:5145/user/products?categoryid= - - - 200 - application/json;+charset=utf-8 21.0814ms
2024-11-13 13:53:42.229 +05:30  INF  Executing ObjectResult, writing value of type 'BAKERBAZZAR.API.Models.ApiResponse'.
2024-11-13 13:53:42.229 +05:30  INF  Executed action BAKERBAZZAR.API.Controller.UserController.Category (BAKERBAZZAR.API) in 2.4383ms
2024-11-13 13:53:42.229 +05:30  INF  Executed endpoint 'BAKERBAZZAR.API.Controller.UserController.Category (BAKERBAZZAR.API)'
2024-11-13 13:53:42.229 +05:30  INF  Request finished HTTP/1.1 GET http://localhost:5145/User/Category - - - 200 - application/json;+charset=utf-8 2.8765ms
2024-11-13 13:53:42.230 +05:30  INF  Request starting HTTP/1.1 GET http://localhost:5145/user/products?categoryid= - -
2024-11-13 13:53:42.230 +05:30  INF  CORS policy execution successful.
2024-11-13 13:53:42.230 +05:30  INF  Executing endpoint 'BAKERBAZZAR.API.Controller.UserController.Products (BAKERBAZZAR.API)'
2024-11-13 13:53:42.231 +05:30  INF  Route matched with {action = "Products", controller = "User"}. Executing controller action with signature System.Threading.Tasks.Task`1[Microsoft.AspNetCore.Mvc.ActionResult`1[BAKERBAZZAR.API.Models.ApiResponse]] Products(System.String, System.String) on controller BAKERBAZZAR.API.Controller.UserController (BAKERBAZZAR.API).
2024-11-13 13:53:42.238 +05:30  INF  Executing ObjectResult, writing value of type 'BAKERBAZZAR.API.Models.ApiResponse'.
2024-11-13 13:53:42.239 +05:30  INF  Executed action BAKERBAZZAR.API.Controller.UserController.Products (BAKERBAZZAR.API) in 8.4801ms
2024-11-13 13:53:42.239 +05:30  INF  Executed endpoint 'BAKERBAZZAR.API.Controller.UserController.Products (BAKERBAZZAR.API)'
2024-11-13 13:53:42.239 +05:30  INF  Request finished HTTP/1.1 GET http://localhost:5145/user/products?categoryid= - - - 200 - application/json;+charset=utf-8 9.0140ms
2024-11-13 13:53:42.295 +05:30  INF  Request starting HTTP/1.1 GET http://localhost:5145/user/myorders?displayid=e62f03f4-2dcf-4f80-bc23-341651bd9338 - -
2024-11-13 13:53:42.295 +05:30  INF  CORS policy execution successful.
2024-11-13 13:53:42.295 +05:30  INF  Executing endpoint 'BAKERBAZZAR.API.Controller.UserController.MyOrders (BAKERBAZZAR.API)'
2024-11-13 13:53:42.295 +05:30  INF  Route matched with {action = "MyOrders", controller = "User"}. Executing controller action with signature System.Threading.Tasks.Task`1[Microsoft.AspNetCore.Mvc.ActionResult`1[BAKERBAZZAR.API.Models.ApiResponse]] MyOrders(System.String, System.String, System.String) on controller BAKERBAZZAR.API.Controller.UserController (BAKERBAZZAR.API).
2024-11-13 13:53:42.328 +05:30  INF  Executing ObjectResult, writing value of type 'BAKERBAZZAR.API.Models.ApiResponse'.
2024-11-13 13:53:42.328 +05:30  INF  Executed action BAKERBAZZAR.API.Controller.UserController.MyOrders (BAKERBAZZAR.API) in 32.8212ms
2024-11-13 13:53:42.328 +05:30  INF  Executed endpoint 'BAKERBAZZAR.API.Controller.UserController.MyOrders (BAKERBAZZAR.API)'
2024-11-13 13:53:42.328 +05:30  INF  Request finished HTTP/1.1 GET http://localhost:5145/user/myorders?displayid=e62f03f4-2dcf-4f80-bc23-341651bd9338 - - - 200 - application/json;+charset=utf-8 33.6401ms
2024-11-13 13:53:55.597 +05:30  INF  Request starting HTTP/1.1 GET http://localhost:5145/User/Category - -
2024-11-13 13:53:55.597 +05:30  INF  CORS policy execution successful.
2024-11-13 13:53:55.597 +05:30  INF  Executing endpoint 'BAKERBAZZAR.API.Controller.UserController.Category (BAKERBAZZAR.API)'
2024-11-13 13:53:55.597 +05:30  INF  Route matched with {action = "Category", controller = "User"}. Executing controller action with signature System.Threading.Tasks.Task`1[Microsoft.AspNetCore.Mvc.ActionResult`1[BAKERBAZZAR.API.Models.ApiResponse]] Category(System.String) on controller BAKERBAZZAR.API.Controller.UserController (BAKERBAZZAR.API).
2024-11-13 13:53:55.601 +05:30  INF  Request starting HTTP/1.1 GET http://localhost:5145/user/products?categoryid= - -
2024-11-13 13:53:55.602 +05:30  INF  CORS policy execution successful.
2024-11-13 13:53:55.602 +05:30  INF  Executing endpoint 'BAKERBAZZAR.API.Controller.UserController.Products (BAKERBAZZAR.API)'
2024-11-13 13:53:55.602 +05:30  INF  Route matched with {action = "Products", controller = "User"}. Executing controller action with signature System.Threading.Tasks.Task`1[Microsoft.AspNetCore.Mvc.ActionResult`1[BAKERBAZZAR.API.Models.ApiResponse]] Products(System.String, System.String) on controller BAKERBAZZAR.API.Controller.UserController (BAKERBAZZAR.API).
2024-11-13 13:53:55.613 +05:30  INF  Executing ObjectResult, writing value of type 'BAKERBAZZAR.API.Models.ApiResponse'.
2024-11-13 13:53:55.613 +05:30  INF  Executed action BAKERBAZZAR.API.Controller.UserController.Category (BAKERBAZZAR.API) in 15.5924ms
2024-11-13 13:53:55.613 +05:30  INF  Executed endpoint 'BAKERBAZZAR.API.Controller.UserController.Category (BAKERBAZZAR.API)'
2024-11-13 13:53:55.613 +05:30  INF  Request finished HTTP/1.1 GET http://localhost:5145/User/Category - - - 200 - application/json;+charset=utf-8 17.1427ms
2024-11-13 13:53:55.615 +05:30  INF  Request starting HTTP/1.1 GET http://localhost:5145/User/Category - -
2024-11-13 13:53:55.616 +05:30  INF  CORS policy execution successful.
2024-11-13 13:53:55.616 +05:30  INF  Executing endpoint 'BAKERBAZZAR.API.Controller.UserController.Category (BAKERBAZZAR.API)'
2024-11-13 13:53:55.616 +05:30  INF  Route matched with {action = "Category", controller = "User"}. Executing controller action with signature System.Threading.Tasks.Task`1[Microsoft.AspNetCore.Mvc.ActionResult`1[BAKERBAZZAR.API.Models.ApiResponse]] Category(System.String) on controller BAKERBAZZAR.API.Controller.UserController (BAKERBAZZAR.API).
2024-11-13 13:53:55.619 +05:30  INF  Executing ObjectResult, writing value of type 'BAKERBAZZAR.API.Models.ApiResponse'.
2024-11-13 13:53:55.619 +05:30  INF  Executed action BAKERBAZZAR.API.Controller.UserController.Category (BAKERBAZZAR.API) in 2.7737ms
2024-11-13 13:53:55.619 +05:30  INF  Executed endpoint 'BAKERBAZZAR.API.Controller.UserController.Category (BAKERBAZZAR.API)'
2024-11-13 13:53:55.619 +05:30  INF  Request finished HTTP/1.1 GET http://localhost:5145/User/Category - - - 200 - application/json;+charset=utf-8 3.8464ms
2024-11-13 13:53:55.622 +05:30  INF  Executing ObjectResult, writing value of type 'BAKERBAZZAR.API.Models.ApiResponse'.
2024-11-13 13:53:55.623 +05:30  INF  Executed action BAKERBAZZAR.API.Controller.UserController.Products (BAKERBAZZAR.API) in 21.1634ms
2024-11-13 13:53:55.623 +05:30  INF  Executed endpoint 'BAKERBAZZAR.API.Controller.UserController.Products (BAKERBAZZAR.API)'
2024-11-13 13:53:55.623 +05:30  INF  Request finished HTTP/1.1 GET http://localhost:5145/user/products?categoryid= - - - 200 - application/json;+charset=utf-8 22.4906ms
2024-11-13 13:53:55.627 +05:30  INF  Request starting HTTP/1.1 GET http://localhost:5145/user/products?categoryid= - -
2024-11-13 13:53:55.627 +05:30  INF  CORS policy execution successful.
2024-11-13 13:53:55.628 +05:30  INF  Executing endpoint 'BAKERBAZZAR.API.Controller.UserController.Products (BAKERBAZZAR.API)'
2024-11-13 13:53:55.628 +05:30  INF  Route matched with {action = "Products", controller = "User"}. Executing controller action with signature System.Threading.Tasks.Task`1[Microsoft.AspNetCore.Mvc.ActionResult`1[BAKERBAZZAR.API.Models.ApiResponse]] Products(System.String, System.String) on controller BAKERBAZZAR.API.Controller.UserController (BAKERBAZZAR.API).
2024-11-13 13:53:55.634 +05:30  INF  Executing ObjectResult, writing value of type 'BAKERBAZZAR.API.Models.ApiResponse'.
2024-11-13 13:53:55.635 +05:30  INF  Executed action BAKERBAZZAR.API.Controller.UserController.Products (BAKERBAZZAR.API) in 7.7344ms
2024-11-13 13:53:55.636 +05:30  INF  Executed endpoint 'BAKERBAZZAR.API.Controller.UserController.Products (BAKERBAZZAR.API)'
2024-11-13 13:53:55.636 +05:30  INF  Request finished HTTP/1.1 GET http://localhost:5145/user/products?categoryid= - - - 200 - application/json;+charset=utf-8 8.8909ms
2024-11-13 13:53:55.703 +05:30  INF  Request starting HTTP/1.1 GET http://localhost:5145/user/myorders?displayid=e62f03f4-2dcf-4f80-bc23-341651bd9338 - -
2024-11-13 13:53:55.703 +05:30  INF  CORS policy execution successful.
2024-11-13 13:53:55.703 +05:30  INF  Executing endpoint 'BAKERBAZZAR.API.Controller.UserController.MyOrders (BAKERBAZZAR.API)'
2024-11-13 13:53:55.703 +05:30  INF  Route matched with {action = "MyOrders", controller = "User"}. Executing controller action with signature System.Threading.Tasks.Task`1[Microsoft.AspNetCore.Mvc.ActionResult`1[BAKERBAZZAR.API.Models.ApiResponse]] MyOrders(System.String, System.String, System.String) on controller BAKERBAZZAR.API.Controller.UserController (BAKERBAZZAR.API).
2024-11-13 13:53:55.734 +05:30  INF  Executing ObjectResult, writing value of type 'BAKERBAZZAR.API.Models.ApiResponse'.
2024-11-13 13:53:55.735 +05:30  INF  Executed action BAKERBAZZAR.API.Controller.UserController.MyOrders (BAKERBAZZAR.API) in 31.7831ms
2024-11-13 13:53:55.735 +05:30  INF  Executed endpoint 'BAKERBAZZAR.API.Controller.UserController.MyOrders (BAKERBAZZAR.API)'
2024-11-13 13:53:55.736 +05:30  INF  Request finished HTTP/1.1 GET http://localhost:5145/user/myorders?displayid=e62f03f4-2dcf-4f80-bc23-341651bd9338 - - - 200 - application/json;+charset=utf-8 33.5504ms
2024-11-13 13:57:12.693 +05:30  INF  Request starting HTTP/1.1 OPTIONS http://localhost:5145/User/AddToCart - -
2024-11-13 13:57:12.694 +05:30  INF  CORS policy execution successful.
2024-11-13 13:57:12.700 +05:30  INF  Request finished HTTP/1.1 OPTIONS http://localhost:5145/User/AddToCart - - - 204 - - 8.2823ms
2024-11-13 13:57:12.703 +05:30  INF  Request starting HTTP/1.1 POST http://localhost:5145/User/AddToCart application/json 141
2024-11-13 13:57:12.703 +05:30  INF  CORS policy execution successful.
2024-11-13 13:57:12.703 +05:30  INF  Executing endpoint 'BAKERBAZZAR.API.Controller.UserController.AddToCart (BAKERBAZZAR.API)'
2024-11-13 13:57:12.704 +05:30  INF  Route matched with {action = "AddToCart", controller = "User"}. Executing controller action with signature System.Threading.Tasks.Task`1[Microsoft.AspNetCore.Mvc.ActionResult`1[BAKERBAZZAR.API.Models.ApiResponse]] AddToCart(BAKERBAZZAR.API.Models.IO_Templates.AddToCartRequest) on controller BAKERBAZZAR.API.Controller.UserController (BAKERBAZZAR.API).
2024-11-13 13:57:12.807 +05:30  INF  Executing ObjectResult, writing value of type 'BAKERBAZZAR.API.Models.ApiResponse'.
2024-11-13 13:57:12.808 +05:30  INF  Executed action BAKERBAZZAR.API.Controller.UserController.AddToCart (BAKERBAZZAR.API) in 103.5662ms
2024-11-13 13:57:12.808 +05:30  INF  Executed endpoint 'BAKERBAZZAR.API.Controller.UserController.AddToCart (BAKERBAZZAR.API)'
2024-11-13 13:57:12.808 +05:30  INF  Request finished HTTP/1.1 POST http://localhost:5145/User/AddToCart application/json 141 - 200 - application/json;+charset=utf-8 106.0658ms
2024-11-13 13:57:15.050 +05:30  INF  Request starting HTTP/1.1 GET http://localhost:5145/User/CartDetails?displayid=54ad4834-4071-46df-9009-2f2bc60bca0a - -
2024-11-13 13:57:15.050 +05:30  INF  CORS policy execution successful.
2024-11-13 13:57:15.050 +05:30  INF  Executing endpoint 'BAKERBAZZAR.API.Controller.UserController.CartDetails (BAKERBAZZAR.API)'
2024-11-13 13:57:15.050 +05:30  INF  Route matched with {action = "CartDetails", controller = "User"}. Executing controller action with signature System.Threading.Tasks.Task`1[Microsoft.AspNetCore.Mvc.ActionResult`1[BAKERBAZZAR.API.Models.ApiResponse]] CartDetails(System.String) on controller BAKERBAZZAR.API.Controller.UserController (BAKERBAZZAR.API).
2024-11-13 13:57:15.097 +05:30  INF  Executing ObjectResult, writing value of type 'BAKERBAZZAR.API.Models.ApiResponse'.
2024-11-13 13:57:15.097 +05:30  INF  Executed action BAKERBAZZAR.API.Controller.UserController.CartDetails (BAKERBAZZAR.API) in 46.6354ms
2024-11-13 13:57:15.097 +05:30  INF  Executed endpoint 'BAKERBAZZAR.API.Controller.UserController.CartDetails (BAKERBAZZAR.API)'
2024-11-13 13:57:15.097 +05:30  INF  Request finished HTTP/1.1 GET http://localhost:5145/User/CartDetails?displayid=54ad4834-4071-46df-9009-2f2bc60bca0a - - - 200 - application/json;+charset=utf-8 47.5446ms
2024-11-13 13:57:15.099 +05:30  INF  Request starting HTTP/1.1 GET http://localhost:5145/User/CartDetails?displayid=54ad4834-4071-46df-9009-2f2bc60bca0a - -
2024-11-13 13:57:15.099 +05:30  INF  CORS policy execution successful.
2024-11-13 13:57:15.099 +05:30  INF  Executing endpoint 'BAKERBAZZAR.API.Controller.UserController.CartDetails (BAKERBAZZAR.API)'
2024-11-13 13:57:15.099 +05:30  INF  Route matched with {action = "CartDetails", controller = "User"}. Executing controller action with signature System.Threading.Tasks.Task`1[Microsoft.AspNetCore.Mvc.ActionResult`1[BAKERBAZZAR.API.Models.ApiResponse]] CartDetails(System.String) on controller BAKERBAZZAR.API.Controller.UserController (BAKERBAZZAR.API).
2024-11-13 13:57:15.102 +05:30  INF  Executing ObjectResult, writing value of type 'BAKERBAZZAR.API.Models.ApiResponse'.
2024-11-13 13:57:15.102 +05:30  INF  Executed action BAKERBAZZAR.API.Controller.UserController.CartDetails (BAKERBAZZAR.API) in 2.768ms
2024-11-13 13:57:15.102 +05:30  INF  Executed endpoint 'BAKERBAZZAR.API.Controller.UserController.CartDetails (BAKERBAZZAR.API)'
2024-11-13 13:57:15.102 +05:30  INF  Request finished HTTP/1.1 GET http://localhost:5145/User/CartDetails?displayid=54ad4834-4071-46df-9009-2f2bc60bca0a - - - 200 - application/json;+charset=utf-8 3.3202ms
2024-11-13 13:57:31.600 +05:30  INF  Request starting HTTP/1.1 GET http://localhost:5145/User/CartDetails?displayid=54ad4834-4071-46df-9009-2f2bc60bca0a - -
2024-11-13 13:57:31.600 +05:30  INF  CORS policy execution successful.
2024-11-13 13:57:31.600 +05:30  INF  Executing endpoint 'BAKERBAZZAR.API.Controller.UserController.CartDetails (BAKERBAZZAR.API)'
2024-11-13 13:57:31.600 +05:30  INF  Route matched with {action = "CartDetails", controller = "User"}. Executing controller action with signature System.Threading.Tasks.Task`1[Microsoft.AspNetCore.Mvc.ActionResult`1[BAKERBAZZAR.API.Models.ApiResponse]] CartDetails(System.String) on controller BAKERBAZZAR.API.Controller.UserController (BAKERBAZZAR.API).
2024-11-13 13:57:31.616 +05:30  INF  Executing ObjectResult, writing value of type 'BAKERBAZZAR.API.Models.ApiResponse'.
2024-11-13 13:57:31.616 +05:30  INF  Executed action BAKERBAZZAR.API.Controller.UserController.CartDetails (BAKERBAZZAR.API) in 15.8915ms
2024-11-13 13:57:31.616 +05:30  INF  Executed endpoint 'BAKERBAZZAR.API.Controller.UserController.CartDetails (BAKERBAZZAR.API)'
2024-11-13 13:57:31.616 +05:30  INF  Request finished HTTP/1.1 GET http://localhost:5145/User/CartDetails?displayid=54ad4834-4071-46df-9009-2f2bc60bca0a - - - 200 - application/json;+charset=utf-8 16.4074ms
2024-11-13 13:57:31.617 +05:30  INF  Request starting HTTP/1.1 GET http://localhost:5145/User/CartDetails?displayid=54ad4834-4071-46df-9009-2f2bc60bca0a - -
2024-11-13 13:57:31.618 +05:30  INF  CORS policy execution successful.
2024-11-13 13:57:31.618 +05:30  INF  Executing endpoint 'BAKERBAZZAR.API.Controller.UserController.CartDetails (BAKERBAZZAR.API)'
2024-11-13 13:57:31.618 +05:30  INF  Route matched with {action = "CartDetails", controller = "User"}. Executing controller action with signature System.Threading.Tasks.Task`1[Microsoft.AspNetCore.Mvc.ActionResult`1[BAKERBAZZAR.API.Models.ApiResponse]] CartDetails(System.String) on controller BAKERBAZZAR.API.Controller.UserController (BAKERBAZZAR.API).
2024-11-13 13:57:31.621 +05:30  INF  Executing ObjectResult, writing value of type 'BAKERBAZZAR.API.Models.ApiResponse'.
2024-11-13 13:57:31.621 +05:30  INF  Executed action BAKERBAZZAR.API.Controller.UserController.CartDetails (BAKERBAZZAR.API) in 3.3004ms
2024-11-13 13:57:31.621 +05:30  INF  Executed endpoint 'BAKERBAZZAR.API.Controller.UserController.CartDetails (BAKERBAZZAR.API)'
2024-11-13 13:57:31.621 +05:30  INF  Request finished HTTP/1.1 GET http://localhost:5145/User/CartDetails?displayid=54ad4834-4071-46df-9009-2f2bc60bca0a - - - 200 - application/json;+charset=utf-8 3.7296ms
2024-11-13 13:58:21.526 +05:30  INF  Request starting HTTP/1.1 GET http://localhost:5145/User/CartDetails?displayid=54ad4834-4071-46df-9009-2f2bc60bca0a - -
2024-11-13 13:58:21.528 +05:30  INF  CORS policy execution successful.
2024-11-13 13:58:21.528 +05:30  INF  Executing endpoint 'BAKERBAZZAR.API.Controller.UserController.CartDetails (BAKERBAZZAR.API)'
2024-11-13 13:58:21.529 +05:30  INF  Route matched with {action = "CartDetails", controller = "User"}. Executing controller action with signature System.Threading.Tasks.Task`1[Microsoft.AspNetCore.Mvc.ActionResult`1[BAKERBAZZAR.API.Models.ApiResponse]] CartDetails(System.String) on controller BAKERBAZZAR.API.Controller.UserController (BAKERBAZZAR.API).
2024-11-13 13:58:21.567 +05:30  INF  Executing ObjectResult, writing value of type 'BAKERBAZZAR.API.Models.ApiResponse'.
2024-11-13 13:58:21.567 +05:30  INF  Executed action BAKERBAZZAR.API.Controller.UserController.CartDetails (BAKERBAZZAR.API) in 38.2533ms
2024-11-13 13:58:21.567 +05:30  INF  Executed endpoint 'BAKERBAZZAR.API.Controller.UserController.CartDetails (BAKERBAZZAR.API)'
2024-11-13 13:58:21.567 +05:30  INF  Request finished HTTP/1.1 GET http://localhost:5145/User/CartDetails?displayid=54ad4834-4071-46df-9009-2f2bc60bca0a - - - 200 - application/json;+charset=utf-8 41.0431ms
2024-11-13 13:58:21.569 +05:30  INF  Request starting HTTP/1.1 GET http://localhost:5145/User/CartDetails?displayid=54ad4834-4071-46df-9009-2f2bc60bca0a - -
2024-11-13 13:58:21.569 +05:30  INF  CORS policy execution successful.
2024-11-13 13:58:21.569 +05:30  INF  Executing endpoint 'BAKERBAZZAR.API.Controller.UserController.CartDetails (BAKERBAZZAR.API)'
2024-11-13 13:58:21.570 +05:30  INF  Route matched with {action = "CartDetails", controller = "User"}. Executing controller action with signature System.Threading.Tasks.Task`1[Microsoft.AspNetCore.Mvc.ActionResult`1[BAKERBAZZAR.API.Models.ApiResponse]] CartDetails(System.String) on controller BAKERBAZZAR.API.Controller.UserController (BAKERBAZZAR.API).
2024-11-13 13:58:21.575 +05:30  INF  Executing ObjectResult, writing value of type 'BAKERBAZZAR.API.Models.ApiResponse'.
2024-11-13 13:58:21.575 +05:30  INF  Executed action BAKERBAZZAR.API.Controller.UserController.CartDetails (BAKERBAZZAR.API) in 5.6673ms
2024-11-13 13:58:21.575 +05:30  INF  Executed endpoint 'BAKERBAZZAR.API.Controller.UserController.CartDetails (BAKERBAZZAR.API)'
2024-11-13 13:58:21.575 +05:30  INF  Request finished HTTP/1.1 GET http://localhost:5145/User/CartDetails?displayid=54ad4834-4071-46df-9009-2f2bc60bca0a - - - 200 - application/json;+charset=utf-8 6.0315ms
2024-11-13 14:00:21.856 +05:30  INF  Request starting HTTP/1.1 OPTIONS http://localhost:5145/authentication/login - -
2024-11-13 14:00:21.858 +05:30  INF  CORS policy execution successful.
2024-11-13 14:00:21.862 +05:30  INF  Request finished HTTP/1.1 OPTIONS http://localhost:5145/authentication/login - - - 204 - - 8.2668ms
2024-11-13 14:00:21.865 +05:30  INF  Request starting HTTP/1.1 POST http://localhost:5145/authentication/login application/json 37
2024-11-13 14:00:21.865 +05:30  INF  CORS policy execution successful.
2024-11-13 14:00:21.865 +05:30  INF  Executing endpoint 'BAKERBAZZAR.API.Controller.AuthenticationController.VerifyUser (BAKERBAZZAR.API)'
2024-11-13 14:00:21.866 +05:30  INF  Route matched with {action = "VerifyUser", controller = "Authentication"}. Executing controller action with signature System.Threading.Tasks.Task`1[Microsoft.AspNetCore.Mvc.ActionResult`1[BAKERBAZZAR.API.Models.ApiResponse]] VerifyUser(BAKERBAZZAR.API.Models.IO_Templates.LoginRequest) on controller BAKERBAZZAR.API.Controller.AuthenticationController (BAKERBAZZAR.API).
2024-11-13 14:00:21.880 +05:30  INF  verify user execution start
2024-11-13 14:00:22.014 +05:30  INF  verify user execution end
2024-11-13 14:00:22.014 +05:30  INF  Executing ObjectResult, writing value of type 'BAKERBAZZAR.API.Models.ApiResponse'.
2024-11-13 14:00:22.014 +05:30  INF  Executed action BAKERBAZZAR.API.Controller.AuthenticationController.VerifyUser (BAKERBAZZAR.API) in 147.7393ms
2024-11-13 14:00:22.014 +05:30  INF  Executed endpoint 'BAKERBAZZAR.API.Controller.AuthenticationController.VerifyUser (BAKERBAZZAR.API)'
2024-11-13 14:00:22.014 +05:30  INF  Request finished HTTP/1.1 POST http://localhost:5145/authentication/login application/json 37 - 200 - application/json;+charset=utf-8 150.4897ms
2024-11-13 14:00:22.076 +05:30  INF  Request starting HTTP/1.1 OPTIONS http://localhost:5145/user/dashboard?displayid=e62f03f4-2dcf-4f80-bc23-341651bd9338 - -
2024-11-13 14:00:22.076 +05:30  INF  CORS policy execution successful.
2024-11-13 14:00:22.076 +05:30  INF  Request finished HTTP/1.1 OPTIONS http://localhost:5145/user/dashboard?displayid=e62f03f4-2dcf-4f80-bc23-341651bd9338 - - - 204 - - 0.2434ms
2024-11-13 14:00:22.078 +05:30  INF  Request starting HTTP/1.1 GET http://localhost:5145/user/dashboard?displayid=e62f03f4-2dcf-4f80-bc23-341651bd9338 application/json -
2024-11-13 14:00:22.078 +05:30  INF  CORS policy execution successful.
2024-11-13 14:00:22.079 +05:30  INF  Executing endpoint 'BAKERBAZZAR.API.Controller.UserController.Dashboard (BAKERBAZZAR.API)'
2024-11-13 14:00:22.116 +05:30  INF  Route matched with {action = "Dashboard", controller = "User"}. Executing controller action with signature System.Threading.Tasks.Task`1[Microsoft.AspNetCore.Mvc.ActionResult`1[BAKERBAZZAR.API.Models.ApiResponse]] Dashboard(System.String) on controller BAKERBAZZAR.API.Controller.UserController (BAKERBAZZAR.API).
2024-11-13 14:00:22.252 +05:30  INF  Executing ObjectResult, writing value of type 'BAKERBAZZAR.API.Models.ApiResponse'.
2024-11-13 14:00:22.262 +05:30  INF  Executed action BAKERBAZZAR.API.Controller.UserController.Dashboard (BAKERBAZZAR.API) in 146.0007ms
2024-11-13 14:00:22.262 +05:30  INF  Executed endpoint 'BAKERBAZZAR.API.Controller.UserController.Dashboard (BAKERBAZZAR.API)'
2024-11-13 14:00:22.262 +05:30  INF  Request finished HTTP/1.1 GET http://localhost:5145/user/dashboard?displayid=e62f03f4-2dcf-4f80-bc23-341651bd9338 application/json - - 200 - application/json;+charset=utf-8 184.5442ms
2024-11-13 14:00:24.078 +05:30  INF  Request starting HTTP/1.1 OPTIONS http://localhost:5145/user/cartdetails?displayId=54ad4834-4071-46df-9009-2f2bc60bca0a - -
2024-11-13 14:00:24.078 +05:30  INF  CORS policy execution successful.
2024-11-13 14:00:24.078 +05:30  INF  Request finished HTTP/1.1 OPTIONS http://localhost:5145/user/cartdetails?displayId=54ad4834-4071-46df-9009-2f2bc60bca0a - - - 204 - - 0.2800ms
2024-11-13 14:00:24.081 +05:30  INF  Request starting HTTP/1.1 GET http://localhost:5145/user/cartdetails?displayId=54ad4834-4071-46df-9009-2f2bc60bca0a application/json -
2024-11-13 14:00:24.081 +05:30  INF  CORS policy execution successful.
2024-11-13 14:00:24.081 +05:30  INF  Executing endpoint 'BAKERBAZZAR.API.Controller.UserController.CartDetails (BAKERBAZZAR.API)'
2024-11-13 14:00:24.081 +05:30  INF  Route matched with {action = "CartDetails", controller = "User"}. Executing controller action with signature System.Threading.Tasks.Task`1[Microsoft.AspNetCore.Mvc.ActionResult`1[BAKERBAZZAR.API.Models.ApiResponse]] CartDetails(System.String) on controller BAKERBAZZAR.API.Controller.UserController (BAKERBAZZAR.API).
2024-11-13 14:00:24.110 +05:30  INF  Executing ObjectResult, writing value of type 'BAKERBAZZAR.API.Models.ApiResponse'.
2024-11-13 14:00:24.110 +05:30  INF  Executed action BAKERBAZZAR.API.Controller.UserController.CartDetails (BAKERBAZZAR.API) in 28.4677ms
2024-11-13 14:00:24.110 +05:30  INF  Executed endpoint 'BAKERBAZZAR.API.Controller.UserController.CartDetails (BAKERBAZZAR.API)'
2024-11-13 14:00:24.110 +05:30  INF  Request finished HTTP/1.1 GET http://localhost:5145/user/cartdetails?displayId=54ad4834-4071-46df-9009-2f2bc60bca0a application/json - - 200 - application/json;+charset=utf-8 29.3947ms
2024-11-13 14:58:35.344 +05:30  INF  Request starting HTTP/1.1 OPTIONS http://localhost:5145/user/cartdetails?displayId=54ad4834-4071-46df-9009-2f2bc60bca0a - -
2024-11-13 14:58:35.344 +05:30  INF  Request starting HTTP/1.1 OPTIONS http://localhost:5145/user/deletecartitem?cartdisplayid=54ad4834-4071-46df-9009-2f2bc60bca0a&cartrid=211 - -
2024-11-13 14:58:35.352 +05:30  INF  CORS policy execution successful.
2024-11-13 14:58:35.352 +05:30  INF  CORS policy execution successful.
2024-11-13 14:58:35.359 +05:30  INF  Request finished HTTP/1.1 OPTIONS http://localhost:5145/user/deletecartitem?cartdisplayid=54ad4834-4071-46df-9009-2f2bc60bca0a&cartrid=211 - - - 204 - - 21.6200ms
2024-11-13 14:58:35.360 +05:30  INF  Request finished HTTP/1.1 OPTIONS http://localhost:5145/user/cartdetails?displayId=54ad4834-4071-46df-9009-2f2bc60bca0a - - - 204 - - 22.5822ms
2024-11-13 14:58:35.361 +05:30  INF  Request starting HTTP/1.1 DELETE http://localhost:5145/user/deletecartitem?cartdisplayid=54ad4834-4071-46df-9009-2f2bc60bca0a&cartrid=211 application/json -
2024-11-13 14:58:35.361 +05:30  INF  CORS policy execution successful.
2024-11-13 14:58:35.362 +05:30  INF  Request starting HTTP/1.1 GET http://localhost:5145/user/cartdetails?displayId=54ad4834-4071-46df-9009-2f2bc60bca0a application/json -
2024-11-13 14:58:35.363 +05:30  INF  CORS policy execution successful.
2024-11-13 14:58:35.363 +05:30  INF  Executing endpoint 'BAKERBAZZAR.API.Controller.UserController.DeleteCartItem (BAKERBAZZAR.API)'
2024-11-13 14:58:35.363 +05:30  INF  Executing endpoint 'BAKERBAZZAR.API.Controller.UserController.CartDetails (BAKERBAZZAR.API)'
2024-11-13 14:58:35.367 +05:30  INF  Route matched with {action = "CartDetails", controller = "User"}. Executing controller action with signature System.Threading.Tasks.Task`1[Microsoft.AspNetCore.Mvc.ActionResult`1[BAKERBAZZAR.API.Models.ApiResponse]] CartDetails(System.String) on controller BAKERBAZZAR.API.Controller.UserController (BAKERBAZZAR.API).
2024-11-13 14:58:35.407 +05:30  INF  Route matched with {action = "DeleteCartItem", controller = "User"}. Executing controller action with signature System.Threading.Tasks.Task`1[Microsoft.AspNetCore.Mvc.ActionResult`1[BAKERBAZZAR.API.Models.ApiResponse]] DeleteCartItem(System.String, Int32) on controller BAKERBAZZAR.API.Controller.UserController (BAKERBAZZAR.API).
2024-11-13 14:58:35.567 +05:30  INF  Executing ObjectResult, writing value of type 'BAKERBAZZAR.API.Models.ApiResponse'.
2024-11-13 14:58:35.569 +05:30  INF  Executed action BAKERBAZZAR.API.Controller.UserController.DeleteCartItem (BAKERBAZZAR.API) in 161.6303ms
2024-11-13 14:58:35.569 +05:30  INF  Executed endpoint 'BAKERBAZZAR.API.Controller.UserController.DeleteCartItem (BAKERBAZZAR.API)'
2024-11-13 14:58:35.569 +05:30  INF  Request finished HTTP/1.1 DELETE http://localhost:5145/user/deletecartitem?cartdisplayid=54ad4834-4071-46df-9009-2f2bc60bca0a&cartrid=211 application/json - - 200 - application/json;+charset=utf-8 208.8512ms
2024-11-13 14:58:35.586 +05:30  INF  Executing ObjectResult, writing value of type 'BAKERBAZZAR.API.Models.ApiResponse'.
2024-11-13 14:58:35.588 +05:30  INF  Executed action BAKERBAZZAR.API.Controller.UserController.CartDetails (BAKERBAZZAR.API) in 220.9148ms
2024-11-13 14:58:35.588 +05:30  INF  Executed endpoint 'BAKERBAZZAR.API.Controller.UserController.CartDetails (BAKERBAZZAR.API)'
2024-11-13 14:58:35.588 +05:30  INF  Request finished HTTP/1.1 GET http://localhost:5145/user/cartdetails?displayId=54ad4834-4071-46df-9009-2f2bc60bca0a application/json - - 200 - application/json;+charset=utf-8 226.6540ms
2024-11-13 14:58:36.192 +05:30  INF  Request starting HTTP/1.1 OPTIONS http://localhost:5145/user/deletecartitem?cartdisplayid=54ad4834-4071-46df-9009-2f2bc60bca0a&cartrid=208 - -
2024-11-13 14:58:36.192 +05:30  INF  CORS policy execution successful.
2024-11-13 14:58:36.196 +05:30  INF  Request starting HTTP/1.1 GET http://localhost:5145/user/cartdetails?displayId=54ad4834-4071-46df-9009-2f2bc60bca0a application/json -
2024-11-13 14:58:36.196 +05:30  INF  Request finished HTTP/1.1 OPTIONS http://localhost:5145/user/deletecartitem?cartdisplayid=54ad4834-4071-46df-9009-2f2bc60bca0a&cartrid=208 - - - 204 - - 3.7037ms
2024-11-13 14:58:36.196 +05:30  INF  CORS policy execution successful.
2024-11-13 14:58:36.196 +05:30  INF  Executing endpoint 'BAKERBAZZAR.API.Controller.UserController.CartDetails (BAKERBAZZAR.API)'
2024-11-13 14:58:36.196 +05:30  INF  Route matched with {action = "CartDetails", controller = "User"}. Executing controller action with signature System.Threading.Tasks.Task`1[Microsoft.AspNetCore.Mvc.ActionResult`1[BAKERBAZZAR.API.Models.ApiResponse]] CartDetails(System.String) on controller BAKERBAZZAR.API.Controller.UserController (BAKERBAZZAR.API).
2024-11-13 14:58:36.199 +05:30  INF  Request starting HTTP/1.1 DELETE http://localhost:5145/user/deletecartitem?cartdisplayid=54ad4834-4071-46df-9009-2f2bc60bca0a&cartrid=208 application/json -
2024-11-13 14:58:36.200 +05:30  INF  CORS policy execution successful.
2024-11-13 14:58:36.200 +05:30  INF  Executing endpoint 'BAKERBAZZAR.API.Controller.UserController.DeleteCartItem (BAKERBAZZAR.API)'
2024-11-13 14:58:36.200 +05:30  INF  Route matched with {action = "DeleteCartItem", controller = "User"}. Executing controller action with signature System.Threading.Tasks.Task`1[Microsoft.AspNetCore.Mvc.ActionResult`1[BAKERBAZZAR.API.Models.ApiResponse]] DeleteCartItem(System.String, Int32) on controller BAKERBAZZAR.API.Controller.UserController (BAKERBAZZAR.API).
2024-11-13 14:58:36.214 +05:30  INF  Executing ObjectResult, writing value of type 'BAKERBAZZAR.API.Models.ApiResponse'.
2024-11-13 14:58:36.215 +05:30  INF  Executed action BAKERBAZZAR.API.Controller.UserController.DeleteCartItem (BAKERBAZZAR.API) in 14.7044ms
2024-11-13 14:58:36.215 +05:30  INF  Executed endpoint 'BAKERBAZZAR.API.Controller.UserController.DeleteCartItem (BAKERBAZZAR.API)'
2024-11-13 14:58:36.215 +05:30  INF  Request finished HTTP/1.1 DELETE http://localhost:5145/user/deletecartitem?cartdisplayid=54ad4834-4071-46df-9009-2f2bc60bca0a&cartrid=208 application/json - - 200 - application/json;+charset=utf-8 15.7391ms
2024-11-13 14:58:36.218 +05:30  INF  Executing ObjectResult, writing value of type 'BAKERBAZZAR.API.Models.ApiResponse'.
2024-11-13 14:58:36.219 +05:30  INF  Executed action BAKERBAZZAR.API.Controller.UserController.CartDetails (BAKERBAZZAR.API) in 22.7997ms
2024-11-13 14:58:36.219 +05:30  INF  Executed endpoint 'BAKERBAZZAR.API.Controller.UserController.CartDetails (BAKERBAZZAR.API)'
2024-11-13 14:58:36.219 +05:30  INF  Request finished HTTP/1.1 GET http://localhost:5145/user/cartdetails?displayId=54ad4834-4071-46df-9009-2f2bc60bca0a application/json - - 200 - application/json;+charset=utf-8 23.6464ms
2024-11-13 14:58:37.189 +05:30  INF  Request starting HTTP/1.1 OPTIONS http://localhost:5145/user/deletecartitem?cartdisplayid=54ad4834-4071-46df-9009-2f2bc60bca0a&cartrid=210 - -
2024-11-13 14:58:37.189 +05:30  INF  CORS policy execution successful.
2024-11-13 14:58:37.190 +05:30  INF  Request finished HTTP/1.1 OPTIONS http://localhost:5145/user/deletecartitem?cartdisplayid=54ad4834-4071-46df-9009-2f2bc60bca0a&cartrid=210 - - - 204 - - 0.2485ms
2024-11-13 14:58:37.191 +05:30  INF  Request starting HTTP/1.1 DELETE http://localhost:5145/user/deletecartitem?cartdisplayid=54ad4834-4071-46df-9009-2f2bc60bca0a&cartrid=210 application/json -
2024-11-13 14:58:37.191 +05:30  INF  CORS policy execution successful.
2024-11-13 14:58:37.191 +05:30  INF  Executing endpoint 'BAKERBAZZAR.API.Controller.UserController.DeleteCartItem (BAKERBAZZAR.API)'
2024-11-13 14:58:37.191 +05:30  INF  Request starting HTTP/1.1 GET http://localhost:5145/user/cartdetails?displayId=54ad4834-4071-46df-9009-2f2bc60bca0a application/json -
2024-11-13 14:58:37.191 +05:30  INF  Route matched with {action = "DeleteCartItem", controller = "User"}. Executing controller action with signature System.Threading.Tasks.Task`1[Microsoft.AspNetCore.Mvc.ActionResult`1[BAKERBAZZAR.API.Models.ApiResponse]] DeleteCartItem(System.String, Int32) on controller BAKERBAZZAR.API.Controller.UserController (BAKERBAZZAR.API).
2024-11-13 14:58:37.191 +05:30  INF  CORS policy execution successful.
2024-11-13 14:58:37.191 +05:30  INF  Executing endpoint 'BAKERBAZZAR.API.Controller.UserController.CartDetails (BAKERBAZZAR.API)'
2024-11-13 14:58:37.191 +05:30  INF  Route matched with {action = "CartDetails", controller = "User"}. Executing controller action with signature System.Threading.Tasks.Task`1[Microsoft.AspNetCore.Mvc.ActionResult`1[BAKERBAZZAR.API.Models.ApiResponse]] CartDetails(System.String) on controller BAKERBAZZAR.API.Controller.UserController (BAKERBAZZAR.API).
2024-11-13 14:58:37.200 +05:30  INF  Executing ObjectResult, writing value of type 'BAKERBAZZAR.API.Models.ApiResponse'.
2024-11-13 14:58:37.201 +05:30  INF  Executed action BAKERBAZZAR.API.Controller.UserController.DeleteCartItem (BAKERBAZZAR.API) in 9.2907ms
2024-11-13 14:58:37.201 +05:30  INF  Executed endpoint 'BAKERBAZZAR.API.Controller.UserController.DeleteCartItem (BAKERBAZZAR.API)'
2024-11-13 14:58:37.201 +05:30  INF  Request finished HTTP/1.1 DELETE http://localhost:5145/user/deletecartitem?cartdisplayid=54ad4834-4071-46df-9009-2f2bc60bca0a&cartrid=210 application/json - - 200 - application/json;+charset=utf-8 9.7230ms
2024-11-13 14:58:37.204 +05:30  INF  Executing ObjectResult, writing value of type 'BAKERBAZZAR.API.Models.ApiResponse'.
2024-11-13 14:58:37.204 +05:30  INF  Executed action BAKERBAZZAR.API.Controller.UserController.CartDetails (BAKERBAZZAR.API) in 12.6413ms
2024-11-13 14:58:37.204 +05:30  INF  Executed endpoint 'BAKERBAZZAR.API.Controller.UserController.CartDetails (BAKERBAZZAR.API)'
2024-11-13 14:58:37.204 +05:30  INF  Request finished HTTP/1.1 GET http://localhost:5145/user/cartdetails?displayId=54ad4834-4071-46df-9009-2f2bc60bca0a application/json - - 200 - application/json;+charset=utf-8 12.9143ms
2024-11-13 14:59:31.204 +05:30  INF  Request starting HTTP/1.1 OPTIONS http://localhost:5145/user/dashboard?displayid=e62f03f4-2dcf-4f80-bc23-341651bd9338 - -
2024-11-13 14:59:31.204 +05:30  INF  CORS policy execution successful.
2024-11-13 14:59:31.204 +05:30  INF  Request finished HTTP/1.1 OPTIONS http://localhost:5145/user/dashboard?displayid=e62f03f4-2dcf-4f80-bc23-341651bd9338 - - - 204 - - 0.3139ms
2024-11-13 14:59:31.206 +05:30  INF  Request starting HTTP/1.1 GET http://localhost:5145/user/dashboard?displayid=e62f03f4-2dcf-4f80-bc23-341651bd9338 application/json -
2024-11-13 14:59:31.206 +05:30  INF  CORS policy execution successful.
2024-11-13 14:59:31.206 +05:30  INF  Executing endpoint 'BAKERBAZZAR.API.Controller.UserController.Dashboard (BAKERBAZZAR.API)'
2024-11-13 14:59:31.206 +05:30  INF  Route matched with {action = "Dashboard", controller = "User"}. Executing controller action with signature System.Threading.Tasks.Task`1[Microsoft.AspNetCore.Mvc.ActionResult`1[BAKERBAZZAR.API.Models.ApiResponse]] Dashboard(System.String) on controller BAKERBAZZAR.API.Controller.UserController (BAKERBAZZAR.API).
2024-11-13 14:59:31.302 +05:30  INF  Executing ObjectResult, writing value of type 'BAKERBAZZAR.API.Models.ApiResponse'.
2024-11-13 14:59:31.303 +05:30  INF  Executed action BAKERBAZZAR.API.Controller.UserController.Dashboard (BAKERBAZZAR.API) in 95.9822ms
2024-11-13 14:59:31.303 +05:30  INF  Executed endpoint 'BAKERBAZZAR.API.Controller.UserController.Dashboard (BAKERBAZZAR.API)'
2024-11-13 14:59:31.303 +05:30  INF  Request finished HTTP/1.1 GET http://localhost:5145/user/dashboard?displayid=e62f03f4-2dcf-4f80-bc23-341651bd9338 application/json - - 200 - application/json;+charset=utf-8 96.5645ms
2024-11-13 14:59:34.153 +05:30  INF  Request starting HTTP/1.1 OPTIONS http://localhost:5145/user/category - -
2024-11-13 14:59:34.153 +05:30  INF  CORS policy execution successful.
2024-11-13 14:59:34.153 +05:30  INF  Request finished HTTP/1.1 OPTIONS http://localhost:5145/user/category - - - 204 - - 0.4149ms
2024-11-13 14:59:34.155 +05:30  INF  Request starting HTTP/1.1 GET http://localhost:5145/user/category application/json -
2024-11-13 14:59:34.155 +05:30  INF  CORS policy execution successful.
2024-11-13 14:59:34.155 +05:30  INF  Executing endpoint 'BAKERBAZZAR.API.Controller.UserController.Category (BAKERBAZZAR.API)'
2024-11-13 14:59:34.156 +05:30  INF  Route matched with {action = "Category", controller = "User"}. Executing controller action with signature System.Threading.Tasks.Task`1[Microsoft.AspNetCore.Mvc.ActionResult`1[BAKERBAZZAR.API.Models.ApiResponse]] Category(System.String) on controller BAKERBAZZAR.API.Controller.UserController (BAKERBAZZAR.API).
2024-11-13 14:59:34.173 +05:30  INF  Executing ObjectResult, writing value of type 'BAKERBAZZAR.API.Models.ApiResponse'.
2024-11-13 14:59:34.174 +05:30  INF  Executed action BAKERBAZZAR.API.Controller.UserController.Category (BAKERBAZZAR.API) in 17.9942ms
2024-11-13 14:59:34.174 +05:30  INF  Executed endpoint 'BAKERBAZZAR.API.Controller.UserController.Category (BAKERBAZZAR.API)'
2024-11-13 14:59:34.174 +05:30  INF  Request finished HTTP/1.1 GET http://localhost:5145/user/category application/json - - 200 - application/json;+charset=utf-8 18.8695ms
2024-11-13 14:59:35.406 +05:30  INF  Request starting HTTP/1.1 OPTIONS http://localhost:5145/user/products?categoryid=3e85ca1f-91c2-42f2-9b05-bd920051c25e - -
2024-11-13 14:59:35.406 +05:30  INF  CORS policy execution successful.
2024-11-13 14:59:35.406 +05:30  INF  Request finished HTTP/1.1 OPTIONS http://localhost:5145/user/products?categoryid=3e85ca1f-91c2-42f2-9b05-bd920051c25e - - - 204 - - 0.6153ms
2024-11-13 14:59:35.408 +05:30  INF  Request starting HTTP/1.1 GET http://localhost:5145/user/products?categoryid=3e85ca1f-91c2-42f2-9b05-bd920051c25e application/json -
2024-11-13 14:59:35.408 +05:30  INF  CORS policy execution successful.
2024-11-13 14:59:35.408 +05:30  INF  Executing endpoint 'BAKERBAZZAR.API.Controller.UserController.Products (BAKERBAZZAR.API)'
2024-11-13 14:59:35.408 +05:30  INF  Route matched with {action = "Products", controller = "User"}. Executing controller action with signature System.Threading.Tasks.Task`1[Microsoft.AspNetCore.Mvc.ActionResult`1[BAKERBAZZAR.API.Models.ApiResponse]] Products(System.String, System.String) on controller BAKERBAZZAR.API.Controller.UserController (BAKERBAZZAR.API).
2024-11-13 14:59:35.431 +05:30  INF  Executing ObjectResult, writing value of type 'BAKERBAZZAR.API.Models.ApiResponse'.
2024-11-13 14:59:35.431 +05:30  INF  Executed action BAKERBAZZAR.API.Controller.UserController.Products (BAKERBAZZAR.API) in 22.3224ms
2024-11-13 14:59:35.431 +05:30  INF  Executed endpoint 'BAKERBAZZAR.API.Controller.UserController.Products (BAKERBAZZAR.API)'
2024-11-13 14:59:35.431 +05:30  INF  Request finished HTTP/1.1 GET http://localhost:5145/user/products?categoryid=3e85ca1f-91c2-42f2-9b05-bd920051c25e application/json - - 200 - application/json;+charset=utf-8 22.9531ms
2024-11-13 14:59:37.005 +05:30  INF  Request starting HTTP/1.1 OPTIONS http://localhost:5145/user/addtocart - -
2024-11-13 14:59:37.007 +05:30  INF  CORS policy execution successful.
2024-11-13 14:59:37.008 +05:30  INF  Request finished HTTP/1.1 OPTIONS http://localhost:5145/user/addtocart - - - 204 - - 2.5886ms
2024-11-13 14:59:37.010 +05:30  INF  Request starting HTTP/1.1 POST http://localhost:5145/user/addtocart application/json 144
2024-11-13 14:59:37.010 +05:30  INF  CORS policy execution successful.
2024-11-13 14:59:37.010 +05:30  INF  Executing endpoint 'BAKERBAZZAR.API.Controller.UserController.AddToCart (BAKERBAZZAR.API)'
2024-11-13 14:59:37.010 +05:30  INF  Route matched with {action = "AddToCart", controller = "User"}. Executing controller action with signature System.Threading.Tasks.Task`1[Microsoft.AspNetCore.Mvc.ActionResult`1[BAKERBAZZAR.API.Models.ApiResponse]] AddToCart(BAKERBAZZAR.API.Models.IO_Templates.AddToCartRequest) on controller BAKERBAZZAR.API.Controller.UserController (BAKERBAZZAR.API).
2024-11-13 14:59:37.040 +05:30  INF  Executing ObjectResult, writing value of type 'BAKERBAZZAR.API.Models.ApiResponse'.
2024-11-13 14:59:37.040 +05:30  INF  Executed action BAKERBAZZAR.API.Controller.UserController.AddToCart (BAKERBAZZAR.API) in 29.3447ms
2024-11-13 14:59:37.040 +05:30  INF  Executed endpoint 'BAKERBAZZAR.API.Controller.UserController.AddToCart (BAKERBAZZAR.API)'
2024-11-13 14:59:37.040 +05:30  INF  Request finished HTTP/1.1 POST http://localhost:5145/user/addtocart application/json 144 - 200 - application/json;+charset=utf-8 29.8838ms
2024-11-13 14:59:38.770 +05:30  INF  Request starting HTTP/1.1 OPTIONS http://localhost:5145/user/cartdetails?displayId=54ad4834-4071-46df-9009-2f2bc60bca0a - -
2024-11-13 14:59:38.770 +05:30  INF  CORS policy execution successful.
2024-11-13 14:59:38.771 +05:30  INF  Request finished HTTP/1.1 OPTIONS http://localhost:5145/user/cartdetails?displayId=54ad4834-4071-46df-9009-2f2bc60bca0a - - - 204 - - 0.8499ms
2024-11-13 14:59:38.775 +05:30  INF  Request starting HTTP/1.1 GET http://localhost:5145/user/cartdetails?displayId=54ad4834-4071-46df-9009-2f2bc60bca0a application/json -
2024-11-13 14:59:38.775 +05:30  INF  CORS policy execution successful.
2024-11-13 14:59:38.776 +05:30  INF  Executing endpoint 'BAKERBAZZAR.API.Controller.UserController.CartDetails (BAKERBAZZAR.API)'
2024-11-13 14:59:38.776 +05:30  INF  Route matched with {action = "CartDetails", controller = "User"}. Executing controller action with signature System.Threading.Tasks.Task`1[Microsoft.AspNetCore.Mvc.ActionResult`1[BAKERBAZZAR.API.Models.ApiResponse]] CartDetails(System.String) on controller BAKERBAZZAR.API.Controller.UserController (BAKERBAZZAR.API).
2024-11-13 14:59:38.802 +05:30  INF  Executing ObjectResult, writing value of type 'BAKERBAZZAR.API.Models.ApiResponse'.
2024-11-13 14:59:38.803 +05:30  INF  Executed action BAKERBAZZAR.API.Controller.UserController.CartDetails (BAKERBAZZAR.API) in 26.7239ms
2024-11-13 14:59:38.803 +05:30  INF  Executed endpoint 'BAKERBAZZAR.API.Controller.UserController.CartDetails (BAKERBAZZAR.API)'
2024-11-13 14:59:38.803 +05:30  INF  Request finished HTTP/1.1 GET http://localhost:5145/user/cartdetails?displayId=54ad4834-4071-46df-9009-2f2bc60bca0a application/json - - 200 - application/json;+charset=utf-8 27.6794ms
2024-11-13 14:59:49.895 +05:30  INF  Request starting HTTP/1.1 OPTIONS http://localhost:5145/user/deletecartitem?cartdisplayid=54ad4834-4071-46df-9009-2f2bc60bca0a&cartrid=209 - -
2024-11-13 14:59:49.895 +05:30  INF  CORS policy execution successful.
2024-11-13 14:59:49.895 +05:30  INF  Request finished HTTP/1.1 OPTIONS http://localhost:5145/user/deletecartitem?cartdisplayid=54ad4834-4071-46df-9009-2f2bc60bca0a&cartrid=209 - - - 204 - - 0.5434ms
2024-11-13 14:59:49.897 +05:30  INF  Request starting HTTP/1.1 OPTIONS http://localhost:5145/user/cartdetails?displayId=54ad4834-4071-46df-9009-2f2bc60bca0a - -
2024-11-13 14:59:49.897 +05:30  INF  Request starting HTTP/1.1 DELETE http://localhost:5145/user/deletecartitem?cartdisplayid=54ad4834-4071-46df-9009-2f2bc60bca0a&cartrid=209 application/json -
2024-11-13 14:59:49.897 +05:30  INF  CORS policy execution successful.
2024-11-13 14:59:49.897 +05:30  INF  CORS policy execution successful.
2024-11-13 14:59:49.898 +05:30  INF  Executing endpoint 'BAKERBAZZAR.API.Controller.UserController.DeleteCartItem (BAKERBAZZAR.API)'
2024-11-13 14:59:49.898 +05:30  INF  Request finished HTTP/1.1 OPTIONS http://localhost:5145/user/cartdetails?displayId=54ad4834-4071-46df-9009-2f2bc60bca0a - - - 204 - - 0.2094ms
2024-11-13 14:59:49.898 +05:30  INF  Route matched with {action = "DeleteCartItem", controller = "User"}. Executing controller action with signature System.Threading.Tasks.Task`1[Microsoft.AspNetCore.Mvc.ActionResult`1[BAKERBAZZAR.API.Models.ApiResponse]] DeleteCartItem(System.String, Int32) on controller BAKERBAZZAR.API.Controller.UserController (BAKERBAZZAR.API).
2024-11-13 14:59:49.899 +05:30  INF  Request starting HTTP/1.1 GET http://localhost:5145/user/cartdetails?displayId=54ad4834-4071-46df-9009-2f2bc60bca0a application/json -
2024-11-13 14:59:49.899 +05:30  INF  CORS policy execution successful.
2024-11-13 14:59:49.899 +05:30  INF  Executing endpoint 'BAKERBAZZAR.API.Controller.UserController.CartDetails (BAKERBAZZAR.API)'
2024-11-13 14:59:49.899 +05:30  INF  Route matched with {action = "CartDetails", controller = "User"}. Executing controller action with signature System.Threading.Tasks.Task`1[Microsoft.AspNetCore.Mvc.ActionResult`1[BAKERBAZZAR.API.Models.ApiResponse]] CartDetails(System.String) on controller BAKERBAZZAR.API.Controller.UserController (BAKERBAZZAR.API).
2024-11-13 14:59:49.907 +05:30  INF  Executing ObjectResult, writing value of type 'BAKERBAZZAR.API.Models.ApiResponse'.
2024-11-13 14:59:49.908 +05:30  INF  Executed action BAKERBAZZAR.API.Controller.UserController.DeleteCartItem (BAKERBAZZAR.API) in 9.8575ms
2024-11-13 14:59:49.908 +05:30  INF  Executed endpoint 'BAKERBAZZAR.API.Controller.UserController.DeleteCartItem (BAKERBAZZAR.API)'
2024-11-13 14:59:49.908 +05:30  INF  Request finished HTTP/1.1 DELETE http://localhost:5145/user/deletecartitem?cartdisplayid=54ad4834-4071-46df-9009-2f2bc60bca0a&cartrid=209 application/json - - 200 - application/json;+charset=utf-8 10.5414ms
2024-11-13 14:59:49.912 +05:30  INF  Executing ObjectResult, writing value of type 'BAKERBAZZAR.API.Models.ApiResponse'.
2024-11-13 14:59:49.913 +05:30  INF  Executed action BAKERBAZZAR.API.Controller.UserController.CartDetails (BAKERBAZZAR.API) in 13.7389ms
2024-11-13 14:59:49.913 +05:30  INF  Executed endpoint 'BAKERBAZZAR.API.Controller.UserController.CartDetails (BAKERBAZZAR.API)'
2024-11-13 14:59:49.913 +05:30  INF  Request finished HTTP/1.1 GET http://localhost:5145/user/cartdetails?displayId=54ad4834-4071-46df-9009-2f2bc60bca0a application/json - - 200 - application/json;+charset=utf-8 14.0236ms
2024-11-13 15:06:33.349 +05:30  INF  Request starting HTTP/1.1 GET http://localhost:5145/User/Category - -
2024-11-13 15:06:33.350 +05:30  INF  Request starting HTTP/1.1 GET http://localhost:5145/User/CartDetails?displayid=54ad4834-4071-46df-9009-2f2bc60bca0a - -
2024-11-13 15:06:33.350 +05:30  INF  Request starting HTTP/1.1 GET http://localhost:5145/user/products?categoryid= - -
2024-11-13 15:06:33.351 +05:30  INF  CORS policy execution successful.
2024-11-13 15:06:33.351 +05:30  INF  CORS policy execution successful.
2024-11-13 15:06:33.352 +05:30  INF  Executing endpoint 'BAKERBAZZAR.API.Controller.UserController.Category (BAKERBAZZAR.API)'
2024-11-13 15:06:33.352 +05:30  INF  Executing endpoint 'BAKERBAZZAR.API.Controller.UserController.Products (BAKERBAZZAR.API)'
2024-11-13 15:06:33.353 +05:30  INF  CORS policy execution successful.
2024-11-13 15:06:33.353 +05:30  INF  Executing endpoint 'BAKERBAZZAR.API.Controller.UserController.CartDetails (BAKERBAZZAR.API)'
2024-11-13 15:06:33.353 +05:30  INF  Route matched with {action = "Products", controller = "User"}. Executing controller action with signature System.Threading.Tasks.Task`1[Microsoft.AspNetCore.Mvc.ActionResult`1[BAKERBAZZAR.API.Models.ApiResponse]] Products(System.String, System.String) on controller BAKERBAZZAR.API.Controller.UserController (BAKERBAZZAR.API).
2024-11-13 15:06:33.353 +05:30  INF  Route matched with {action = "Category", controller = "User"}. Executing controller action with signature System.Threading.Tasks.Task`1[Microsoft.AspNetCore.Mvc.ActionResult`1[BAKERBAZZAR.API.Models.ApiResponse]] Category(System.String) on controller BAKERBAZZAR.API.Controller.UserController (BAKERBAZZAR.API).
2024-11-13 15:06:33.353 +05:30  INF  Route matched with {action = "CartDetails", controller = "User"}. Executing controller action with signature System.Threading.Tasks.Task`1[Microsoft.AspNetCore.Mvc.ActionResult`1[BAKERBAZZAR.API.Models.ApiResponse]] CartDetails(System.String) on controller BAKERBAZZAR.API.Controller.UserController (BAKERBAZZAR.API).
2024-11-13 15:06:33.445 +05:30  INF  Request starting HTTP/1.1 GET http://localhost:5145/user/myorders?displayid=e62f03f4-2dcf-4f80-bc23-341651bd9338 - -
2024-11-13 15:06:33.445 +05:30  INF  CORS policy execution successful.
2024-11-13 15:06:33.445 +05:30  INF  Executing endpoint 'BAKERBAZZAR.API.Controller.UserController.MyOrders (BAKERBAZZAR.API)'
2024-11-13 15:06:33.445 +05:30  INF  Route matched with {action = "MyOrders", controller = "User"}. Executing controller action with signature System.Threading.Tasks.Task`1[Microsoft.AspNetCore.Mvc.ActionResult`1[BAKERBAZZAR.API.Models.ApiResponse]] MyOrders(System.String, System.String, System.String) on controller BAKERBAZZAR.API.Controller.UserController (BAKERBAZZAR.API).
2024-11-13 15:06:33.632 +05:30  INF  Executing ObjectResult, writing value of type 'BAKERBAZZAR.API.Models.ApiResponse'.
2024-11-13 15:06:33.633 +05:30  INF  Executed action BAKERBAZZAR.API.Controller.UserController.Category (BAKERBAZZAR.API) in 279.6216ms
2024-11-13 15:06:33.633 +05:30  INF  Executed endpoint 'BAKERBAZZAR.API.Controller.UserController.Category (BAKERBAZZAR.API)'
2024-11-13 15:06:33.633 +05:30  INF  Request finished HTTP/1.1 GET http://localhost:5145/User/Category - - - 200 - application/json;+charset=utf-8 284.9029ms
2024-11-13 15:06:33.637 +05:30  INF  Request starting HTTP/1.1 GET http://localhost:5145/User/Category - -
2024-11-13 15:06:33.638 +05:30  INF  CORS policy execution successful.
2024-11-13 15:06:33.638 +05:30  INF  Executing endpoint 'BAKERBAZZAR.API.Controller.UserController.Category (BAKERBAZZAR.API)'
2024-11-13 15:06:33.638 +05:30  INF  Route matched with {action = "Category", controller = "User"}. Executing controller action with signature System.Threading.Tasks.Task`1[Microsoft.AspNetCore.Mvc.ActionResult`1[BAKERBAZZAR.API.Models.ApiResponse]] Category(System.String) on controller BAKERBAZZAR.API.Controller.UserController (BAKERBAZZAR.API).
2024-11-13 15:06:33.641 +05:30  INF  Executing ObjectResult, writing value of type 'BAKERBAZZAR.API.Models.ApiResponse'.
2024-11-13 15:06:33.641 +05:30  INF  Executed action BAKERBAZZAR.API.Controller.UserController.Category (BAKERBAZZAR.API) in 3.2668ms
2024-11-13 15:06:33.641 +05:30  INF  Executed endpoint 'BAKERBAZZAR.API.Controller.UserController.Category (BAKERBAZZAR.API)'
2024-11-13 15:06:33.641 +05:30  INF  Request finished HTTP/1.1 GET http://localhost:5145/User/Category - - - 200 - application/json;+charset=utf-8 4.1170ms
2024-11-13 15:06:33.649 +05:30  INF  Executing ObjectResult, writing value of type 'BAKERBAZZAR.API.Models.ApiResponse'.
2024-11-13 15:06:33.651 +05:30  INF  Executed action BAKERBAZZAR.API.Controller.UserController.Products (BAKERBAZZAR.API) in 298.158ms
2024-11-13 15:06:33.651 +05:30  INF  Executed endpoint 'BAKERBAZZAR.API.Controller.UserController.Products (BAKERBAZZAR.API)'
2024-11-13 15:06:33.651 +05:30  INF  Request finished HTTP/1.1 GET http://localhost:5145/user/products?categoryid= - - - 200 - application/json;+charset=utf-8 301.9557ms
2024-11-13 15:06:33.653 +05:30  INF  Request starting HTTP/1.1 GET http://localhost:5145/user/products?categoryid= - -
2024-11-13 15:06:33.653 +05:30  INF  CORS policy execution successful.
2024-11-13 15:06:33.653 +05:30  INF  Executing endpoint 'BAKERBAZZAR.API.Controller.UserController.Products (BAKERBAZZAR.API)'
2024-11-13 15:06:33.653 +05:30  INF  Route matched with {action = "Products", controller = "User"}. Executing controller action with signature System.Threading.Tasks.Task`1[Microsoft.AspNetCore.Mvc.ActionResult`1[BAKERBAZZAR.API.Models.ApiResponse]] Products(System.String, System.String) on controller BAKERBAZZAR.API.Controller.UserController (BAKERBAZZAR.API).
2024-11-13 15:06:33.655 +05:30  INF  Executing ObjectResult, writing value of type 'BAKERBAZZAR.API.Models.ApiResponse'.
2024-11-13 15:06:33.656 +05:30  INF  Executed action BAKERBAZZAR.API.Controller.UserController.CartDetails (BAKERBAZZAR.API) in 302.8277ms
2024-11-13 15:06:33.656 +05:30  INF  Executed endpoint 'BAKERBAZZAR.API.Controller.UserController.CartDetails (BAKERBAZZAR.API)'
2024-11-13 15:06:33.656 +05:30  INF  Request finished HTTP/1.1 GET http://localhost:5145/User/CartDetails?displayid=54ad4834-4071-46df-9009-2f2bc60bca0a - - - 200 - application/json;+charset=utf-8 307.8776ms
2024-11-13 15:06:33.658 +05:30  INF  Request starting HTTP/1.1 GET http://localhost:5145/User/CartDetails?displayid=54ad4834-4071-46df-9009-2f2bc60bca0a - -
2024-11-13 15:06:33.658 +05:30  INF  CORS policy execution successful.
2024-11-13 15:06:33.658 +05:30  INF  Executing endpoint 'BAKERBAZZAR.API.Controller.UserController.CartDetails (BAKERBAZZAR.API)'
2024-11-13 15:06:33.658 +05:30  INF  Route matched with {action = "CartDetails", controller = "User"}. Executing controller action with signature System.Threading.Tasks.Task`1[Microsoft.AspNetCore.Mvc.ActionResult`1[BAKERBAZZAR.API.Models.ApiResponse]] CartDetails(System.String) on controller BAKERBAZZAR.API.Controller.UserController (BAKERBAZZAR.API).
2024-11-13 15:06:33.661 +05:30  INF  Executing ObjectResult, writing value of type 'BAKERBAZZAR.API.Models.ApiResponse'.
2024-11-13 15:06:33.662 +05:30  INF  Executed action BAKERBAZZAR.API.Controller.UserController.Products (BAKERBAZZAR.API) in 8.7756ms
2024-11-13 15:06:33.662 +05:30  INF  Executing ObjectResult, writing value of type 'BAKERBAZZAR.API.Models.ApiResponse'.
2024-11-13 15:06:33.662 +05:30  INF  Executed endpoint 'BAKERBAZZAR.API.Controller.UserController.Products (BAKERBAZZAR.API)'
2024-11-13 15:06:33.662 +05:30  INF  Request finished HTTP/1.1 GET http://localhost:5145/user/products?categoryid= - - - 200 - application/json;+charset=utf-8 9.4253ms
2024-11-13 15:06:33.662 +05:30  INF  Executed action BAKERBAZZAR.API.Controller.UserController.CartDetails (BAKERBAZZAR.API) in 3.6469ms
2024-11-13 15:06:33.662 +05:30  INF  Executed endpoint 'BAKERBAZZAR.API.Controller.UserController.CartDetails (BAKERBAZZAR.API)'
2024-11-13 15:06:33.662 +05:30  INF  Request finished HTTP/1.1 GET http://localhost:5145/User/CartDetails?displayid=54ad4834-4071-46df-9009-2f2bc60bca0a - - - 200 - application/json;+charset=utf-8 4.4436ms
2024-11-13 15:06:33.669 +05:30  INF  Executing ObjectResult, writing value of type 'BAKERBAZZAR.API.Models.ApiResponse'.
2024-11-13 15:06:33.670 +05:30  INF  Executed action BAKERBAZZAR.API.Controller.UserController.MyOrders (BAKERBAZZAR.API) in 224.6917ms
2024-11-13 15:06:33.670 +05:30  INF  Executed endpoint 'BAKERBAZZAR.API.Controller.UserController.MyOrders (BAKERBAZZAR.API)'
2024-11-13 15:06:33.670 +05:30  INF  Request finished HTTP/1.1 GET http://localhost:5145/user/myorders?displayid=e62f03f4-2dcf-4f80-bc23-341651bd9338 - - - 200 - application/json;+charset=utf-8 225.7079ms
2024-11-13 15:06:37.779 +05:30  INF  Request starting HTTP/1.1 GET http://localhost:5145/user/products?categoryid=2353cd5e-3059-4ec2-b1f1-38c049a2cc62 - -
2024-11-13 15:06:37.781 +05:30  INF  CORS policy execution successful.
2024-11-13 15:06:37.781 +05:30  INF  Executing endpoint 'BAKERBAZZAR.API.Controller.UserController.Products (BAKERBAZZAR.API)'
2024-11-13 15:06:37.781 +05:30  INF  Route matched with {action = "Products", controller = "User"}. Executing controller action with signature System.Threading.Tasks.Task`1[Microsoft.AspNetCore.Mvc.ActionResult`1[BAKERBAZZAR.API.Models.ApiResponse]] Products(System.String, System.String) on controller BAKERBAZZAR.API.Controller.UserController (BAKERBAZZAR.API).
2024-11-13 15:06:37.794 +05:30  INF  Executing ObjectResult, writing value of type 'BAKERBAZZAR.API.Models.ApiResponse'.
2024-11-13 15:06:37.795 +05:30  INF  Executed action BAKERBAZZAR.API.Controller.UserController.Products (BAKERBAZZAR.API) in 13.1417ms
2024-11-13 15:06:37.795 +05:30  INF  Executed endpoint 'BAKERBAZZAR.API.Controller.UserController.Products (BAKERBAZZAR.API)'
2024-11-13 15:06:37.795 +05:30  INF  Request finished HTTP/1.1 GET http://localhost:5145/user/products?categoryid=2353cd5e-3059-4ec2-b1f1-38c049a2cc62 - - - 200 - application/json;+charset=utf-8 15.4545ms
2024-11-13 15:06:39.274 +05:30  INF  Request starting HTTP/1.1 OPTIONS http://localhost:5145/User/AddToCart - -
2024-11-13 15:06:39.274 +05:30  INF  CORS policy execution successful.
2024-11-13 15:06:39.275 +05:30  INF  Request finished HTTP/1.1 OPTIONS http://localhost:5145/User/AddToCart - - - 204 - - 1.1663ms
2024-11-13 15:06:39.277 +05:30  INF  Request starting HTTP/1.1 POST http://localhost:5145/User/AddToCart application/json 140
2024-11-13 15:06:39.277 +05:30  INF  CORS policy execution successful.
2024-11-13 15:06:39.277 +05:30  INF  Executing endpoint 'BAKERBAZZAR.API.Controller.UserController.AddToCart (BAKERBAZZAR.API)'
2024-11-13 15:06:39.278 +05:30  INF  Route matched with {action = "AddToCart", controller = "User"}. Executing controller action with signature System.Threading.Tasks.Task`1[Microsoft.AspNetCore.Mvc.ActionResult`1[BAKERBAZZAR.API.Models.ApiResponse]] AddToCart(BAKERBAZZAR.API.Models.IO_Templates.AddToCartRequest) on controller BAKERBAZZAR.API.Controller.UserController (BAKERBAZZAR.API).
2024-11-13 15:06:39.310 +05:30  INF  Executing ObjectResult, writing value of type 'BAKERBAZZAR.API.Models.ApiResponse'.
2024-11-13 15:06:39.310 +05:30  INF  Executed action BAKERBAZZAR.API.Controller.UserController.AddToCart (BAKERBAZZAR.API) in 32.3217ms
2024-11-13 15:06:39.310 +05:30  INF  Executed endpoint 'BAKERBAZZAR.API.Controller.UserController.AddToCart (BAKERBAZZAR.API)'
2024-11-13 15:06:39.310 +05:30  INF  Request finished HTTP/1.1 POST http://localhost:5145/User/AddToCart application/json 140 - 200 - application/json;+charset=utf-8 33.2386ms
2024-11-13 15:06:40.409 +05:30  INF  Request starting HTTP/1.1 GET http://localhost:5145/User/CartDetails?displayid=54ad4834-4071-46df-9009-2f2bc60bca0a - -
2024-11-13 15:06:40.410 +05:30  INF  CORS policy execution successful.
2024-11-13 15:06:40.410 +05:30  INF  Executing endpoint 'BAKERBAZZAR.API.Controller.UserController.CartDetails (BAKERBAZZAR.API)'
2024-11-13 15:06:40.410 +05:30  INF  Route matched with {action = "CartDetails", controller = "User"}. Executing controller action with signature System.Threading.Tasks.Task`1[Microsoft.AspNetCore.Mvc.ActionResult`1[BAKERBAZZAR.API.Models.ApiResponse]] CartDetails(System.String) on controller BAKERBAZZAR.API.Controller.UserController (BAKERBAZZAR.API).
2024-11-13 15:06:40.425 +05:30  INF  Executing ObjectResult, writing value of type 'BAKERBAZZAR.API.Models.ApiResponse'.
2024-11-13 15:06:40.426 +05:30  INF  Executed action BAKERBAZZAR.API.Controller.UserController.CartDetails (BAKERBAZZAR.API) in 16.2023ms
2024-11-13 15:06:40.426 +05:30  INF  Executed endpoint 'BAKERBAZZAR.API.Controller.UserController.CartDetails (BAKERBAZZAR.API)'
2024-11-13 15:06:40.426 +05:30  INF  Request finished HTTP/1.1 GET http://localhost:5145/User/CartDetails?displayid=54ad4834-4071-46df-9009-2f2bc60bca0a - - - 200 - application/json;+charset=utf-8 16.8279ms
2024-11-13 15:06:40.427 +05:30  INF  Request starting HTTP/1.1 GET http://localhost:5145/User/CartDetails?displayid=54ad4834-4071-46df-9009-2f2bc60bca0a - -
2024-11-13 15:06:40.427 +05:30  INF  CORS policy execution successful.
2024-11-13 15:06:40.428 +05:30  INF  Executing endpoint 'BAKERBAZZAR.API.Controller.UserController.CartDetails (BAKERBAZZAR.API)'
2024-11-13 15:06:40.428 +05:30  INF  Route matched with {action = "CartDetails", controller = "User"}. Executing controller action with signature System.Threading.Tasks.Task`1[Microsoft.AspNetCore.Mvc.ActionResult`1[BAKERBAZZAR.API.Models.ApiResponse]] CartDetails(System.String) on controller BAKERBAZZAR.API.Controller.UserController (BAKERBAZZAR.API).
2024-11-13 15:06:40.431 +05:30  INF  Executing ObjectResult, writing value of type 'BAKERBAZZAR.API.Models.ApiResponse'.
2024-11-13 15:06:40.431 +05:30  INF  Executed action BAKERBAZZAR.API.Controller.UserController.CartDetails (BAKERBAZZAR.API) in 3.7508ms
2024-11-13 15:06:40.431 +05:30  INF  Executed endpoint 'BAKERBAZZAR.API.Controller.UserController.CartDetails (BAKERBAZZAR.API)'
2024-11-13 15:06:40.431 +05:30  INF  Request finished HTTP/1.1 GET http://localhost:5145/User/CartDetails?displayid=54ad4834-4071-46df-9009-2f2bc60bca0a - - - 200 - application/json;+charset=utf-8 4.1435ms
2024-11-13 15:06:41.866 +05:30  INF  Request starting HTTP/1.1 OPTIONS http://localhost:5145/user/deletecartitem?cartdisplayid=54ad4834-4071-46df-9009-2f2bc60bca0a&cartrid=213 - -
2024-11-13 15:06:41.866 +05:30  INF  CORS policy execution successful.
2024-11-13 15:06:41.866 +05:30  INF  Request finished HTTP/1.1 OPTIONS http://localhost:5145/user/deletecartitem?cartdisplayid=54ad4834-4071-46df-9009-2f2bc60bca0a&cartrid=213 - - - 204 - - 0.2512ms
2024-11-13 15:06:41.868 +05:30  INF  Request starting HTTP/1.1 DELETE http://localhost:5145/user/deletecartitem?cartdisplayid=54ad4834-4071-46df-9009-2f2bc60bca0a&cartrid=213 - -
2024-11-13 15:06:41.868 +05:30  INF  CORS policy execution successful.
2024-11-13 15:06:41.868 +05:30  INF  Executing endpoint 'BAKERBAZZAR.API.Controller.UserController.DeleteCartItem (BAKERBAZZAR.API)'
2024-11-13 15:06:41.868 +05:30  INF  Route matched with {action = "DeleteCartItem", controller = "User"}. Executing controller action with signature System.Threading.Tasks.Task`1[Microsoft.AspNetCore.Mvc.ActionResult`1[BAKERBAZZAR.API.Models.ApiResponse]] DeleteCartItem(System.String, Int32) on controller BAKERBAZZAR.API.Controller.UserController (BAKERBAZZAR.API).
2024-11-13 15:06:41.876 +05:30  INF  Executing ObjectResult, writing value of type 'BAKERBAZZAR.API.Models.ApiResponse'.
2024-11-13 15:06:41.876 +05:30  INF  Executed action BAKERBAZZAR.API.Controller.UserController.DeleteCartItem (BAKERBAZZAR.API) in 8.5689ms
2024-11-13 15:06:41.876 +05:30  INF  Executed endpoint 'BAKERBAZZAR.API.Controller.UserController.DeleteCartItem (BAKERBAZZAR.API)'
2024-11-13 15:06:41.877 +05:30  INF  Request finished HTTP/1.1 DELETE http://localhost:5145/user/deletecartitem?cartdisplayid=54ad4834-4071-46df-9009-2f2bc60bca0a&cartrid=213 - - - 200 - application/json;+charset=utf-8 8.8059ms
2024-11-13 15:06:47.928 +05:30  INF  Request starting HTTP/1.1 OPTIONS http://localhost:5145/user/deletecartitem?cartdisplayid=54ad4834-4071-46df-9009-2f2bc60bca0a&cartrid=213 - -
2024-11-13 15:06:47.928 +05:30  INF  CORS policy execution successful.
2024-11-13 15:06:47.928 +05:30  INF  Request finished HTTP/1.1 OPTIONS http://localhost:5145/user/deletecartitem?cartdisplayid=54ad4834-4071-46df-9009-2f2bc60bca0a&cartrid=213 - - - 204 - - 0.2975ms
2024-11-13 15:06:47.929 +05:30  INF  Request starting HTTP/1.1 DELETE http://localhost:5145/user/deletecartitem?cartdisplayid=54ad4834-4071-46df-9009-2f2bc60bca0a&cartrid=213 - -
2024-11-13 15:06:47.929 +05:30  INF  CORS policy execution successful.
2024-11-13 15:06:47.929 +05:30  INF  Executing endpoint 'BAKERBAZZAR.API.Controller.UserController.DeleteCartItem (BAKERBAZZAR.API)'
2024-11-13 15:06:47.929 +05:30  INF  Route matched with {action = "DeleteCartItem", controller = "User"}. Executing controller action with signature System.Threading.Tasks.Task`1[Microsoft.AspNetCore.Mvc.ActionResult`1[BAKERBAZZAR.API.Models.ApiResponse]] DeleteCartItem(System.String, Int32) on controller BAKERBAZZAR.API.Controller.UserController (BAKERBAZZAR.API).
2024-11-13 15:06:47.937 +05:30  INF  Executing ObjectResult, writing value of type 'BAKERBAZZAR.API.Models.ApiResponse'.
2024-11-13 15:06:47.937 +05:30  INF  Executed action BAKERBAZZAR.API.Controller.UserController.DeleteCartItem (BAKERBAZZAR.API) in 8.2155ms
2024-11-13 15:06:47.938 +05:30  INF  Executed endpoint 'BAKERBAZZAR.API.Controller.UserController.DeleteCartItem (BAKERBAZZAR.API)'
2024-11-13 15:06:47.938 +05:30  INF  Request finished HTTP/1.1 DELETE http://localhost:5145/user/deletecartitem?cartdisplayid=54ad4834-4071-46df-9009-2f2bc60bca0a&cartrid=213 - - - 200 - application/json;+charset=utf-8 8.5953ms
2024-11-13 15:06:52.805 +05:30  INF  Request starting HTTP/1.1 GET http://localhost:5145/User/CartDetails?displayid=54ad4834-4071-46df-9009-2f2bc60bca0a - -
2024-11-13 15:06:52.806 +05:30  INF  CORS policy execution successful.
2024-11-13 15:06:52.806 +05:30  INF  Executing endpoint 'BAKERBAZZAR.API.Controller.UserController.CartDetails (BAKERBAZZAR.API)'
2024-11-13 15:06:52.806 +05:30  INF  Route matched with {action = "CartDetails", controller = "User"}. Executing controller action with signature System.Threading.Tasks.Task`1[Microsoft.AspNetCore.Mvc.ActionResult`1[BAKERBAZZAR.API.Models.ApiResponse]] CartDetails(System.String) on controller BAKERBAZZAR.API.Controller.UserController (BAKERBAZZAR.API).
2024-11-13 15:06:52.809 +05:30  INF  Request starting HTTP/1.1 GET http://localhost:5145/User/Category - -
2024-11-13 15:06:52.810 +05:30  INF  CORS policy execution successful.
2024-11-13 15:06:52.810 +05:30  INF  Executing endpoint 'BAKERBAZZAR.API.Controller.UserController.Category (BAKERBAZZAR.API)'
2024-11-13 15:06:52.810 +05:30  INF  Route matched with {action = "Category", controller = "User"}. Executing controller action with signature System.Threading.Tasks.Task`1[Microsoft.AspNetCore.Mvc.ActionResult`1[BAKERBAZZAR.API.Models.ApiResponse]] Category(System.String) on controller BAKERBAZZAR.API.Controller.UserController (BAKERBAZZAR.API).
2024-11-13 15:06:52.811 +05:30  INF  Request starting HTTP/1.1 GET http://localhost:5145/user/products?categoryid= - -
2024-11-13 15:06:52.811 +05:30  INF  CORS policy execution successful.
2024-11-13 15:06:52.811 +05:30  INF  Executing endpoint 'BAKERBAZZAR.API.Controller.UserController.Products (BAKERBAZZAR.API)'
2024-11-13 15:06:52.811 +05:30  INF  Route matched with {action = "Products", controller = "User"}. Executing controller action with signature System.Threading.Tasks.Task`1[Microsoft.AspNetCore.Mvc.ActionResult`1[BAKERBAZZAR.API.Models.ApiResponse]] Products(System.String, System.String) on controller BAKERBAZZAR.API.Controller.UserController (BAKERBAZZAR.API).
2024-11-13 15:06:52.827 +05:30  INF  Executing ObjectResult, writing value of type 'BAKERBAZZAR.API.Models.ApiResponse'.
2024-11-13 15:06:52.828 +05:30  INF  Executed action BAKERBAZZAR.API.Controller.UserController.Category (BAKERBAZZAR.API) in 17.7625ms
2024-11-13 15:06:52.828 +05:30  INF  Executed endpoint 'BAKERBAZZAR.API.Controller.UserController.Category (BAKERBAZZAR.API)'
2024-11-13 15:06:52.828 +05:30  INF  Request finished HTTP/1.1 GET http://localhost:5145/User/Category - - - 200 - application/json;+charset=utf-8 18.4427ms
2024-11-13 15:06:52.829 +05:30  INF  Executing ObjectResult, writing value of type 'BAKERBAZZAR.API.Models.ApiResponse'.
2024-11-13 15:06:52.829 +05:30  INF  Executed action BAKERBAZZAR.API.Controller.UserController.CartDetails (BAKERBAZZAR.API) in 23.3481ms
2024-11-13 15:06:52.829 +05:30  INF  Executed endpoint 'BAKERBAZZAR.API.Controller.UserController.CartDetails (BAKERBAZZAR.API)'
2024-11-13 15:06:52.829 +05:30  INF  Request finished HTTP/1.1 GET http://localhost:5145/User/CartDetails?displayid=54ad4834-4071-46df-9009-2f2bc60bca0a - - - 200 - application/json;+charset=utf-8 24.1319ms
2024-11-13 15:06:52.834 +05:30  INF  Executing ObjectResult, writing value of type 'BAKERBAZZAR.API.Models.ApiResponse'.
2024-11-13 15:06:52.836 +05:30  INF  Executed action BAKERBAZZAR.API.Controller.UserController.Products (BAKERBAZZAR.API) in 24.4501ms
2024-11-13 15:06:52.836 +05:30  INF  Executed endpoint 'BAKERBAZZAR.API.Controller.UserController.Products (BAKERBAZZAR.API)'
2024-11-13 15:06:52.836 +05:30  INF  Request finished HTTP/1.1 GET http://localhost:5145/user/products?categoryid= - - - 200 - application/json;+charset=utf-8 25.1423ms
2024-11-13 15:06:52.841 +05:30  INF  Request starting HTTP/1.1 GET http://localhost:5145/user/myorders?displayid=e62f03f4-2dcf-4f80-bc23-341651bd9338 - -
2024-11-13 15:06:52.841 +05:30  INF  CORS policy execution successful.
2024-11-13 15:06:52.841 +05:30  INF  Executing endpoint 'BAKERBAZZAR.API.Controller.UserController.MyOrders (BAKERBAZZAR.API)'
2024-11-13 15:06:52.841 +05:30  INF  Route matched with {action = "MyOrders", controller = "User"}. Executing controller action with signature System.Threading.Tasks.Task`1[Microsoft.AspNetCore.Mvc.ActionResult`1[BAKERBAZZAR.API.Models.ApiResponse]] MyOrders(System.String, System.String, System.String) on controller BAKERBAZZAR.API.Controller.UserController (BAKERBAZZAR.API).
2024-11-13 15:06:52.895 +05:30  INF  Executing ObjectResult, writing value of type 'BAKERBAZZAR.API.Models.ApiResponse'.
2024-11-13 15:06:52.895 +05:30  INF  Executed action BAKERBAZZAR.API.Controller.UserController.MyOrders (BAKERBAZZAR.API) in 54.5003ms
2024-11-13 15:06:52.896 +05:30  INF  Executed endpoint 'BAKERBAZZAR.API.Controller.UserController.MyOrders (BAKERBAZZAR.API)'
2024-11-13 15:06:52.896 +05:30  INF  Request finished HTTP/1.1 GET http://localhost:5145/user/myorders?displayid=e62f03f4-2dcf-4f80-bc23-341651bd9338 - - - 200 - application/json;+charset=utf-8 54.9525ms
2024-11-13 15:06:52.976 +05:30  INF  Request starting HTTP/1.1 GET http://localhost:5145/User/CartDetails?displayid=54ad4834-4071-46df-9009-2f2bc60bca0a - -
2024-11-13 15:06:52.976 +05:30  INF  CORS policy execution successful.
2024-11-13 15:06:52.977 +05:30  INF  Executing endpoint 'BAKERBAZZAR.API.Controller.UserController.CartDetails (BAKERBAZZAR.API)'
2024-11-13 15:06:52.977 +05:30  INF  Route matched with {action = "CartDetails", controller = "User"}. Executing controller action with signature System.Threading.Tasks.Task`1[Microsoft.AspNetCore.Mvc.ActionResult`1[BAKERBAZZAR.API.Models.ApiResponse]] CartDetails(System.String) on controller BAKERBAZZAR.API.Controller.UserController (BAKERBAZZAR.API).
2024-11-13 15:06:52.978 +05:30  INF  Request starting HTTP/1.1 GET http://localhost:5145/User/Category - -
2024-11-13 15:06:52.978 +05:30  INF  CORS policy execution successful.
2024-11-13 15:06:52.978 +05:30  INF  Executing endpoint 'BAKERBAZZAR.API.Controller.UserController.Category (BAKERBAZZAR.API)'
2024-11-13 15:06:52.978 +05:30  INF  Route matched with {action = "Category", controller = "User"}. Executing controller action with signature System.Threading.Tasks.Task`1[Microsoft.AspNetCore.Mvc.ActionResult`1[BAKERBAZZAR.API.Models.ApiResponse]] Category(System.String) on controller BAKERBAZZAR.API.Controller.UserController (BAKERBAZZAR.API).
2024-11-13 15:06:52.981 +05:30  INF  Executing ObjectResult, writing value of type 'BAKERBAZZAR.API.Models.ApiResponse'.
2024-11-13 15:06:52.981 +05:30  INF  Executed action BAKERBAZZAR.API.Controller.UserController.Category (BAKERBAZZAR.API) in 2.9666ms
2024-11-13 15:06:52.981 +05:30  INF  Executed endpoint 'BAKERBAZZAR.API.Controller.UserController.Category (BAKERBAZZAR.API)'
2024-11-13 15:06:52.981 +05:30  INF  Request finished HTTP/1.1 GET http://localhost:5145/User/Category - - - 200 - application/json;+charset=utf-8 3.4422ms
2024-11-13 15:06:52.984 +05:30  INF  Request starting HTTP/1.1 GET http://localhost:5145/user/products?categoryid= - -
2024-11-13 15:06:52.984 +05:30  INF  CORS policy execution successful.
2024-11-13 15:06:52.984 +05:30  INF  Executing endpoint 'BAKERBAZZAR.API.Controller.UserController.Products (BAKERBAZZAR.API)'
2024-11-13 15:06:52.984 +05:30  INF  Route matched with {action = "Products", controller = "User"}. Executing controller action with signature System.Threading.Tasks.Task`1[Microsoft.AspNetCore.Mvc.ActionResult`1[BAKERBAZZAR.API.Models.ApiResponse]] Products(System.String, System.String) on controller BAKERBAZZAR.API.Controller.UserController (BAKERBAZZAR.API).
2024-11-13 15:06:52.990 +05:30  INF  Executing ObjectResult, writing value of type 'BAKERBAZZAR.API.Models.ApiResponse'.
2024-11-13 15:06:52.990 +05:30  INF  Executed action BAKERBAZZAR.API.Controller.UserController.CartDetails (BAKERBAZZAR.API) in 12.9173ms
2024-11-13 15:06:52.990 +05:30  INF  Executed endpoint 'BAKERBAZZAR.API.Controller.UserController.CartDetails (BAKERBAZZAR.API)'
2024-11-13 15:06:52.990 +05:30  INF  Request finished HTTP/1.1 GET http://localhost:5145/User/CartDetails?displayid=54ad4834-4071-46df-9009-2f2bc60bca0a - - - 200 - application/json;+charset=utf-8 14.0246ms
2024-11-13 15:06:52.994 +05:30  INF  Executing ObjectResult, writing value of type 'BAKERBAZZAR.API.Models.ApiResponse'.
2024-11-13 15:06:52.995 +05:30  INF  Executed action BAKERBAZZAR.API.Controller.UserController.Products (BAKERBAZZAR.API) in 10.9299ms
2024-11-13 15:06:52.995 +05:30  INF  Executed endpoint 'BAKERBAZZAR.API.Controller.UserController.Products (BAKERBAZZAR.API)'
2024-11-13 15:06:52.996 +05:30  INF  Request finished HTTP/1.1 GET http://localhost:5145/user/products?categoryid= - - - 200 - application/json;+charset=utf-8 11.9554ms
2024-11-13 15:10:15.279 +05:30  INF  Request starting HTTP/1.1 GET http://localhost:5145/User/CartDetails?displayid=54ad4834-4071-46df-9009-2f2bc60bca0a - -
2024-11-13 15:10:15.281 +05:30  INF  CORS policy execution successful.
2024-11-13 15:10:15.281 +05:30  INF  Executing endpoint 'BAKERBAZZAR.API.Controller.UserController.CartDetails (BAKERBAZZAR.API)'
2024-11-13 15:10:15.282 +05:30  INF  Route matched with {action = "CartDetails", controller = "User"}. Executing controller action with signature System.Threading.Tasks.Task`1[Microsoft.AspNetCore.Mvc.ActionResult`1[BAKERBAZZAR.API.Models.ApiResponse]] CartDetails(System.String) on controller BAKERBAZZAR.API.Controller.UserController (BAKERBAZZAR.API).
2024-11-13 15:10:15.316 +05:30  INF  Executing ObjectResult, writing value of type 'BAKERBAZZAR.API.Models.ApiResponse'.
2024-11-13 15:10:15.317 +05:30  INF  Executed action BAKERBAZZAR.API.Controller.UserController.CartDetails (BAKERBAZZAR.API) in 35.0615ms
2024-11-13 15:10:15.317 +05:30  INF  Executed endpoint 'BAKERBAZZAR.API.Controller.UserController.CartDetails (BAKERBAZZAR.API)'
2024-11-13 15:10:15.317 +05:30  INF  Request finished HTTP/1.1 GET http://localhost:5145/User/CartDetails?displayid=54ad4834-4071-46df-9009-2f2bc60bca0a - - - 200 - application/json;+charset=utf-8 38.1479ms
2024-11-13 15:10:17.413 +05:30  INF  Request starting HTTP/1.1 GET http://localhost:5145/user/products?categoryid=3e85ca1f-91c2-42f2-9b05-bd920051c25e - -
2024-11-13 15:10:17.414 +05:30  INF  CORS policy execution successful.
2024-11-13 15:10:17.414 +05:30  INF  Executing endpoint 'BAKERBAZZAR.API.Controller.UserController.Products (BAKERBAZZAR.API)'
2024-11-13 15:10:17.414 +05:30  INF  Route matched with {action = "Products", controller = "User"}. Executing controller action with signature System.Threading.Tasks.Task`1[Microsoft.AspNetCore.Mvc.ActionResult`1[BAKERBAZZAR.API.Models.ApiResponse]] Products(System.String, System.String) on controller BAKERBAZZAR.API.Controller.UserController (BAKERBAZZAR.API).
2024-11-13 15:10:17.424 +05:30  INF  Executing ObjectResult, writing value of type 'BAKERBAZZAR.API.Models.ApiResponse'.
2024-11-13 15:10:17.424 +05:30  INF  Executed action BAKERBAZZAR.API.Controller.UserController.Products (BAKERBAZZAR.API) in 10.6003ms
2024-11-13 15:10:17.425 +05:30  INF  Executed endpoint 'BAKERBAZZAR.API.Controller.UserController.Products (BAKERBAZZAR.API)'
2024-11-13 15:10:17.425 +05:30  INF  Request finished HTTP/1.1 GET http://localhost:5145/user/products?categoryid=3e85ca1f-91c2-42f2-9b05-bd920051c25e - - - 200 - application/json;+charset=utf-8 11.2713ms
2024-11-13 15:10:19.326 +05:30  INF  Request starting HTTP/1.1 OPTIONS http://localhost:5145/User/AddToCart - -
2024-11-13 15:10:19.327 +05:30  INF  CORS policy execution successful.
2024-11-13 15:10:19.327 +05:30  INF  Request finished HTTP/1.1 OPTIONS http://localhost:5145/User/AddToCart - - - 204 - - 0.3629ms
2024-11-13 15:10:19.328 +05:30  INF  Request starting HTTP/1.1 POST http://localhost:5145/User/AddToCart application/json 140
2024-11-13 15:10:19.328 +05:30  INF  CORS policy execution successful.
2024-11-13 15:10:19.329 +05:30  INF  Executing endpoint 'BAKERBAZZAR.API.Controller.UserController.AddToCart (BAKERBAZZAR.API)'
2024-11-13 15:10:19.329 +05:30  INF  Route matched with {action = "AddToCart", controller = "User"}. Executing controller action with signature System.Threading.Tasks.Task`1[Microsoft.AspNetCore.Mvc.ActionResult`1[BAKERBAZZAR.API.Models.ApiResponse]] AddToCart(BAKERBAZZAR.API.Models.IO_Templates.AddToCartRequest) on controller BAKERBAZZAR.API.Controller.UserController (BAKERBAZZAR.API).
2024-11-13 15:10:19.352 +05:30  INF  Executing ObjectResult, writing value of type 'BAKERBAZZAR.API.Models.ApiResponse'.
2024-11-13 15:10:19.352 +05:30  INF  Executed action BAKERBAZZAR.API.Controller.UserController.AddToCart (BAKERBAZZAR.API) in 23.658ms
2024-11-13 15:10:19.353 +05:30  INF  Executed endpoint 'BAKERBAZZAR.API.Controller.UserController.AddToCart (BAKERBAZZAR.API)'
2024-11-13 15:10:19.353 +05:30  INF  Request finished HTTP/1.1 POST http://localhost:5145/User/AddToCart application/json 140 - 200 - application/json;+charset=utf-8 24.2408ms
2024-11-13 15:10:20.471 +05:30  INF  Request starting HTTP/1.1 GET http://localhost:5145/User/CartDetails?displayid=54ad4834-4071-46df-9009-2f2bc60bca0a - -
2024-11-13 15:10:20.471 +05:30  INF  CORS policy execution successful.
2024-11-13 15:10:20.472 +05:30  INF  Executing endpoint 'BAKERBAZZAR.API.Controller.UserController.CartDetails (BAKERBAZZAR.API)'
2024-11-13 15:10:20.472 +05:30  INF  Route matched with {action = "CartDetails", controller = "User"}. Executing controller action with signature System.Threading.Tasks.Task`1[Microsoft.AspNetCore.Mvc.ActionResult`1[BAKERBAZZAR.API.Models.ApiResponse]] CartDetails(System.String) on controller BAKERBAZZAR.API.Controller.UserController (BAKERBAZZAR.API).
2024-11-13 15:10:20.476 +05:30  INF  Executing ObjectResult, writing value of type 'BAKERBAZZAR.API.Models.ApiResponse'.
2024-11-13 15:10:20.476 +05:30  INF  Executed action BAKERBAZZAR.API.Controller.UserController.CartDetails (BAKERBAZZAR.API) in 4.0636ms
2024-11-13 15:10:20.476 +05:30  INF  Executed endpoint 'BAKERBAZZAR.API.Controller.UserController.CartDetails (BAKERBAZZAR.API)'
2024-11-13 15:10:20.476 +05:30  INF  Request finished HTTP/1.1 GET http://localhost:5145/User/CartDetails?displayid=54ad4834-4071-46df-9009-2f2bc60bca0a - - - 200 - application/json;+charset=utf-8 4.7608ms
2024-11-13 15:10:20.643 +05:30  INF  Request starting HTTP/1.1 GET http://localhost:5145/User/CartDetails?displayid=54ad4834-4071-46df-9009-2f2bc60bca0a - -
2024-11-13 15:10:20.643 +05:30  INF  CORS policy execution successful.
2024-11-13 15:10:20.643 +05:30  INF  Executing endpoint 'BAKERBAZZAR.API.Controller.UserController.CartDetails (BAKERBAZZAR.API)'
2024-11-13 15:10:20.643 +05:30  INF  Route matched with {action = "CartDetails", controller = "User"}. Executing controller action with signature System.Threading.Tasks.Task`1[Microsoft.AspNetCore.Mvc.ActionResult`1[BAKERBAZZAR.API.Models.ApiResponse]] CartDetails(System.String) on controller BAKERBAZZAR.API.Controller.UserController (BAKERBAZZAR.API).
2024-11-13 15:10:20.649 +05:30  INF  Executing ObjectResult, writing value of type 'BAKERBAZZAR.API.Models.ApiResponse'.
2024-11-13 15:10:20.650 +05:30  INF  Executed action BAKERBAZZAR.API.Controller.UserController.CartDetails (BAKERBAZZAR.API) in 6.0147ms
2024-11-13 15:10:20.650 +05:30  INF  Executed endpoint 'BAKERBAZZAR.API.Controller.UserController.CartDetails (BAKERBAZZAR.API)'
2024-11-13 15:10:20.650 +05:30  INF  Request finished HTTP/1.1 GET http://localhost:5145/User/CartDetails?displayid=54ad4834-4071-46df-9009-2f2bc60bca0a - - - 200 - application/json;+charset=utf-8 7.2628ms
2024-11-13 15:10:21.668 +05:30  INF  Request starting HTTP/1.1 OPTIONS http://localhost:5145/user/deletecartitem?cartdisplayid=54ad4834-4071-46df-9009-2f2bc60bca0a&cartrid=214 - -
2024-11-13 15:10:21.668 +05:30  INF  CORS policy execution successful.
2024-11-13 15:10:21.668 +05:30  INF  Request finished HTTP/1.1 OPTIONS http://localhost:5145/user/deletecartitem?cartdisplayid=54ad4834-4071-46df-9009-2f2bc60bca0a&cartrid=214 - - - 204 - - 0.2602ms
2024-11-13 15:10:21.683 +05:30  INF  Request starting HTTP/1.1 DELETE http://localhost:5145/user/deletecartitem?cartdisplayid=54ad4834-4071-46df-9009-2f2bc60bca0a&cartrid=214 - -
2024-11-13 15:10:21.683 +05:30  INF  CORS policy execution successful.
2024-11-13 15:10:21.683 +05:30  INF  Executing endpoint 'BAKERBAZZAR.API.Controller.UserController.DeleteCartItem (BAKERBAZZAR.API)'
2024-11-13 15:10:21.683 +05:30  INF  Route matched with {action = "DeleteCartItem", controller = "User"}. Executing controller action with signature System.Threading.Tasks.Task`1[Microsoft.AspNetCore.Mvc.ActionResult`1[BAKERBAZZAR.API.Models.ApiResponse]] DeleteCartItem(System.String, Int32) on controller BAKERBAZZAR.API.Controller.UserController (BAKERBAZZAR.API).
2024-11-13 15:10:21.695 +05:30  INF  Executing ObjectResult, writing value of type 'BAKERBAZZAR.API.Models.ApiResponse'.
2024-11-13 15:10:21.695 +05:30  INF  Executed action BAKERBAZZAR.API.Controller.UserController.DeleteCartItem (BAKERBAZZAR.API) in 11.8703ms
2024-11-13 15:10:21.695 +05:30  INF  Executed endpoint 'BAKERBAZZAR.API.Controller.UserController.DeleteCartItem (BAKERBAZZAR.API)'
2024-11-13 15:10:21.696 +05:30  INF  Request finished HTTP/1.1 DELETE http://localhost:5145/user/deletecartitem?cartdisplayid=54ad4834-4071-46df-9009-2f2bc60bca0a&cartrid=214 - - - 200 - application/json;+charset=utf-8 12.4177ms
2024-11-13 15:10:22.673 +05:30  INF  Request starting HTTP/1.1 DELETE http://localhost:5145/user/deletecartitem?cartdisplayid=54ad4834-4071-46df-9009-2f2bc60bca0a&cartrid=214 - -
2024-11-13 15:10:22.673 +05:30  INF  CORS policy execution successful.
2024-11-13 15:10:22.673 +05:30  INF  Executing endpoint 'BAKERBAZZAR.API.Controller.UserController.DeleteCartItem (BAKERBAZZAR.API)'
2024-11-13 15:10:22.673 +05:30  INF  Route matched with {action = "DeleteCartItem", controller = "User"}. Executing controller action with signature System.Threading.Tasks.Task`1[Microsoft.AspNetCore.Mvc.ActionResult`1[BAKERBAZZAR.API.Models.ApiResponse]] DeleteCartItem(System.String, Int32) on controller BAKERBAZZAR.API.Controller.UserController (BAKERBAZZAR.API).
2024-11-13 15:10:22.674 +05:30  INF  Executing ObjectResult, writing value of type 'BAKERBAZZAR.API.Models.ApiResponse'.
2024-11-13 15:10:22.674 +05:30  INF  Executed action BAKERBAZZAR.API.Controller.UserController.DeleteCartItem (BAKERBAZZAR.API) in 1.1428ms
2024-11-13 15:10:22.675 +05:30  INF  Executed endpoint 'BAKERBAZZAR.API.Controller.UserController.DeleteCartItem (BAKERBAZZAR.API)'
2024-11-13 15:10:22.675 +05:30  INF  Request finished HTTP/1.1 DELETE http://localhost:5145/user/deletecartitem?cartdisplayid=54ad4834-4071-46df-9009-2f2bc60bca0a&cartrid=214 - - - 200 - application/json;+charset=utf-8 1.5753ms
2024-11-13 15:10:29.845 +05:30  INF  Request starting HTTP/1.1 GET http://localhost:5145/User/CartDetails?displayid=54ad4834-4071-46df-9009-2f2bc60bca0a - -
2024-11-13 15:10:29.845 +05:30  INF  Request starting HTTP/1.1 GET http://localhost:5145/User/Category - -
2024-11-13 15:10:29.845 +05:30  INF  CORS policy execution successful.
2024-11-13 15:10:29.846 +05:30  INF  Executing endpoint 'BAKERBAZZAR.API.Controller.UserController.CartDetails (BAKERBAZZAR.API)'
2024-11-13 15:10:29.846 +05:30  INF  CORS policy execution successful.
2024-11-13 15:10:29.846 +05:30  INF  Executing endpoint 'BAKERBAZZAR.API.Controller.UserController.Category (BAKERBAZZAR.API)'
2024-11-13 15:10:29.846 +05:30  INF  Route matched with {action = "Category", controller = "User"}. Executing controller action with signature System.Threading.Tasks.Task`1[Microsoft.AspNetCore.Mvc.ActionResult`1[BAKERBAZZAR.API.Models.ApiResponse]] Category(System.String) on controller BAKERBAZZAR.API.Controller.UserController (BAKERBAZZAR.API).
2024-11-13 15:10:29.847 +05:30  INF  Route matched with {action = "CartDetails", controller = "User"}. Executing controller action with signature System.Threading.Tasks.Task`1[Microsoft.AspNetCore.Mvc.ActionResult`1[BAKERBAZZAR.API.Models.ApiResponse]] CartDetails(System.String) on controller BAKERBAZZAR.API.Controller.UserController (BAKERBAZZAR.API).
2024-11-13 15:10:29.849 +05:30  INF  Request starting HTTP/1.1 GET http://localhost:5145/user/products?categoryid= - -
2024-11-13 15:10:29.849 +05:30  INF  CORS policy execution successful.
2024-11-13 15:10:29.849 +05:30  INF  Executing endpoint 'BAKERBAZZAR.API.Controller.UserController.Products (BAKERBAZZAR.API)'
2024-11-13 15:10:29.849 +05:30  INF  Route matched with {action = "Products", controller = "User"}. Executing controller action with signature System.Threading.Tasks.Task`1[Microsoft.AspNetCore.Mvc.ActionResult`1[BAKERBAZZAR.API.Models.ApiResponse]] Products(System.String, System.String) on controller BAKERBAZZAR.API.Controller.UserController (BAKERBAZZAR.API).
2024-11-13 15:10:29.853 +05:30  INF  Executing ObjectResult, writing value of type 'BAKERBAZZAR.API.Models.ApiResponse'.
2024-11-13 15:10:29.853 +05:30  INF  Executed action BAKERBAZZAR.API.Controller.UserController.CartDetails (BAKERBAZZAR.API) in 5.9018ms
2024-11-13 15:10:29.853 +05:30  INF  Executed endpoint 'BAKERBAZZAR.API.Controller.UserController.CartDetails (BAKERBAZZAR.API)'
2024-11-13 15:10:29.853 +05:30  INF  Request finished HTTP/1.1 GET http://localhost:5145/User/CartDetails?displayid=54ad4834-4071-46df-9009-2f2bc60bca0a - - - 200 - application/json;+charset=utf-8 8.6043ms
2024-11-13 15:10:29.860 +05:30  INF  Executing ObjectResult, writing value of type 'BAKERBAZZAR.API.Models.ApiResponse'.
2024-11-13 15:10:29.861 +05:30  INF  Executed action BAKERBAZZAR.API.Controller.UserController.Category (BAKERBAZZAR.API) in 14.8241ms
2024-11-13 15:10:29.861 +05:30  INF  Executed endpoint 'BAKERBAZZAR.API.Controller.UserController.Category (BAKERBAZZAR.API)'
2024-11-13 15:10:29.861 +05:30  INF  Request finished HTTP/1.1 GET http://localhost:5145/User/Category - - - 200 - application/json;+charset=utf-8 15.8016ms
2024-11-13 15:10:29.875 +05:30  INF  Executing ObjectResult, writing value of type 'BAKERBAZZAR.API.Models.ApiResponse'.
2024-11-13 15:10:29.878 +05:30  INF  Executed action BAKERBAZZAR.API.Controller.UserController.Products (BAKERBAZZAR.API) in 29.0091ms
2024-11-13 15:10:29.878 +05:30  INF  Executed endpoint 'BAKERBAZZAR.API.Controller.UserController.Products (BAKERBAZZAR.API)'
2024-11-13 15:10:29.879 +05:30  INF  Request finished HTTP/1.1 GET http://localhost:5145/user/products?categoryid= - - - 200 - application/json;+charset=utf-8 29.4523ms
2024-11-13 15:10:29.895 +05:30  INF  Request starting HTTP/1.1 GET http://localhost:5145/user/myorders?displayid=e62f03f4-2dcf-4f80-bc23-341651bd9338 - -
2024-11-13 15:10:29.895 +05:30  INF  CORS policy execution successful.
2024-11-13 15:10:29.895 +05:30  INF  Executing endpoint 'BAKERBAZZAR.API.Controller.UserController.MyOrders (BAKERBAZZAR.API)'
2024-11-13 15:10:29.895 +05:30  INF  Route matched with {action = "MyOrders", controller = "User"}. Executing controller action with signature System.Threading.Tasks.Task`1[Microsoft.AspNetCore.Mvc.ActionResult`1[BAKERBAZZAR.API.Models.ApiResponse]] MyOrders(System.String, System.String, System.String) on controller BAKERBAZZAR.API.Controller.UserController (BAKERBAZZAR.API).
2024-11-13 15:10:29.972 +05:30  INF  Executing ObjectResult, writing value of type 'BAKERBAZZAR.API.Models.ApiResponse'.
2024-11-13 15:10:29.972 +05:30  INF  Executed action BAKERBAZZAR.API.Controller.UserController.MyOrders (BAKERBAZZAR.API) in 76.5733ms
2024-11-13 15:10:29.972 +05:30  INF  Executed endpoint 'BAKERBAZZAR.API.Controller.UserController.MyOrders (BAKERBAZZAR.API)'
2024-11-13 15:10:29.972 +05:30  INF  Request finished HTTP/1.1 GET http://localhost:5145/user/myorders?displayid=e62f03f4-2dcf-4f80-bc23-341651bd9338 - - - 200 - application/json;+charset=utf-8 77.2858ms
2024-11-13 15:10:30.012 +05:30  INF  Request starting HTTP/1.1 GET http://localhost:5145/User/CartDetails?displayid=54ad4834-4071-46df-9009-2f2bc60bca0a - -
2024-11-13 15:10:30.012 +05:30  INF  CORS policy execution successful.
2024-11-13 15:10:30.012 +05:30  INF  Executing endpoint 'BAKERBAZZAR.API.Controller.UserController.CartDetails (BAKERBAZZAR.API)'
2024-11-13 15:10:30.012 +05:30  INF  Route matched with {action = "CartDetails", controller = "User"}. Executing controller action with signature System.Threading.Tasks.Task`1[Microsoft.AspNetCore.Mvc.ActionResult`1[BAKERBAZZAR.API.Models.ApiResponse]] CartDetails(System.String) on controller BAKERBAZZAR.API.Controller.UserController (BAKERBAZZAR.API).
2024-11-13 15:10:30.016 +05:30  INF  Request starting HTTP/1.1 GET http://localhost:5145/User/Category - -
2024-11-13 15:10:30.016 +05:30  INF  CORS policy execution successful.
2024-11-13 15:10:30.016 +05:30  INF  Executing endpoint 'BAKERBAZZAR.API.Controller.UserController.Category (BAKERBAZZAR.API)'
2024-11-13 15:10:30.017 +05:30  INF  Route matched with {action = "Category", controller = "User"}. Executing controller action with signature System.Threading.Tasks.Task`1[Microsoft.AspNetCore.Mvc.ActionResult`1[BAKERBAZZAR.API.Models.ApiResponse]] Category(System.String) on controller BAKERBAZZAR.API.Controller.UserController (BAKERBAZZAR.API).
2024-11-13 15:10:30.018 +05:30  INF  Request starting HTTP/1.1 GET http://localhost:5145/user/products?categoryid= - -
2024-11-13 15:10:30.018 +05:30  INF  CORS policy execution successful.
2024-11-13 15:10:30.018 +05:30  INF  Executing endpoint 'BAKERBAZZAR.API.Controller.UserController.Products (BAKERBAZZAR.API)'
2024-11-13 15:10:30.019 +05:30  INF  Route matched with {action = "Products", controller = "User"}. Executing controller action with signature System.Threading.Tasks.Task`1[Microsoft.AspNetCore.Mvc.ActionResult`1[BAKERBAZZAR.API.Models.ApiResponse]] Products(System.String, System.String) on controller BAKERBAZZAR.API.Controller.UserController (BAKERBAZZAR.API).
2024-11-13 15:10:30.033 +05:30  INF  Executing ObjectResult, writing value of type 'BAKERBAZZAR.API.Models.ApiResponse'.
2024-11-13 15:10:30.033 +05:30  INF  Executed action BAKERBAZZAR.API.Controller.UserController.Category (BAKERBAZZAR.API) in 15.2105ms
2024-11-13 15:10:30.033 +05:30  INF  Executed endpoint 'BAKERBAZZAR.API.Controller.UserController.Category (BAKERBAZZAR.API)'
2024-11-13 15:10:30.033 +05:30  INF  Request finished HTTP/1.1 GET http://localhost:5145/User/Category - - - 200 - application/json;+charset=utf-8 17.3460ms
2024-11-13 15:10:30.037 +05:30  INF  Executing ObjectResult, writing value of type 'BAKERBAZZAR.API.Models.ApiResponse'.
2024-11-13 15:10:30.037 +05:30  INF  Executed action BAKERBAZZAR.API.Controller.UserController.CartDetails (BAKERBAZZAR.API) in 25.1708ms
2024-11-13 15:10:30.037 +05:30  INF  Executed endpoint 'BAKERBAZZAR.API.Controller.UserController.CartDetails (BAKERBAZZAR.API)'
2024-11-13 15:10:30.037 +05:30  INF  Request finished HTTP/1.1 GET http://localhost:5145/User/CartDetails?displayid=54ad4834-4071-46df-9009-2f2bc60bca0a - - - 200 - application/json;+charset=utf-8 25.6612ms
2024-11-13 15:10:30.040 +05:30  INF  Executing ObjectResult, writing value of type 'BAKERBAZZAR.API.Models.ApiResponse'.
2024-11-13 15:10:30.042 +05:30  INF  Executed action BAKERBAZZAR.API.Controller.UserController.Products (BAKERBAZZAR.API) in 23.0332ms
2024-11-13 15:10:30.042 +05:30  INF  Executed endpoint 'BAKERBAZZAR.API.Controller.UserController.Products (BAKERBAZZAR.API)'
2024-11-13 15:10:30.042 +05:30  INF  Request finished HTTP/1.1 GET http://localhost:5145/user/products?categoryid= - - - 200 - application/json;+charset=utf-8 24.0493ms
2024-11-13 15:10:50.626 +05:30  INF  Request starting HTTP/1.1 GET http://localhost:5145/User/CartDetails?displayid=54ad4834-4071-46df-9009-2f2bc60bca0a - -
2024-11-13 15:10:50.626 +05:30  INF  CORS policy execution successful.
2024-11-13 15:10:50.626 +05:30  INF  Executing endpoint 'BAKERBAZZAR.API.Controller.UserController.CartDetails (BAKERBAZZAR.API)'
2024-11-13 15:10:50.626 +05:30  INF  Route matched with {action = "CartDetails", controller = "User"}. Executing controller action with signature System.Threading.Tasks.Task`1[Microsoft.AspNetCore.Mvc.ActionResult`1[BAKERBAZZAR.API.Models.ApiResponse]] CartDetails(System.String) on controller BAKERBAZZAR.API.Controller.UserController (BAKERBAZZAR.API).
2024-11-13 15:10:50.652 +05:30  INF  Executing ObjectResult, writing value of type 'BAKERBAZZAR.API.Models.ApiResponse'.
2024-11-13 15:10:50.652 +05:30  INF  Executed action BAKERBAZZAR.API.Controller.UserController.CartDetails (BAKERBAZZAR.API) in 25.7267ms
2024-11-13 15:10:50.652 +05:30  INF  Executed endpoint 'BAKERBAZZAR.API.Controller.UserController.CartDetails (BAKERBAZZAR.API)'
2024-11-13 15:10:50.652 +05:30  INF  Request finished HTTP/1.1 GET http://localhost:5145/User/CartDetails?displayid=54ad4834-4071-46df-9009-2f2bc60bca0a - - - 200 - application/json;+charset=utf-8 26.1869ms
2024-11-13 15:13:20.630 +05:30  INF  Request starting HTTP/1.1 GET http://localhost:5145/User/CartDetails?displayid=54ad4834-4071-46df-9009-2f2bc60bca0a - -
2024-11-13 15:13:20.630 +05:30  INF  CORS policy execution successful.
2024-11-13 15:13:20.630 +05:30  INF  Executing endpoint 'BAKERBAZZAR.API.Controller.UserController.CartDetails (BAKERBAZZAR.API)'
2024-11-13 15:13:20.631 +05:30  INF  Route matched with {action = "CartDetails", controller = "User"}. Executing controller action with signature System.Threading.Tasks.Task`1[Microsoft.AspNetCore.Mvc.ActionResult`1[BAKERBAZZAR.API.Models.ApiResponse]] CartDetails(System.String) on controller BAKERBAZZAR.API.Controller.UserController (BAKERBAZZAR.API).
2024-11-13 15:13:20.669 +05:30  INF  Executing ObjectResult, writing value of type 'BAKERBAZZAR.API.Models.ApiResponse'.
2024-11-13 15:13:20.669 +05:30  INF  Executed action BAKERBAZZAR.API.Controller.UserController.CartDetails (BAKERBAZZAR.API) in 38.83ms
2024-11-13 15:13:20.670 +05:30  INF  Executed endpoint 'BAKERBAZZAR.API.Controller.UserController.CartDetails (BAKERBAZZAR.API)'
2024-11-13 15:13:20.670 +05:30  INF  Request finished HTTP/1.1 GET http://localhost:5145/User/CartDetails?displayid=54ad4834-4071-46df-9009-2f2bc60bca0a - - - 200 - application/json;+charset=utf-8 39.9903ms
2024-11-13 15:14:33.166 +05:30  INF  Request starting HTTP/1.1 GET http://localhost:5145/User/CartDetails?displayid=54ad4834-4071-46df-9009-2f2bc60bca0a - -
2024-11-13 15:14:33.168 +05:30  INF  CORS policy execution successful.
2024-11-13 15:14:33.169 +05:30  INF  Executing endpoint 'BAKERBAZZAR.API.Controller.UserController.CartDetails (BAKERBAZZAR.API)'
2024-11-13 15:14:33.170 +05:30  INF  Route matched with {action = "CartDetails", controller = "User"}. Executing controller action with signature System.Threading.Tasks.Task`1[Microsoft.AspNetCore.Mvc.ActionResult`1[BAKERBAZZAR.API.Models.ApiResponse]] CartDetails(System.String) on controller BAKERBAZZAR.API.Controller.UserController (BAKERBAZZAR.API).
2024-11-13 15:14:33.233 +05:30  INF  Executing ObjectResult, writing value of type 'BAKERBAZZAR.API.Models.ApiResponse'.
2024-11-13 15:14:33.233 +05:30  INF  Executed action BAKERBAZZAR.API.Controller.UserController.CartDetails (BAKERBAZZAR.API) in 62.9968ms
2024-11-13 15:14:33.233 +05:30  INF  Executed endpoint 'BAKERBAZZAR.API.Controller.UserController.CartDetails (BAKERBAZZAR.API)'
2024-11-13 15:14:33.233 +05:30  INF  Request finished HTTP/1.1 GET http://localhost:5145/User/CartDetails?displayid=54ad4834-4071-46df-9009-2f2bc60bca0a - - - 200 - application/json;+charset=utf-8 67.8475ms
2024-11-13 15:14:39.163 +05:30  INF  Request starting HTTP/1.1 GET http://localhost:5145/user/products?categoryid=3e85ca1f-91c2-42f2-9b05-bd920051c25e - -
2024-11-13 15:14:39.163 +05:30  INF  CORS policy execution successful.
2024-11-13 15:14:39.163 +05:30  INF  Executing endpoint 'BAKERBAZZAR.API.Controller.UserController.Products (BAKERBAZZAR.API)'
2024-11-13 15:14:39.163 +05:30  INF  Route matched with {action = "Products", controller = "User"}. Executing controller action with signature System.Threading.Tasks.Task`1[Microsoft.AspNetCore.Mvc.ActionResult`1[BAKERBAZZAR.API.Models.ApiResponse]] Products(System.String, System.String) on controller BAKERBAZZAR.API.Controller.UserController (BAKERBAZZAR.API).
2024-11-13 15:14:39.171 +05:30  INF  Executing ObjectResult, writing value of type 'BAKERBAZZAR.API.Models.ApiResponse'.
2024-11-13 15:14:39.171 +05:30  INF  Executed action BAKERBAZZAR.API.Controller.UserController.Products (BAKERBAZZAR.API) in 8.4835ms
2024-11-13 15:14:39.171 +05:30  INF  Executed endpoint 'BAKERBAZZAR.API.Controller.UserController.Products (BAKERBAZZAR.API)'
2024-11-13 15:14:39.171 +05:30  INF  Request finished HTTP/1.1 GET http://localhost:5145/user/products?categoryid=3e85ca1f-91c2-42f2-9b05-bd920051c25e - - - 200 - application/json;+charset=utf-8 9.1973ms
2024-11-13 15:14:40.100 +05:30  INF  Request starting HTTP/1.1 OPTIONS http://localhost:5145/User/AddToCart - -
2024-11-13 15:14:40.102 +05:30  INF  CORS policy execution successful.
2024-11-13 15:14:40.102 +05:30  INF  Request finished HTTP/1.1 OPTIONS http://localhost:5145/User/AddToCart - - - 204 - - 1.9695ms
2024-11-13 15:14:40.103 +05:30  INF  Request starting HTTP/1.1 POST http://localhost:5145/User/AddToCart application/json 140
2024-11-13 15:14:40.103 +05:30  INF  CORS policy execution successful.
2024-11-13 15:14:40.103 +05:30  INF  Executing endpoint 'BAKERBAZZAR.API.Controller.UserController.AddToCart (BAKERBAZZAR.API)'
2024-11-13 15:14:40.103 +05:30  INF  Route matched with {action = "AddToCart", controller = "User"}. Executing controller action with signature System.Threading.Tasks.Task`1[Microsoft.AspNetCore.Mvc.ActionResult`1[BAKERBAZZAR.API.Models.ApiResponse]] AddToCart(BAKERBAZZAR.API.Models.IO_Templates.AddToCartRequest) on controller BAKERBAZZAR.API.Controller.UserController (BAKERBAZZAR.API).
2024-11-13 15:14:40.141 +05:30  INF  Executing ObjectResult, writing value of type 'BAKERBAZZAR.API.Models.ApiResponse'.
2024-11-13 15:14:40.141 +05:30  INF  Executed action BAKERBAZZAR.API.Controller.UserController.AddToCart (BAKERBAZZAR.API) in 37.4531ms
2024-11-13 15:14:40.141 +05:30  INF  Executed endpoint 'BAKERBAZZAR.API.Controller.UserController.AddToCart (BAKERBAZZAR.API)'
2024-11-13 15:14:40.141 +05:30  INF  Request finished HTTP/1.1 POST http://localhost:5145/User/AddToCart application/json 140 - 200 - application/json;+charset=utf-8 37.9390ms
2024-11-13 15:14:41.149 +05:30  INF  Request starting HTTP/1.1 GET http://localhost:5145/User/CartDetails?displayid=54ad4834-4071-46df-9009-2f2bc60bca0a - -
2024-11-13 15:14:41.150 +05:30  INF  CORS policy execution successful.
2024-11-13 15:14:41.150 +05:30  INF  Executing endpoint 'BAKERBAZZAR.API.Controller.UserController.CartDetails (BAKERBAZZAR.API)'
2024-11-13 15:14:41.150 +05:30  INF  Route matched with {action = "CartDetails", controller = "User"}. Executing controller action with signature System.Threading.Tasks.Task`1[Microsoft.AspNetCore.Mvc.ActionResult`1[BAKERBAZZAR.API.Models.ApiResponse]] CartDetails(System.String) on controller BAKERBAZZAR.API.Controller.UserController (BAKERBAZZAR.API).
2024-11-13 15:14:41.153 +05:30  INF  Executing ObjectResult, writing value of type 'BAKERBAZZAR.API.Models.ApiResponse'.
2024-11-13 15:14:41.153 +05:30  INF  Executed action BAKERBAZZAR.API.Controller.UserController.CartDetails (BAKERBAZZAR.API) in 3.0306ms
2024-11-13 15:14:41.153 +05:30  INF  Executed endpoint 'BAKERBAZZAR.API.Controller.UserController.CartDetails (BAKERBAZZAR.API)'
2024-11-13 15:14:41.153 +05:30  INF  Request finished HTTP/1.1 GET http://localhost:5145/User/CartDetails?displayid=54ad4834-4071-46df-9009-2f2bc60bca0a - - - 200 - application/json;+charset=utf-8 4.2031ms
2024-11-13 15:14:41.318 +05:30  INF  Request starting HTTP/1.1 GET http://localhost:5145/User/CartDetails?displayid=54ad4834-4071-46df-9009-2f2bc60bca0a - -
2024-11-13 15:14:41.318 +05:30  INF  CORS policy execution successful.
2024-11-13 15:14:41.319 +05:30  INF  Executing endpoint 'BAKERBAZZAR.API.Controller.UserController.CartDetails (BAKERBAZZAR.API)'
2024-11-13 15:14:41.319 +05:30  INF  Route matched with {action = "CartDetails", controller = "User"}. Executing controller action with signature System.Threading.Tasks.Task`1[Microsoft.AspNetCore.Mvc.ActionResult`1[BAKERBAZZAR.API.Models.ApiResponse]] CartDetails(System.String) on controller BAKERBAZZAR.API.Controller.UserController (BAKERBAZZAR.API).
2024-11-13 15:14:41.322 +05:30  INF  Executing ObjectResult, writing value of type 'BAKERBAZZAR.API.Models.ApiResponse'.
2024-11-13 15:14:41.322 +05:30  INF  Executed action BAKERBAZZAR.API.Controller.UserController.CartDetails (BAKERBAZZAR.API) in 3.0089ms
2024-11-13 15:14:41.322 +05:30  INF  Executed endpoint 'BAKERBAZZAR.API.Controller.UserController.CartDetails (BAKERBAZZAR.API)'
2024-11-13 15:14:41.322 +05:30  INF  Request finished HTTP/1.1 GET http://localhost:5145/User/CartDetails?displayid=54ad4834-4071-46df-9009-2f2bc60bca0a - - - 200 - application/json;+charset=utf-8 3.6889ms
2024-11-13 15:14:45.564 +05:30  INF  Request starting HTTP/1.1 OPTIONS http://localhost:5145/user/deletecartitem?cartdisplayid=54ad4834-4071-46df-9009-2f2bc60bca0a&cartrid=215 - -
2024-11-13 15:14:45.564 +05:30  INF  CORS policy execution successful.
2024-11-13 15:14:45.564 +05:30  INF  Request finished HTTP/1.1 OPTIONS http://localhost:5145/user/deletecartitem?cartdisplayid=54ad4834-4071-46df-9009-2f2bc60bca0a&cartrid=215 - - - 204 - - 0.4123ms
2024-11-13 15:14:45.567 +05:30  INF  Request starting HTTP/1.1 DELETE http://localhost:5145/user/deletecartitem?cartdisplayid=54ad4834-4071-46df-9009-2f2bc60bca0a&cartrid=215 - -
2024-11-13 15:14:45.567 +05:30  INF  CORS policy execution successful.
2024-11-13 15:14:45.567 +05:30  INF  Executing endpoint 'BAKERBAZZAR.API.Controller.UserController.DeleteCartItem (BAKERBAZZAR.API)'
2024-11-13 15:14:45.567 +05:30  INF  Route matched with {action = "DeleteCartItem", controller = "User"}. Executing controller action with signature System.Threading.Tasks.Task`1[Microsoft.AspNetCore.Mvc.ActionResult`1[BAKERBAZZAR.API.Models.ApiResponse]] DeleteCartItem(System.String, Int32) on controller BAKERBAZZAR.API.Controller.UserController (BAKERBAZZAR.API).
2024-11-13 15:14:45.571 +05:30  INF  Executing ObjectResult, writing value of type 'BAKERBAZZAR.API.Models.ApiResponse'.
2024-11-13 15:14:45.571 +05:30  INF  Executed action BAKERBAZZAR.API.Controller.UserController.DeleteCartItem (BAKERBAZZAR.API) in 4.125ms
2024-11-13 15:14:45.571 +05:30  INF  Executed endpoint 'BAKERBAZZAR.API.Controller.UserController.DeleteCartItem (BAKERBAZZAR.API)'
2024-11-13 15:14:45.571 +05:30  INF  Request finished HTTP/1.1 DELETE http://localhost:5145/user/deletecartitem?cartdisplayid=54ad4834-4071-46df-9009-2f2bc60bca0a&cartrid=215 - - - 200 - application/json;+charset=utf-8 4.4377ms
2024-11-13 15:14:49.554 +05:30  INF  Request starting HTTP/1.1 DELETE http://localhost:5145/user/deletecartitem?cartdisplayid=54ad4834-4071-46df-9009-2f2bc60bca0a&cartrid=215 - -
2024-11-13 15:14:49.554 +05:30  INF  CORS policy execution successful.
2024-11-13 15:14:49.554 +05:30  INF  Executing endpoint 'BAKERBAZZAR.API.Controller.UserController.DeleteCartItem (BAKERBAZZAR.API)'
2024-11-13 15:14:49.554 +05:30  INF  Route matched with {action = "DeleteCartItem", controller = "User"}. Executing controller action with signature System.Threading.Tasks.Task`1[Microsoft.AspNetCore.Mvc.ActionResult`1[BAKERBAZZAR.API.Models.ApiResponse]] DeleteCartItem(System.String, Int32) on controller BAKERBAZZAR.API.Controller.UserController (BAKERBAZZAR.API).
2024-11-13 15:14:49.556 +05:30  INF  Executing ObjectResult, writing value of type 'BAKERBAZZAR.API.Models.ApiResponse'.
2024-11-13 15:14:49.557 +05:30  INF  Executed action BAKERBAZZAR.API.Controller.UserController.DeleteCartItem (BAKERBAZZAR.API) in 2.443ms
2024-11-13 15:14:49.557 +05:30  INF  Executed endpoint 'BAKERBAZZAR.API.Controller.UserController.DeleteCartItem (BAKERBAZZAR.API)'
2024-11-13 15:14:49.557 +05:30  INF  Request finished HTTP/1.1 DELETE http://localhost:5145/user/deletecartitem?cartdisplayid=54ad4834-4071-46df-9009-2f2bc60bca0a&cartrid=215 - - - 200 - application/json;+charset=utf-8 2.9068ms
2024-11-13 15:15:09.576 +05:30  INF  Request starting HTTP/1.1 GET http://localhost:5145/User/CartDetails?displayid=54ad4834-4071-46df-9009-2f2bc60bca0a - -
2024-11-13 15:15:09.576 +05:30  INF  CORS policy execution successful.
2024-11-13 15:15:09.576 +05:30  INF  Executing endpoint 'BAKERBAZZAR.API.Controller.UserController.CartDetails (BAKERBAZZAR.API)'
2024-11-13 15:15:09.577 +05:30  INF  Route matched with {action = "CartDetails", controller = "User"}. Executing controller action with signature System.Threading.Tasks.Task`1[Microsoft.AspNetCore.Mvc.ActionResult`1[BAKERBAZZAR.API.Models.ApiResponse]] CartDetails(System.String) on controller BAKERBAZZAR.API.Controller.UserController (BAKERBAZZAR.API).
2024-11-13 15:15:09.578 +05:30  INF  Request starting HTTP/1.1 GET http://localhost:5145/User/Category - -
2024-11-13 15:15:09.578 +05:30  INF  CORS policy execution successful.
2024-11-13 15:15:09.578 +05:30  INF  Executing endpoint 'BAKERBAZZAR.API.Controller.UserController.Category (BAKERBAZZAR.API)'
2024-11-13 15:15:09.578 +05:30  INF  Route matched with {action = "Category", controller = "User"}. Executing controller action with signature System.Threading.Tasks.Task`1[Microsoft.AspNetCore.Mvc.ActionResult`1[BAKERBAZZAR.API.Models.ApiResponse]] Category(System.String) on controller BAKERBAZZAR.API.Controller.UserController (BAKERBAZZAR.API).
2024-11-13 15:15:09.583 +05:30  INF  Request starting HTTP/1.1 GET http://localhost:5145/user/products?categoryid= - -
2024-11-13 15:15:09.583 +05:30  INF  CORS policy execution successful.
2024-11-13 15:15:09.583 +05:30  INF  Executing endpoint 'BAKERBAZZAR.API.Controller.UserController.Products (BAKERBAZZAR.API)'
2024-11-13 15:15:09.583 +05:30  INF  Route matched with {action = "Products", controller = "User"}. Executing controller action with signature System.Threading.Tasks.Task`1[Microsoft.AspNetCore.Mvc.ActionResult`1[BAKERBAZZAR.API.Models.ApiResponse]] Products(System.String, System.String) on controller BAKERBAZZAR.API.Controller.UserController (BAKERBAZZAR.API).
2024-11-13 15:15:09.667 +05:30  INF  Request starting HTTP/1.1 GET http://localhost:5145/user/myorders?displayid=e62f03f4-2dcf-4f80-bc23-341651bd9338 - -
2024-11-13 15:15:09.667 +05:30  INF  CORS policy execution successful.
2024-11-13 15:15:09.667 +05:30  INF  Executing endpoint 'BAKERBAZZAR.API.Controller.UserController.MyOrders (BAKERBAZZAR.API)'
2024-11-13 15:15:09.667 +05:30  INF  Route matched with {action = "MyOrders", controller = "User"}. Executing controller action with signature System.Threading.Tasks.Task`1[Microsoft.AspNetCore.Mvc.ActionResult`1[BAKERBAZZAR.API.Models.ApiResponse]] MyOrders(System.String, System.String, System.String) on controller BAKERBAZZAR.API.Controller.UserController (BAKERBAZZAR.API).
2024-11-13 15:15:09.669 +05:30  INF  Executing ObjectResult, writing value of type 'BAKERBAZZAR.API.Models.ApiResponse'.
2024-11-13 15:15:09.670 +05:30  INF  Executed action BAKERBAZZAR.API.Controller.UserController.Category (BAKERBAZZAR.API) in 91.2066ms
2024-11-13 15:15:09.670 +05:30  INF  Executed endpoint 'BAKERBAZZAR.API.Controller.UserController.Category (BAKERBAZZAR.API)'
2024-11-13 15:15:09.670 +05:30  INF  Request finished HTTP/1.1 GET http://localhost:5145/User/Category - - - 200 - application/json;+charset=utf-8 91.7148ms
2024-11-13 15:15:09.704 +05:30  INF  Executing ObjectResult, writing value of type 'BAKERBAZZAR.API.Models.ApiResponse'.
2024-11-13 15:15:09.705 +05:30  INF  Executed action BAKERBAZZAR.API.Controller.UserController.CartDetails (BAKERBAZZAR.API) in 128.0559ms
2024-11-13 15:15:09.705 +05:30  INF  Executed endpoint 'BAKERBAZZAR.API.Controller.UserController.CartDetails (BAKERBAZZAR.API)'
2024-11-13 15:15:09.705 +05:30  INF  Request finished HTTP/1.1 GET http://localhost:5145/User/CartDetails?displayid=54ad4834-4071-46df-9009-2f2bc60bca0a - - - 200 - application/json;+charset=utf-8 129.0970ms
2024-11-13 15:15:09.713 +05:30  INF  Executing ObjectResult, writing value of type 'BAKERBAZZAR.API.Models.ApiResponse'.
2024-11-13 15:15:09.714 +05:30  INF  Executed action BAKERBAZZAR.API.Controller.UserController.MyOrders (BAKERBAZZAR.API) in 45.9619ms
2024-11-13 15:15:09.714 +05:30  INF  Executed endpoint 'BAKERBAZZAR.API.Controller.UserController.MyOrders (BAKERBAZZAR.API)'
2024-11-13 15:15:09.714 +05:30  INF  Request finished HTTP/1.1 GET http://localhost:5145/user/myorders?displayid=e62f03f4-2dcf-4f80-bc23-341651bd9338 - - - 200 - application/json;+charset=utf-8 46.5608ms
2024-11-13 15:15:09.721 +05:30  INF  Executing ObjectResult, writing value of type 'BAKERBAZZAR.API.Models.ApiResponse'.
2024-11-13 15:15:09.723 +05:30  INF  Executed action BAKERBAZZAR.API.Controller.UserController.Products (BAKERBAZZAR.API) in 139.5826ms
2024-11-13 15:15:09.723 +05:30  INF  Executed endpoint 'BAKERBAZZAR.API.Controller.UserController.Products (BAKERBAZZAR.API)'
2024-11-13 15:15:09.723 +05:30  INF  Request finished HTTP/1.1 GET http://localhost:5145/user/products?categoryid= - - - 200 - application/json;+charset=utf-8 140.2561ms
2024-11-13 15:15:09.746 +05:30  INF  Request starting HTTP/1.1 GET http://localhost:5145/User/CartDetails?displayid=54ad4834-4071-46df-9009-2f2bc60bca0a - -
2024-11-13 15:15:09.746 +05:30  INF  CORS policy execution successful.
2024-11-13 15:15:09.746 +05:30  INF  Executing endpoint 'BAKERBAZZAR.API.Controller.UserController.CartDetails (BAKERBAZZAR.API)'
2024-11-13 15:15:09.746 +05:30  INF  Route matched with {action = "CartDetails", controller = "User"}. Executing controller action with signature System.Threading.Tasks.Task`1[Microsoft.AspNetCore.Mvc.ActionResult`1[BAKERBAZZAR.API.Models.ApiResponse]] CartDetails(System.String) on controller BAKERBAZZAR.API.Controller.UserController (BAKERBAZZAR.API).
2024-11-13 15:15:09.748 +05:30  INF  Request starting HTTP/1.1 GET http://localhost:5145/User/Category - -
2024-11-13 15:15:09.748 +05:30  INF  CORS policy execution successful.
2024-11-13 15:15:09.748 +05:30  INF  Executing endpoint 'BAKERBAZZAR.API.Controller.UserController.Category (BAKERBAZZAR.API)'
2024-11-13 15:15:09.748 +05:30  INF  Route matched with {action = "Category", controller = "User"}. Executing controller action with signature System.Threading.Tasks.Task`1[Microsoft.AspNetCore.Mvc.ActionResult`1[BAKERBAZZAR.API.Models.ApiResponse]] Category(System.String) on controller BAKERBAZZAR.API.Controller.UserController (BAKERBAZZAR.API).
2024-11-13 15:15:09.757 +05:30  INF  Request starting HTTP/1.1 GET http://localhost:5145/user/products?categoryid= - -
2024-11-13 15:15:09.757 +05:30  INF  CORS policy execution successful.
2024-11-13 15:15:09.757 +05:30  INF  Executing endpoint 'BAKERBAZZAR.API.Controller.UserController.Products (BAKERBAZZAR.API)'
2024-11-13 15:15:09.757 +05:30  INF  Route matched with {action = "Products", controller = "User"}. Executing controller action with signature System.Threading.Tasks.Task`1[Microsoft.AspNetCore.Mvc.ActionResult`1[BAKERBAZZAR.API.Models.ApiResponse]] Products(System.String, System.String) on controller BAKERBAZZAR.API.Controller.UserController (BAKERBAZZAR.API).
2024-11-13 15:15:09.759 +05:30  INF  Executing ObjectResult, writing value of type 'BAKERBAZZAR.API.Models.ApiResponse'.
2024-11-13 15:15:09.759 +05:30  INF  Executed action BAKERBAZZAR.API.Controller.UserController.Category (BAKERBAZZAR.API) in 11.2279ms
2024-11-13 15:15:09.759 +05:30  INF  Executed endpoint 'BAKERBAZZAR.API.Controller.UserController.Category (BAKERBAZZAR.API)'
2024-11-13 15:15:09.759 +05:30  INF  Request finished HTTP/1.1 GET http://localhost:5145/User/Category - - - 200 - application/json;+charset=utf-8 11.7601ms
2024-11-13 15:15:09.764 +05:30  INF  Executing ObjectResult, writing value of type 'BAKERBAZZAR.API.Models.ApiResponse'.
2024-11-13 15:15:09.765 +05:30  INF  Executed action BAKERBAZZAR.API.Controller.UserController.CartDetails (BAKERBAZZAR.API) in 18.3251ms
2024-11-13 15:15:09.766 +05:30  INF  Executed endpoint 'BAKERBAZZAR.API.Controller.UserController.CartDetails (BAKERBAZZAR.API)'
2024-11-13 15:15:09.766 +05:30  INF  Request finished HTTP/1.1 GET http://localhost:5145/User/CartDetails?displayid=54ad4834-4071-46df-9009-2f2bc60bca0a - - - 200 - application/json;+charset=utf-8 19.7849ms
2024-11-13 15:15:09.782 +05:30  INF  Executing ObjectResult, writing value of type 'BAKERBAZZAR.API.Models.ApiResponse'.
2024-11-13 15:15:09.787 +05:30  INF  Executed action BAKERBAZZAR.API.Controller.UserController.Products (BAKERBAZZAR.API) in 29.235ms
2024-11-13 15:15:09.787 +05:30  INF  Executed endpoint 'BAKERBAZZAR.API.Controller.UserController.Products (BAKERBAZZAR.API)'
2024-11-13 15:15:09.787 +05:30  INF  Request finished HTTP/1.1 GET http://localhost:5145/user/products?categoryid= - - - 200 - application/json;+charset=utf-8 29.9813ms
2024-11-13 15:15:13.333 +05:30  INF  Request starting HTTP/1.1 OPTIONS http://localhost:5145/User/AddToCart - -
2024-11-13 15:15:13.333 +05:30  INF  CORS policy execution successful.
2024-11-13 15:15:13.334 +05:30  INF  Request finished HTTP/1.1 OPTIONS http://localhost:5145/User/AddToCart - - - 204 - - 0.6573ms
2024-11-13 15:15:13.335 +05:30  INF  Request starting HTTP/1.1 POST http://localhost:5145/User/AddToCart application/json 141
2024-11-13 15:15:13.335 +05:30  INF  CORS policy execution successful.
2024-11-13 15:15:13.335 +05:30  INF  Executing endpoint 'BAKERBAZZAR.API.Controller.UserController.AddToCart (BAKERBAZZAR.API)'
2024-11-13 15:15:13.335 +05:30  INF  Route matched with {action = "AddToCart", controller = "User"}. Executing controller action with signature System.Threading.Tasks.Task`1[Microsoft.AspNetCore.Mvc.ActionResult`1[BAKERBAZZAR.API.Models.ApiResponse]] AddToCart(BAKERBAZZAR.API.Models.IO_Templates.AddToCartRequest) on controller BAKERBAZZAR.API.Controller.UserController (BAKERBAZZAR.API).
2024-11-13 15:15:13.381 +05:30  INF  Executing ObjectResult, writing value of type 'BAKERBAZZAR.API.Models.ApiResponse'.
2024-11-13 15:15:13.381 +05:30  INF  Executed action BAKERBAZZAR.API.Controller.UserController.AddToCart (BAKERBAZZAR.API) in 46.0817ms
2024-11-13 15:15:13.381 +05:30  INF  Executed endpoint 'BAKERBAZZAR.API.Controller.UserController.AddToCart (BAKERBAZZAR.API)'
2024-11-13 15:15:13.382 +05:30  INF  Request finished HTTP/1.1 POST http://localhost:5145/User/AddToCart application/json 141 - 200 - application/json;+charset=utf-8 46.6868ms
2024-11-13 15:15:14.305 +05:30  INF  Request starting HTTP/1.1 GET http://localhost:5145/User/CartDetails?displayid=54ad4834-4071-46df-9009-2f2bc60bca0a - -
2024-11-13 15:15:14.306 +05:30  INF  CORS policy execution successful.
2024-11-13 15:15:14.306 +05:30  INF  Executing endpoint 'BAKERBAZZAR.API.Controller.UserController.CartDetails (BAKERBAZZAR.API)'
2024-11-13 15:15:14.306 +05:30  INF  Route matched with {action = "CartDetails", controller = "User"}. Executing controller action with signature System.Threading.Tasks.Task`1[Microsoft.AspNetCore.Mvc.ActionResult`1[BAKERBAZZAR.API.Models.ApiResponse]] CartDetails(System.String) on controller BAKERBAZZAR.API.Controller.UserController (BAKERBAZZAR.API).
2024-11-13 15:15:14.322 +05:30  INF  Executing ObjectResult, writing value of type 'BAKERBAZZAR.API.Models.ApiResponse'.
2024-11-13 15:15:14.323 +05:30  INF  Executed action BAKERBAZZAR.API.Controller.UserController.CartDetails (BAKERBAZZAR.API) in 16.8766ms
2024-11-13 15:15:14.323 +05:30  INF  Executed endpoint 'BAKERBAZZAR.API.Controller.UserController.CartDetails (BAKERBAZZAR.API)'
2024-11-13 15:15:14.323 +05:30  INF  Request finished HTTP/1.1 GET http://localhost:5145/User/CartDetails?displayid=54ad4834-4071-46df-9009-2f2bc60bca0a - - - 200 - application/json;+charset=utf-8 18.0837ms
2024-11-13 15:15:14.473 +05:30  INF  Request starting HTTP/1.1 GET http://localhost:5145/User/CartDetails?displayid=54ad4834-4071-46df-9009-2f2bc60bca0a - -
2024-11-13 15:15:14.474 +05:30  INF  CORS policy execution successful.
2024-11-13 15:15:14.474 +05:30  INF  Executing endpoint 'BAKERBAZZAR.API.Controller.UserController.CartDetails (BAKERBAZZAR.API)'
2024-11-13 15:15:14.474 +05:30  INF  Route matched with {action = "CartDetails", controller = "User"}. Executing controller action with signature System.Threading.Tasks.Task`1[Microsoft.AspNetCore.Mvc.ActionResult`1[BAKERBAZZAR.API.Models.ApiResponse]] CartDetails(System.String) on controller BAKERBAZZAR.API.Controller.UserController (BAKERBAZZAR.API).
2024-11-13 15:15:14.497 +05:30  INF  Executing ObjectResult, writing value of type 'BAKERBAZZAR.API.Models.ApiResponse'.
2024-11-13 15:15:14.497 +05:30  INF  Executed action BAKERBAZZAR.API.Controller.UserController.CartDetails (BAKERBAZZAR.API) in 23.6841ms
2024-11-13 15:15:14.497 +05:30  INF  Executed endpoint 'BAKERBAZZAR.API.Controller.UserController.CartDetails (BAKERBAZZAR.API)'
2024-11-13 15:15:14.497 +05:30  INF  Request finished HTTP/1.1 GET http://localhost:5145/User/CartDetails?displayid=54ad4834-4071-46df-9009-2f2bc60bca0a - - - 200 - application/json;+charset=utf-8 24.5799ms
2024-11-13 15:15:17.567 +05:30  INF  Request starting HTTP/1.1 OPTIONS http://localhost:5145/user/deletecartitem?cartdisplayid=54ad4834-4071-46df-9009-2f2bc60bca0a&cartrid=216 - -
2024-11-13 15:15:17.567 +05:30  INF  CORS policy execution successful.
2024-11-13 15:15:17.567 +05:30  INF  Request finished HTTP/1.1 OPTIONS http://localhost:5145/user/deletecartitem?cartdisplayid=54ad4834-4071-46df-9009-2f2bc60bca0a&cartrid=216 - - - 204 - - 0.5459ms
2024-11-13 15:15:17.571 +05:30  INF  Request starting HTTP/1.1 DELETE http://localhost:5145/user/deletecartitem?cartdisplayid=54ad4834-4071-46df-9009-2f2bc60bca0a&cartrid=216 - -
2024-11-13 15:15:17.572 +05:30  INF  CORS policy execution successful.
2024-11-13 15:15:17.572 +05:30  INF  Executing endpoint 'BAKERBAZZAR.API.Controller.UserController.DeleteCartItem (BAKERBAZZAR.API)'
2024-11-13 15:15:17.572 +05:30  INF  Route matched with {action = "DeleteCartItem", controller = "User"}. Executing controller action with signature System.Threading.Tasks.Task`1[Microsoft.AspNetCore.Mvc.ActionResult`1[BAKERBAZZAR.API.Models.ApiResponse]] DeleteCartItem(System.String, Int32) on controller BAKERBAZZAR.API.Controller.UserController (BAKERBAZZAR.API).
2024-11-13 15:15:17.586 +05:30  INF  Executing ObjectResult, writing value of type 'BAKERBAZZAR.API.Models.ApiResponse'.
2024-11-13 15:15:17.586 +05:30  INF  Executed action BAKERBAZZAR.API.Controller.UserController.DeleteCartItem (BAKERBAZZAR.API) in 14.256ms
2024-11-13 15:15:17.586 +05:30  INF  Executed endpoint 'BAKERBAZZAR.API.Controller.UserController.DeleteCartItem (BAKERBAZZAR.API)'
2024-11-13 15:15:17.586 +05:30  INF  Request finished HTTP/1.1 DELETE http://localhost:5145/user/deletecartitem?cartdisplayid=54ad4834-4071-46df-9009-2f2bc60bca0a&cartrid=216 - - - 200 - application/json;+charset=utf-8 14.8967ms
2024-11-13 15:15:48.435 +05:30  INF  Request starting HTTP/1.1 GET http://localhost:5145/User/CartDetails?displayid=54ad4834-4071-46df-9009-2f2bc60bca0a - -
2024-11-13 15:15:48.435 +05:30  INF  CORS policy execution successful.
2024-11-13 15:15:48.435 +05:30  INF  Executing endpoint 'BAKERBAZZAR.API.Controller.UserController.CartDetails (BAKERBAZZAR.API)'
2024-11-13 15:15:48.436 +05:30  INF  Route matched with {action = "CartDetails", controller = "User"}. Executing controller action with signature System.Threading.Tasks.Task`1[Microsoft.AspNetCore.Mvc.ActionResult`1[BAKERBAZZAR.API.Models.ApiResponse]] CartDetails(System.String) on controller BAKERBAZZAR.API.Controller.UserController (BAKERBAZZAR.API).
2024-11-13 15:15:48.449 +05:30  INF  Executing ObjectResult, writing value of type 'BAKERBAZZAR.API.Models.ApiResponse'.
2024-11-13 15:15:48.450 +05:30  INF  Executed action BAKERBAZZAR.API.Controller.UserController.CartDetails (BAKERBAZZAR.API) in 14.148ms
2024-11-13 15:15:48.450 +05:30  INF  Executed endpoint 'BAKERBAZZAR.API.Controller.UserController.CartDetails (BAKERBAZZAR.API)'
2024-11-13 15:15:48.450 +05:30  INF  Request finished HTTP/1.1 GET http://localhost:5145/User/CartDetails?displayid=54ad4834-4071-46df-9009-2f2bc60bca0a - - - 200 - application/json;+charset=utf-8 15.0619ms
2024-11-13 15:15:55.571 +05:30  INF  Request starting HTTP/1.1 OPTIONS http://localhost:5145/User/AddToCart - -
2024-11-13 15:15:55.571 +05:30  INF  CORS policy execution successful.
2024-11-13 15:15:55.571 +05:30  INF  Request finished HTTP/1.1 OPTIONS http://localhost:5145/User/AddToCart - - - 204 - - 0.6632ms
2024-11-13 15:15:55.574 +05:30  INF  Request starting HTTP/1.1 POST http://localhost:5145/User/AddToCart application/json 140
2024-11-13 15:15:55.574 +05:30  INF  CORS policy execution successful.
2024-11-13 15:15:55.574 +05:30  INF  Executing endpoint 'BAKERBAZZAR.API.Controller.UserController.AddToCart (BAKERBAZZAR.API)'
2024-11-13 15:15:55.574 +05:30  INF  Route matched with {action = "AddToCart", controller = "User"}. Executing controller action with signature System.Threading.Tasks.Task`1[Microsoft.AspNetCore.Mvc.ActionResult`1[BAKERBAZZAR.API.Models.ApiResponse]] AddToCart(BAKERBAZZAR.API.Models.IO_Templates.AddToCartRequest) on controller BAKERBAZZAR.API.Controller.UserController (BAKERBAZZAR.API).
2024-11-13 15:15:55.593 +05:30  INF  Executing ObjectResult, writing value of type 'BAKERBAZZAR.API.Models.ApiResponse'.
2024-11-13 15:15:55.593 +05:30  INF  Executed action BAKERBAZZAR.API.Controller.UserController.AddToCart (BAKERBAZZAR.API) in 18.7823ms
2024-11-13 15:15:55.593 +05:30  INF  Executed endpoint 'BAKERBAZZAR.API.Controller.UserController.AddToCart (BAKERBAZZAR.API)'
2024-11-13 15:15:55.593 +05:30  INF  Request finished HTTP/1.1 POST http://localhost:5145/User/AddToCart application/json 140 - 200 - application/json;+charset=utf-8 19.7349ms
2024-11-13 15:15:56.037 +05:30  INF  Request starting HTTP/1.1 POST http://localhost:5145/User/AddToCart application/json 140
2024-11-13 15:15:56.037 +05:30  INF  CORS policy execution successful.
2024-11-13 15:15:56.037 +05:30  INF  Executing endpoint 'BAKERBAZZAR.API.Controller.UserController.AddToCart (BAKERBAZZAR.API)'
2024-11-13 15:15:56.037 +05:30  INF  Route matched with {action = "AddToCart", controller = "User"}. Executing controller action with signature System.Threading.Tasks.Task`1[Microsoft.AspNetCore.Mvc.ActionResult`1[BAKERBAZZAR.API.Models.ApiResponse]] AddToCart(BAKERBAZZAR.API.Models.IO_Templates.AddToCartRequest) on controller BAKERBAZZAR.API.Controller.UserController (BAKERBAZZAR.API).
2024-11-13 15:15:56.043 +05:30  INF  Executing ObjectResult, writing value of type 'BAKERBAZZAR.API.Models.ApiResponse'.
2024-11-13 15:15:56.043 +05:30  INF  Executed action BAKERBAZZAR.API.Controller.UserController.AddToCart (BAKERBAZZAR.API) in 5.6964ms
2024-11-13 15:15:56.043 +05:30  INF  Executed endpoint 'BAKERBAZZAR.API.Controller.UserController.AddToCart (BAKERBAZZAR.API)'
2024-11-13 15:15:56.043 +05:30  INF  Request finished HTTP/1.1 POST http://localhost:5145/User/AddToCart application/json 140 - 200 - application/json;+charset=utf-8 6.3006ms
2024-11-13 15:15:56.985 +05:30  INF  Request starting HTTP/1.1 GET http://localhost:5145/User/CartDetails?displayid=54ad4834-4071-46df-9009-2f2bc60bca0a - -
2024-11-13 15:15:56.985 +05:30  INF  CORS policy execution successful.
2024-11-13 15:15:56.986 +05:30  INF  Executing endpoint 'BAKERBAZZAR.API.Controller.UserController.CartDetails (BAKERBAZZAR.API)'
2024-11-13 15:15:56.986 +05:30  INF  Route matched with {action = "CartDetails", controller = "User"}. Executing controller action with signature System.Threading.Tasks.Task`1[Microsoft.AspNetCore.Mvc.ActionResult`1[BAKERBAZZAR.API.Models.ApiResponse]] CartDetails(System.String) on controller BAKERBAZZAR.API.Controller.UserController (BAKERBAZZAR.API).
2024-11-13 15:15:56.990 +05:30  INF  Executing ObjectResult, writing value of type 'BAKERBAZZAR.API.Models.ApiResponse'.
2024-11-13 15:15:56.991 +05:30  INF  Executed action BAKERBAZZAR.API.Controller.UserController.CartDetails (BAKERBAZZAR.API) in 4.5382ms
2024-11-13 15:15:56.991 +05:30  INF  Executed endpoint 'BAKERBAZZAR.API.Controller.UserController.CartDetails (BAKERBAZZAR.API)'
2024-11-13 15:15:56.991 +05:30  INF  Request finished HTTP/1.1 GET http://localhost:5145/User/CartDetails?displayid=54ad4834-4071-46df-9009-2f2bc60bca0a - - - 200 - application/json;+charset=utf-8 5.5777ms
2024-11-13 15:15:57.154 +05:30  INF  Request starting HTTP/1.1 GET http://localhost:5145/User/CartDetails?displayid=54ad4834-4071-46df-9009-2f2bc60bca0a - -
2024-11-13 15:15:57.154 +05:30  INF  CORS policy execution successful.
2024-11-13 15:15:57.154 +05:30  INF  Executing endpoint 'BAKERBAZZAR.API.Controller.UserController.CartDetails (BAKERBAZZAR.API)'
2024-11-13 15:15:57.154 +05:30  INF  Route matched with {action = "CartDetails", controller = "User"}. Executing controller action with signature System.Threading.Tasks.Task`1[Microsoft.AspNetCore.Mvc.ActionResult`1[BAKERBAZZAR.API.Models.ApiResponse]] CartDetails(System.String) on controller BAKERBAZZAR.API.Controller.UserController (BAKERBAZZAR.API).
2024-11-13 15:15:57.157 +05:30  INF  Executing ObjectResult, writing value of type 'BAKERBAZZAR.API.Models.ApiResponse'.
2024-11-13 15:15:57.157 +05:30  INF  Executed action BAKERBAZZAR.API.Controller.UserController.CartDetails (BAKERBAZZAR.API) in 2.59ms
2024-11-13 15:15:57.157 +05:30  INF  Executed endpoint 'BAKERBAZZAR.API.Controller.UserController.CartDetails (BAKERBAZZAR.API)'
2024-11-13 15:15:57.157 +05:30  INF  Request finished HTTP/1.1 GET http://localhost:5145/User/CartDetails?displayid=54ad4834-4071-46df-9009-2f2bc60bca0a - - - 200 - application/json;+charset=utf-8 2.9136ms
2024-11-13 15:16:01.877 +05:30  INF  Request starting HTTP/1.1 OPTIONS http://localhost:5145/user/deletecartitem?cartdisplayid=54ad4834-4071-46df-9009-2f2bc60bca0a&cartrid=218 - -
2024-11-13 15:16:01.877 +05:30  INF  CORS policy execution successful.
2024-11-13 15:16:01.878 +05:30  INF  Request finished HTTP/1.1 OPTIONS http://localhost:5145/user/deletecartitem?cartdisplayid=54ad4834-4071-46df-9009-2f2bc60bca0a&cartrid=218 - - - 204 - - 0.4208ms
2024-11-13 15:16:01.882 +05:30  INF  Request starting HTTP/1.1 DELETE http://localhost:5145/user/deletecartitem?cartdisplayid=54ad4834-4071-46df-9009-2f2bc60bca0a&cartrid=218 - -
2024-11-13 15:16:01.882 +05:30  INF  CORS policy execution successful.
2024-11-13 15:16:01.882 +05:30  INF  Executing endpoint 'BAKERBAZZAR.API.Controller.UserController.DeleteCartItem (BAKERBAZZAR.API)'
2024-11-13 15:16:01.882 +05:30  INF  Route matched with {action = "DeleteCartItem", controller = "User"}. Executing controller action with signature System.Threading.Tasks.Task`1[Microsoft.AspNetCore.Mvc.ActionResult`1[BAKERBAZZAR.API.Models.ApiResponse]] DeleteCartItem(System.String, Int32) on controller BAKERBAZZAR.API.Controller.UserController (BAKERBAZZAR.API).
2024-11-13 15:16:01.886 +05:30  INF  Executing ObjectResult, writing value of type 'BAKERBAZZAR.API.Models.ApiResponse'.
2024-11-13 15:16:01.886 +05:30  INF  Executed action BAKERBAZZAR.API.Controller.UserController.DeleteCartItem (BAKERBAZZAR.API) in 3.9959ms
2024-11-13 15:16:01.886 +05:30  INF  Executed endpoint 'BAKERBAZZAR.API.Controller.UserController.DeleteCartItem (BAKERBAZZAR.API)'
2024-11-13 15:16:01.886 +05:30  INF  Request finished HTTP/1.1 DELETE http://localhost:5145/user/deletecartitem?cartdisplayid=54ad4834-4071-46df-9009-2f2bc60bca0a&cartrid=218 - - - 200 - application/json;+charset=utf-8 4.3341ms
2024-11-13 15:17:06.669 +05:30  INF  Request starting HTTP/1.1 GET http://localhost:5145/User/CartDetails?displayid=54ad4834-4071-46df-9009-2f2bc60bca0a - -
2024-11-13 15:17:06.670 +05:30  INF  CORS policy execution successful.
2024-11-13 15:17:06.670 +05:30  INF  Executing endpoint 'BAKERBAZZAR.API.Controller.UserController.CartDetails (BAKERBAZZAR.API)'
2024-11-13 15:17:06.671 +05:30  INF  Route matched with {action = "CartDetails", controller = "User"}. Executing controller action with signature System.Threading.Tasks.Task`1[Microsoft.AspNetCore.Mvc.ActionResult`1[BAKERBAZZAR.API.Models.ApiResponse]] CartDetails(System.String) on controller BAKERBAZZAR.API.Controller.UserController (BAKERBAZZAR.API).
2024-11-13 15:17:06.689 +05:30  INF  Executing ObjectResult, writing value of type 'BAKERBAZZAR.API.Models.ApiResponse'.
2024-11-13 15:17:06.689 +05:30  INF  Executed action BAKERBAZZAR.API.Controller.UserController.CartDetails (BAKERBAZZAR.API) in 18.3675ms
2024-11-13 15:17:06.689 +05:30  INF  Executed endpoint 'BAKERBAZZAR.API.Controller.UserController.CartDetails (BAKERBAZZAR.API)'
2024-11-13 15:17:06.690 +05:30  INF  Request finished HTTP/1.1 GET http://localhost:5145/User/CartDetails?displayid=54ad4834-4071-46df-9009-2f2bc60bca0a - - - 200 - application/json;+charset=utf-8 20.4248ms
2024-11-13 15:17:10.702 +05:30  INF  Request starting HTTP/1.1 OPTIONS http://localhost:5145/user/deletecartitem?cartdisplayid=54ad4834-4071-46df-9009-2f2bc60bca0a&cartrid=217 - -
2024-11-13 15:17:10.702 +05:30  INF  CORS policy execution successful.
2024-11-13 15:17:10.703 +05:30  INF  Request finished HTTP/1.1 OPTIONS http://localhost:5145/user/deletecartitem?cartdisplayid=54ad4834-4071-46df-9009-2f2bc60bca0a&cartrid=217 - - - 204 - - 0.7582ms
2024-11-13 15:17:10.706 +05:30  INF  Request starting HTTP/1.1 DELETE http://localhost:5145/user/deletecartitem?cartdisplayid=54ad4834-4071-46df-9009-2f2bc60bca0a&cartrid=217 - -
2024-11-13 15:17:10.706 +05:30  INF  CORS policy execution successful.
2024-11-13 15:17:10.706 +05:30  INF  Executing endpoint 'BAKERBAZZAR.API.Controller.UserController.DeleteCartItem (BAKERBAZZAR.API)'
2024-11-13 15:17:10.706 +05:30  INF  Route matched with {action = "DeleteCartItem", controller = "User"}. Executing controller action with signature System.Threading.Tasks.Task`1[Microsoft.AspNetCore.Mvc.ActionResult`1[BAKERBAZZAR.API.Models.ApiResponse]] DeleteCartItem(System.String, Int32) on controller BAKERBAZZAR.API.Controller.UserController (BAKERBAZZAR.API).
2024-11-13 15:17:10.722 +05:30  INF  Executing ObjectResult, writing value of type 'BAKERBAZZAR.API.Models.ApiResponse'.
2024-11-13 15:17:10.722 +05:30  INF  Executed action BAKERBAZZAR.API.Controller.UserController.DeleteCartItem (BAKERBAZZAR.API) in 15.4239ms
2024-11-13 15:17:10.722 +05:30  INF  Executed endpoint 'BAKERBAZZAR.API.Controller.UserController.DeleteCartItem (BAKERBAZZAR.API)'
2024-11-13 15:17:10.722 +05:30  INF  Request finished HTTP/1.1 DELETE http://localhost:5145/user/deletecartitem?cartdisplayid=54ad4834-4071-46df-9009-2f2bc60bca0a&cartrid=217 - - - 200 - application/json;+charset=utf-8 15.9566ms
2024-11-13 15:17:40.578 +05:30  INF  Request starting HTTP/1.1 GET http://localhost:5145/User/CartDetails?displayid=54ad4834-4071-46df-9009-2f2bc60bca0a - -
2024-11-13 15:17:40.578 +05:30  INF  CORS policy execution successful.
2024-11-13 15:17:40.578 +05:30  INF  Executing endpoint 'BAKERBAZZAR.API.Controller.UserController.CartDetails (BAKERBAZZAR.API)'
2024-11-13 15:17:40.578 +05:30  INF  Route matched with {action = "CartDetails", controller = "User"}. Executing controller action with signature System.Threading.Tasks.Task`1[Microsoft.AspNetCore.Mvc.ActionResult`1[BAKERBAZZAR.API.Models.ApiResponse]] CartDetails(System.String) on controller BAKERBAZZAR.API.Controller.UserController (BAKERBAZZAR.API).
2024-11-13 15:17:40.622 +05:30  INF  Executing ObjectResult, writing value of type 'BAKERBAZZAR.API.Models.ApiResponse'.
2024-11-13 15:17:40.622 +05:30  INF  Executed action BAKERBAZZAR.API.Controller.UserController.CartDetails (BAKERBAZZAR.API) in 44.0263ms
2024-11-13 15:17:40.622 +05:30  INF  Executed endpoint 'BAKERBAZZAR.API.Controller.UserController.CartDetails (BAKERBAZZAR.API)'
2024-11-13 15:17:40.623 +05:30  INF  Request finished HTTP/1.1 GET http://localhost:5145/User/CartDetails?displayid=54ad4834-4071-46df-9009-2f2bc60bca0a - - - 200 - application/json;+charset=utf-8 44.5639ms
2024-11-13 15:17:43.681 +05:30  INF  Request starting HTTP/1.1 OPTIONS http://localhost:5145/User/AddToCart - -
2024-11-13 15:17:43.682 +05:30  INF  CORS policy execution successful.
2024-11-13 15:17:43.683 +05:30  INF  Request finished HTTP/1.1 OPTIONS http://localhost:5145/User/AddToCart - - - 204 - - 1.5729ms
2024-11-13 15:17:43.684 +05:30  INF  Request starting HTTP/1.1 POST http://localhost:5145/User/AddToCart application/json 140
2024-11-13 15:17:43.684 +05:30  INF  CORS policy execution successful.
2024-11-13 15:17:43.684 +05:30  INF  Executing endpoint 'BAKERBAZZAR.API.Controller.UserController.AddToCart (BAKERBAZZAR.API)'
2024-11-13 15:17:43.684 +05:30  INF  Route matched with {action = "AddToCart", controller = "User"}. Executing controller action with signature System.Threading.Tasks.Task`1[Microsoft.AspNetCore.Mvc.ActionResult`1[BAKERBAZZAR.API.Models.ApiResponse]] AddToCart(BAKERBAZZAR.API.Models.IO_Templates.AddToCartRequest) on controller BAKERBAZZAR.API.Controller.UserController (BAKERBAZZAR.API).
2024-11-13 15:17:43.702 +05:30  INF  Executing ObjectResult, writing value of type 'BAKERBAZZAR.API.Models.ApiResponse'.
2024-11-13 15:17:43.702 +05:30  INF  Executed action BAKERBAZZAR.API.Controller.UserController.AddToCart (BAKERBAZZAR.API) in 17.856ms
2024-11-13 15:17:43.702 +05:30  INF  Executed endpoint 'BAKERBAZZAR.API.Controller.UserController.AddToCart (BAKERBAZZAR.API)'
2024-11-13 15:17:43.702 +05:30  INF  Request finished HTTP/1.1 POST http://localhost:5145/User/AddToCart application/json 140 - 200 - application/json;+charset=utf-8 18.1559ms
2024-11-13 15:17:44.145 +05:30  INF  Request starting HTTP/1.1 POST http://localhost:5145/User/AddToCart application/json 140
2024-11-13 15:17:44.145 +05:30  INF  CORS policy execution successful.
2024-11-13 15:17:44.145 +05:30  INF  Executing endpoint 'BAKERBAZZAR.API.Controller.UserController.AddToCart (BAKERBAZZAR.API)'
2024-11-13 15:17:44.145 +05:30  INF  Route matched with {action = "AddToCart", controller = "User"}. Executing controller action with signature System.Threading.Tasks.Task`1[Microsoft.AspNetCore.Mvc.ActionResult`1[BAKERBAZZAR.API.Models.ApiResponse]] AddToCart(BAKERBAZZAR.API.Models.IO_Templates.AddToCartRequest) on controller BAKERBAZZAR.API.Controller.UserController (BAKERBAZZAR.API).
2024-11-13 15:17:44.156 +05:30  INF  Executing ObjectResult, writing value of type 'BAKERBAZZAR.API.Models.ApiResponse'.
2024-11-13 15:17:44.156 +05:30  INF  Executed action BAKERBAZZAR.API.Controller.UserController.AddToCart (BAKERBAZZAR.API) in 11.0631ms
2024-11-13 15:17:44.157 +05:30  INF  Executed endpoint 'BAKERBAZZAR.API.Controller.UserController.AddToCart (BAKERBAZZAR.API)'
2024-11-13 15:17:44.157 +05:30  INF  Request finished HTTP/1.1 POST http://localhost:5145/User/AddToCart application/json 140 - 200 - application/json;+charset=utf-8 11.8994ms
2024-11-13 15:17:45.212 +05:30  INF  Request starting HTTP/1.1 GET http://localhost:5145/User/CartDetails?displayid=54ad4834-4071-46df-9009-2f2bc60bca0a - -
2024-11-13 15:17:45.213 +05:30  INF  CORS policy execution successful.
2024-11-13 15:17:45.213 +05:30  INF  Executing endpoint 'BAKERBAZZAR.API.Controller.UserController.CartDetails (BAKERBAZZAR.API)'
2024-11-13 15:17:45.213 +05:30  INF  Route matched with {action = "CartDetails", controller = "User"}. Executing controller action with signature System.Threading.Tasks.Task`1[Microsoft.AspNetCore.Mvc.ActionResult`1[BAKERBAZZAR.API.Models.ApiResponse]] CartDetails(System.String) on controller BAKERBAZZAR.API.Controller.UserController (BAKERBAZZAR.API).
2024-11-13 15:17:45.216 +05:30  INF  Executing ObjectResult, writing value of type 'BAKERBAZZAR.API.Models.ApiResponse'.
2024-11-13 15:17:45.216 +05:30  INF  Executed action BAKERBAZZAR.API.Controller.UserController.CartDetails (BAKERBAZZAR.API) in 3.1841ms
2024-11-13 15:17:45.216 +05:30  INF  Executed endpoint 'BAKERBAZZAR.API.Controller.UserController.CartDetails (BAKERBAZZAR.API)'
2024-11-13 15:17:45.216 +05:30  INF  Request finished HTTP/1.1 GET http://localhost:5145/User/CartDetails?displayid=54ad4834-4071-46df-9009-2f2bc60bca0a - - - 200 - application/json;+charset=utf-8 3.6115ms
2024-11-13 15:17:45.382 +05:30  INF  Request starting HTTP/1.1 GET http://localhost:5145/User/CartDetails?displayid=54ad4834-4071-46df-9009-2f2bc60bca0a - -
2024-11-13 15:17:45.383 +05:30  INF  CORS policy execution successful.
2024-11-13 15:17:45.383 +05:30  INF  Executing endpoint 'BAKERBAZZAR.API.Controller.UserController.CartDetails (BAKERBAZZAR.API)'
2024-11-13 15:17:45.383 +05:30  INF  Route matched with {action = "CartDetails", controller = "User"}. Executing controller action with signature System.Threading.Tasks.Task`1[Microsoft.AspNetCore.Mvc.ActionResult`1[BAKERBAZZAR.API.Models.ApiResponse]] CartDetails(System.String) on controller BAKERBAZZAR.API.Controller.UserController (BAKERBAZZAR.API).
2024-11-13 15:17:45.390 +05:30  INF  Executing ObjectResult, writing value of type 'BAKERBAZZAR.API.Models.ApiResponse'.
2024-11-13 15:17:45.390 +05:30  INF  Executed action BAKERBAZZAR.API.Controller.UserController.CartDetails (BAKERBAZZAR.API) in 6.8195ms
2024-11-13 15:17:45.390 +05:30  INF  Executed endpoint 'BAKERBAZZAR.API.Controller.UserController.CartDetails (BAKERBAZZAR.API)'
2024-11-13 15:17:45.390 +05:30  INF  Request finished HTTP/1.1 GET http://localhost:5145/User/CartDetails?displayid=54ad4834-4071-46df-9009-2f2bc60bca0a - - - 200 - application/json;+charset=utf-8 7.6890ms
2024-11-13 15:17:47.668 +05:30  INF  Request starting HTTP/1.1 OPTIONS http://localhost:5145/user/deletecartitem?cartdisplayid=54ad4834-4071-46df-9009-2f2bc60bca0a&cartrid=212 - -
2024-11-13 15:17:47.668 +05:30  INF  CORS policy execution successful.
2024-11-13 15:17:47.669 +05:30  INF  Request finished HTTP/1.1 OPTIONS http://localhost:5145/user/deletecartitem?cartdisplayid=54ad4834-4071-46df-9009-2f2bc60bca0a&cartrid=212 - - - 204 - - 0.4861ms
2024-11-13 15:17:47.671 +05:30  INF  Request starting HTTP/1.1 DELETE http://localhost:5145/user/deletecartitem?cartdisplayid=54ad4834-4071-46df-9009-2f2bc60bca0a&cartrid=212 - -
2024-11-13 15:17:47.671 +05:30  INF  CORS policy execution successful.
2024-11-13 15:17:47.671 +05:30  INF  Executing endpoint 'BAKERBAZZAR.API.Controller.UserController.DeleteCartItem (BAKERBAZZAR.API)'
2024-11-13 15:17:47.671 +05:30  INF  Route matched with {action = "DeleteCartItem", controller = "User"}. Executing controller action with signature System.Threading.Tasks.Task`1[Microsoft.AspNetCore.Mvc.ActionResult`1[BAKERBAZZAR.API.Models.ApiResponse]] DeleteCartItem(System.String, Int32) on controller BAKERBAZZAR.API.Controller.UserController (BAKERBAZZAR.API).
2024-11-13 15:17:47.677 +05:30  INF  Executing ObjectResult, writing value of type 'BAKERBAZZAR.API.Models.ApiResponse'.
2024-11-13 15:17:47.677 +05:30  INF  Executed action BAKERBAZZAR.API.Controller.UserController.DeleteCartItem (BAKERBAZZAR.API) in 5.2093ms
2024-11-13 15:17:47.677 +05:30  INF  Executed endpoint 'BAKERBAZZAR.API.Controller.UserController.DeleteCartItem (BAKERBAZZAR.API)'
2024-11-13 15:17:47.677 +05:30  INF  Request finished HTTP/1.1 DELETE http://localhost:5145/user/deletecartitem?cartdisplayid=54ad4834-4071-46df-9009-2f2bc60bca0a&cartrid=212 - - - 200 - application/json;+charset=utf-8 5.6987ms
2024-11-13 15:17:48.888 +05:30  INF  Request starting HTTP/1.1 OPTIONS http://localhost:5145/user/deletecartitem?cartdisplayid=54ad4834-4071-46df-9009-2f2bc60bca0a&cartrid=220 - -
2024-11-13 15:17:48.888 +05:30  INF  CORS policy execution successful.
2024-11-13 15:17:48.888 +05:30  INF  Request finished HTTP/1.1 OPTIONS http://localhost:5145/user/deletecartitem?cartdisplayid=54ad4834-4071-46df-9009-2f2bc60bca0a&cartrid=220 - - - 204 - - 0.4881ms
2024-11-13 15:17:48.891 +05:30  INF  Request starting HTTP/1.1 DELETE http://localhost:5145/user/deletecartitem?cartdisplayid=54ad4834-4071-46df-9009-2f2bc60bca0a&cartrid=220 - -
2024-11-13 15:17:48.891 +05:30  INF  CORS policy execution successful.
2024-11-13 15:17:48.891 +05:30  INF  Executing endpoint 'BAKERBAZZAR.API.Controller.UserController.DeleteCartItem (BAKERBAZZAR.API)'
2024-11-13 15:17:48.891 +05:30  INF  Route matched with {action = "DeleteCartItem", controller = "User"}. Executing controller action with signature System.Threading.Tasks.Task`1[Microsoft.AspNetCore.Mvc.ActionResult`1[BAKERBAZZAR.API.Models.ApiResponse]] DeleteCartItem(System.String, Int32) on controller BAKERBAZZAR.API.Controller.UserController (BAKERBAZZAR.API).
2024-11-13 15:17:48.894 +05:30  INF  Executing ObjectResult, writing value of type 'BAKERBAZZAR.API.Models.ApiResponse'.
2024-11-13 15:17:48.894 +05:30  INF  Executed action BAKERBAZZAR.API.Controller.UserController.DeleteCartItem (BAKERBAZZAR.API) in 3.3207ms
2024-11-13 15:17:48.894 +05:30  INF  Executed endpoint 'BAKERBAZZAR.API.Controller.UserController.DeleteCartItem (BAKERBAZZAR.API)'
2024-11-13 15:17:48.895 +05:30  INF  Request finished HTTP/1.1 DELETE http://localhost:5145/user/deletecartitem?cartdisplayid=54ad4834-4071-46df-9009-2f2bc60bca0a&cartrid=220 - - - 200 - application/json;+charset=utf-8 4.2387ms
2024-11-13 15:22:21.994 +05:30  INF  Request starting HTTP/1.1 GET http://localhost:5145/user/orderdetails?displayid=b3310cf8-c993-4354-9586-43dc18a65ad7 - -
2024-11-13 15:22:21.996 +05:30  INF  CORS policy execution successful.
2024-11-13 15:22:21.997 +05:30  INF  Executing endpoint 'BAKERBAZZAR.API.Controller.UserController.OrderDetails (BAKERBAZZAR.API)'
2024-11-13 15:22:22.042 +05:30  INF  Route matched with {action = "OrderDetails", controller = "User"}. Executing controller action with signature System.Threading.Tasks.Task`1[Microsoft.AspNetCore.Mvc.ActionResult`1[BAKERBAZZAR.API.Models.ApiResponse]] OrderDetails(System.String, System.String, Int32) on controller BAKERBAZZAR.API.Controller.UserController (BAKERBAZZAR.API).
2024-11-13 15:22:22.258 +05:30  INF  Executing ObjectResult, writing value of type 'BAKERBAZZAR.API.Models.ApiResponse'.
2024-11-13 15:22:22.282 +05:30  INF  Executed action BAKERBAZZAR.API.Controller.UserController.OrderDetails (BAKERBAZZAR.API) in 239.1338ms
2024-11-13 15:22:22.282 +05:30  INF  Executed endpoint 'BAKERBAZZAR.API.Controller.UserController.OrderDetails (BAKERBAZZAR.API)'
2024-11-13 15:22:22.282 +05:30  INF  Request finished HTTP/1.1 GET http://localhost:5145/user/orderdetails?displayid=b3310cf8-c993-4354-9586-43dc18a65ad7 - - - 200 - application/json;+charset=utf-8 289.8872ms
2024-11-13 15:22:28.844 +05:30  INF  Request starting HTTP/1.1 GET http://localhost:5145/User/CartDetails?displayid=54ad4834-4071-46df-9009-2f2bc60bca0a - -
2024-11-13 15:22:28.844 +05:30  INF  CORS policy execution successful.
2024-11-13 15:22:28.844 +05:30  INF  Executing endpoint 'BAKERBAZZAR.API.Controller.UserController.CartDetails (BAKERBAZZAR.API)'
2024-11-13 15:22:28.844 +05:30  INF  Route matched with {action = "CartDetails", controller = "User"}. Executing controller action with signature System.Threading.Tasks.Task`1[Microsoft.AspNetCore.Mvc.ActionResult`1[BAKERBAZZAR.API.Models.ApiResponse]] CartDetails(System.String) on controller BAKERBAZZAR.API.Controller.UserController (BAKERBAZZAR.API).
2024-11-13 15:22:28.866 +05:30  INF  Executing ObjectResult, writing value of type 'BAKERBAZZAR.API.Models.ApiResponse'.
2024-11-13 15:22:28.867 +05:30  INF  Executed action BAKERBAZZAR.API.Controller.UserController.CartDetails (BAKERBAZZAR.API) in 22.8269ms
2024-11-13 15:22:28.867 +05:30  INF  Executed endpoint 'BAKERBAZZAR.API.Controller.UserController.CartDetails (BAKERBAZZAR.API)'
2024-11-13 15:22:28.867 +05:30  INF  Request finished HTTP/1.1 GET http://localhost:5145/User/CartDetails?displayid=54ad4834-4071-46df-9009-2f2bc60bca0a - - - 200 - application/json;+charset=utf-8 23.5051ms
2024-11-13 15:22:29.014 +05:30  INF  Request starting HTTP/1.1 GET http://localhost:5145/User/CartDetails?displayid=54ad4834-4071-46df-9009-2f2bc60bca0a - -
2024-11-13 15:22:29.014 +05:30  INF  CORS policy execution successful.
2024-11-13 15:22:29.014 +05:30  INF  Executing endpoint 'BAKERBAZZAR.API.Controller.UserController.CartDetails (BAKERBAZZAR.API)'
2024-11-13 15:22:29.014 +05:30  INF  Route matched with {action = "CartDetails", controller = "User"}. Executing controller action with signature System.Threading.Tasks.Task`1[Microsoft.AspNetCore.Mvc.ActionResult`1[BAKERBAZZAR.API.Models.ApiResponse]] CartDetails(System.String) on controller BAKERBAZZAR.API.Controller.UserController (BAKERBAZZAR.API).
2024-11-13 15:22:29.018 +05:30  INF  Executing ObjectResult, writing value of type 'BAKERBAZZAR.API.Models.ApiResponse'.
2024-11-13 15:22:29.018 +05:30  INF  Executed action BAKERBAZZAR.API.Controller.UserController.CartDetails (BAKERBAZZAR.API) in 4.1289ms
2024-11-13 15:22:29.018 +05:30  INF  Executed endpoint 'BAKERBAZZAR.API.Controller.UserController.CartDetails (BAKERBAZZAR.API)'
2024-11-13 15:22:29.018 +05:30  INF  Request finished HTTP/1.1 GET http://localhost:5145/User/CartDetails?displayid=54ad4834-4071-46df-9009-2f2bc60bca0a - - - 200 - application/json;+charset=utf-8 4.6519ms
2024-11-13 15:22:39.232 +05:30  INF  Request starting HTTP/1.1 OPTIONS http://localhost:5145/user/updatecartitem?linerid=212&qty=2 - -
2024-11-13 15:22:39.232 +05:30  INF  CORS policy execution successful.
2024-11-13 15:22:39.232 +05:30  INF  Request starting HTTP/1.1 OPTIONS http://localhost:5145/user/cartdetails?displayId=54ad4834-4071-46df-9009-2f2bc60bca0a - -
2024-11-13 15:22:39.232 +05:30  INF  CORS policy execution successful.
2024-11-13 15:22:39.232 +05:30  INF  Request finished HTTP/1.1 OPTIONS http://localhost:5145/user/cartdetails?displayId=54ad4834-4071-46df-9009-2f2bc60bca0a - - - 204 - - 0.2093ms
2024-11-13 15:22:39.232 +05:30  INF  Request finished HTTP/1.1 OPTIONS http://localhost:5145/user/updatecartitem?linerid=212&qty=2 - - - 204 - - 0.7120ms
2024-11-13 15:22:39.235 +05:30  INF  Request starting HTTP/1.1 PUT http://localhost:5145/user/updatecartitem?linerid=212&qty=2 application/json 0
2024-11-13 15:22:39.235 +05:30  INF  Request starting HTTP/1.1 GET http://localhost:5145/user/cartdetails?displayId=54ad4834-4071-46df-9009-2f2bc60bca0a application/json -
2024-11-13 15:22:39.235 +05:30  INF  CORS policy execution successful.
2024-11-13 15:22:39.235 +05:30  INF  CORS policy execution successful.
2024-11-13 15:22:39.235 +05:30  INF  Executing endpoint 'BAKERBAZZAR.API.Controller.UserController.UpdateCartItem (BAKERBAZZAR.API)'
2024-11-13 15:22:39.235 +05:30  INF  Executing endpoint 'BAKERBAZZAR.API.Controller.UserController.CartDetails (BAKERBAZZAR.API)'
2024-11-13 15:22:39.235 +05:30  INF  Route matched with {action = "CartDetails", controller = "User"}. Executing controller action with signature System.Threading.Tasks.Task`1[Microsoft.AspNetCore.Mvc.ActionResult`1[BAKERBAZZAR.API.Models.ApiResponse]] CartDetails(System.String) on controller BAKERBAZZAR.API.Controller.UserController (BAKERBAZZAR.API).
2024-11-13 15:22:39.243 +05:30  INF  Route matched with {action = "UpdateCartItem", controller = "User"}. Executing controller action with signature System.Threading.Tasks.Task`1[Microsoft.AspNetCore.Mvc.ActionResult`1[BAKERBAZZAR.API.Models.ApiResponse]] UpdateCartItem(Int32, Int32) on controller BAKERBAZZAR.API.Controller.UserController (BAKERBAZZAR.API).
2024-11-13 15:22:39.253 +05:30  INF  Executing ObjectResult, writing value of type 'BAKERBAZZAR.API.Models.ApiResponse'.
2024-11-13 15:22:39.253 +05:30  INF  Executed action BAKERBAZZAR.API.Controller.UserController.CartDetails (BAKERBAZZAR.API) in 18.5462ms
2024-11-13 15:22:39.254 +05:30  INF  Executed endpoint 'BAKERBAZZAR.API.Controller.UserController.CartDetails (BAKERBAZZAR.API)'
2024-11-13 15:22:39.254 +05:30  INF  Request finished HTTP/1.1 GET http://localhost:5145/user/cartdetails?displayId=54ad4834-4071-46df-9009-2f2bc60bca0a application/json - - 200 - application/json;+charset=utf-8 18.9906ms
2024-11-13 15:22:39.269 +05:30  INF  Executing ObjectResult, writing value of type 'BAKERBAZZAR.API.Models.ApiResponse'.
2024-11-13 15:22:39.269 +05:30  INF  Executed action BAKERBAZZAR.API.Controller.UserController.UpdateCartItem (BAKERBAZZAR.API) in 25.9849ms
2024-11-13 15:22:39.269 +05:30  INF  Executed endpoint 'BAKERBAZZAR.API.Controller.UserController.UpdateCartItem (BAKERBAZZAR.API)'
2024-11-13 15:22:39.269 +05:30  INF  Request finished HTTP/1.1 PUT http://localhost:5145/user/updatecartitem?linerid=212&qty=2 application/json 0 - 200 - application/json;+charset=utf-8 34.6519ms
2024-11-13 15:22:41.118 +05:30  INF  Request starting HTTP/1.1 OPTIONS http://localhost:5145/user/updatecartitem?linerid=219&qty=2 - -
2024-11-13 15:22:41.118 +05:30  INF  CORS policy execution successful.
2024-11-13 15:22:41.118 +05:30  INF  Request finished HTTP/1.1 OPTIONS http://localhost:5145/user/updatecartitem?linerid=219&qty=2 - - - 204 - - 0.2535ms
2024-11-13 15:22:41.119 +05:30  INF  Request starting HTTP/1.1 GET http://localhost:5145/user/cartdetails?displayId=54ad4834-4071-46df-9009-2f2bc60bca0a application/json -
2024-11-13 15:22:41.119 +05:30  INF  CORS policy execution successful.
2024-11-13 15:22:41.119 +05:30  INF  Executing endpoint 'BAKERBAZZAR.API.Controller.UserController.CartDetails (BAKERBAZZAR.API)'
2024-11-13 15:22:41.119 +05:30  INF  Request starting HTTP/1.1 PUT http://localhost:5145/user/updatecartitem?linerid=219&qty=2 application/json 0
2024-11-13 15:22:41.119 +05:30  INF  Route matched with {action = "CartDetails", controller = "User"}. Executing controller action with signature System.Threading.Tasks.Task`1[Microsoft.AspNetCore.Mvc.ActionResult`1[BAKERBAZZAR.API.Models.ApiResponse]] CartDetails(System.String) on controller BAKERBAZZAR.API.Controller.UserController (BAKERBAZZAR.API).
2024-11-13 15:22:41.120 +05:30  INF  CORS policy execution successful.
2024-11-13 15:22:41.120 +05:30  INF  Executing endpoint 'BAKERBAZZAR.API.Controller.UserController.UpdateCartItem (BAKERBAZZAR.API)'
2024-11-13 15:22:41.120 +05:30  INF  Route matched with {action = "UpdateCartItem", controller = "User"}. Executing controller action with signature System.Threading.Tasks.Task`1[Microsoft.AspNetCore.Mvc.ActionResult`1[BAKERBAZZAR.API.Models.ApiResponse]] UpdateCartItem(Int32, Int32) on controller BAKERBAZZAR.API.Controller.UserController (BAKERBAZZAR.API).
2024-11-13 15:22:41.125 +05:30  INF  Executing ObjectResult, writing value of type 'BAKERBAZZAR.API.Models.ApiResponse'.
2024-11-13 15:22:41.125 +05:30  INF  Executed action BAKERBAZZAR.API.Controller.UserController.UpdateCartItem (BAKERBAZZAR.API) in 5.3837ms
2024-11-13 15:22:41.125 +05:30  INF  Executed endpoint 'BAKERBAZZAR.API.Controller.UserController.UpdateCartItem (BAKERBAZZAR.API)'
2024-11-13 15:22:41.125 +05:30  INF  Request finished HTTP/1.1 PUT http://localhost:5145/user/updatecartitem?linerid=219&qty=2 application/json 0 - 200 - application/json;+charset=utf-8 5.6822ms
2024-11-13 15:22:41.126 +05:30  INF  Executing ObjectResult, writing value of type 'BAKERBAZZAR.API.Models.ApiResponse'.
2024-11-13 15:22:41.126 +05:30  INF  Executed action BAKERBAZZAR.API.Controller.UserController.CartDetails (BAKERBAZZAR.API) in 6.8619ms
2024-11-13 15:22:41.126 +05:30  INF  Executed endpoint 'BAKERBAZZAR.API.Controller.UserController.CartDetails (BAKERBAZZAR.API)'
2024-11-13 15:22:41.127 +05:30  INF  Request finished HTTP/1.1 GET http://localhost:5145/user/cartdetails?displayId=54ad4834-4071-46df-9009-2f2bc60bca0a application/json - - 200 - application/json;+charset=utf-8 7.6915ms
2024-11-13 15:22:43.422 +05:30  INF  Request starting HTTP/1.1 OPTIONS http://localhost:5145/user/updatecartitem?linerid=219&qty=1 - -
2024-11-13 15:22:43.422 +05:30  INF  CORS policy execution successful.
2024-11-13 15:22:43.422 +05:30  INF  Request finished HTTP/1.1 OPTIONS http://localhost:5145/user/updatecartitem?linerid=219&qty=1 - - - 204 - - 0.3335ms
2024-11-13 15:22:43.423 +05:30  INF  Request starting HTTP/1.1 GET http://localhost:5145/user/cartdetails?displayId=54ad4834-4071-46df-9009-2f2bc60bca0a application/json -
2024-11-13 15:22:43.423 +05:30  INF  CORS policy execution successful.
2024-11-13 15:22:43.423 +05:30  INF  Executing endpoint 'BAKERBAZZAR.API.Controller.UserController.CartDetails (BAKERBAZZAR.API)'
2024-11-13 15:22:43.423 +05:30  INF  Route matched with {action = "CartDetails", controller = "User"}. Executing controller action with signature System.Threading.Tasks.Task`1[Microsoft.AspNetCore.Mvc.ActionResult`1[BAKERBAZZAR.API.Models.ApiResponse]] CartDetails(System.String) on controller BAKERBAZZAR.API.Controller.UserController (BAKERBAZZAR.API).
2024-11-13 15:22:43.423 +05:30  INF  Request starting HTTP/1.1 PUT http://localhost:5145/user/updatecartitem?linerid=219&qty=1 application/json 0
2024-11-13 15:22:43.423 +05:30  INF  CORS policy execution successful.
2024-11-13 15:22:43.423 +05:30  INF  Executing endpoint 'BAKERBAZZAR.API.Controller.UserController.UpdateCartItem (BAKERBAZZAR.API)'
2024-11-13 15:22:43.424 +05:30  INF  Route matched with {action = "UpdateCartItem", controller = "User"}. Executing controller action with signature System.Threading.Tasks.Task`1[Microsoft.AspNetCore.Mvc.ActionResult`1[BAKERBAZZAR.API.Models.ApiResponse]] UpdateCartItem(Int32, Int32) on controller BAKERBAZZAR.API.Controller.UserController (BAKERBAZZAR.API).
2024-11-13 15:22:43.425 +05:30  INF  Executing ObjectResult, writing value of type 'BAKERBAZZAR.API.Models.ApiResponse'.
2024-11-13 15:22:43.425 +05:30  INF  Executed action BAKERBAZZAR.API.Controller.UserController.UpdateCartItem (BAKERBAZZAR.API) in 1.6483ms
2024-11-13 15:22:43.425 +05:30  INF  Executed endpoint 'BAKERBAZZAR.API.Controller.UserController.UpdateCartItem (BAKERBAZZAR.API)'
2024-11-13 15:22:43.425 +05:30  INF  Request finished HTTP/1.1 PUT http://localhost:5145/user/updatecartitem?linerid=219&qty=1 application/json 0 - 200 - application/json;+charset=utf-8 1.9860ms
2024-11-13 15:22:43.426 +05:30  INF  Executing ObjectResult, writing value of type 'BAKERBAZZAR.API.Models.ApiResponse'.
2024-11-13 15:22:43.426 +05:30  INF  Executed action BAKERBAZZAR.API.Controller.UserController.CartDetails (BAKERBAZZAR.API) in 2.8664ms
2024-11-13 15:22:43.426 +05:30  INF  Executed endpoint 'BAKERBAZZAR.API.Controller.UserController.CartDetails (BAKERBAZZAR.API)'
2024-11-13 15:22:43.426 +05:30  INF  Request finished HTTP/1.1 GET http://localhost:5145/user/cartdetails?displayId=54ad4834-4071-46df-9009-2f2bc60bca0a application/json - - 200 - application/json;+charset=utf-8 3.1904ms
2024-11-13 15:22:46.118 +05:30  INF  Request starting HTTP/1.1 OPTIONS http://localhost:5145/user/cartdetails?displayId=54ad4834-4071-46df-9009-2f2bc60bca0a - -
2024-11-13 15:22:46.118 +05:30  INF  CORS policy execution successful.
2024-11-13 15:22:46.118 +05:30  INF  Request finished HTTP/1.1 OPTIONS http://localhost:5145/user/cartdetails?displayId=54ad4834-4071-46df-9009-2f2bc60bca0a - - - 204 - - 0.2131ms
2024-11-13 15:22:46.119 +05:30  INF  Request starting HTTP/1.1 GET http://localhost:5145/user/cartdetails?displayId=54ad4834-4071-46df-9009-2f2bc60bca0a application/json -
2024-11-13 15:22:46.119 +05:30  INF  CORS policy execution successful.
2024-11-13 15:22:46.120 +05:30  INF  Executing endpoint 'BAKERBAZZAR.API.Controller.UserController.CartDetails (BAKERBAZZAR.API)'
2024-11-13 15:22:46.120 +05:30  INF  Route matched with {action = "CartDetails", controller = "User"}. Executing controller action with signature System.Threading.Tasks.Task`1[Microsoft.AspNetCore.Mvc.ActionResult`1[BAKERBAZZAR.API.Models.ApiResponse]] CartDetails(System.String) on controller BAKERBAZZAR.API.Controller.UserController (BAKERBAZZAR.API).
2024-11-13 15:22:46.124 +05:30  INF  Executing ObjectResult, writing value of type 'BAKERBAZZAR.API.Models.ApiResponse'.
2024-11-13 15:22:46.124 +05:30  INF  Executed action BAKERBAZZAR.API.Controller.UserController.CartDetails (BAKERBAZZAR.API) in 4.1072ms
2024-11-13 15:22:46.124 +05:30  INF  Executed endpoint 'BAKERBAZZAR.API.Controller.UserController.CartDetails (BAKERBAZZAR.API)'
2024-11-13 15:22:46.124 +05:30  INF  Request finished HTTP/1.1 GET http://localhost:5145/user/cartdetails?displayId=54ad4834-4071-46df-9009-2f2bc60bca0a application/json - - 200 - application/json;+charset=utf-8 4.6524ms
2024-11-13 15:22:48.143 +05:30  INF  Request starting HTTP/1.1 OPTIONS http://localhost:5145/user/updatecartitem?linerid=219&qty=2 - -
2024-11-13 15:22:48.143 +05:30  INF  CORS policy execution successful.
2024-11-13 15:22:48.143 +05:30  INF  Request finished HTTP/1.1 OPTIONS http://localhost:5145/user/updatecartitem?linerid=219&qty=2 - - - 204 - - 0.1923ms
2024-11-13 15:22:48.144 +05:30  INF  Request starting HTTP/1.1 PUT http://localhost:5145/user/updatecartitem?linerid=219&qty=2 application/json 0
2024-11-13 15:22:48.144 +05:30  INF  Request starting HTTP/1.1 GET http://localhost:5145/user/cartdetails?displayId=54ad4834-4071-46df-9009-2f2bc60bca0a application/json -
2024-11-13 15:22:48.144 +05:30  INF  CORS policy execution successful.
2024-11-13 15:22:48.144 +05:30  INF  CORS policy execution successful.
2024-11-13 15:22:48.144 +05:30  INF  Executing endpoint 'BAKERBAZZAR.API.Controller.UserController.UpdateCartItem (BAKERBAZZAR.API)'
2024-11-13 15:22:48.144 +05:30  INF  Executing endpoint 'BAKERBAZZAR.API.Controller.UserController.CartDetails (BAKERBAZZAR.API)'
2024-11-13 15:22:48.144 +05:30  INF  Route matched with {action = "UpdateCartItem", controller = "User"}. Executing controller action with signature System.Threading.Tasks.Task`1[Microsoft.AspNetCore.Mvc.ActionResult`1[BAKERBAZZAR.API.Models.ApiResponse]] UpdateCartItem(Int32, Int32) on controller BAKERBAZZAR.API.Controller.UserController (BAKERBAZZAR.API).
2024-11-13 15:22:48.146 +05:30  INF  Route matched with {action = "CartDetails", controller = "User"}. Executing controller action with signature System.Threading.Tasks.Task`1[Microsoft.AspNetCore.Mvc.ActionResult`1[BAKERBAZZAR.API.Models.ApiResponse]] CartDetails(System.String) on controller BAKERBAZZAR.API.Controller.UserController (BAKERBAZZAR.API).
2024-11-13 15:22:48.147 +05:30  INF  Executing ObjectResult, writing value of type 'BAKERBAZZAR.API.Models.ApiResponse'.
2024-11-13 15:22:48.147 +05:30  INF  Executed action BAKERBAZZAR.API.Controller.UserController.UpdateCartItem (BAKERBAZZAR.API) in 2.8212ms
2024-11-13 15:22:48.147 +05:30  INF  Executed endpoint 'BAKERBAZZAR.API.Controller.UserController.UpdateCartItem (BAKERBAZZAR.API)'
2024-11-13 15:22:48.147 +05:30  INF  Request finished HTTP/1.1 PUT http://localhost:5145/user/updatecartitem?linerid=219&qty=2 application/json 0 - 200 - application/json;+charset=utf-8 3.1884ms
2024-11-13 15:22:48.149 +05:30  INF  Executing ObjectResult, writing value of type 'BAKERBAZZAR.API.Models.ApiResponse'.
2024-11-13 15:22:48.149 +05:30  INF  Executed action BAKERBAZZAR.API.Controller.UserController.CartDetails (BAKERBAZZAR.API) in 3.4813ms
2024-11-13 15:22:48.149 +05:30  INF  Executed endpoint 'BAKERBAZZAR.API.Controller.UserController.CartDetails (BAKERBAZZAR.API)'
2024-11-13 15:22:48.149 +05:30  INF  Request finished HTTP/1.1 GET http://localhost:5145/user/cartdetails?displayId=54ad4834-4071-46df-9009-2f2bc60bca0a application/json - - 200 - application/json;+charset=utf-8 5.3863ms
2024-11-13 15:22:57.381 +05:30  INF  Request starting HTTP/1.1 OPTIONS http://localhost:5145/user/updatecartitem?linerid=219&qty=3 - -
2024-11-13 15:22:57.381 +05:30  INF  CORS policy execution successful.
2024-11-13 15:22:57.381 +05:30  INF  Request starting HTTP/1.1 OPTIONS http://localhost:5145/user/cartdetails?displayId=54ad4834-4071-46df-9009-2f2bc60bca0a - -
2024-11-13 15:22:57.381 +05:30  INF  Request finished HTTP/1.1 OPTIONS http://localhost:5145/user/updatecartitem?linerid=219&qty=3 - - - 204 - - 0.4113ms
2024-11-13 15:22:57.381 +05:30  INF  CORS policy execution successful.
2024-11-13 15:22:57.381 +05:30  INF  Request finished HTTP/1.1 OPTIONS http://localhost:5145/user/cartdetails?displayId=54ad4834-4071-46df-9009-2f2bc60bca0a - - - 204 - - 0.1907ms
2024-11-13 15:22:57.382 +05:30  INF  Request starting HTTP/1.1 PUT http://localhost:5145/user/updatecartitem?linerid=219&qty=3 application/json 0
2024-11-13 15:22:57.382 +05:30  INF  CORS policy execution successful.
2024-11-13 15:22:57.382 +05:30  INF  Executing endpoint 'BAKERBAZZAR.API.Controller.UserController.UpdateCartItem (BAKERBAZZAR.API)'
2024-11-13 15:22:57.383 +05:30  INF  Request starting HTTP/1.1 GET http://localhost:5145/user/cartdetails?displayId=54ad4834-4071-46df-9009-2f2bc60bca0a application/json -
2024-11-13 15:22:57.383 +05:30  INF  Route matched with {action = "UpdateCartItem", controller = "User"}. Executing controller action with signature System.Threading.Tasks.Task`1[Microsoft.AspNetCore.Mvc.ActionResult`1[BAKERBAZZAR.API.Models.ApiResponse]] UpdateCartItem(Int32, Int32) on controller BAKERBAZZAR.API.Controller.UserController (BAKERBAZZAR.API).
2024-11-13 15:22:57.383 +05:30  INF  CORS policy execution successful.
2024-11-13 15:22:57.383 +05:30  INF  Executing endpoint 'BAKERBAZZAR.API.Controller.UserController.CartDetails (BAKERBAZZAR.API)'
2024-11-13 15:22:57.383 +05:30  INF  Route matched with {action = "CartDetails", controller = "User"}. Executing controller action with signature System.Threading.Tasks.Task`1[Microsoft.AspNetCore.Mvc.ActionResult`1[BAKERBAZZAR.API.Models.ApiResponse]] CartDetails(System.String) on controller BAKERBAZZAR.API.Controller.UserController (BAKERBAZZAR.API).
2024-11-13 15:22:57.393 +05:30  INF  Executing ObjectResult, writing value of type 'BAKERBAZZAR.API.Models.ApiResponse'.
2024-11-13 15:22:57.393 +05:30  INF  Executed action BAKERBAZZAR.API.Controller.UserController.UpdateCartItem (BAKERBAZZAR.API) in 10.5852ms
2024-11-13 15:22:57.393 +05:30  INF  Executed endpoint 'BAKERBAZZAR.API.Controller.UserController.UpdateCartItem (BAKERBAZZAR.API)'
2024-11-13 15:22:57.393 +05:30  INF  Request finished HTTP/1.1 PUT http://localhost:5145/user/updatecartitem?linerid=219&qty=3 application/json 0 - 200 - application/json;+charset=utf-8 11.1816ms
2024-11-13 15:22:57.403 +05:30  INF  Executing ObjectResult, writing value of type 'BAKERBAZZAR.API.Models.ApiResponse'.
2024-11-13 15:22:57.403 +05:30  INF  Executed action BAKERBAZZAR.API.Controller.UserController.CartDetails (BAKERBAZZAR.API) in 20.3782ms
2024-11-13 15:22:57.403 +05:30  INF  Executed endpoint 'BAKERBAZZAR.API.Controller.UserController.CartDetails (BAKERBAZZAR.API)'
2024-11-13 15:22:57.403 +05:30  INF  Request finished HTTP/1.1 GET http://localhost:5145/user/cartdetails?displayId=54ad4834-4071-46df-9009-2f2bc60bca0a application/json - - 200 - application/json;+charset=utf-8 20.7034ms
2024-11-13 15:25:30.009 +05:30  INF  Request starting HTTP/1.1 OPTIONS http://localhost:5145/user/cartdetails?displayId=54ad4834-4071-46df-9009-2f2bc60bca0a - -
2024-11-13 15:25:30.010 +05:30  INF  Request starting HTTP/1.1 OPTIONS http://localhost:5145/user/updatecartitem?linerid=219&qty=4 - -
2024-11-13 15:25:30.010 +05:30  INF  CORS policy execution successful.
2024-11-13 15:25:30.010 +05:30  INF  CORS policy execution successful.
2024-11-13 15:25:30.010 +05:30  INF  Request finished HTTP/1.1 OPTIONS http://localhost:5145/user/cartdetails?displayId=54ad4834-4071-46df-9009-2f2bc60bca0a - - - 204 - - 0.7285ms
2024-11-13 15:25:30.010 +05:30  INF  Request finished HTTP/1.1 OPTIONS http://localhost:5145/user/updatecartitem?linerid=219&qty=4 - - - 204 - - 0.6712ms
2024-11-13 15:25:30.013 +05:30  INF  Request starting HTTP/1.1 PUT http://localhost:5145/user/updatecartitem?linerid=219&qty=4 application/json 0
2024-11-13 15:25:30.013 +05:30  INF  Request starting HTTP/1.1 GET http://localhost:5145/user/cartdetails?displayId=54ad4834-4071-46df-9009-2f2bc60bca0a application/json -
2024-11-13 15:25:30.013 +05:30  INF  CORS policy execution successful.
2024-11-13 15:25:30.013 +05:30  INF  CORS policy execution successful.
2024-11-13 15:25:30.013 +05:30  INF  Executing endpoint 'BAKERBAZZAR.API.Controller.UserController.CartDetails (BAKERBAZZAR.API)'
2024-11-13 15:25:30.013 +05:30  INF  Executing endpoint 'BAKERBAZZAR.API.Controller.UserController.UpdateCartItem (BAKERBAZZAR.API)'
2024-11-13 15:25:30.013 +05:30  INF  Route matched with {action = "UpdateCartItem", controller = "User"}. Executing controller action with signature System.Threading.Tasks.Task`1[Microsoft.AspNetCore.Mvc.ActionResult`1[BAKERBAZZAR.API.Models.ApiResponse]] UpdateCartItem(Int32, Int32) on controller BAKERBAZZAR.API.Controller.UserController (BAKERBAZZAR.API).
2024-11-13 15:25:30.013 +05:30  INF  Route matched with {action = "CartDetails", controller = "User"}. Executing controller action with signature System.Threading.Tasks.Task`1[Microsoft.AspNetCore.Mvc.ActionResult`1[BAKERBAZZAR.API.Models.ApiResponse]] CartDetails(System.String) on controller BAKERBAZZAR.API.Controller.UserController (BAKERBAZZAR.API).
2024-11-13 15:25:30.038 +05:30  INF  Executing ObjectResult, writing value of type 'BAKERBAZZAR.API.Models.ApiResponse'.
2024-11-13 15:25:30.038 +05:30  INF  Executing ObjectResult, writing value of type 'BAKERBAZZAR.API.Models.ApiResponse'.
2024-11-13 15:25:30.038 +05:30  INF  Executed action BAKERBAZZAR.API.Controller.UserController.UpdateCartItem (BAKERBAZZAR.API) in 24.8785ms
2024-11-13 15:25:30.038 +05:30  INF  Executed action BAKERBAZZAR.API.Controller.UserController.CartDetails (BAKERBAZZAR.API) in 24.8697ms
2024-11-13 15:25:30.038 +05:30  INF  Executed endpoint 'BAKERBAZZAR.API.Controller.UserController.UpdateCartItem (BAKERBAZZAR.API)'
2024-11-13 15:25:30.038 +05:30  INF  Executed endpoint 'BAKERBAZZAR.API.Controller.UserController.CartDetails (BAKERBAZZAR.API)'
2024-11-13 15:25:30.038 +05:30  INF  Request finished HTTP/1.1 PUT http://localhost:5145/user/updatecartitem?linerid=219&qty=4 application/json 0 - 200 - application/json;+charset=utf-8 25.7198ms
2024-11-13 15:25:30.038 +05:30  INF  Request finished HTTP/1.1 GET http://localhost:5145/user/cartdetails?displayId=54ad4834-4071-46df-9009-2f2bc60bca0a application/json - - 200 - application/json;+charset=utf-8 25.5347ms
2024-11-13 15:26:51.233 +05:30  INF  Request starting HTTP/1.1 OPTIONS http://localhost:5145/user/updatecartitem?linerid=219&qty=1 - -
2024-11-13 15:26:51.233 +05:30  INF  CORS policy execution successful.
2024-11-13 15:26:51.234 +05:30  INF  Request finished HTTP/1.1 OPTIONS http://localhost:5145/user/updatecartitem?linerid=219&qty=1 - - - 204 - - 1.0554ms
2024-11-13 15:26:51.236 +05:30  INF  Request starting HTTP/1.1 PUT http://localhost:5145/user/updatecartitem?linerid=219&qty=1 - 0
2024-11-13 15:26:51.237 +05:30  INF  CORS policy execution successful.
2024-11-13 15:26:51.237 +05:30  INF  Executing endpoint 'BAKERBAZZAR.API.Controller.UserController.UpdateCartItem (BAKERBAZZAR.API)'
2024-11-13 15:26:51.237 +05:30  INF  Route matched with {action = "UpdateCartItem", controller = "User"}. Executing controller action with signature System.Threading.Tasks.Task`1[Microsoft.AspNetCore.Mvc.ActionResult`1[BAKERBAZZAR.API.Models.ApiResponse]] UpdateCartItem(Int32, Int32) on controller BAKERBAZZAR.API.Controller.UserController (BAKERBAZZAR.API).
2024-11-13 15:26:51.261 +05:30  INF  Executing ObjectResult, writing value of type 'BAKERBAZZAR.API.Models.ApiResponse'.
2024-11-13 15:26:51.262 +05:30  INF  Executed action BAKERBAZZAR.API.Controller.UserController.UpdateCartItem (BAKERBAZZAR.API) in 24.582ms
2024-11-13 15:26:51.262 +05:30  INF  Executed endpoint 'BAKERBAZZAR.API.Controller.UserController.UpdateCartItem (BAKERBAZZAR.API)'
2024-11-13 15:26:51.262 +05:30  INF  Request finished HTTP/1.1 PUT http://localhost:5145/user/updatecartitem?linerid=219&qty=1 - 0 - 200 - application/json;+charset=utf-8 25.3313ms
2024-11-13 15:26:55.582 +05:30  INF  Request starting HTTP/1.1 OPTIONS http://localhost:5145/user/updatecartitem?linerid=219&qty=2 - -
2024-11-13 15:26:55.582 +05:30  INF  CORS policy execution successful.
2024-11-13 15:26:55.582 +05:30  INF  Request finished HTTP/1.1 OPTIONS http://localhost:5145/user/updatecartitem?linerid=219&qty=2 - - - 204 - - 0.4526ms
2024-11-13 15:26:55.586 +05:30  INF  Request starting HTTP/1.1 PUT http://localhost:5145/user/updatecartitem?linerid=219&qty=2 - 0
2024-11-13 15:26:55.586 +05:30  INF  CORS policy execution successful.
2024-11-13 15:26:55.586 +05:30  INF  Executing endpoint 'BAKERBAZZAR.API.Controller.UserController.UpdateCartItem (BAKERBAZZAR.API)'
2024-11-13 15:26:55.587 +05:30  INF  Route matched with {action = "UpdateCartItem", controller = "User"}. Executing controller action with signature System.Threading.Tasks.Task`1[Microsoft.AspNetCore.Mvc.ActionResult`1[BAKERBAZZAR.API.Models.ApiResponse]] UpdateCartItem(Int32, Int32) on controller BAKERBAZZAR.API.Controller.UserController (BAKERBAZZAR.API).
2024-11-13 15:26:55.599 +05:30  INF  Executing ObjectResult, writing value of type 'BAKERBAZZAR.API.Models.ApiResponse'.
2024-11-13 15:26:55.599 +05:30  INF  Executed action BAKERBAZZAR.API.Controller.UserController.UpdateCartItem (BAKERBAZZAR.API) in 12.4933ms
2024-11-13 15:26:55.600 +05:30  INF  Executed endpoint 'BAKERBAZZAR.API.Controller.UserController.UpdateCartItem (BAKERBAZZAR.API)'
2024-11-13 15:26:55.600 +05:30  INF  Request finished HTTP/1.1 PUT http://localhost:5145/user/updatecartitem?linerid=219&qty=2 - 0 - 200 - application/json;+charset=utf-8 14.4693ms
2024-11-13 15:27:02.760 +05:30  INF  Request starting HTTP/1.1 OPTIONS http://localhost:5145/user/updatecartitem?linerid=219&qty=3 - -
2024-11-13 15:27:02.760 +05:30  INF  CORS policy execution successful.
2024-11-13 15:27:02.761 +05:30  INF  Request finished HTTP/1.1 OPTIONS http://localhost:5145/user/updatecartitem?linerid=219&qty=3 - - - 204 - - 0.3869ms
2024-11-13 15:27:02.763 +05:30  INF  Request starting HTTP/1.1 PUT http://localhost:5145/user/updatecartitem?linerid=219&qty=3 - 0
2024-11-13 15:27:02.763 +05:30  INF  CORS policy execution successful.
2024-11-13 15:27:02.764 +05:30  INF  Executing endpoint 'BAKERBAZZAR.API.Controller.UserController.UpdateCartItem (BAKERBAZZAR.API)'
2024-11-13 15:27:02.764 +05:30  INF  Route matched with {action = "UpdateCartItem", controller = "User"}. Executing controller action with signature System.Threading.Tasks.Task`1[Microsoft.AspNetCore.Mvc.ActionResult`1[BAKERBAZZAR.API.Models.ApiResponse]] UpdateCartItem(Int32, Int32) on controller BAKERBAZZAR.API.Controller.UserController (BAKERBAZZAR.API).
2024-11-13 15:27:02.769 +05:30  INF  Executing ObjectResult, writing value of type 'BAKERBAZZAR.API.Models.ApiResponse'.
2024-11-13 15:27:02.769 +05:30  INF  Executed action BAKERBAZZAR.API.Controller.UserController.UpdateCartItem (BAKERBAZZAR.API) in 4.7538ms
2024-11-13 15:27:02.769 +05:30  INF  Executed endpoint 'BAKERBAZZAR.API.Controller.UserController.UpdateCartItem (BAKERBAZZAR.API)'
2024-11-13 15:27:02.769 +05:30  INF  Request finished HTTP/1.1 PUT http://localhost:5145/user/updatecartitem?linerid=219&qty=3 - 0 - 200 - application/json;+charset=utf-8 5.8345ms
2024-11-13 15:27:26.994 +05:30  INF  Request starting HTTP/1.1 GET http://localhost:5145/User/Category - -
2024-11-13 15:27:26.995 +05:30  INF  CORS policy execution successful.
2024-11-13 15:27:26.995 +05:30  INF  Executing endpoint 'BAKERBAZZAR.API.Controller.UserController.Category (BAKERBAZZAR.API)'
2024-11-13 15:27:26.995 +05:30  INF  Route matched with {action = "Category", controller = "User"}. Executing controller action with signature System.Threading.Tasks.Task`1[Microsoft.AspNetCore.Mvc.ActionResult`1[BAKERBAZZAR.API.Models.ApiResponse]] Category(System.String) on controller BAKERBAZZAR.API.Controller.UserController (BAKERBAZZAR.API).
2024-11-13 15:27:27.020 +05:30  INF  Request starting HTTP/1.1 GET http://localhost:5145/User/CartDetails?displayid=54ad4834-4071-46df-9009-2f2bc60bca0a - -
2024-11-13 15:27:27.020 +05:30  INF  CORS policy execution successful.
2024-11-13 15:27:27.020 +05:30  INF  Executing endpoint 'BAKERBAZZAR.API.Controller.UserController.CartDetails (BAKERBAZZAR.API)'
2024-11-13 15:27:27.021 +05:30  INF  Route matched with {action = "CartDetails", controller = "User"}. Executing controller action with signature System.Threading.Tasks.Task`1[Microsoft.AspNetCore.Mvc.ActionResult`1[BAKERBAZZAR.API.Models.ApiResponse]] CartDetails(System.String) on controller BAKERBAZZAR.API.Controller.UserController (BAKERBAZZAR.API).
2024-11-13 15:27:27.053 +05:30  INF  Request starting HTTP/1.1 GET http://localhost:5145/user/products?categoryid= - -
2024-11-13 15:27:27.054 +05:30  INF  CORS policy execution successful.
2024-11-13 15:27:27.054 +05:30  INF  Executing endpoint 'BAKERBAZZAR.API.Controller.UserController.Products (BAKERBAZZAR.API)'
2024-11-13 15:27:27.054 +05:30  INF  Route matched with {action = "Products", controller = "User"}. Executing controller action with signature System.Threading.Tasks.Task`1[Microsoft.AspNetCore.Mvc.ActionResult`1[BAKERBAZZAR.API.Models.ApiResponse]] Products(System.String, System.String) on controller BAKERBAZZAR.API.Controller.UserController (BAKERBAZZAR.API).
2024-11-13 15:27:27.076 +05:30  INF  Request starting HTTP/1.1 GET http://localhost:5145/user/myorders?displayid=e62f03f4-2dcf-4f80-bc23-341651bd9338 - -
2024-11-13 15:27:27.076 +05:30  INF  CORS policy execution successful.
2024-11-13 15:27:27.076 +05:30  INF  Executing endpoint 'BAKERBAZZAR.API.Controller.UserController.MyOrders (BAKERBAZZAR.API)'
2024-11-13 15:27:27.076 +05:30  INF  Route matched with {action = "MyOrders", controller = "User"}. Executing controller action with signature System.Threading.Tasks.Task`1[Microsoft.AspNetCore.Mvc.ActionResult`1[BAKERBAZZAR.API.Models.ApiResponse]] MyOrders(System.String, System.String, System.String) on controller BAKERBAZZAR.API.Controller.UserController (BAKERBAZZAR.API).
2024-11-13 15:27:27.106 +05:30  INF  Executing ObjectResult, writing value of type 'BAKERBAZZAR.API.Models.ApiResponse'.
2024-11-13 15:27:27.109 +05:30  INF  Executing ObjectResult, writing value of type 'BAKERBAZZAR.API.Models.ApiResponse'.
2024-11-13 15:27:27.109 +05:30  INF  Executed action BAKERBAZZAR.API.Controller.UserController.Category (BAKERBAZZAR.API) in 112.1021ms
2024-11-13 15:27:27.109 +05:30  INF  Executed endpoint 'BAKERBAZZAR.API.Controller.UserController.Category (BAKERBAZZAR.API)'
2024-11-13 15:27:27.109 +05:30  INF  Request finished HTTP/1.1 GET http://localhost:5145/User/Category - - - 200 - application/json;+charset=utf-8 114.7252ms
2024-11-13 15:27:27.109 +05:30  INF  Executed action BAKERBAZZAR.API.Controller.UserController.CartDetails (BAKERBAZZAR.API) in 88.6699ms
2024-11-13 15:27:27.109 +05:30  INF  Executed endpoint 'BAKERBAZZAR.API.Controller.UserController.CartDetails (BAKERBAZZAR.API)'
2024-11-13 15:27:27.109 +05:30  INF  Request finished HTTP/1.1 GET http://localhost:5145/User/CartDetails?displayid=54ad4834-4071-46df-9009-2f2bc60bca0a - - - 200 - application/json;+charset=utf-8 89.3842ms
2024-11-13 15:27:27.115 +05:30  INF  Request starting HTTP/1.1 GET http://localhost:5145/User/CartDetails?displayid=54ad4834-4071-46df-9009-2f2bc60bca0a - -
2024-11-13 15:27:27.116 +05:30  INF  CORS policy execution successful.
2024-11-13 15:27:27.116 +05:30  INF  Executing endpoint 'BAKERBAZZAR.API.Controller.UserController.CartDetails (BAKERBAZZAR.API)'
2024-11-13 15:27:27.116 +05:30  INF  Route matched with {action = "CartDetails", controller = "User"}. Executing controller action with signature System.Threading.Tasks.Task`1[Microsoft.AspNetCore.Mvc.ActionResult`1[BAKERBAZZAR.API.Models.ApiResponse]] CartDetails(System.String) on controller BAKERBAZZAR.API.Controller.UserController (BAKERBAZZAR.API).
2024-11-13 15:27:27.119 +05:30  INF  Executing ObjectResult, writing value of type 'BAKERBAZZAR.API.Models.ApiResponse'.
2024-11-13 15:27:27.120 +05:30  INF  Executed action BAKERBAZZAR.API.Controller.UserController.CartDetails (BAKERBAZZAR.API) in 4.0675ms
2024-11-13 15:27:27.120 +05:30  INF  Executed endpoint 'BAKERBAZZAR.API.Controller.UserController.CartDetails (BAKERBAZZAR.API)'
2024-11-13 15:27:27.120 +05:30  INF  Request finished HTTP/1.1 GET http://localhost:5145/User/CartDetails?displayid=54ad4834-4071-46df-9009-2f2bc60bca0a - - - 200 - application/json;+charset=utf-8 4.8444ms
2024-11-13 15:27:27.132 +05:30  INF  Request starting HTTP/1.1 GET http://localhost:5145/User/Category - -
2024-11-13 15:27:27.132 +05:30  INF  CORS policy execution successful.
2024-11-13 15:27:27.133 +05:30  INF  Executing endpoint 'BAKERBAZZAR.API.Controller.UserController.Category (BAKERBAZZAR.API)'
2024-11-13 15:27:27.133 +05:30  INF  Route matched with {action = "Category", controller = "User"}. Executing controller action with signature System.Threading.Tasks.Task`1[Microsoft.AspNetCore.Mvc.ActionResult`1[BAKERBAZZAR.API.Models.ApiResponse]] Category(System.String) on controller BAKERBAZZAR.API.Controller.UserController (BAKERBAZZAR.API).
2024-11-13 15:27:27.137 +05:30  INF  Executing ObjectResult, writing value of type 'BAKERBAZZAR.API.Models.ApiResponse'.
2024-11-13 15:27:27.137 +05:30  INF  Executed action BAKERBAZZAR.API.Controller.UserController.Category (BAKERBAZZAR.API) in 3.4293ms
2024-11-13 15:27:27.137 +05:30  INF  Executed endpoint 'BAKERBAZZAR.API.Controller.UserController.Category (BAKERBAZZAR.API)'
2024-11-13 15:27:27.137 +05:30  INF  Request finished HTTP/1.1 GET http://localhost:5145/User/Category - - - 200 - application/json;+charset=utf-8 5.3828ms
2024-11-13 15:27:27.183 +05:30  INF  Executing ObjectResult, writing value of type 'BAKERBAZZAR.API.Models.ApiResponse'.
2024-11-13 15:27:27.183 +05:30  INF  Executed action BAKERBAZZAR.API.Controller.UserController.MyOrders (BAKERBAZZAR.API) in 107.2228ms
2024-11-13 15:27:27.183 +05:30  INF  Executed endpoint 'BAKERBAZZAR.API.Controller.UserController.MyOrders (BAKERBAZZAR.API)'
2024-11-13 15:27:27.183 +05:30  INF  Request finished HTTP/1.1 GET http://localhost:5145/user/myorders?displayid=e62f03f4-2dcf-4f80-bc23-341651bd9338 - - - 200 - application/json;+charset=utf-8 107.7621ms
2024-11-13 15:27:27.207 +05:30  INF  Executing ObjectResult, writing value of type 'BAKERBAZZAR.API.Models.ApiResponse'.
2024-11-13 15:27:27.215 +05:30  INF  Executed action BAKERBAZZAR.API.Controller.UserController.Products (BAKERBAZZAR.API) in 160.5899ms
2024-11-13 15:27:27.215 +05:30  INF  Executed endpoint 'BAKERBAZZAR.API.Controller.UserController.Products (BAKERBAZZAR.API)'
2024-11-13 15:27:27.215 +05:30  INF  Request finished HTTP/1.1 GET http://localhost:5145/user/products?categoryid= - - - 200 - application/json;+charset=utf-8 161.4063ms
2024-11-13 15:27:27.218 +05:30  INF  Request starting HTTP/1.1 GET http://localhost:5145/user/products?categoryid= - -
2024-11-13 15:27:27.218 +05:30  INF  CORS policy execution successful.
2024-11-13 15:27:27.218 +05:30  INF  Executing endpoint 'BAKERBAZZAR.API.Controller.UserController.Products (BAKERBAZZAR.API)'
2024-11-13 15:27:27.218 +05:30  INF  Route matched with {action = "Products", controller = "User"}. Executing controller action with signature System.Threading.Tasks.Task`1[Microsoft.AspNetCore.Mvc.ActionResult`1[BAKERBAZZAR.API.Models.ApiResponse]] Products(System.String, System.String) on controller BAKERBAZZAR.API.Controller.UserController (BAKERBAZZAR.API).
2024-11-13 15:27:27.225 +05:30  INF  Executing ObjectResult, writing value of type 'BAKERBAZZAR.API.Models.ApiResponse'.
2024-11-13 15:27:27.228 +05:30  INF  Executed action BAKERBAZZAR.API.Controller.UserController.Products (BAKERBAZZAR.API) in 9.3579ms
2024-11-13 15:27:27.228 +05:30  INF  Executed endpoint 'BAKERBAZZAR.API.Controller.UserController.Products (BAKERBAZZAR.API)'
2024-11-13 15:27:27.228 +05:30  INF  Request finished HTTP/1.1 GET http://localhost:5145/user/products?categoryid= - - - 200 - application/json;+charset=utf-8 10.4238ms
2024-11-13 15:28:07.487 +05:30  INF  Request starting HTTP/1.1 OPTIONS http://localhost:5145/user/updatecartitem?linerid=219&qty=1 - -
2024-11-13 15:28:07.487 +05:30  INF  CORS policy execution successful.
2024-11-13 15:28:07.488 +05:30  INF  Request finished HTTP/1.1 OPTIONS http://localhost:5145/user/updatecartitem?linerid=219&qty=1 - - - 204 - - 4.5307ms
2024-11-13 15:28:07.490 +05:30  INF  Request starting HTTP/1.1 PUT http://localhost:5145/user/updatecartitem?linerid=219&qty=1 - 0
2024-11-13 15:28:07.490 +05:30  INF  CORS policy execution successful.
2024-11-13 15:28:07.491 +05:30  INF  Executing endpoint 'BAKERBAZZAR.API.Controller.UserController.UpdateCartItem (BAKERBAZZAR.API)'
2024-11-13 15:28:07.492 +05:30  INF  Route matched with {action = "UpdateCartItem", controller = "User"}. Executing controller action with signature System.Threading.Tasks.Task`1[Microsoft.AspNetCore.Mvc.ActionResult`1[BAKERBAZZAR.API.Models.ApiResponse]] UpdateCartItem(Int32, Int32) on controller BAKERBAZZAR.API.Controller.UserController (BAKERBAZZAR.API).
2024-11-13 15:28:07.532 +05:30  INF  Executing ObjectResult, writing value of type 'BAKERBAZZAR.API.Models.ApiResponse'.
2024-11-13 15:28:07.532 +05:30  INF  Executed action BAKERBAZZAR.API.Controller.UserController.UpdateCartItem (BAKERBAZZAR.API) in 40.4387ms
2024-11-13 15:28:07.532 +05:30  INF  Executed endpoint 'BAKERBAZZAR.API.Controller.UserController.UpdateCartItem (BAKERBAZZAR.API)'
2024-11-13 15:28:07.532 +05:30  INF  Request finished HTTP/1.1 PUT http://localhost:5145/user/updatecartitem?linerid=219&qty=1 - 0 - 200 - application/json;+charset=utf-8 43.0377ms
2024-11-13 15:28:07.745 +05:30  INF  Request starting HTTP/1.1 PUT http://localhost:5145/user/updatecartitem?linerid=219&qty=1 - 0
2024-11-13 15:28:07.745 +05:30  INF  CORS policy execution successful.
2024-11-13 15:28:07.746 +05:30  INF  Executing endpoint 'BAKERBAZZAR.API.Controller.UserController.UpdateCartItem (BAKERBAZZAR.API)'
2024-11-13 15:28:07.746 +05:30  INF  Route matched with {action = "UpdateCartItem", controller = "User"}. Executing controller action with signature System.Threading.Tasks.Task`1[Microsoft.AspNetCore.Mvc.ActionResult`1[BAKERBAZZAR.API.Models.ApiResponse]] UpdateCartItem(Int32, Int32) on controller BAKERBAZZAR.API.Controller.UserController (BAKERBAZZAR.API).
2024-11-13 15:28:07.750 +05:30  INF  Executing ObjectResult, writing value of type 'BAKERBAZZAR.API.Models.ApiResponse'.
2024-11-13 15:28:07.750 +05:30  INF  Executed action BAKERBAZZAR.API.Controller.UserController.UpdateCartItem (BAKERBAZZAR.API) in 3.9691ms
2024-11-13 15:28:07.750 +05:30  INF  Executed endpoint 'BAKERBAZZAR.API.Controller.UserController.UpdateCartItem (BAKERBAZZAR.API)'
2024-11-13 15:28:07.750 +05:30  INF  Request finished HTTP/1.1 PUT http://localhost:5145/user/updatecartitem?linerid=219&qty=1 - 0 - 200 - application/json;+charset=utf-8 4.7287ms
2024-11-13 15:28:08.259 +05:30  INF  Request starting HTTP/1.1 PUT http://localhost:5145/user/updatecartitem?linerid=219&qty=1 - 0
2024-11-13 15:28:08.259 +05:30  INF  CORS policy execution successful.
2024-11-13 15:28:08.259 +05:30  INF  Executing endpoint 'BAKERBAZZAR.API.Controller.UserController.UpdateCartItem (BAKERBAZZAR.API)'
2024-11-13 15:28:08.260 +05:30  INF  Route matched with {action = "UpdateCartItem", controller = "User"}. Executing controller action with signature System.Threading.Tasks.Task`1[Microsoft.AspNetCore.Mvc.ActionResult`1[BAKERBAZZAR.API.Models.ApiResponse]] UpdateCartItem(Int32, Int32) on controller BAKERBAZZAR.API.Controller.UserController (BAKERBAZZAR.API).
2024-11-13 15:28:08.261 +05:30  INF  Executing ObjectResult, writing value of type 'BAKERBAZZAR.API.Models.ApiResponse'.
2024-11-13 15:28:08.261 +05:30  INF  Executed action BAKERBAZZAR.API.Controller.UserController.UpdateCartItem (BAKERBAZZAR.API) in 1.3144ms
2024-11-13 15:28:08.261 +05:30  INF  Executed endpoint 'BAKERBAZZAR.API.Controller.UserController.UpdateCartItem (BAKERBAZZAR.API)'
2024-11-13 15:28:08.261 +05:30  INF  Request finished HTTP/1.1 PUT http://localhost:5145/user/updatecartitem?linerid=219&qty=1 - 0 - 200 - application/json;+charset=utf-8 1.6088ms
2024-11-13 15:28:08.812 +05:30  INF  Request starting HTTP/1.1 PUT http://localhost:5145/user/updatecartitem?linerid=219&qty=1 - 0
2024-11-13 15:28:08.812 +05:30  INF  CORS policy execution successful.
2024-11-13 15:28:08.812 +05:30  INF  Executing endpoint 'BAKERBAZZAR.API.Controller.UserController.UpdateCartItem (BAKERBAZZAR.API)'
2024-11-13 15:28:08.812 +05:30  INF  Route matched with {action = "UpdateCartItem", controller = "User"}. Executing controller action with signature System.Threading.Tasks.Task`1[Microsoft.AspNetCore.Mvc.ActionResult`1[BAKERBAZZAR.API.Models.ApiResponse]] UpdateCartItem(Int32, Int32) on controller BAKERBAZZAR.API.Controller.UserController (BAKERBAZZAR.API).
2024-11-13 15:28:08.816 +05:30  INF  Executing ObjectResult, writing value of type 'BAKERBAZZAR.API.Models.ApiResponse'.
2024-11-13 15:28:08.816 +05:30  INF  Executed action BAKERBAZZAR.API.Controller.UserController.UpdateCartItem (BAKERBAZZAR.API) in 3.8715ms
2024-11-13 15:28:08.816 +05:30  INF  Executed endpoint 'BAKERBAZZAR.API.Controller.UserController.UpdateCartItem (BAKERBAZZAR.API)'
2024-11-13 15:28:08.816 +05:30  INF  Request finished HTTP/1.1 PUT http://localhost:5145/user/updatecartitem?linerid=219&qty=1 - 0 - 200 - application/json;+charset=utf-8 4.4781ms
2024-11-13 15:28:09.260 +05:30  INF  Request starting HTTP/1.1 PUT http://localhost:5145/user/updatecartitem?linerid=219&qty=1 - 0
2024-11-13 15:28:09.260 +05:30  INF  CORS policy execution successful.
2024-11-13 15:28:09.260 +05:30  INF  Executing endpoint 'BAKERBAZZAR.API.Controller.UserController.UpdateCartItem (BAKERBAZZAR.API)'
2024-11-13 15:28:09.260 +05:30  INF  Route matched with {action = "UpdateCartItem", controller = "User"}. Executing controller action with signature System.Threading.Tasks.Task`1[Microsoft.AspNetCore.Mvc.ActionResult`1[BAKERBAZZAR.API.Models.ApiResponse]] UpdateCartItem(Int32, Int32) on controller BAKERBAZZAR.API.Controller.UserController (BAKERBAZZAR.API).
2024-11-13 15:28:09.264 +05:30  INF  Executing ObjectResult, writing value of type 'BAKERBAZZAR.API.Models.ApiResponse'.
2024-11-13 15:28:09.265 +05:30  INF  Executed action BAKERBAZZAR.API.Controller.UserController.UpdateCartItem (BAKERBAZZAR.API) in 4.5479ms
2024-11-13 15:28:09.265 +05:30  INF  Executed endpoint 'BAKERBAZZAR.API.Controller.UserController.UpdateCartItem (BAKERBAZZAR.API)'
2024-11-13 15:28:09.265 +05:30  INF  Request finished HTTP/1.1 PUT http://localhost:5145/user/updatecartitem?linerid=219&qty=1 - 0 - 200 - application/json;+charset=utf-8 5.1424ms
2024-11-13 15:28:10.360 +05:30  INF  Request starting HTTP/1.1 PUT http://localhost:5145/user/updatecartitem?linerid=219&qty=1 - 0
2024-11-13 15:28:10.360 +05:30  INF  CORS policy execution successful.
2024-11-13 15:28:10.360 +05:30  INF  Executing endpoint 'BAKERBAZZAR.API.Controller.UserController.UpdateCartItem (BAKERBAZZAR.API)'
2024-11-13 15:28:10.360 +05:30  INF  Route matched with {action = "UpdateCartItem", controller = "User"}. Executing controller action with signature System.Threading.Tasks.Task`1[Microsoft.AspNetCore.Mvc.ActionResult`1[BAKERBAZZAR.API.Models.ApiResponse]] UpdateCartItem(Int32, Int32) on controller BAKERBAZZAR.API.Controller.UserController (BAKERBAZZAR.API).
2024-11-13 15:28:10.362 +05:30  INF  Executing ObjectResult, writing value of type 'BAKERBAZZAR.API.Models.ApiResponse'.
2024-11-13 15:28:10.362 +05:30  INF  Executed action BAKERBAZZAR.API.Controller.UserController.UpdateCartItem (BAKERBAZZAR.API) in 1.8902ms
2024-11-13 15:28:10.362 +05:30  INF  Executed endpoint 'BAKERBAZZAR.API.Controller.UserController.UpdateCartItem (BAKERBAZZAR.API)'
2024-11-13 15:28:10.362 +05:30  INF  Request finished HTTP/1.1 PUT http://localhost:5145/user/updatecartitem?linerid=219&qty=1 - 0 - 200 - application/json;+charset=utf-8 2.3584ms
2024-11-13 15:28:10.603 +05:30  INF  Request starting HTTP/1.1 PUT http://localhost:5145/user/updatecartitem?linerid=219&qty=1 - 0
2024-11-13 15:28:10.604 +05:30  INF  CORS policy execution successful.
2024-11-13 15:28:10.604 +05:30  INF  Executing endpoint 'BAKERBAZZAR.API.Controller.UserController.UpdateCartItem (BAKERBAZZAR.API)'
2024-11-13 15:28:10.604 +05:30  INF  Route matched with {action = "UpdateCartItem", controller = "User"}. Executing controller action with signature System.Threading.Tasks.Task`1[Microsoft.AspNetCore.Mvc.ActionResult`1[BAKERBAZZAR.API.Models.ApiResponse]] UpdateCartItem(Int32, Int32) on controller BAKERBAZZAR.API.Controller.UserController (BAKERBAZZAR.API).
2024-11-13 15:28:10.607 +05:30  INF  Executing ObjectResult, writing value of type 'BAKERBAZZAR.API.Models.ApiResponse'.
2024-11-13 15:28:10.607 +05:30  INF  Executed action BAKERBAZZAR.API.Controller.UserController.UpdateCartItem (BAKERBAZZAR.API) in 3.1106ms
2024-11-13 15:28:10.607 +05:30  INF  Executed endpoint 'BAKERBAZZAR.API.Controller.UserController.UpdateCartItem (BAKERBAZZAR.API)'
2024-11-13 15:28:10.607 +05:30  INF  Request finished HTTP/1.1 PUT http://localhost:5145/user/updatecartitem?linerid=219&qty=1 - 0 - 200 - application/json;+charset=utf-8 5.9354ms
2024-11-13 15:28:55.671 +05:30  INF  Request starting HTTP/1.1 OPTIONS http://localhost:5145/user/updatecartitem?linerid=219&qty=3 - -
2024-11-13 15:28:55.671 +05:30  INF  CORS policy execution successful.
2024-11-13 15:28:55.671 +05:30  INF  Request finished HTTP/1.1 OPTIONS http://localhost:5145/user/updatecartitem?linerid=219&qty=3 - - - 204 - - 0.5010ms
2024-11-13 15:28:55.673 +05:30  INF  Request starting HTTP/1.1 PUT http://localhost:5145/user/updatecartitem?linerid=219&qty=3 - 0
2024-11-13 15:28:55.673 +05:30  INF  CORS policy execution successful.
2024-11-13 15:28:55.673 +05:30  INF  Executing endpoint 'BAKERBAZZAR.API.Controller.UserController.UpdateCartItem (BAKERBAZZAR.API)'
2024-11-13 15:28:55.673 +05:30  INF  Route matched with {action = "UpdateCartItem", controller = "User"}. Executing controller action with signature System.Threading.Tasks.Task`1[Microsoft.AspNetCore.Mvc.ActionResult`1[BAKERBAZZAR.API.Models.ApiResponse]] UpdateCartItem(Int32, Int32) on controller BAKERBAZZAR.API.Controller.UserController (BAKERBAZZAR.API).
2024-11-13 15:28:55.692 +05:30  INF  Executing ObjectResult, writing value of type 'BAKERBAZZAR.API.Models.ApiResponse'.
2024-11-13 15:28:55.692 +05:30  INF  Executed action BAKERBAZZAR.API.Controller.UserController.UpdateCartItem (BAKERBAZZAR.API) in 18.5402ms
2024-11-13 15:28:55.692 +05:30  INF  Executed endpoint 'BAKERBAZZAR.API.Controller.UserController.UpdateCartItem (BAKERBAZZAR.API)'
2024-11-13 15:28:55.692 +05:30  INF  Request finished HTTP/1.1 PUT http://localhost:5145/user/updatecartitem?linerid=219&qty=3 - 0 - 200 - application/json;+charset=utf-8 18.9636ms
2024-11-13 15:29:06.935 +05:30  INF  Request starting HTTP/1.1 GET http://localhost:5145/User/Category - -
2024-11-13 15:29:06.935 +05:30  INF  Request starting HTTP/1.1 GET http://localhost:5145/user/products?categoryid= - -
2024-11-13 15:29:06.935 +05:30  INF  Request starting HTTP/1.1 GET http://localhost:5145/User/CartDetails?displayid=54ad4834-4071-46df-9009-2f2bc60bca0a - -
2024-11-13 15:29:06.935 +05:30  INF  CORS policy execution successful.
2024-11-13 15:29:06.935 +05:30  INF  CORS policy execution successful.
2024-11-13 15:29:06.935 +05:30  INF  Executing endpoint 'BAKERBAZZAR.API.Controller.UserController.Products (BAKERBAZZAR.API)'
2024-11-13 15:29:06.935 +05:30  INF  Executing endpoint 'BAKERBAZZAR.API.Controller.UserController.Category (BAKERBAZZAR.API)'
2024-11-13 15:29:06.935 +05:30  INF  Route matched with {action = "Products", controller = "User"}. Executing controller action with signature System.Threading.Tasks.Task`1[Microsoft.AspNetCore.Mvc.ActionResult`1[BAKERBAZZAR.API.Models.ApiResponse]] Products(System.String, System.String) on controller BAKERBAZZAR.API.Controller.UserController (BAKERBAZZAR.API).
2024-11-13 15:29:06.935 +05:30  INF  Route matched with {action = "Category", controller = "User"}. Executing controller action with signature System.Threading.Tasks.Task`1[Microsoft.AspNetCore.Mvc.ActionResult`1[BAKERBAZZAR.API.Models.ApiResponse]] Category(System.String) on controller BAKERBAZZAR.API.Controller.UserController (BAKERBAZZAR.API).
2024-11-13 15:29:06.935 +05:30  INF  CORS policy execution successful.
2024-11-13 15:29:06.935 +05:30  INF  Executing endpoint 'BAKERBAZZAR.API.Controller.UserController.CartDetails (BAKERBAZZAR.API)'
2024-11-13 15:29:06.935 +05:30  INF  Route matched with {action = "CartDetails", controller = "User"}. Executing controller action with signature System.Threading.Tasks.Task`1[Microsoft.AspNetCore.Mvc.ActionResult`1[BAKERBAZZAR.API.Models.ApiResponse]] CartDetails(System.String) on controller BAKERBAZZAR.API.Controller.UserController (BAKERBAZZAR.API).
2024-11-13 15:29:06.948 +05:30  INF  Executing ObjectResult, writing value of type 'BAKERBAZZAR.API.Models.ApiResponse'.
2024-11-13 15:29:06.948 +05:30  INF  Executed action BAKERBAZZAR.API.Controller.UserController.Category (BAKERBAZZAR.API) in 12.7622ms
2024-11-13 15:29:06.948 +05:30  INF  Executed endpoint 'BAKERBAZZAR.API.Controller.UserController.Category (BAKERBAZZAR.API)'
2024-11-13 15:29:06.948 +05:30  INF  Request finished HTTP/1.1 GET http://localhost:5145/User/Category - - - 200 - application/json;+charset=utf-8 13.6550ms
2024-11-13 15:29:06.951 +05:30  INF  Executing ObjectResult, writing value of type 'BAKERBAZZAR.API.Models.ApiResponse'.
2024-11-13 15:29:06.952 +05:30  INF  Executed action BAKERBAZZAR.API.Controller.UserController.Products (BAKERBAZZAR.API) in 17.0726ms
2024-11-13 15:29:06.953 +05:30  INF  Executed endpoint 'BAKERBAZZAR.API.Controller.UserController.Products (BAKERBAZZAR.API)'
2024-11-13 15:29:06.953 +05:30  INF  Request finished HTTP/1.1 GET http://localhost:5145/user/products?categoryid= - - - 200 - application/json;+charset=utf-8 18.0331ms
2024-11-13 15:29:06.960 +05:30  INF  Executing ObjectResult, writing value of type 'BAKERBAZZAR.API.Models.ApiResponse'.
2024-11-13 15:29:06.960 +05:30  INF  Executed action BAKERBAZZAR.API.Controller.UserController.CartDetails (BAKERBAZZAR.API) in 24.5074ms
2024-11-13 15:29:06.960 +05:30  INF  Executed endpoint 'BAKERBAZZAR.API.Controller.UserController.CartDetails (BAKERBAZZAR.API)'
2024-11-13 15:29:06.960 +05:30  INF  Request finished HTTP/1.1 GET http://localhost:5145/User/CartDetails?displayid=54ad4834-4071-46df-9009-2f2bc60bca0a - - - 200 - application/json;+charset=utf-8 25.5402ms
2024-11-13 15:29:07.022 +05:30  INF  Request starting HTTP/1.1 GET http://localhost:5145/user/myorders?displayid=e62f03f4-2dcf-4f80-bc23-341651bd9338 - -
2024-11-13 15:29:07.023 +05:30  INF  CORS policy execution successful.
2024-11-13 15:29:07.023 +05:30  INF  Executing endpoint 'BAKERBAZZAR.API.Controller.UserController.MyOrders (BAKERBAZZAR.API)'
2024-11-13 15:29:07.023 +05:30  INF  Route matched with {action = "MyOrders", controller = "User"}. Executing controller action with signature System.Threading.Tasks.Task`1[Microsoft.AspNetCore.Mvc.ActionResult`1[BAKERBAZZAR.API.Models.ApiResponse]] MyOrders(System.String, System.String, System.String) on controller BAKERBAZZAR.API.Controller.UserController (BAKERBAZZAR.API).
2024-11-13 15:29:07.083 +05:30  INF  Executing ObjectResult, writing value of type 'BAKERBAZZAR.API.Models.ApiResponse'.
2024-11-13 15:29:07.084 +05:30  INF  Executed action BAKERBAZZAR.API.Controller.UserController.MyOrders (BAKERBAZZAR.API) in 60.479ms
2024-11-13 15:29:07.084 +05:30  INF  Executed endpoint 'BAKERBAZZAR.API.Controller.UserController.MyOrders (BAKERBAZZAR.API)'
2024-11-13 15:29:07.084 +05:30  INF  Request finished HTTP/1.1 GET http://localhost:5145/user/myorders?displayid=e62f03f4-2dcf-4f80-bc23-341651bd9338 - - - 200 - application/json;+charset=utf-8 61.4849ms
2024-11-13 15:29:07.100 +05:30  INF  Request starting HTTP/1.1 GET http://localhost:5145/User/CartDetails?displayid=54ad4834-4071-46df-9009-2f2bc60bca0a - -
2024-11-13 15:29:07.100 +05:30  INF  CORS policy execution successful.
2024-11-13 15:29:07.100 +05:30  INF  Executing endpoint 'BAKERBAZZAR.API.Controller.UserController.CartDetails (BAKERBAZZAR.API)'
2024-11-13 15:29:07.100 +05:30  INF  Route matched with {action = "CartDetails", controller = "User"}. Executing controller action with signature System.Threading.Tasks.Task`1[Microsoft.AspNetCore.Mvc.ActionResult`1[BAKERBAZZAR.API.Models.ApiResponse]] CartDetails(System.String) on controller BAKERBAZZAR.API.Controller.UserController (BAKERBAZZAR.API).
2024-11-13 15:29:07.103 +05:30  INF  Request starting HTTP/1.1 GET http://localhost:5145/User/Category - -
2024-11-13 15:29:07.104 +05:30  INF  CORS policy execution successful.
2024-11-13 15:29:07.104 +05:30  INF  Executing endpoint 'BAKERBAZZAR.API.Controller.UserController.Category (BAKERBAZZAR.API)'
2024-11-13 15:29:07.104 +05:30  INF  Route matched with {action = "Category", controller = "User"}. Executing controller action with signature System.Threading.Tasks.Task`1[Microsoft.AspNetCore.Mvc.ActionResult`1[BAKERBAZZAR.API.Models.ApiResponse]] Category(System.String) on controller BAKERBAZZAR.API.Controller.UserController (BAKERBAZZAR.API).
2024-11-13 15:29:07.108 +05:30  INF  Request starting HTTP/1.1 GET http://localhost:5145/user/products?categoryid= - -
2024-11-13 15:29:07.108 +05:30  INF  Executing ObjectResult, writing value of type 'BAKERBAZZAR.API.Models.ApiResponse'.
2024-11-13 15:29:07.108 +05:30  INF  CORS policy execution successful.
2024-11-13 15:29:07.108 +05:30  INF  Executed action BAKERBAZZAR.API.Controller.UserController.Category (BAKERBAZZAR.API) in 4.3865ms
2024-11-13 15:29:07.109 +05:30  INF  Executing ObjectResult, writing value of type 'BAKERBAZZAR.API.Models.ApiResponse'.
2024-11-13 15:29:07.109 +05:30  INF  Executed endpoint 'BAKERBAZZAR.API.Controller.UserController.Category (BAKERBAZZAR.API)'
2024-11-13 15:29:07.109 +05:30  INF  Request finished HTTP/1.1 GET http://localhost:5145/User/Category - - - 200 - application/json;+charset=utf-8 5.3500ms
2024-11-13 15:29:07.109 +05:30  INF  Executed action BAKERBAZZAR.API.Controller.UserController.CartDetails (BAKERBAZZAR.API) in 8.6491ms
2024-11-13 15:29:07.109 +05:30  INF  Executed endpoint 'BAKERBAZZAR.API.Controller.UserController.CartDetails (BAKERBAZZAR.API)'
2024-11-13 15:29:07.109 +05:30  INF  Request finished HTTP/1.1 GET http://localhost:5145/User/CartDetails?displayid=54ad4834-4071-46df-9009-2f2bc60bca0a - - - 200 - application/json;+charset=utf-8 9.3988ms
2024-11-13 15:29:07.110 +05:30  INF  Executing endpoint 'BAKERBAZZAR.API.Controller.UserController.Products (BAKERBAZZAR.API)'
2024-11-13 15:29:07.110 +05:30  INF  Route matched with {action = "Products", controller = "User"}. Executing controller action with signature System.Threading.Tasks.Task`1[Microsoft.AspNetCore.Mvc.ActionResult`1[BAKERBAZZAR.API.Models.ApiResponse]] Products(System.String, System.String) on controller BAKERBAZZAR.API.Controller.UserController (BAKERBAZZAR.API).
2024-11-13 15:29:07.117 +05:30  INF  Executing ObjectResult, writing value of type 'BAKERBAZZAR.API.Models.ApiResponse'.
2024-11-13 15:29:07.118 +05:30  INF  Executed action BAKERBAZZAR.API.Controller.UserController.Products (BAKERBAZZAR.API) in 8.3881ms
2024-11-13 15:29:07.118 +05:30  INF  Executed endpoint 'BAKERBAZZAR.API.Controller.UserController.Products (BAKERBAZZAR.API)'
2024-11-13 15:29:07.118 +05:30  INF  Request finished HTTP/1.1 GET http://localhost:5145/user/products?categoryid= - - - 200 - application/json;+charset=utf-8 10.7955ms
2024-11-13 15:29:20.515 +05:30  INF  Request starting HTTP/1.1 OPTIONS http://localhost:5145/user/updatecartitem?linerid=219&qty=3 - -
2024-11-13 15:29:20.516 +05:30  INF  CORS policy execution successful.
2024-11-13 15:29:20.516 +05:30  INF  Request finished HTTP/1.1 OPTIONS http://localhost:5145/user/updatecartitem?linerid=219&qty=3 - - - 204 - - 0.8467ms
2024-11-13 15:29:20.518 +05:30  INF  Request starting HTTP/1.1 PUT http://localhost:5145/user/updatecartitem?linerid=219&qty=3 - 0
2024-11-13 15:29:20.518 +05:30  INF  CORS policy execution successful.
2024-11-13 15:29:20.518 +05:30  INF  Executing endpoint 'BAKERBAZZAR.API.Controller.UserController.UpdateCartItem (BAKERBAZZAR.API)'
2024-11-13 15:29:20.519 +05:30  INF  Route matched with {action = "UpdateCartItem", controller = "User"}. Executing controller action with signature System.Threading.Tasks.Task`1[Microsoft.AspNetCore.Mvc.ActionResult`1[BAKERBAZZAR.API.Models.ApiResponse]] UpdateCartItem(Int32, Int32) on controller BAKERBAZZAR.API.Controller.UserController (BAKERBAZZAR.API).
2024-11-13 15:29:20.532 +05:30  INF  Executing ObjectResult, writing value of type 'BAKERBAZZAR.API.Models.ApiResponse'.
2024-11-13 15:29:20.532 +05:30  INF  Executed action BAKERBAZZAR.API.Controller.UserController.UpdateCartItem (BAKERBAZZAR.API) in 13.401ms
2024-11-13 15:29:20.532 +05:30  INF  Executed endpoint 'BAKERBAZZAR.API.Controller.UserController.UpdateCartItem (BAKERBAZZAR.API)'
2024-11-13 15:29:20.532 +05:30  INF  Request finished HTTP/1.1 PUT http://localhost:5145/user/updatecartitem?linerid=219&qty=3 - 0 - 200 - application/json;+charset=utf-8 14.2108ms
2024-11-13 15:29:25.407 +05:30  INF  Request starting HTTP/1.1 OPTIONS http://localhost:5145/user/updatecartitem?linerid=219&qty=2 - -
2024-11-13 15:29:25.408 +05:30  INF  CORS policy execution successful.
2024-11-13 15:29:25.408 +05:30  INF  Request finished HTTP/1.1 OPTIONS http://localhost:5145/user/updatecartitem?linerid=219&qty=2 - - - 204 - - 0.3534ms
2024-11-13 15:29:25.410 +05:30  INF  Request starting HTTP/1.1 PUT http://localhost:5145/user/updatecartitem?linerid=219&qty=2 - 0
2024-11-13 15:29:25.410 +05:30  INF  CORS policy execution successful.
2024-11-13 15:29:25.410 +05:30  INF  Executing endpoint 'BAKERBAZZAR.API.Controller.UserController.UpdateCartItem (BAKERBAZZAR.API)'
2024-11-13 15:29:25.410 +05:30  INF  Route matched with {action = "UpdateCartItem", controller = "User"}. Executing controller action with signature System.Threading.Tasks.Task`1[Microsoft.AspNetCore.Mvc.ActionResult`1[BAKERBAZZAR.API.Models.ApiResponse]] UpdateCartItem(Int32, Int32) on controller BAKERBAZZAR.API.Controller.UserController (BAKERBAZZAR.API).
2024-11-13 15:29:25.425 +05:30  INF  Executing ObjectResult, writing value of type 'BAKERBAZZAR.API.Models.ApiResponse'.
2024-11-13 15:29:25.425 +05:30  INF  Executed action BAKERBAZZAR.API.Controller.UserController.UpdateCartItem (BAKERBAZZAR.API) in 14.7882ms
2024-11-13 15:29:25.425 +05:30  INF  Executed endpoint 'BAKERBAZZAR.API.Controller.UserController.UpdateCartItem (BAKERBAZZAR.API)'
2024-11-13 15:29:25.425 +05:30  INF  Request finished HTTP/1.1 PUT http://localhost:5145/user/updatecartitem?linerid=219&qty=2 - 0 - 200 - application/json;+charset=utf-8 15.3776ms
2024-11-13 15:29:25.561 +05:30  INF  Request starting HTTP/1.1 OPTIONS http://localhost:5145/user/updatecartitem?linerid=219&qty=1 - -
2024-11-13 15:29:25.561 +05:30  INF  CORS policy execution successful.
2024-11-13 15:29:25.562 +05:30  INF  Request finished HTTP/1.1 OPTIONS http://localhost:5145/user/updatecartitem?linerid=219&qty=1 - - - 204 - - 0.2992ms
2024-11-13 15:29:25.563 +05:30  INF  Request starting HTTP/1.1 PUT http://localhost:5145/user/updatecartitem?linerid=219&qty=1 - 0
2024-11-13 15:29:25.564 +05:30  INF  CORS policy execution successful.
2024-11-13 15:29:25.564 +05:30  INF  Executing endpoint 'BAKERBAZZAR.API.Controller.UserController.UpdateCartItem (BAKERBAZZAR.API)'
2024-11-13 15:29:25.564 +05:30  INF  Route matched with {action = "UpdateCartItem", controller = "User"}. Executing controller action with signature System.Threading.Tasks.Task`1[Microsoft.AspNetCore.Mvc.ActionResult`1[BAKERBAZZAR.API.Models.ApiResponse]] UpdateCartItem(Int32, Int32) on controller BAKERBAZZAR.API.Controller.UserController (BAKERBAZZAR.API).
2024-11-13 15:29:25.566 +05:30  INF  Executing ObjectResult, writing value of type 'BAKERBAZZAR.API.Models.ApiResponse'.
2024-11-13 15:29:25.566 +05:30  INF  Executed action BAKERBAZZAR.API.Controller.UserController.UpdateCartItem (BAKERBAZZAR.API) in 1.6915ms
2024-11-13 15:29:25.566 +05:30  INF  Executed endpoint 'BAKERBAZZAR.API.Controller.UserController.UpdateCartItem (BAKERBAZZAR.API)'
2024-11-13 15:29:25.566 +05:30  INF  Request finished HTTP/1.1 PUT http://localhost:5145/user/updatecartitem?linerid=219&qty=1 - 0 - 200 - application/json;+charset=utf-8 2.3722ms
2024-11-13 15:29:25.706 +05:30  INF  Request starting HTTP/1.1 PUT http://localhost:5145/user/updatecartitem?linerid=219&qty=1 - 0
2024-11-13 15:29:25.706 +05:30  INF  CORS policy execution successful.
2024-11-13 15:29:25.706 +05:30  INF  Executing endpoint 'BAKERBAZZAR.API.Controller.UserController.UpdateCartItem (BAKERBAZZAR.API)'
2024-11-13 15:29:25.707 +05:30  INF  Route matched with {action = "UpdateCartItem", controller = "User"}. Executing controller action with signature System.Threading.Tasks.Task`1[Microsoft.AspNetCore.Mvc.ActionResult`1[BAKERBAZZAR.API.Models.ApiResponse]] UpdateCartItem(Int32, Int32) on controller BAKERBAZZAR.API.Controller.UserController (BAKERBAZZAR.API).
2024-11-13 15:29:25.718 +05:30  INF  Executing ObjectResult, writing value of type 'BAKERBAZZAR.API.Models.ApiResponse'.
2024-11-13 15:29:25.718 +05:30  INF  Executed action BAKERBAZZAR.API.Controller.UserController.UpdateCartItem (BAKERBAZZAR.API) in 11.7606ms
2024-11-13 15:29:25.718 +05:30  INF  Executed endpoint 'BAKERBAZZAR.API.Controller.UserController.UpdateCartItem (BAKERBAZZAR.API)'
2024-11-13 15:29:25.718 +05:30  INF  Request finished HTTP/1.1 PUT http://localhost:5145/user/updatecartitem?linerid=219&qty=1 - 0 - 200 - application/json;+charset=utf-8 12.1976ms
2024-11-13 15:29:25.988 +05:30  INF  Request starting HTTP/1.1 PUT http://localhost:5145/user/updatecartitem?linerid=219&qty=1 - 0
2024-11-13 15:29:25.988 +05:30  INF  CORS policy execution successful.
2024-11-13 15:29:25.988 +05:30  INF  Executing endpoint 'BAKERBAZZAR.API.Controller.UserController.UpdateCartItem (BAKERBAZZAR.API)'
2024-11-13 15:29:25.988 +05:30  INF  Route matched with {action = "UpdateCartItem", controller = "User"}. Executing controller action with signature System.Threading.Tasks.Task`1[Microsoft.AspNetCore.Mvc.ActionResult`1[BAKERBAZZAR.API.Models.ApiResponse]] UpdateCartItem(Int32, Int32) on controller BAKERBAZZAR.API.Controller.UserController (BAKERBAZZAR.API).
2024-11-13 15:29:26.000 +05:30  INF  Executing ObjectResult, writing value of type 'BAKERBAZZAR.API.Models.ApiResponse'.
2024-11-13 15:29:26.000 +05:30  INF  Executed action BAKERBAZZAR.API.Controller.UserController.UpdateCartItem (BAKERBAZZAR.API) in 11.2488ms
2024-11-13 15:29:26.000 +05:30  INF  Executed endpoint 'BAKERBAZZAR.API.Controller.UserController.UpdateCartItem (BAKERBAZZAR.API)'
2024-11-13 15:29:26.000 +05:30  INF  Request finished HTTP/1.1 PUT http://localhost:5145/user/updatecartitem?linerid=219&qty=1 - 0 - 200 - application/json;+charset=utf-8 12.1981ms
2024-11-13 15:29:26.181 +05:30  INF  Request starting HTTP/1.1 PUT http://localhost:5145/user/updatecartitem?linerid=219&qty=1 - 0
2024-11-13 15:29:26.181 +05:30  INF  CORS policy execution successful.
2024-11-13 15:29:26.181 +05:30  INF  Executing endpoint 'BAKERBAZZAR.API.Controller.UserController.UpdateCartItem (BAKERBAZZAR.API)'
2024-11-13 15:29:26.181 +05:30  INF  Route matched with {action = "UpdateCartItem", controller = "User"}. Executing controller action with signature System.Threading.Tasks.Task`1[Microsoft.AspNetCore.Mvc.ActionResult`1[BAKERBAZZAR.API.Models.ApiResponse]] UpdateCartItem(Int32, Int32) on controller BAKERBAZZAR.API.Controller.UserController (BAKERBAZZAR.API).
2024-11-13 15:29:26.190 +05:30  INF  Executing ObjectResult, writing value of type 'BAKERBAZZAR.API.Models.ApiResponse'.
2024-11-13 15:29:26.191 +05:30  INF  Executed action BAKERBAZZAR.API.Controller.UserController.UpdateCartItem (BAKERBAZZAR.API) in 9.1735ms
2024-11-13 15:29:26.191 +05:30  INF  Executed endpoint 'BAKERBAZZAR.API.Controller.UserController.UpdateCartItem (BAKERBAZZAR.API)'
2024-11-13 15:29:26.191 +05:30  INF  Request finished HTTP/1.1 PUT http://localhost:5145/user/updatecartitem?linerid=219&qty=1 - 0 - 200 - application/json;+charset=utf-8 9.5732ms
2024-11-13 15:29:48.167 +05:30  INF  Request starting HTTP/1.1 PUT http://localhost:5145/User/UpdateCartItem?linerid=219&qty=1 - 0
2024-11-13 15:29:48.167 +05:30  INF  CORS policy execution successful.
2024-11-13 15:29:48.167 +05:30  INF  Executing endpoint 'BAKERBAZZAR.API.Controller.UserController.UpdateCartItem (BAKERBAZZAR.API)'
2024-11-13 15:29:48.168 +05:30  INF  Route matched with {action = "UpdateCartItem", controller = "User"}. Executing controller action with signature System.Threading.Tasks.Task`1[Microsoft.AspNetCore.Mvc.ActionResult`1[BAKERBAZZAR.API.Models.ApiResponse]] UpdateCartItem(Int32, Int32) on controller BAKERBAZZAR.API.Controller.UserController (BAKERBAZZAR.API).
2024-11-13 15:29:48.224 +05:30  INF  Executing ObjectResult, writing value of type 'BAKERBAZZAR.API.Models.ApiResponse'.
2024-11-13 15:29:48.225 +05:30  INF  Executed action BAKERBAZZAR.API.Controller.UserController.UpdateCartItem (BAKERBAZZAR.API) in 57.3276ms
2024-11-13 15:29:48.225 +05:30  INF  Executed endpoint 'BAKERBAZZAR.API.Controller.UserController.UpdateCartItem (BAKERBAZZAR.API)'
2024-11-13 15:29:48.225 +05:30  INF  Request finished HTTP/1.1 PUT http://localhost:5145/User/UpdateCartItem?linerid=219&qty=1 - 0 - 200 - application/json;+charset=utf-8 57.7698ms
2024-11-13 15:29:55.373 +05:30  INF  Request starting HTTP/1.1 GET http://localhost:5145/User/CartDetails?displayid=54ad4834-4071-46df-9009-2f2bc60bca0a - -
2024-11-13 15:29:55.373 +05:30  INF  CORS policy execution successful.
2024-11-13 15:29:55.373 +05:30  INF  Executing endpoint 'BAKERBAZZAR.API.Controller.UserController.CartDetails (BAKERBAZZAR.API)'
2024-11-13 15:29:55.373 +05:30  INF  Route matched with {action = "CartDetails", controller = "User"}. Executing controller action with signature System.Threading.Tasks.Task`1[Microsoft.AspNetCore.Mvc.ActionResult`1[BAKERBAZZAR.API.Models.ApiResponse]] CartDetails(System.String) on controller BAKERBAZZAR.API.Controller.UserController (BAKERBAZZAR.API).
2024-11-13 15:29:55.374 +05:30  INF  Request starting HTTP/1.1 GET http://localhost:5145/User/Category - -
2024-11-13 15:29:55.375 +05:30  INF  CORS policy execution successful.
2024-11-13 15:29:55.375 +05:30  INF  Request starting HTTP/1.1 GET http://localhost:5145/user/products?categoryid= - -
2024-11-13 15:29:55.375 +05:30  INF  Executing endpoint 'BAKERBAZZAR.API.Controller.UserController.Category (BAKERBAZZAR.API)'
2024-11-13 15:29:55.375 +05:30  INF  Route matched with {action = "Category", controller = "User"}. Executing controller action with signature System.Threading.Tasks.Task`1[Microsoft.AspNetCore.Mvc.ActionResult`1[BAKERBAZZAR.API.Models.ApiResponse]] Category(System.String) on controller BAKERBAZZAR.API.Controller.UserController (BAKERBAZZAR.API).
2024-11-13 15:29:55.375 +05:30  INF  CORS policy execution successful.
2024-11-13 15:29:55.375 +05:30  INF  Executing endpoint 'BAKERBAZZAR.API.Controller.UserController.Products (BAKERBAZZAR.API)'
2024-11-13 15:29:55.375 +05:30  INF  Route matched with {action = "Products", controller = "User"}. Executing controller action with signature System.Threading.Tasks.Task`1[Microsoft.AspNetCore.Mvc.ActionResult`1[BAKERBAZZAR.API.Models.ApiResponse]] Products(System.String, System.String) on controller BAKERBAZZAR.API.Controller.UserController (BAKERBAZZAR.API).
2024-11-13 15:29:55.402 +05:30  INF  Executing ObjectResult, writing value of type 'BAKERBAZZAR.API.Models.ApiResponse'.
2024-11-13 15:29:55.403 +05:30  INF  Executed action BAKERBAZZAR.API.Controller.UserController.Category (BAKERBAZZAR.API) in 28.0757ms
2024-11-13 15:29:55.403 +05:30  INF  Executed endpoint 'BAKERBAZZAR.API.Controller.UserController.Category (BAKERBAZZAR.API)'
2024-11-13 15:29:55.403 +05:30  INF  Request finished HTTP/1.1 GET http://localhost:5145/User/Category - - - 200 - application/json;+charset=utf-8 28.6456ms
2024-11-13 15:29:55.408 +05:30  INF  Executing ObjectResult, writing value of type 'BAKERBAZZAR.API.Models.ApiResponse'.
2024-11-13 15:29:55.408 +05:30  INF  Executed action BAKERBAZZAR.API.Controller.UserController.Products (BAKERBAZZAR.API) in 33.0456ms
2024-11-13 15:29:55.408 +05:30  INF  Executed endpoint 'BAKERBAZZAR.API.Controller.UserController.Products (BAKERBAZZAR.API)'
2024-11-13 15:29:55.409 +05:30  INF  Request finished HTTP/1.1 GET http://localhost:5145/user/products?categoryid= - - - 200 - application/json;+charset=utf-8 33.9734ms
2024-11-13 15:29:55.415 +05:30  INF  Executing ObjectResult, writing value of type 'BAKERBAZZAR.API.Models.ApiResponse'.
2024-11-13 15:29:55.415 +05:30  INF  Executed action BAKERBAZZAR.API.Controller.UserController.CartDetails (BAKERBAZZAR.API) in 41.8829ms
2024-11-13 15:29:55.415 +05:30  INF  Executed endpoint 'BAKERBAZZAR.API.Controller.UserController.CartDetails (BAKERBAZZAR.API)'
2024-11-13 15:29:55.415 +05:30  INF  Request finished HTTP/1.1 GET http://localhost:5145/User/CartDetails?displayid=54ad4834-4071-46df-9009-2f2bc60bca0a - - - 200 - application/json;+charset=utf-8 42.9076ms
2024-11-13 15:29:55.424 +05:30  INF  Request starting HTTP/1.1 GET http://localhost:5145/user/myorders?displayid=e62f03f4-2dcf-4f80-bc23-341651bd9338 - -
2024-11-13 15:29:55.424 +05:30  INF  CORS policy execution successful.
2024-11-13 15:29:55.424 +05:30  INF  Executing endpoint 'BAKERBAZZAR.API.Controller.UserController.MyOrders (BAKERBAZZAR.API)'
2024-11-13 15:29:55.424 +05:30  INF  Route matched with {action = "MyOrders", controller = "User"}. Executing controller action with signature System.Threading.Tasks.Task`1[Microsoft.AspNetCore.Mvc.ActionResult`1[BAKERBAZZAR.API.Models.ApiResponse]] MyOrders(System.String, System.String, System.String) on controller BAKERBAZZAR.API.Controller.UserController (BAKERBAZZAR.API).
2024-11-13 15:29:55.519 +05:30  INF  Executing ObjectResult, writing value of type 'BAKERBAZZAR.API.Models.ApiResponse'.
2024-11-13 15:29:55.520 +05:30  INF  Executed action BAKERBAZZAR.API.Controller.UserController.MyOrders (BAKERBAZZAR.API) in 95.2733ms
2024-11-13 15:29:55.520 +05:30  INF  Executed endpoint 'BAKERBAZZAR.API.Controller.UserController.MyOrders (BAKERBAZZAR.API)'
2024-11-13 15:29:55.520 +05:30  INF  Request finished HTTP/1.1 GET http://localhost:5145/user/myorders?displayid=e62f03f4-2dcf-4f80-bc23-341651bd9338 - - - 200 - application/json;+charset=utf-8 95.8095ms
2024-11-13 15:29:55.543 +05:30  INF  Request starting HTTP/1.1 GET http://localhost:5145/User/CartDetails?displayid=54ad4834-4071-46df-9009-2f2bc60bca0a - -
2024-11-13 15:29:55.543 +05:30  INF  CORS policy execution successful.
2024-11-13 15:29:55.543 +05:30  INF  Executing endpoint 'BAKERBAZZAR.API.Controller.UserController.CartDetails (BAKERBAZZAR.API)'
2024-11-13 15:29:55.543 +05:30  INF  Route matched with {action = "CartDetails", controller = "User"}. Executing controller action with signature System.Threading.Tasks.Task`1[Microsoft.AspNetCore.Mvc.ActionResult`1[BAKERBAZZAR.API.Models.ApiResponse]] CartDetails(System.String) on controller BAKERBAZZAR.API.Controller.UserController (BAKERBAZZAR.API).
2024-11-13 15:29:55.544 +05:30  INF  Request starting HTTP/1.1 GET http://localhost:5145/User/Category - -
2024-11-13 15:29:55.544 +05:30  INF  CORS policy execution successful.
2024-11-13 15:29:55.545 +05:30  INF  Executing endpoint 'BAKERBAZZAR.API.Controller.UserController.Category (BAKERBAZZAR.API)'
2024-11-13 15:29:55.545 +05:30  INF  Route matched with {action = "Category", controller = "User"}. Executing controller action with signature System.Threading.Tasks.Task`1[Microsoft.AspNetCore.Mvc.ActionResult`1[BAKERBAZZAR.API.Models.ApiResponse]] Category(System.String) on controller BAKERBAZZAR.API.Controller.UserController (BAKERBAZZAR.API).
2024-11-13 15:29:55.550 +05:30  INF  Executing ObjectResult, writing value of type 'BAKERBAZZAR.API.Models.ApiResponse'.
2024-11-13 15:29:55.550 +05:30  INF  Executed action BAKERBAZZAR.API.Controller.UserController.CartDetails (BAKERBAZZAR.API) in 6.6615ms
2024-11-13 15:29:55.550 +05:30  INF  Executed endpoint 'BAKERBAZZAR.API.Controller.UserController.CartDetails (BAKERBAZZAR.API)'
2024-11-13 15:29:55.550 +05:30  INF  Request finished HTTP/1.1 GET http://localhost:5145/User/CartDetails?displayid=54ad4834-4071-46df-9009-2f2bc60bca0a - - - 200 - application/json;+charset=utf-8 7.3742ms
2024-11-13 15:29:55.553 +05:30  INF  Request starting HTTP/1.1 GET http://localhost:5145/user/products?categoryid= - -
2024-11-13 15:29:55.556 +05:30  INF  CORS policy execution successful.
2024-11-13 15:29:55.556 +05:30  INF  Executing endpoint 'BAKERBAZZAR.API.Controller.UserController.Products (BAKERBAZZAR.API)'
2024-11-13 15:29:55.556 +05:30  INF  Route matched with {action = "Products", controller = "User"}. Executing controller action with signature System.Threading.Tasks.Task`1[Microsoft.AspNetCore.Mvc.ActionResult`1[BAKERBAZZAR.API.Models.ApiResponse]] Products(System.String, System.String) on controller BAKERBAZZAR.API.Controller.UserController (BAKERBAZZAR.API).
2024-11-13 15:29:55.568 +05:30  INF  Executing ObjectResult, writing value of type 'BAKERBAZZAR.API.Models.ApiResponse'.
2024-11-13 15:29:55.568 +05:30  INF  Executed action BAKERBAZZAR.API.Controller.UserController.Category (BAKERBAZZAR.API) in 23.229ms
2024-11-13 15:29:55.568 +05:30  INF  Executed endpoint 'BAKERBAZZAR.API.Controller.UserController.Category (BAKERBAZZAR.API)'
2024-11-13 15:29:55.568 +05:30  INF  Request finished HTTP/1.1 GET http://localhost:5145/User/Category - - - 200 - application/json;+charset=utf-8 24.8763ms
2024-11-13 15:29:55.575 +05:30  INF  Executing ObjectResult, writing value of type 'BAKERBAZZAR.API.Models.ApiResponse'.
2024-11-13 15:29:55.577 +05:30  INF  Executed action BAKERBAZZAR.API.Controller.UserController.Products (BAKERBAZZAR.API) in 21.2568ms
2024-11-13 15:29:55.577 +05:30  INF  Executed endpoint 'BAKERBAZZAR.API.Controller.UserController.Products (BAKERBAZZAR.API)'
2024-11-13 15:29:55.577 +05:30  INF  Request finished HTTP/1.1 GET http://localhost:5145/user/products?categoryid= - - - 200 - application/json;+charset=utf-8 24.2364ms
2024-11-13 15:30:22.922 +05:30  INF  Request starting HTTP/1.1 OPTIONS http://localhost:5145/user/updatecartitem?linerid=219&qty=1 - -
2024-11-13 15:30:22.923 +05:30  INF  CORS policy execution successful.
2024-11-13 15:30:22.924 +05:30  INF  Request finished HTTP/1.1 OPTIONS http://localhost:5145/user/updatecartitem?linerid=219&qty=1 - - - 204 - - 3.6598ms
2024-11-13 15:30:22.926 +05:30  INF  Request starting HTTP/1.1 PUT http://localhost:5145/user/updatecartitem?linerid=219&qty=1 - 0
2024-11-13 15:30:22.926 +05:30  INF  CORS policy execution successful.
2024-11-13 15:30:22.926 +05:30  INF  Executing endpoint 'BAKERBAZZAR.API.Controller.UserController.UpdateCartItem (BAKERBAZZAR.API)'
2024-11-13 15:30:22.927 +05:30  INF  Route matched with {action = "UpdateCartItem", controller = "User"}. Executing controller action with signature System.Threading.Tasks.Task`1[Microsoft.AspNetCore.Mvc.ActionResult`1[BAKERBAZZAR.API.Models.ApiResponse]] UpdateCartItem(Int32, Int32) on controller BAKERBAZZAR.API.Controller.UserController (BAKERBAZZAR.API).
2024-11-13 15:30:22.961 +05:30  INF  Executing ObjectResult, writing value of type 'BAKERBAZZAR.API.Models.ApiResponse'.
2024-11-13 15:30:22.961 +05:30  INF  Executed action BAKERBAZZAR.API.Controller.UserController.UpdateCartItem (BAKERBAZZAR.API) in 34.1362ms
2024-11-13 15:30:22.961 +05:30  INF  Executed endpoint 'BAKERBAZZAR.API.Controller.UserController.UpdateCartItem (BAKERBAZZAR.API)'
2024-11-13 15:30:22.961 +05:30  INF  Request finished HTTP/1.1 PUT http://localhost:5145/user/updatecartitem?linerid=219&qty=1 - 0 - 200 - application/json;+charset=utf-8 35.5945ms
2024-11-13 15:30:28.737 +05:30  INF  Request starting HTTP/1.1 OPTIONS http://localhost:5145/user/updatecartitem?linerid=219&qty=2 - -
2024-11-13 15:30:28.737 +05:30  INF  CORS policy execution successful.
2024-11-13 15:30:28.738 +05:30  INF  Request finished HTTP/1.1 OPTIONS http://localhost:5145/user/updatecartitem?linerid=219&qty=2 - - - 204 - - 0.5279ms
2024-11-13 15:30:28.740 +05:30  INF  Request starting HTTP/1.1 PUT http://localhost:5145/user/updatecartitem?linerid=219&qty=2 - 0
2024-11-13 15:30:28.740 +05:30  INF  CORS policy execution successful.
2024-11-13 15:30:28.740 +05:30  INF  Executing endpoint 'BAKERBAZZAR.API.Controller.UserController.UpdateCartItem (BAKERBAZZAR.API)'
2024-11-13 15:30:28.740 +05:30  INF  Route matched with {action = "UpdateCartItem", controller = "User"}. Executing controller action with signature System.Threading.Tasks.Task`1[Microsoft.AspNetCore.Mvc.ActionResult`1[BAKERBAZZAR.API.Models.ApiResponse]] UpdateCartItem(Int32, Int32) on controller BAKERBAZZAR.API.Controller.UserController (BAKERBAZZAR.API).
2024-11-13 15:30:28.743 +05:30  INF  Executing ObjectResult, writing value of type 'BAKERBAZZAR.API.Models.ApiResponse'.
2024-11-13 15:30:28.744 +05:30  INF  Executed action BAKERBAZZAR.API.Controller.UserController.UpdateCartItem (BAKERBAZZAR.API) in 3.1046ms
2024-11-13 15:30:28.744 +05:30  INF  Executed endpoint 'BAKERBAZZAR.API.Controller.UserController.UpdateCartItem (BAKERBAZZAR.API)'
2024-11-13 15:30:28.744 +05:30  INF  Request finished HTTP/1.1 PUT http://localhost:5145/user/updatecartitem?linerid=219&qty=2 - 0 - 200 - application/json;+charset=utf-8 3.7020ms
2024-11-13 15:30:40.422 +05:30  INF  Request starting HTTP/1.1 OPTIONS http://localhost:5145/user/updatecartitem?linerid=219&qty=1 - -
2024-11-13 15:30:40.422 +05:30  INF  CORS policy execution successful.
2024-11-13 15:30:40.422 +05:30  INF  Request finished HTTP/1.1 OPTIONS http://localhost:5145/user/updatecartitem?linerid=219&qty=1 - - - 204 - - 0.6065ms
2024-11-13 15:30:40.425 +05:30  INF  Request starting HTTP/1.1 PUT http://localhost:5145/user/updatecartitem?linerid=219&qty=1 - 0
2024-11-13 15:30:40.426 +05:30  INF  CORS policy execution successful.
2024-11-13 15:30:40.426 +05:30  INF  Executing endpoint 'BAKERBAZZAR.API.Controller.UserController.UpdateCartItem (BAKERBAZZAR.API)'
2024-11-13 15:30:40.426 +05:30  INF  Route matched with {action = "UpdateCartItem", controller = "User"}. Executing controller action with signature System.Threading.Tasks.Task`1[Microsoft.AspNetCore.Mvc.ActionResult`1[BAKERBAZZAR.API.Models.ApiResponse]] UpdateCartItem(Int32, Int32) on controller BAKERBAZZAR.API.Controller.UserController (BAKERBAZZAR.API).
2024-11-13 15:30:40.429 +05:30  INF  Executing ObjectResult, writing value of type 'BAKERBAZZAR.API.Models.ApiResponse'.
2024-11-13 15:30:40.429 +05:30  INF  Executed action BAKERBAZZAR.API.Controller.UserController.UpdateCartItem (BAKERBAZZAR.API) in 3.5466ms
2024-11-13 15:30:40.430 +05:30  INF  Executed endpoint 'BAKERBAZZAR.API.Controller.UserController.UpdateCartItem (BAKERBAZZAR.API)'
2024-11-13 15:30:40.430 +05:30  INF  Request finished HTTP/1.1 PUT http://localhost:5145/user/updatecartitem?linerid=219&qty=1 - 0 - 200 - application/json;+charset=utf-8 4.2646ms
2024-11-13 15:30:41.054 +05:30  INF  Request starting HTTP/1.1 OPTIONS http://localhost:5145/user/updatecartitem?linerid=219&qty=2 - -
2024-11-13 15:30:41.054 +05:30  INF  CORS policy execution successful.
2024-11-13 15:30:41.054 +05:30  INF  Request finished HTTP/1.1 OPTIONS http://localhost:5145/user/updatecartitem?linerid=219&qty=2 - - - 204 - - 0.2482ms
2024-11-13 15:30:41.055 +05:30  INF  Request starting HTTP/1.1 PUT http://localhost:5145/user/updatecartitem?linerid=219&qty=2 - 0
2024-11-13 15:30:41.055 +05:30  INF  CORS policy execution successful.
2024-11-13 15:30:41.055 +05:30  INF  Executing endpoint 'BAKERBAZZAR.API.Controller.UserController.UpdateCartItem (BAKERBAZZAR.API)'
2024-11-13 15:30:41.055 +05:30  INF  Route matched with {action = "UpdateCartItem", controller = "User"}. Executing controller action with signature System.Threading.Tasks.Task`1[Microsoft.AspNetCore.Mvc.ActionResult`1[BAKERBAZZAR.API.Models.ApiResponse]] UpdateCartItem(Int32, Int32) on controller BAKERBAZZAR.API.Controller.UserController (BAKERBAZZAR.API).
2024-11-13 15:30:41.058 +05:30  INF  Executing ObjectResult, writing value of type 'BAKERBAZZAR.API.Models.ApiResponse'.
2024-11-13 15:30:41.058 +05:30  INF  Executed action BAKERBAZZAR.API.Controller.UserController.UpdateCartItem (BAKERBAZZAR.API) in 2.9694ms
2024-11-13 15:30:41.058 +05:30  INF  Executed endpoint 'BAKERBAZZAR.API.Controller.UserController.UpdateCartItem (BAKERBAZZAR.API)'
2024-11-13 15:30:41.058 +05:30  INF  Request finished HTTP/1.1 PUT http://localhost:5145/user/updatecartitem?linerid=219&qty=2 - 0 - 200 - application/json;+charset=utf-8 3.3839ms
2024-11-13 15:30:41.598 +05:30  INF  Request starting HTTP/1.1 OPTIONS http://localhost:5145/user/updatecartitem?linerid=219&qty=3 - -
2024-11-13 15:30:41.598 +05:30  INF  CORS policy execution successful.
2024-11-13 15:30:41.598 +05:30  INF  Request finished HTTP/1.1 OPTIONS http://localhost:5145/user/updatecartitem?linerid=219&qty=3 - - - 204 - - 0.3731ms
2024-11-13 15:30:41.601 +05:30  INF  Request starting HTTP/1.1 PUT http://localhost:5145/user/updatecartitem?linerid=219&qty=3 - 0
2024-11-13 15:30:41.601 +05:30  INF  CORS policy execution successful.
2024-11-13 15:30:41.602 +05:30  INF  Executing endpoint 'BAKERBAZZAR.API.Controller.UserController.UpdateCartItem (BAKERBAZZAR.API)'
2024-11-13 15:30:41.602 +05:30  INF  Route matched with {action = "UpdateCartItem", controller = "User"}. Executing controller action with signature System.Threading.Tasks.Task`1[Microsoft.AspNetCore.Mvc.ActionResult`1[BAKERBAZZAR.API.Models.ApiResponse]] UpdateCartItem(Int32, Int32) on controller BAKERBAZZAR.API.Controller.UserController (BAKERBAZZAR.API).
2024-11-13 15:30:41.606 +05:30  INF  Executing ObjectResult, writing value of type 'BAKERBAZZAR.API.Models.ApiResponse'.
2024-11-13 15:30:41.606 +05:30  INF  Executed action BAKERBAZZAR.API.Controller.UserController.UpdateCartItem (BAKERBAZZAR.API) in 4.3864ms
2024-11-13 15:30:41.606 +05:30  INF  Executed endpoint 'BAKERBAZZAR.API.Controller.UserController.UpdateCartItem (BAKERBAZZAR.API)'
2024-11-13 15:30:41.606 +05:30  INF  Request finished HTTP/1.1 PUT http://localhost:5145/user/updatecartitem?linerid=219&qty=3 - 0 - 200 - application/json;+charset=utf-8 5.2384ms
2024-11-13 15:31:43.023 +05:30  INF  Request starting HTTP/1.1 GET http://localhost:5145/User/CartDetails?displayid=54ad4834-4071-46df-9009-2f2bc60bca0a - -
2024-11-13 15:31:43.024 +05:30  INF  CORS policy execution successful.
2024-11-13 15:31:43.025 +05:30  INF  Executing endpoint 'BAKERBAZZAR.API.Controller.UserController.CartDetails (BAKERBAZZAR.API)'
2024-11-13 15:31:43.026 +05:30  INF  Route matched with {action = "CartDetails", controller = "User"}. Executing controller action with signature System.Threading.Tasks.Task`1[Microsoft.AspNetCore.Mvc.ActionResult`1[BAKERBAZZAR.API.Models.ApiResponse]] CartDetails(System.String) on controller BAKERBAZZAR.API.Controller.UserController (BAKERBAZZAR.API).
2024-11-13 15:31:43.030 +05:30  INF  Request starting HTTP/1.1 GET http://localhost:5145/User/Category - -
2024-11-13 15:31:43.031 +05:30  INF  CORS policy execution successful.
2024-11-13 15:31:43.031 +05:30  INF  Executing endpoint 'BAKERBAZZAR.API.Controller.UserController.Category (BAKERBAZZAR.API)'
2024-11-13 15:31:43.031 +05:30  INF  Route matched with {action = "Category", controller = "User"}. Executing controller action with signature System.Threading.Tasks.Task`1[Microsoft.AspNetCore.Mvc.ActionResult`1[BAKERBAZZAR.API.Models.ApiResponse]] Category(System.String) on controller BAKERBAZZAR.API.Controller.UserController (BAKERBAZZAR.API).
2024-11-13 15:31:43.032 +05:30  INF  Request starting HTTP/1.1 GET http://localhost:5145/user/products?categoryid= - -
2024-11-13 15:31:43.033 +05:30  INF  CORS policy execution successful.
2024-11-13 15:31:43.033 +05:30  INF  Executing endpoint 'BAKERBAZZAR.API.Controller.UserController.Products (BAKERBAZZAR.API)'
2024-11-13 15:31:43.033 +05:30  INF  Route matched with {action = "Products", controller = "User"}. Executing controller action with signature System.Threading.Tasks.Task`1[Microsoft.AspNetCore.Mvc.ActionResult`1[BAKERBAZZAR.API.Models.ApiResponse]] Products(System.String, System.String) on controller BAKERBAZZAR.API.Controller.UserController (BAKERBAZZAR.API).
2024-11-13 15:31:43.057 +05:30  INF  Executing ObjectResult, writing value of type 'BAKERBAZZAR.API.Models.ApiResponse'.
2024-11-13 15:31:43.058 +05:30  INF  Executed action BAKERBAZZAR.API.Controller.UserController.Category (BAKERBAZZAR.API) in 26.7829ms
2024-11-13 15:31:43.058 +05:30  INF  Executed endpoint 'BAKERBAZZAR.API.Controller.UserController.Category (BAKERBAZZAR.API)'
2024-11-13 15:31:43.058 +05:30  INF  Request finished HTTP/1.1 GET http://localhost:5145/User/Category - - - 200 - application/json;+charset=utf-8 28.2104ms
2024-11-13 15:31:43.063 +05:30  INF  Executing ObjectResult, writing value of type 'BAKERBAZZAR.API.Models.ApiResponse'.
2024-11-13 15:31:43.064 +05:30  INF  Executing ObjectResult, writing value of type 'BAKERBAZZAR.API.Models.ApiResponse'.
2024-11-13 15:31:43.065 +05:30  INF  Executed action BAKERBAZZAR.API.Controller.UserController.CartDetails (BAKERBAZZAR.API) in 38.9064ms
2024-11-13 15:31:43.065 +05:30  INF  Executed endpoint 'BAKERBAZZAR.API.Controller.UserController.CartDetails (BAKERBAZZAR.API)'
2024-11-13 15:31:43.065 +05:30  INF  Request finished HTTP/1.1 GET http://localhost:5145/User/CartDetails?displayid=54ad4834-4071-46df-9009-2f2bc60bca0a - - - 200 - application/json;+charset=utf-8 41.4051ms
2024-11-13 15:31:43.065 +05:30  INF  Executed action BAKERBAZZAR.API.Controller.UserController.Products (BAKERBAZZAR.API) in 32.4352ms
2024-11-13 15:31:43.065 +05:30  INF  Executed endpoint 'BAKERBAZZAR.API.Controller.UserController.Products (BAKERBAZZAR.API)'
2024-11-13 15:31:43.065 +05:30  INF  Request finished HTTP/1.1 GET http://localhost:5145/user/products?categoryid= - - - 200 - application/json;+charset=utf-8 32.8775ms
2024-11-13 15:31:43.132 +05:30  INF  Request starting HTTP/1.1 GET http://localhost:5145/user/myorders?displayid=e62f03f4-2dcf-4f80-bc23-341651bd9338 - -
2024-11-13 15:31:43.133 +05:30  INF  CORS policy execution successful.
2024-11-13 15:31:43.133 +05:30  INF  Executing endpoint 'BAKERBAZZAR.API.Controller.UserController.MyOrders (BAKERBAZZAR.API)'
2024-11-13 15:31:43.133 +05:30  INF  Route matched with {action = "MyOrders", controller = "User"}. Executing controller action with signature System.Threading.Tasks.Task`1[Microsoft.AspNetCore.Mvc.ActionResult`1[BAKERBAZZAR.API.Models.ApiResponse]] MyOrders(System.String, System.String, System.String) on controller BAKERBAZZAR.API.Controller.UserController (BAKERBAZZAR.API).
2024-11-13 15:31:43.170 +05:30  INF  Executing ObjectResult, writing value of type 'BAKERBAZZAR.API.Models.ApiResponse'.
2024-11-13 15:31:43.171 +05:30  INF  Executed action BAKERBAZZAR.API.Controller.UserController.MyOrders (BAKERBAZZAR.API) in 38.134ms
2024-11-13 15:31:43.171 +05:30  INF  Executed endpoint 'BAKERBAZZAR.API.Controller.UserController.MyOrders (BAKERBAZZAR.API)'
2024-11-13 15:31:43.172 +05:30  INF  Request finished HTTP/1.1 GET http://localhost:5145/user/myorders?displayid=e62f03f4-2dcf-4f80-bc23-341651bd9338 - - - 200 - application/json;+charset=utf-8 39.0222ms
2024-11-13 15:31:43.195 +05:30  INF  Request starting HTTP/1.1 GET http://localhost:5145/User/CartDetails?displayid=54ad4834-4071-46df-9009-2f2bc60bca0a - -
2024-11-13 15:31:43.195 +05:30  INF  CORS policy execution successful.
2024-11-13 15:31:43.196 +05:30  INF  Executing endpoint 'BAKERBAZZAR.API.Controller.UserController.CartDetails (BAKERBAZZAR.API)'
2024-11-13 15:31:43.196 +05:30  INF  Route matched with {action = "CartDetails", controller = "User"}. Executing controller action with signature System.Threading.Tasks.Task`1[Microsoft.AspNetCore.Mvc.ActionResult`1[BAKERBAZZAR.API.Models.ApiResponse]] CartDetails(System.String) on controller BAKERBAZZAR.API.Controller.UserController (BAKERBAZZAR.API).
2024-11-13 15:31:43.198 +05:30  INF  Request starting HTTP/1.1 GET http://localhost:5145/User/Category - -
2024-11-13 15:31:43.199 +05:30  INF  Executing ObjectResult, writing value of type 'BAKERBAZZAR.API.Models.ApiResponse'.
2024-11-13 15:31:43.199 +05:30  INF  Executed action BAKERBAZZAR.API.Controller.UserController.CartDetails (BAKERBAZZAR.API) in 3.7646ms
2024-11-13 15:31:43.200 +05:30  INF  Executed endpoint 'BAKERBAZZAR.API.Controller.UserController.CartDetails (BAKERBAZZAR.API)'
2024-11-13 15:31:43.200 +05:30  INF  Request finished HTTP/1.1 GET http://localhost:5145/User/CartDetails?displayid=54ad4834-4071-46df-9009-2f2bc60bca0a - - - 200 - application/json;+charset=utf-8 4.2795ms
2024-11-13 15:31:43.200 +05:30  INF  CORS policy execution successful.
2024-11-13 15:31:43.200 +05:30  INF  Executing endpoint 'BAKERBAZZAR.API.Controller.UserController.Category (BAKERBAZZAR.API)'
2024-11-13 15:31:43.200 +05:30  INF  Route matched with {action = "Category", controller = "User"}. Executing controller action with signature System.Threading.Tasks.Task`1[Microsoft.AspNetCore.Mvc.ActionResult`1[BAKERBAZZAR.API.Models.ApiResponse]] Category(System.String) on controller BAKERBAZZAR.API.Controller.UserController (BAKERBAZZAR.API).
2024-11-13 15:31:43.202 +05:30  INF  Request starting HTTP/1.1 GET http://localhost:5145/user/products?categoryid= - -
2024-11-13 15:31:43.202 +05:30  INF  CORS policy execution successful.
2024-11-13 15:31:43.202 +05:30  INF  Executing endpoint 'BAKERBAZZAR.API.Controller.UserController.Products (BAKERBAZZAR.API)'
2024-11-13 15:31:43.202 +05:30  INF  Route matched with {action = "Products", controller = "User"}. Executing controller action with signature System.Threading.Tasks.Task`1[Microsoft.AspNetCore.Mvc.ActionResult`1[BAKERBAZZAR.API.Models.ApiResponse]] Products(System.String, System.String) on controller BAKERBAZZAR.API.Controller.UserController (BAKERBAZZAR.API).
2024-11-13 15:31:43.208 +05:30  INF  Executing ObjectResult, writing value of type 'BAKERBAZZAR.API.Models.ApiResponse'.
2024-11-13 15:31:43.208 +05:30  INF  Executed action BAKERBAZZAR.API.Controller.UserController.Category (BAKERBAZZAR.API) in 7.2351ms
2024-11-13 15:31:43.208 +05:30  INF  Executed endpoint 'BAKERBAZZAR.API.Controller.UserController.Category (BAKERBAZZAR.API)'
2024-11-13 15:31:43.208 +05:30  INF  Request finished HTTP/1.1 GET http://localhost:5145/User/Category - - - 200 - application/json;+charset=utf-8 10.1298ms
2024-11-13 15:31:43.212 +05:30  INF  Executing ObjectResult, writing value of type 'BAKERBAZZAR.API.Models.ApiResponse'.
2024-11-13 15:31:43.214 +05:30  INF  Executed action BAKERBAZZAR.API.Controller.UserController.Products (BAKERBAZZAR.API) in 12.2878ms
2024-11-13 15:31:43.215 +05:30  INF  Executed endpoint 'BAKERBAZZAR.API.Controller.UserController.Products (BAKERBAZZAR.API)'
2024-11-13 15:31:43.215 +05:30  INF  Request finished HTTP/1.1 GET http://localhost:5145/user/products?categoryid= - - - 200 - application/json;+charset=utf-8 12.9458ms
2024-11-13 15:31:51.642 +05:30  INF  Request starting HTTP/1.1 OPTIONS http://localhost:5145/user/updatecartitem?linerid=219&qty=5 - -
2024-11-13 15:31:51.642 +05:30  INF  CORS policy execution successful.
2024-11-13 15:31:51.642 +05:30  INF  Request finished HTTP/1.1 OPTIONS http://localhost:5145/user/updatecartitem?linerid=219&qty=5 - - - 204 - - 0.3263ms
2024-11-13 15:31:51.642 +05:30  INF  Request starting HTTP/1.1 OPTIONS http://localhost:5145/user/cartdetails?displayId=54ad4834-4071-46df-9009-2f2bc60bca0a - -
2024-11-13 15:31:51.642 +05:30  INF  CORS policy execution successful.
2024-11-13 15:31:51.642 +05:30  INF  Request finished HTTP/1.1 OPTIONS http://localhost:5145/user/cartdetails?displayId=54ad4834-4071-46df-9009-2f2bc60bca0a - - - 204 - - 0.3081ms
2024-11-13 15:31:51.643 +05:30  INF  Request starting HTTP/1.1 PUT http://localhost:5145/user/updatecartitem?linerid=219&qty=5 application/json 0
2024-11-13 15:31:51.643 +05:30  INF  CORS policy execution successful.
2024-11-13 15:31:51.643 +05:30  INF  Executing endpoint 'BAKERBAZZAR.API.Controller.UserController.UpdateCartItem (BAKERBAZZAR.API)'
2024-11-13 15:31:51.643 +05:30  INF  Route matched with {action = "UpdateCartItem", controller = "User"}. Executing controller action with signature System.Threading.Tasks.Task`1[Microsoft.AspNetCore.Mvc.ActionResult`1[BAKERBAZZAR.API.Models.ApiResponse]] UpdateCartItem(Int32, Int32) on controller BAKERBAZZAR.API.Controller.UserController (BAKERBAZZAR.API).
2024-11-13 15:31:51.644 +05:30  INF  Request starting HTTP/1.1 GET http://localhost:5145/user/cartdetails?displayId=54ad4834-4071-46df-9009-2f2bc60bca0a application/json -
2024-11-13 15:31:51.645 +05:30  INF  CORS policy execution successful.
2024-11-13 15:31:51.645 +05:30  INF  Executing endpoint 'BAKERBAZZAR.API.Controller.UserController.CartDetails (BAKERBAZZAR.API)'
2024-11-13 15:31:51.645 +05:30  INF  Route matched with {action = "CartDetails", controller = "User"}. Executing controller action with signature System.Threading.Tasks.Task`1[Microsoft.AspNetCore.Mvc.ActionResult`1[BAKERBAZZAR.API.Models.ApiResponse]] CartDetails(System.String) on controller BAKERBAZZAR.API.Controller.UserController (BAKERBAZZAR.API).
2024-11-13 15:31:51.661 +05:30  INF  Executing ObjectResult, writing value of type 'BAKERBAZZAR.API.Models.ApiResponse'.
2024-11-13 15:31:51.661 +05:30  INF  Executed action BAKERBAZZAR.API.Controller.UserController.UpdateCartItem (BAKERBAZZAR.API) in 17.8956ms
2024-11-13 15:31:51.661 +05:30  INF  Executed endpoint 'BAKERBAZZAR.API.Controller.UserController.UpdateCartItem (BAKERBAZZAR.API)'
2024-11-13 15:31:51.661 +05:30  INF  Request finished HTTP/1.1 PUT http://localhost:5145/user/updatecartitem?linerid=219&qty=5 application/json 0 - 200 - application/json;+charset=utf-8 18.2599ms
2024-11-13 15:31:51.661 +05:30  INF  Executing ObjectResult, writing value of type 'BAKERBAZZAR.API.Models.ApiResponse'.
2024-11-13 15:31:51.662 +05:30  INF  Executed action BAKERBAZZAR.API.Controller.UserController.CartDetails (BAKERBAZZAR.API) in 16.9687ms
2024-11-13 15:31:51.662 +05:30  INF  Executed endpoint 'BAKERBAZZAR.API.Controller.UserController.CartDetails (BAKERBAZZAR.API)'
2024-11-13 15:31:51.662 +05:30  INF  Request finished HTTP/1.1 GET http://localhost:5145/user/cartdetails?displayId=54ad4834-4071-46df-9009-2f2bc60bca0a application/json - - 200 - application/json;+charset=utf-8 17.3769ms
2024-11-13 15:31:55.750 +05:30  INF  Request starting HTTP/1.1 GET http://localhost:5145/User/CartDetails?displayid=54ad4834-4071-46df-9009-2f2bc60bca0a - -
2024-11-13 15:31:55.750 +05:30  INF  CORS policy execution successful.
2024-11-13 15:31:55.750 +05:30  INF  Executing endpoint 'BAKERBAZZAR.API.Controller.UserController.CartDetails (BAKERBAZZAR.API)'
2024-11-13 15:31:55.750 +05:30  INF  Route matched with {action = "CartDetails", controller = "User"}. Executing controller action with signature System.Threading.Tasks.Task`1[Microsoft.AspNetCore.Mvc.ActionResult`1[BAKERBAZZAR.API.Models.ApiResponse]] CartDetails(System.String) on controller BAKERBAZZAR.API.Controller.UserController (BAKERBAZZAR.API).
2024-11-13 15:31:55.755 +05:30  INF  Request starting HTTP/1.1 GET http://localhost:5145/User/Category - -
2024-11-13 15:31:55.756 +05:30  INF  Request starting HTTP/1.1 GET http://localhost:5145/user/products?categoryid= - -
2024-11-13 15:31:55.756 +05:30  INF  CORS policy execution successful.
2024-11-13 15:31:55.756 +05:30  INF  Executing endpoint 'BAKERBAZZAR.API.Controller.UserController.Products (BAKERBAZZAR.API)'
2024-11-13 15:31:55.756 +05:30  INF  Route matched with {action = "Products", controller = "User"}. Executing controller action with signature System.Threading.Tasks.Task`1[Microsoft.AspNetCore.Mvc.ActionResult`1[BAKERBAZZAR.API.Models.ApiResponse]] Products(System.String, System.String) on controller BAKERBAZZAR.API.Controller.UserController (BAKERBAZZAR.API).
2024-11-13 15:31:55.758 +05:30  INF  CORS policy execution successful.
2024-11-13 15:31:55.758 +05:30  INF  Executing endpoint 'BAKERBAZZAR.API.Controller.UserController.Category (BAKERBAZZAR.API)'
2024-11-13 15:31:55.758 +05:30  INF  Route matched with {action = "Category", controller = "User"}. Executing controller action with signature System.Threading.Tasks.Task`1[Microsoft.AspNetCore.Mvc.ActionResult`1[BAKERBAZZAR.API.Models.ApiResponse]] Category(System.String) on controller BAKERBAZZAR.API.Controller.UserController (BAKERBAZZAR.API).
2024-11-13 15:31:55.767 +05:30  INF  Executing ObjectResult, writing value of type 'BAKERBAZZAR.API.Models.ApiResponse'.
2024-11-13 15:31:55.767 +05:30  INF  Executed action BAKERBAZZAR.API.Controller.UserController.Category (BAKERBAZZAR.API) in 8.9411ms
2024-11-13 15:31:55.767 +05:30  INF  Executed endpoint 'BAKERBAZZAR.API.Controller.UserController.Category (BAKERBAZZAR.API)'
2024-11-13 15:31:55.767 +05:30  INF  Request finished HTTP/1.1 GET http://localhost:5145/User/Category - - - 200 - application/json;+charset=utf-8 12.4483ms
2024-11-13 15:31:55.770 +05:30  INF  Executing ObjectResult, writing value of type 'BAKERBAZZAR.API.Models.ApiResponse'.
2024-11-13 15:31:55.772 +05:30  INF  Executed action BAKERBAZZAR.API.Controller.UserController.Products (BAKERBAZZAR.API) in 15.2338ms
2024-11-13 15:31:55.772 +05:30  INF  Executed endpoint 'BAKERBAZZAR.API.Controller.UserController.Products (BAKERBAZZAR.API)'
2024-11-13 15:31:55.772 +05:30  INF  Request finished HTTP/1.1 GET http://localhost:5145/user/products?categoryid= - - - 200 - application/json;+charset=utf-8 16.0484ms
2024-11-13 15:31:55.779 +05:30  INF  Executing ObjectResult, writing value of type 'BAKERBAZZAR.API.Models.ApiResponse'.
2024-11-13 15:31:55.779 +05:30  INF  Executed action BAKERBAZZAR.API.Controller.UserController.CartDetails (BAKERBAZZAR.API) in 28.6159ms
2024-11-13 15:31:55.779 +05:30  INF  Executed endpoint 'BAKERBAZZAR.API.Controller.UserController.CartDetails (BAKERBAZZAR.API)'
2024-11-13 15:31:55.779 +05:30  INF  Request finished HTTP/1.1 GET http://localhost:5145/User/CartDetails?displayid=54ad4834-4071-46df-9009-2f2bc60bca0a - - - 200 - application/json;+charset=utf-8 29.1406ms
2024-11-13 15:31:55.791 +05:30  INF  Request starting HTTP/1.1 GET http://localhost:5145/user/myorders?displayid=e62f03f4-2dcf-4f80-bc23-341651bd9338 - -
2024-11-13 15:31:55.791 +05:30  INF  CORS policy execution successful.
2024-11-13 15:31:55.791 +05:30  INF  Executing endpoint 'BAKERBAZZAR.API.Controller.UserController.MyOrders (BAKERBAZZAR.API)'
2024-11-13 15:31:55.791 +05:30  INF  Route matched with {action = "MyOrders", controller = "User"}. Executing controller action with signature System.Threading.Tasks.Task`1[Microsoft.AspNetCore.Mvc.ActionResult`1[BAKERBAZZAR.API.Models.ApiResponse]] MyOrders(System.String, System.String, System.String) on controller BAKERBAZZAR.API.Controller.UserController (BAKERBAZZAR.API).
2024-11-13 15:31:55.846 +05:30  INF  Executing ObjectResult, writing value of type 'BAKERBAZZAR.API.Models.ApiResponse'.
2024-11-13 15:31:55.847 +05:30  INF  Executed action BAKERBAZZAR.API.Controller.UserController.MyOrders (BAKERBAZZAR.API) in 55.5389ms
2024-11-13 15:31:55.847 +05:30  INF  Executed endpoint 'BAKERBAZZAR.API.Controller.UserController.MyOrders (BAKERBAZZAR.API)'
2024-11-13 15:31:55.847 +05:30  INF  Request finished HTTP/1.1 GET http://localhost:5145/user/myorders?displayid=e62f03f4-2dcf-4f80-bc23-341651bd9338 - - - 200 - application/json;+charset=utf-8 56.0036ms
2024-11-13 15:31:55.919 +05:30  INF  Request starting HTTP/1.1 GET http://localhost:5145/User/CartDetails?displayid=54ad4834-4071-46df-9009-2f2bc60bca0a - -
2024-11-13 15:31:55.920 +05:30  INF  CORS policy execution successful.
2024-11-13 15:31:55.920 +05:30  INF  Executing endpoint 'BAKERBAZZAR.API.Controller.UserController.CartDetails (BAKERBAZZAR.API)'
2024-11-13 15:31:55.920 +05:30  INF  Route matched with {action = "CartDetails", controller = "User"}. Executing controller action with signature System.Threading.Tasks.Task`1[Microsoft.AspNetCore.Mvc.ActionResult`1[BAKERBAZZAR.API.Models.ApiResponse]] CartDetails(System.String) on controller BAKERBAZZAR.API.Controller.UserController (BAKERBAZZAR.API).
2024-11-13 15:31:55.925 +05:30  INF  Request starting HTTP/1.1 GET http://localhost:5145/User/Category - -
2024-11-13 15:31:55.925 +05:30  INF  CORS policy execution successful.
2024-11-13 15:31:55.926 +05:30  INF  Executing endpoint 'BAKERBAZZAR.API.Controller.UserController.Category (BAKERBAZZAR.API)'
2024-11-13 15:31:55.926 +05:30  INF  Executing ObjectResult, writing value of type 'BAKERBAZZAR.API.Models.ApiResponse'.
2024-11-13 15:31:55.926 +05:30  INF  Route matched with {action = "Category", controller = "User"}. Executing controller action with signature System.Threading.Tasks.Task`1[Microsoft.AspNetCore.Mvc.ActionResult`1[BAKERBAZZAR.API.Models.ApiResponse]] Category(System.String) on controller BAKERBAZZAR.API.Controller.UserController (BAKERBAZZAR.API).
2024-11-13 15:31:55.926 +05:30  INF  Executed action BAKERBAZZAR.API.Controller.UserController.CartDetails (BAKERBAZZAR.API) in 5.1283ms
2024-11-13 15:31:55.926 +05:30  INF  Executed endpoint 'BAKERBAZZAR.API.Controller.UserController.CartDetails (BAKERBAZZAR.API)'
2024-11-13 15:31:55.926 +05:30  INF  Request finished HTTP/1.1 GET http://localhost:5145/User/CartDetails?displayid=54ad4834-4071-46df-9009-2f2bc60bca0a - - - 200 - application/json;+charset=utf-8 7.1803ms
2024-11-13 15:31:55.928 +05:30  INF  Request starting HTTP/1.1 GET http://localhost:5145/user/products?categoryid= - -
2024-11-13 15:31:55.928 +05:30  INF  CORS policy execution successful.
2024-11-13 15:31:55.928 +05:30  INF  Executing endpoint 'BAKERBAZZAR.API.Controller.UserController.Products (BAKERBAZZAR.API)'
2024-11-13 15:31:55.928 +05:30  INF  Route matched with {action = "Products", controller = "User"}. Executing controller action with signature System.Threading.Tasks.Task`1[Microsoft.AspNetCore.Mvc.ActionResult`1[BAKERBAZZAR.API.Models.ApiResponse]] Products(System.String, System.String) on controller BAKERBAZZAR.API.Controller.UserController (BAKERBAZZAR.API).
2024-11-13 15:31:55.929 +05:30  INF  Executing ObjectResult, writing value of type 'BAKERBAZZAR.API.Models.ApiResponse'.
2024-11-13 15:31:55.930 +05:30  INF  Executed action BAKERBAZZAR.API.Controller.UserController.Category (BAKERBAZZAR.API) in 4.0414ms
2024-11-13 15:31:55.930 +05:30  INF  Executed endpoint 'BAKERBAZZAR.API.Controller.UserController.Category (BAKERBAZZAR.API)'
2024-11-13 15:31:55.930 +05:30  INF  Request finished HTTP/1.1 GET http://localhost:5145/User/Category - - - 200 - application/json;+charset=utf-8 5.3794ms
2024-11-13 15:31:55.934 +05:30  INF  Executing ObjectResult, writing value of type 'BAKERBAZZAR.API.Models.ApiResponse'.
2024-11-13 15:31:55.935 +05:30  INF  Executed action BAKERBAZZAR.API.Controller.UserController.Products (BAKERBAZZAR.API) in 7.0248ms
2024-11-13 15:31:55.935 +05:30  INF  Executed endpoint 'BAKERBAZZAR.API.Controller.UserController.Products (BAKERBAZZAR.API)'
2024-11-13 15:31:55.936 +05:30  INF  Request finished HTTP/1.1 GET http://localhost:5145/user/products?categoryid= - - - 200 - application/json;+charset=utf-8 7.7076ms
2024-11-13 15:32:03.326 +05:30  INF  Request starting HTTP/1.1 OPTIONS http://localhost:5145/user/updatecartitem?linerid=219&qty=5 - -
2024-11-13 15:32:03.326 +05:30  INF  CORS policy execution successful.
2024-11-13 15:32:03.326 +05:30  INF  Request finished HTTP/1.1 OPTIONS http://localhost:5145/user/updatecartitem?linerid=219&qty=5 - - - 204 - - 0.8533ms
2024-11-13 15:32:03.330 +05:30  INF  Request starting HTTP/1.1 PUT http://localhost:5145/user/updatecartitem?linerid=219&qty=5 - 0
2024-11-13 15:32:03.330 +05:30  INF  CORS policy execution successful.
2024-11-13 15:32:03.330 +05:30  INF  Executing endpoint 'BAKERBAZZAR.API.Controller.UserController.UpdateCartItem (BAKERBAZZAR.API)'
2024-11-13 15:32:03.330 +05:30  INF  Route matched with {action = "UpdateCartItem", controller = "User"}. Executing controller action with signature System.Threading.Tasks.Task`1[Microsoft.AspNetCore.Mvc.ActionResult`1[BAKERBAZZAR.API.Models.ApiResponse]] UpdateCartItem(Int32, Int32) on controller BAKERBAZZAR.API.Controller.UserController (BAKERBAZZAR.API).
2024-11-13 15:32:03.346 +05:30  INF  Executing ObjectResult, writing value of type 'BAKERBAZZAR.API.Models.ApiResponse'.
2024-11-13 15:32:03.346 +05:30  INF  Executed action BAKERBAZZAR.API.Controller.UserController.UpdateCartItem (BAKERBAZZAR.API) in 15.9767ms
2024-11-13 15:32:03.346 +05:30  INF  Executed endpoint 'BAKERBAZZAR.API.Controller.UserController.UpdateCartItem (BAKERBAZZAR.API)'
2024-11-13 15:32:03.346 +05:30  INF  Request finished HTTP/1.1 PUT http://localhost:5145/user/updatecartitem?linerid=219&qty=5 - 0 - 200 - application/json;+charset=utf-8 16.7956ms
2024-11-13 15:32:06.529 +05:30  INF  Request starting HTTP/1.1 OPTIONS http://localhost:5145/user/cartdetails?displayId=54ad4834-4071-46df-9009-2f2bc60bca0a - -
2024-11-13 15:32:06.530 +05:30  INF  CORS policy execution successful.
2024-11-13 15:32:06.530 +05:30  INF  Request finished HTTP/1.1 OPTIONS http://localhost:5145/user/cartdetails?displayId=54ad4834-4071-46df-9009-2f2bc60bca0a - - - 204 - - 0.3564ms
2024-11-13 15:32:06.540 +05:30  INF  Request starting HTTP/1.1 GET http://localhost:5145/user/cartdetails?displayId=54ad4834-4071-46df-9009-2f2bc60bca0a application/json -
2024-11-13 15:32:06.540 +05:30  INF  CORS policy execution successful.
2024-11-13 15:32:06.540 +05:30  INF  Executing endpoint 'BAKERBAZZAR.API.Controller.UserController.CartDetails (BAKERBAZZAR.API)'
2024-11-13 15:32:06.541 +05:30  INF  Route matched with {action = "CartDetails", controller = "User"}. Executing controller action with signature System.Threading.Tasks.Task`1[Microsoft.AspNetCore.Mvc.ActionResult`1[BAKERBAZZAR.API.Models.ApiResponse]] CartDetails(System.String) on controller BAKERBAZZAR.API.Controller.UserController (BAKERBAZZAR.API).
2024-11-13 15:32:06.597 +05:30  INF  Executing ObjectResult, writing value of type 'BAKERBAZZAR.API.Models.ApiResponse'.
2024-11-13 15:32:06.597 +05:30  INF  Executed action BAKERBAZZAR.API.Controller.UserController.CartDetails (BAKERBAZZAR.API) in 56.7551ms
2024-11-13 15:32:06.597 +05:30  INF  Executed endpoint 'BAKERBAZZAR.API.Controller.UserController.CartDetails (BAKERBAZZAR.API)'
2024-11-13 15:32:06.598 +05:30  INF  Request finished HTTP/1.1 GET http://localhost:5145/user/cartdetails?displayId=54ad4834-4071-46df-9009-2f2bc60bca0a application/json - - 200 - application/json;+charset=utf-8 58.1784ms
2024-11-13 15:32:10.925 +05:30  INF  Request starting HTTP/1.1 GET http://localhost:5145/User/CartDetails?displayid=54ad4834-4071-46df-9009-2f2bc60bca0a - -
2024-11-13 15:32:10.925 +05:30  INF  CORS policy execution successful.
2024-11-13 15:32:10.926 +05:30  INF  Executing endpoint 'BAKERBAZZAR.API.Controller.UserController.CartDetails (BAKERBAZZAR.API)'
2024-11-13 15:32:10.926 +05:30  INF  Route matched with {action = "CartDetails", controller = "User"}. Executing controller action with signature System.Threading.Tasks.Task`1[Microsoft.AspNetCore.Mvc.ActionResult`1[BAKERBAZZAR.API.Models.ApiResponse]] CartDetails(System.String) on controller BAKERBAZZAR.API.Controller.UserController (BAKERBAZZAR.API).
2024-11-13 15:32:10.931 +05:30  INF  Request starting HTTP/1.1 GET http://localhost:5145/User/Category - -
2024-11-13 15:32:10.931 +05:30  INF  CORS policy execution successful.
2024-11-13 15:32:10.931 +05:30  INF  Executing endpoint 'BAKERBAZZAR.API.Controller.UserController.Category (BAKERBAZZAR.API)'
2024-11-13 15:32:10.931 +05:30  INF  Route matched with {action = "Category", controller = "User"}. Executing controller action with signature System.Threading.Tasks.Task`1[Microsoft.AspNetCore.Mvc.ActionResult`1[BAKERBAZZAR.API.Models.ApiResponse]] Category(System.String) on controller BAKERBAZZAR.API.Controller.UserController (BAKERBAZZAR.API).
2024-11-13 15:32:10.932 +05:30  INF  Request starting HTTP/1.1 GET http://localhost:5145/user/products?categoryid= - -
2024-11-13 15:32:10.932 +05:30  INF  CORS policy execution successful.
2024-11-13 15:32:10.932 +05:30  INF  Executing endpoint 'BAKERBAZZAR.API.Controller.UserController.Products (BAKERBAZZAR.API)'
2024-11-13 15:32:10.932 +05:30  INF  Route matched with {action = "Products", controller = "User"}. Executing controller action with signature System.Threading.Tasks.Task`1[Microsoft.AspNetCore.Mvc.ActionResult`1[BAKERBAZZAR.API.Models.ApiResponse]] Products(System.String, System.String) on controller BAKERBAZZAR.API.Controller.UserController (BAKERBAZZAR.API).
2024-11-13 15:32:10.939 +05:30  INF  Executing ObjectResult, writing value of type 'BAKERBAZZAR.API.Models.ApiResponse'.
2024-11-13 15:32:10.939 +05:30  INF  Executed action BAKERBAZZAR.API.Controller.UserController.Category (BAKERBAZZAR.API) in 7.2206ms
2024-11-13 15:32:10.939 +05:30  INF  Executed endpoint 'BAKERBAZZAR.API.Controller.UserController.Category (BAKERBAZZAR.API)'
2024-11-13 15:32:10.939 +05:30  INF  Request finished HTTP/1.1 GET http://localhost:5145/User/Category - - - 200 - application/json;+charset=utf-8 7.9137ms
2024-11-13 15:32:10.947 +05:30  INF  Executing ObjectResult, writing value of type 'BAKERBAZZAR.API.Models.ApiResponse'.
2024-11-13 15:32:10.948 +05:30  INF  Executed action BAKERBAZZAR.API.Controller.UserController.Products (BAKERBAZZAR.API) in 15.4493ms
2024-11-13 15:32:10.948 +05:30  INF  Executed endpoint 'BAKERBAZZAR.API.Controller.UserController.Products (BAKERBAZZAR.API)'
2024-11-13 15:32:10.948 +05:30  INF  Request finished HTTP/1.1 GET http://localhost:5145/user/products?categoryid= - - - 200 - application/json;+charset=utf-8 16.0264ms
2024-11-13 15:32:10.952 +05:30  INF  Executing ObjectResult, writing value of type 'BAKERBAZZAR.API.Models.ApiResponse'.
2024-11-13 15:32:10.952 +05:30  INF  Executed action BAKERBAZZAR.API.Controller.UserController.CartDetails (BAKERBAZZAR.API) in 26.3574ms
2024-11-13 15:32:10.952 +05:30  INF  Executed endpoint 'BAKERBAZZAR.API.Controller.UserController.CartDetails (BAKERBAZZAR.API)'
2024-11-13 15:32:10.953 +05:30  INF  Request finished HTTP/1.1 GET http://localhost:5145/User/CartDetails?displayid=54ad4834-4071-46df-9009-2f2bc60bca0a - - - 200 - application/json;+charset=utf-8 27.6435ms
2024-11-13 15:32:10.969 +05:30  INF  Request starting HTTP/1.1 GET http://localhost:5145/user/myorders?displayid=e62f03f4-2dcf-4f80-bc23-341651bd9338 - -
2024-11-13 15:32:10.969 +05:30  INF  CORS policy execution successful.
2024-11-13 15:32:10.969 +05:30  INF  Executing endpoint 'BAKERBAZZAR.API.Controller.UserController.MyOrders (BAKERBAZZAR.API)'
2024-11-13 15:32:10.969 +05:30  INF  Route matched with {action = "MyOrders", controller = "User"}. Executing controller action with signature System.Threading.Tasks.Task`1[Microsoft.AspNetCore.Mvc.ActionResult`1[BAKERBAZZAR.API.Models.ApiResponse]] MyOrders(System.String, System.String, System.String) on controller BAKERBAZZAR.API.Controller.UserController (BAKERBAZZAR.API).
2024-11-13 15:32:10.983 +05:30  INF  Executing ObjectResult, writing value of type 'BAKERBAZZAR.API.Models.ApiResponse'.
2024-11-13 15:32:10.984 +05:30  INF  Executed action BAKERBAZZAR.API.Controller.UserController.MyOrders (BAKERBAZZAR.API) in 14.2884ms
2024-11-13 15:32:10.984 +05:30  INF  Executed endpoint 'BAKERBAZZAR.API.Controller.UserController.MyOrders (BAKERBAZZAR.API)'
2024-11-13 15:32:10.984 +05:30  INF  Request finished HTTP/1.1 GET http://localhost:5145/user/myorders?displayid=e62f03f4-2dcf-4f80-bc23-341651bd9338 - - - 200 - application/json;+charset=utf-8 14.7530ms
2024-11-13 15:32:11.095 +05:30  INF  Request starting HTTP/1.1 GET http://localhost:5145/User/CartDetails?displayid=54ad4834-4071-46df-9009-2f2bc60bca0a - -
2024-11-13 15:32:11.096 +05:30  INF  CORS policy execution successful.
2024-11-13 15:32:11.096 +05:30  INF  Executing endpoint 'BAKERBAZZAR.API.Controller.UserController.CartDetails (BAKERBAZZAR.API)'
2024-11-13 15:32:11.096 +05:30  INF  Route matched with {action = "CartDetails", controller = "User"}. Executing controller action with signature System.Threading.Tasks.Task`1[Microsoft.AspNetCore.Mvc.ActionResult`1[BAKERBAZZAR.API.Models.ApiResponse]] CartDetails(System.String) on controller BAKERBAZZAR.API.Controller.UserController (BAKERBAZZAR.API).
2024-11-13 15:32:11.100 +05:30  INF  Request starting HTTP/1.1 GET http://localhost:5145/User/Category - -
2024-11-13 15:32:11.100 +05:30  INF  CORS policy execution successful.
2024-11-13 15:32:11.100 +05:30  INF  Executing endpoint 'BAKERBAZZAR.API.Controller.UserController.Category (BAKERBAZZAR.API)'
2024-11-13 15:32:11.100 +05:30  INF  Executing ObjectResult, writing value of type 'BAKERBAZZAR.API.Models.ApiResponse'.
2024-11-13 15:32:11.100 +05:30  INF  Route matched with {action = "Category", controller = "User"}. Executing controller action with signature System.Threading.Tasks.Task`1[Microsoft.AspNetCore.Mvc.ActionResult`1[BAKERBAZZAR.API.Models.ApiResponse]] Category(System.String) on controller BAKERBAZZAR.API.Controller.UserController (BAKERBAZZAR.API).
2024-11-13 15:32:11.101 +05:30  INF  Executed action BAKERBAZZAR.API.Controller.UserController.CartDetails (BAKERBAZZAR.API) in 4.6339ms
2024-11-13 15:32:11.101 +05:30  INF  Executed endpoint 'BAKERBAZZAR.API.Controller.UserController.CartDetails (BAKERBAZZAR.API)'
2024-11-13 15:32:11.101 +05:30  INF  Request finished HTTP/1.1 GET http://localhost:5145/User/CartDetails?displayid=54ad4834-4071-46df-9009-2f2bc60bca0a - - - 200 - application/json;+charset=utf-8 5.3447ms
2024-11-13 15:32:11.103 +05:30  INF  Executing ObjectResult, writing value of type 'BAKERBAZZAR.API.Models.ApiResponse'.
2024-11-13 15:32:11.103 +05:30  INF  Executed action BAKERBAZZAR.API.Controller.UserController.Category (BAKERBAZZAR.API) in 2.8325ms
2024-11-13 15:32:11.103 +05:30  INF  Executed endpoint 'BAKERBAZZAR.API.Controller.UserController.Category (BAKERBAZZAR.API)'
2024-11-13 15:32:11.103 +05:30  INF  Request finished HTTP/1.1 GET http://localhost:5145/User/Category - - - 200 - application/json;+charset=utf-8 3.5148ms
2024-11-13 15:32:11.105 +05:30  INF  Request starting HTTP/1.1 GET http://localhost:5145/user/products?categoryid= - -
2024-11-13 15:32:11.106 +05:30  INF  CORS policy execution successful.
2024-11-13 15:32:11.106 +05:30  INF  Executing endpoint 'BAKERBAZZAR.API.Controller.UserController.Products (BAKERBAZZAR.API)'
2024-11-13 15:32:11.106 +05:30  INF  Route matched with {action = "Products", controller = "User"}. Executing controller action with signature System.Threading.Tasks.Task`1[Microsoft.AspNetCore.Mvc.ActionResult`1[BAKERBAZZAR.API.Models.ApiResponse]] Products(System.String, System.String) on controller BAKERBAZZAR.API.Controller.UserController (BAKERBAZZAR.API).
2024-11-13 15:32:11.112 +05:30  INF  Executing ObjectResult, writing value of type 'BAKERBAZZAR.API.Models.ApiResponse'.
2024-11-13 15:32:11.113 +05:30  INF  Executed action BAKERBAZZAR.API.Controller.UserController.Products (BAKERBAZZAR.API) in 7.0485ms
2024-11-13 15:32:11.113 +05:30  INF  Executed endpoint 'BAKERBAZZAR.API.Controller.UserController.Products (BAKERBAZZAR.API)'
2024-11-13 15:32:11.113 +05:30  INF  Request finished HTTP/1.1 GET http://localhost:5145/user/products?categoryid= - - - 200 - application/json;+charset=utf-8 7.9653ms
2024-11-13 15:32:15.293 +05:30  INF  Request starting HTTP/1.1 OPTIONS http://localhost:5145/user/updatecartitem?linerid=219&qty=5 - -
2024-11-13 15:32:15.294 +05:30  INF  CORS policy execution successful.
2024-11-13 15:32:15.294 +05:30  INF  Request finished HTTP/1.1 OPTIONS http://localhost:5145/user/updatecartitem?linerid=219&qty=5 - - - 204 - - 0.5177ms
2024-11-13 15:32:15.296 +05:30  INF  Request starting HTTP/1.1 PUT http://localhost:5145/user/updatecartitem?linerid=219&qty=5 - 0
2024-11-13 15:32:15.297 +05:30  INF  CORS policy execution successful.
2024-11-13 15:32:15.297 +05:30  INF  Executing endpoint 'BAKERBAZZAR.API.Controller.UserController.UpdateCartItem (BAKERBAZZAR.API)'
2024-11-13 15:32:15.297 +05:30  INF  Route matched with {action = "UpdateCartItem", controller = "User"}. Executing controller action with signature System.Threading.Tasks.Task`1[Microsoft.AspNetCore.Mvc.ActionResult`1[BAKERBAZZAR.API.Models.ApiResponse]] UpdateCartItem(Int32, Int32) on controller BAKERBAZZAR.API.Controller.UserController (BAKERBAZZAR.API).
2024-11-13 15:32:15.311 +05:30  INF  Executing ObjectResult, writing value of type 'BAKERBAZZAR.API.Models.ApiResponse'.
2024-11-13 15:32:15.311 +05:30  INF  Executed action BAKERBAZZAR.API.Controller.UserController.UpdateCartItem (BAKERBAZZAR.API) in 14.3775ms
2024-11-13 15:32:15.311 +05:30  INF  Executed endpoint 'BAKERBAZZAR.API.Controller.UserController.UpdateCartItem (BAKERBAZZAR.API)'
2024-11-13 15:32:15.311 +05:30  INF  Request finished HTTP/1.1 PUT http://localhost:5145/user/updatecartitem?linerid=219&qty=5 - 0 - 200 - application/json;+charset=utf-8 15.0223ms
2024-11-13 15:32:15.460 +05:30  INF  Request starting HTTP/1.1 OPTIONS http://localhost:5145/user/updatecartitem?linerid=219&qty=4 - -
2024-11-13 15:32:15.460 +05:30  INF  CORS policy execution successful.
2024-11-13 15:32:15.460 +05:30  INF  Request finished HTTP/1.1 OPTIONS http://localhost:5145/user/updatecartitem?linerid=219&qty=4 - - - 204 - - 0.1928ms
2024-11-13 15:32:15.461 +05:30  INF  Request starting HTTP/1.1 PUT http://localhost:5145/user/updatecartitem?linerid=219&qty=4 - 0
2024-11-13 15:32:15.463 +05:30  INF  CORS policy execution successful.
2024-11-13 15:32:15.463 +05:30  INF  Executing endpoint 'BAKERBAZZAR.API.Controller.UserController.UpdateCartItem (BAKERBAZZAR.API)'
2024-11-13 15:32:15.463 +05:30  INF  Route matched with {action = "UpdateCartItem", controller = "User"}. Executing controller action with signature System.Threading.Tasks.Task`1[Microsoft.AspNetCore.Mvc.ActionResult`1[BAKERBAZZAR.API.Models.ApiResponse]] UpdateCartItem(Int32, Int32) on controller BAKERBAZZAR.API.Controller.UserController (BAKERBAZZAR.API).
2024-11-13 15:32:15.464 +05:30  INF  Executing ObjectResult, writing value of type 'BAKERBAZZAR.API.Models.ApiResponse'.
2024-11-13 15:32:15.464 +05:30  INF  Executed action BAKERBAZZAR.API.Controller.UserController.UpdateCartItem (BAKERBAZZAR.API) in 1.536ms
2024-11-13 15:32:15.464 +05:30  INF  Executed endpoint 'BAKERBAZZAR.API.Controller.UserController.UpdateCartItem (BAKERBAZZAR.API)'
2024-11-13 15:32:15.464 +05:30  INF  Request finished HTTP/1.1 PUT http://localhost:5145/user/updatecartitem?linerid=219&qty=4 - 0 - 200 - application/json;+charset=utf-8 3.3825ms
2024-11-13 15:32:15.617 +05:30  INF  Request starting HTTP/1.1 OPTIONS http://localhost:5145/user/updatecartitem?linerid=219&qty=3 - -
2024-11-13 15:32:15.618 +05:30  INF  CORS policy execution successful.
2024-11-13 15:32:15.618 +05:30  INF  Request finished HTTP/1.1 OPTIONS http://localhost:5145/user/updatecartitem?linerid=219&qty=3 - - - 204 - - 0.3109ms
2024-11-13 15:32:15.619 +05:30  INF  Request starting HTTP/1.1 PUT http://localhost:5145/user/updatecartitem?linerid=219&qty=3 - 0
2024-11-13 15:32:15.619 +05:30  INF  CORS policy execution successful.
2024-11-13 15:32:15.619 +05:30  INF  Executing endpoint 'BAKERBAZZAR.API.Controller.UserController.UpdateCartItem (BAKERBAZZAR.API)'
2024-11-13 15:32:15.620 +05:30  INF  Route matched with {action = "UpdateCartItem", controller = "User"}. Executing controller action with signature System.Threading.Tasks.Task`1[Microsoft.AspNetCore.Mvc.ActionResult`1[BAKERBAZZAR.API.Models.ApiResponse]] UpdateCartItem(Int32, Int32) on controller BAKERBAZZAR.API.Controller.UserController (BAKERBAZZAR.API).
2024-11-13 15:32:15.641 +05:30  INF  Executing ObjectResult, writing value of type 'BAKERBAZZAR.API.Models.ApiResponse'.
2024-11-13 15:32:15.641 +05:30  INF  Executed action BAKERBAZZAR.API.Controller.UserController.UpdateCartItem (BAKERBAZZAR.API) in 21.3218ms
2024-11-13 15:32:15.641 +05:30  INF  Executed endpoint 'BAKERBAZZAR.API.Controller.UserController.UpdateCartItem (BAKERBAZZAR.API)'
2024-11-13 15:32:15.641 +05:30  INF  Request finished HTTP/1.1 PUT http://localhost:5145/user/updatecartitem?linerid=219&qty=3 - 0 - 200 - application/json;+charset=utf-8 21.9756ms
2024-11-13 15:32:16.215 +05:30  INF  Request starting HTTP/1.1 OPTIONS http://localhost:5145/user/updatecartitem?linerid=219&qty=2 - -
2024-11-13 15:32:16.215 +05:30  INF  CORS policy execution successful.
2024-11-13 15:32:16.215 +05:30  INF  Request finished HTTP/1.1 OPTIONS http://localhost:5145/user/updatecartitem?linerid=219&qty=2 - - - 204 - - 0.2013ms
2024-11-13 15:32:16.217 +05:30  INF  Request starting HTTP/1.1 PUT http://localhost:5145/user/updatecartitem?linerid=219&qty=2 - 0
2024-11-13 15:32:16.217 +05:30  INF  CORS policy execution successful.
2024-11-13 15:32:16.217 +05:30  INF  Executing endpoint 'BAKERBAZZAR.API.Controller.UserController.UpdateCartItem (BAKERBAZZAR.API)'
2024-11-13 15:32:16.217 +05:30  INF  Route matched with {action = "UpdateCartItem", controller = "User"}. Executing controller action with signature System.Threading.Tasks.Task`1[Microsoft.AspNetCore.Mvc.ActionResult`1[BAKERBAZZAR.API.Models.ApiResponse]] UpdateCartItem(Int32, Int32) on controller BAKERBAZZAR.API.Controller.UserController (BAKERBAZZAR.API).
2024-11-13 15:32:16.226 +05:30  INF  Executing ObjectResult, writing value of type 'BAKERBAZZAR.API.Models.ApiResponse'.
2024-11-13 15:32:16.226 +05:30  INF  Executed action BAKERBAZZAR.API.Controller.UserController.UpdateCartItem (BAKERBAZZAR.API) in 8.3746ms
2024-11-13 15:32:16.226 +05:30  INF  Executed endpoint 'BAKERBAZZAR.API.Controller.UserController.UpdateCartItem (BAKERBAZZAR.API)'
2024-11-13 15:32:16.226 +05:30  INF  Request finished HTTP/1.1 PUT http://localhost:5145/user/updatecartitem?linerid=219&qty=2 - 0 - 200 - application/json;+charset=utf-8 9.3744ms
2024-11-13 15:32:19.739 +05:30  INF  Request starting HTTP/1.1 OPTIONS http://localhost:5145/user/cartdetails?displayId=54ad4834-4071-46df-9009-2f2bc60bca0a - -
2024-11-13 15:32:19.739 +05:30  INF  CORS policy execution successful.
2024-11-13 15:32:19.739 +05:30  INF  Request finished HTTP/1.1 OPTIONS http://localhost:5145/user/cartdetails?displayId=54ad4834-4071-46df-9009-2f2bc60bca0a - - - 204 - - 0.3482ms
2024-11-13 15:32:19.740 +05:30  INF  Request starting HTTP/1.1 GET http://localhost:5145/user/cartdetails?displayId=54ad4834-4071-46df-9009-2f2bc60bca0a application/json -
2024-11-13 15:32:19.740 +05:30  INF  CORS policy execution successful.
2024-11-13 15:32:19.741 +05:30  INF  Executing endpoint 'BAKERBAZZAR.API.Controller.UserController.CartDetails (BAKERBAZZAR.API)'
2024-11-13 15:32:19.741 +05:30  INF  Route matched with {action = "CartDetails", controller = "User"}. Executing controller action with signature System.Threading.Tasks.Task`1[Microsoft.AspNetCore.Mvc.ActionResult`1[BAKERBAZZAR.API.Models.ApiResponse]] CartDetails(System.String) on controller BAKERBAZZAR.API.Controller.UserController (BAKERBAZZAR.API).
2024-11-13 15:32:19.758 +05:30  INF  Executing ObjectResult, writing value of type 'BAKERBAZZAR.API.Models.ApiResponse'.
2024-11-13 15:32:19.758 +05:30  INF  Executed action BAKERBAZZAR.API.Controller.UserController.CartDetails (BAKERBAZZAR.API) in 17.134ms
2024-11-13 15:32:19.758 +05:30  INF  Executed endpoint 'BAKERBAZZAR.API.Controller.UserController.CartDetails (BAKERBAZZAR.API)'
2024-11-13 15:32:19.758 +05:30  INF  Request finished HTTP/1.1 GET http://localhost:5145/user/cartdetails?displayId=54ad4834-4071-46df-9009-2f2bc60bca0a application/json - - 200 - application/json;+charset=utf-8 17.9004ms
2024-11-13 15:33:13.909 +05:30  INF  Request starting HTTP/1.1 OPTIONS http://localhost:5145/user/deletecartitem?cartdisplayid=54ad4834-4071-46df-9009-2f2bc60bca0a&cartrid=219 - -
2024-11-13 15:33:13.909 +05:30  INF  CORS policy execution successful.
2024-11-13 15:33:13.909 +05:30  INF  Request finished HTTP/1.1 OPTIONS http://localhost:5145/user/deletecartitem?cartdisplayid=54ad4834-4071-46df-9009-2f2bc60bca0a&cartrid=219 - - - 204 - - 0.2834ms
2024-11-13 15:33:13.912 +05:30  INF  Request starting HTTP/1.1 DELETE http://localhost:5145/user/deletecartitem?cartdisplayid=54ad4834-4071-46df-9009-2f2bc60bca0a&cartrid=219 - -
2024-11-13 15:33:13.912 +05:30  INF  CORS policy execution successful.
2024-11-13 15:33:13.912 +05:30  INF  Executing endpoint 'BAKERBAZZAR.API.Controller.UserController.DeleteCartItem (BAKERBAZZAR.API)'
2024-11-13 15:33:13.912 +05:30  INF  Route matched with {action = "DeleteCartItem", controller = "User"}. Executing controller action with signature System.Threading.Tasks.Task`1[Microsoft.AspNetCore.Mvc.ActionResult`1[BAKERBAZZAR.API.Models.ApiResponse]] DeleteCartItem(System.String, Int32) on controller BAKERBAZZAR.API.Controller.UserController (BAKERBAZZAR.API).
2024-11-13 15:33:13.923 +05:30  INF  Executing ObjectResult, writing value of type 'BAKERBAZZAR.API.Models.ApiResponse'.
2024-11-13 15:33:13.923 +05:30  INF  Executed action BAKERBAZZAR.API.Controller.UserController.DeleteCartItem (BAKERBAZZAR.API) in 11.084ms
2024-11-13 15:33:13.923 +05:30  INF  Executed endpoint 'BAKERBAZZAR.API.Controller.UserController.DeleteCartItem (BAKERBAZZAR.API)'
2024-11-13 15:33:13.923 +05:30  INF  Request finished HTTP/1.1 DELETE http://localhost:5145/user/deletecartitem?cartdisplayid=54ad4834-4071-46df-9009-2f2bc60bca0a&cartrid=219 - - - 200 - application/json;+charset=utf-8 11.4436ms
2024-11-13 15:33:19.536 +05:30  INF  Request starting HTTP/1.1 OPTIONS http://localhost:5145/User/AddToCart - -
2024-11-13 15:33:19.537 +05:30  INF  CORS policy execution successful.
2024-11-13 15:33:19.537 +05:30  INF  Request finished HTTP/1.1 OPTIONS http://localhost:5145/User/AddToCart - - - 204 - - 0.2259ms
2024-11-13 15:33:19.540 +05:30  INF  Request starting HTTP/1.1 POST http://localhost:5145/User/AddToCart application/json 140
2024-11-13 15:33:19.540 +05:30  INF  CORS policy execution successful.
2024-11-13 15:33:19.540 +05:30  INF  Executing endpoint 'BAKERBAZZAR.API.Controller.UserController.AddToCart (BAKERBAZZAR.API)'
2024-11-13 15:33:19.540 +05:30  INF  Route matched with {action = "AddToCart", controller = "User"}. Executing controller action with signature System.Threading.Tasks.Task`1[Microsoft.AspNetCore.Mvc.ActionResult`1[BAKERBAZZAR.API.Models.ApiResponse]] AddToCart(BAKERBAZZAR.API.Models.IO_Templates.AddToCartRequest) on controller BAKERBAZZAR.API.Controller.UserController (BAKERBAZZAR.API).
2024-11-13 15:33:19.576 +05:30  INF  Executing ObjectResult, writing value of type 'BAKERBAZZAR.API.Models.ApiResponse'.
2024-11-13 15:33:19.576 +05:30  INF  Executed action BAKERBAZZAR.API.Controller.UserController.AddToCart (BAKERBAZZAR.API) in 35.5189ms
2024-11-13 15:33:19.576 +05:30  INF  Executed endpoint 'BAKERBAZZAR.API.Controller.UserController.AddToCart (BAKERBAZZAR.API)'
2024-11-13 15:33:19.576 +05:30  INF  Request finished HTTP/1.1 POST http://localhost:5145/User/AddToCart application/json 140 - 200 - application/json;+charset=utf-8 35.9788ms
2024-11-13 15:33:20.658 +05:30  INF  Request starting HTTP/1.1 POST http://localhost:5145/User/AddToCart application/json 140
2024-11-13 15:33:20.658 +05:30  INF  CORS policy execution successful.
2024-11-13 15:33:20.658 +05:30  INF  Executing endpoint 'BAKERBAZZAR.API.Controller.UserController.AddToCart (BAKERBAZZAR.API)'
2024-11-13 15:33:20.658 +05:30  INF  Route matched with {action = "AddToCart", controller = "User"}. Executing controller action with signature System.Threading.Tasks.Task`1[Microsoft.AspNetCore.Mvc.ActionResult`1[BAKERBAZZAR.API.Models.ApiResponse]] AddToCart(BAKERBAZZAR.API.Models.IO_Templates.AddToCartRequest) on controller BAKERBAZZAR.API.Controller.UserController (BAKERBAZZAR.API).
2024-11-13 15:33:20.669 +05:30  INF  Executing ObjectResult, writing value of type 'BAKERBAZZAR.API.Models.ApiResponse'.
2024-11-13 15:33:20.670 +05:30  INF  Executed action BAKERBAZZAR.API.Controller.UserController.AddToCart (BAKERBAZZAR.API) in 11.3759ms
2024-11-13 15:33:20.670 +05:30  INF  Executed endpoint 'BAKERBAZZAR.API.Controller.UserController.AddToCart (BAKERBAZZAR.API)'
2024-11-13 15:33:20.670 +05:30  INF  Request finished HTTP/1.1 POST http://localhost:5145/User/AddToCart application/json 140 - 200 - application/json;+charset=utf-8 12.0770ms
2024-11-13 15:33:22.347 +05:30  INF  Request starting HTTP/1.1 GET http://localhost:5145/User/CartDetails?displayid=54ad4834-4071-46df-9009-2f2bc60bca0a - -
2024-11-13 15:33:22.347 +05:30  INF  CORS policy execution successful.
2024-11-13 15:33:22.348 +05:30  INF  Executing endpoint 'BAKERBAZZAR.API.Controller.UserController.CartDetails (BAKERBAZZAR.API)'
2024-11-13 15:33:22.348 +05:30  INF  Route matched with {action = "CartDetails", controller = "User"}. Executing controller action with signature System.Threading.Tasks.Task`1[Microsoft.AspNetCore.Mvc.ActionResult`1[BAKERBAZZAR.API.Models.ApiResponse]] CartDetails(System.String) on controller BAKERBAZZAR.API.Controller.UserController (BAKERBAZZAR.API).
2024-11-13 15:33:22.365 +05:30  INF  Executing ObjectResult, writing value of type 'BAKERBAZZAR.API.Models.ApiResponse'.
2024-11-13 15:33:22.365 +05:30  INF  Executed action BAKERBAZZAR.API.Controller.UserController.CartDetails (BAKERBAZZAR.API) in 17.4796ms
2024-11-13 15:33:22.365 +05:30  INF  Executed endpoint 'BAKERBAZZAR.API.Controller.UserController.CartDetails (BAKERBAZZAR.API)'
2024-11-13 15:33:22.365 +05:30  INF  Request finished HTTP/1.1 GET http://localhost:5145/User/CartDetails?displayid=54ad4834-4071-46df-9009-2f2bc60bca0a - - - 200 - application/json;+charset=utf-8 18.0204ms
2024-11-13 15:33:22.517 +05:30  INF  Request starting HTTP/1.1 GET http://localhost:5145/User/CartDetails?displayid=54ad4834-4071-46df-9009-2f2bc60bca0a - -
2024-11-13 15:33:22.517 +05:30  INF  CORS policy execution successful.
2024-11-13 15:33:22.517 +05:30  INF  Executing endpoint 'BAKERBAZZAR.API.Controller.UserController.CartDetails (BAKERBAZZAR.API)'
2024-11-13 15:33:22.518 +05:30  INF  Route matched with {action = "CartDetails", controller = "User"}. Executing controller action with signature System.Threading.Tasks.Task`1[Microsoft.AspNetCore.Mvc.ActionResult`1[BAKERBAZZAR.API.Models.ApiResponse]] CartDetails(System.String) on controller BAKERBAZZAR.API.Controller.UserController (BAKERBAZZAR.API).
2024-11-13 15:33:22.519 +05:30  INF  Executing ObjectResult, writing value of type 'BAKERBAZZAR.API.Models.ApiResponse'.
2024-11-13 15:33:22.520 +05:30  INF  Executed action BAKERBAZZAR.API.Controller.UserController.CartDetails (BAKERBAZZAR.API) in 2.04ms
2024-11-13 15:33:22.520 +05:30  INF  Executed endpoint 'BAKERBAZZAR.API.Controller.UserController.CartDetails (BAKERBAZZAR.API)'
2024-11-13 15:33:22.520 +05:30  INF  Request finished HTTP/1.1 GET http://localhost:5145/User/CartDetails?displayid=54ad4834-4071-46df-9009-2f2bc60bca0a - - - 200 - application/json;+charset=utf-8 2.6490ms
2024-11-13 15:33:24.897 +05:30  INF  Request starting HTTP/1.1 OPTIONS http://localhost:5145/user/updatecartitem?linerid=222&qty=1 - -
2024-11-13 15:33:24.897 +05:30  INF  CORS policy execution successful.
2024-11-13 15:33:24.897 +05:30  INF  Request finished HTTP/1.1 OPTIONS http://localhost:5145/user/updatecartitem?linerid=222&qty=1 - - - 204 - - 0.3664ms
2024-11-13 15:33:24.898 +05:30  INF  Request starting HTTP/1.1 PUT http://localhost:5145/user/updatecartitem?linerid=222&qty=1 - 0
2024-11-13 15:33:24.898 +05:30  INF  CORS policy execution successful.
2024-11-13 15:33:24.899 +05:30  INF  Executing endpoint 'BAKERBAZZAR.API.Controller.UserController.UpdateCartItem (BAKERBAZZAR.API)'
2024-11-13 15:33:24.899 +05:30  INF  Route matched with {action = "UpdateCartItem", controller = "User"}. Executing controller action with signature System.Threading.Tasks.Task`1[Microsoft.AspNetCore.Mvc.ActionResult`1[BAKERBAZZAR.API.Models.ApiResponse]] UpdateCartItem(Int32, Int32) on controller BAKERBAZZAR.API.Controller.UserController (BAKERBAZZAR.API).
2024-11-13 15:33:24.906 +05:30  INF  Executing ObjectResult, writing value of type 'BAKERBAZZAR.API.Models.ApiResponse'.
2024-11-13 15:33:24.906 +05:30  INF  Executed action BAKERBAZZAR.API.Controller.UserController.UpdateCartItem (BAKERBAZZAR.API) in 7.0191ms
2024-11-13 15:33:24.906 +05:30  INF  Executed endpoint 'BAKERBAZZAR.API.Controller.UserController.UpdateCartItem (BAKERBAZZAR.API)'
2024-11-13 15:33:24.906 +05:30  INF  Request finished HTTP/1.1 PUT http://localhost:5145/user/updatecartitem?linerid=222&qty=1 - 0 - 200 - application/json;+charset=utf-8 7.7675ms
2024-11-13 15:33:42.460 +05:30  INF  Request starting HTTP/1.1 GET http://localhost:5145/User/CartDetails?displayid=54ad4834-4071-46df-9009-2f2bc60bca0a - -
2024-11-13 15:33:42.460 +05:30  INF  CORS policy execution successful.
2024-11-13 15:33:42.460 +05:30  INF  Executing endpoint 'BAKERBAZZAR.API.Controller.UserController.CartDetails (BAKERBAZZAR.API)'
2024-11-13 15:33:42.460 +05:30  INF  Route matched with {action = "CartDetails", controller = "User"}. Executing controller action with signature System.Threading.Tasks.Task`1[Microsoft.AspNetCore.Mvc.ActionResult`1[BAKERBAZZAR.API.Models.ApiResponse]] CartDetails(System.String) on controller BAKERBAZZAR.API.Controller.UserController (BAKERBAZZAR.API).
2024-11-13 15:33:42.466 +05:30  INF  Request starting HTTP/1.1 GET http://localhost:5145/User/Category - -
2024-11-13 15:33:42.466 +05:30  INF  CORS policy execution successful.
2024-11-13 15:33:42.466 +05:30  INF  Executing endpoint 'BAKERBAZZAR.API.Controller.UserController.Category (BAKERBAZZAR.API)'
2024-11-13 15:33:42.466 +05:30  INF  Route matched with {action = "Category", controller = "User"}. Executing controller action with signature System.Threading.Tasks.Task`1[Microsoft.AspNetCore.Mvc.ActionResult`1[BAKERBAZZAR.API.Models.ApiResponse]] Category(System.String) on controller BAKERBAZZAR.API.Controller.UserController (BAKERBAZZAR.API).
2024-11-13 15:33:42.467 +05:30  INF  Request starting HTTP/1.1 GET http://localhost:5145/user/products?categoryid= - -
2024-11-13 15:33:42.467 +05:30  INF  CORS policy execution successful.
2024-11-13 15:33:42.468 +05:30  INF  Executing endpoint 'BAKERBAZZAR.API.Controller.UserController.Products (BAKERBAZZAR.API)'
2024-11-13 15:33:42.468 +05:30  INF  Route matched with {action = "Products", controller = "User"}. Executing controller action with signature System.Threading.Tasks.Task`1[Microsoft.AspNetCore.Mvc.ActionResult`1[BAKERBAZZAR.API.Models.ApiResponse]] Products(System.String, System.String) on controller BAKERBAZZAR.API.Controller.UserController (BAKERBAZZAR.API).
2024-11-13 15:33:42.471 +05:30  INF  Executing ObjectResult, writing value of type 'BAKERBAZZAR.API.Models.ApiResponse'.
2024-11-13 15:33:42.472 +05:30  INF  Executed action BAKERBAZZAR.API.Controller.UserController.CartDetails (BAKERBAZZAR.API) in 11.1289ms
2024-11-13 15:33:42.472 +05:30  INF  Executed endpoint 'BAKERBAZZAR.API.Controller.UserController.CartDetails (BAKERBAZZAR.API)'
2024-11-13 15:33:42.472 +05:30  INF  Request finished HTTP/1.1 GET http://localhost:5145/User/CartDetails?displayid=54ad4834-4071-46df-9009-2f2bc60bca0a - - - 200 - application/json;+charset=utf-8 11.9325ms
2024-11-13 15:33:42.476 +05:30  INF  Executing ObjectResult, writing value of type 'BAKERBAZZAR.API.Models.ApiResponse'.
2024-11-13 15:33:42.477 +05:30  INF  Executed action BAKERBAZZAR.API.Controller.UserController.Category (BAKERBAZZAR.API) in 10.2597ms
2024-11-13 15:33:42.477 +05:30  INF  Executed endpoint 'BAKERBAZZAR.API.Controller.UserController.Category (BAKERBAZZAR.API)'
2024-11-13 15:33:42.477 +05:30  INF  Request finished HTTP/1.1 GET http://localhost:5145/User/Category - - - 200 - application/json;+charset=utf-8 10.9479ms
2024-11-13 15:33:42.485 +05:30  INF  Executing ObjectResult, writing value of type 'BAKERBAZZAR.API.Models.ApiResponse'.
2024-11-13 15:33:42.486 +05:30  INF  Executed action BAKERBAZZAR.API.Controller.UserController.Products (BAKERBAZZAR.API) in 18.5332ms
2024-11-13 15:33:42.487 +05:30  INF  Executed endpoint 'BAKERBAZZAR.API.Controller.UserController.Products (BAKERBAZZAR.API)'
2024-11-13 15:33:42.487 +05:30  INF  Request finished HTTP/1.1 GET http://localhost:5145/user/products?categoryid= - - - 200 - application/json;+charset=utf-8 19.8646ms
2024-11-13 15:33:42.505 +05:30  INF  Request starting HTTP/1.1 GET http://localhost:5145/user/myorders?displayid=e62f03f4-2dcf-4f80-bc23-341651bd9338 - -
2024-11-13 15:33:42.505 +05:30  INF  CORS policy execution successful.
2024-11-13 15:33:42.505 +05:30  INF  Executing endpoint 'BAKERBAZZAR.API.Controller.UserController.MyOrders (BAKERBAZZAR.API)'
2024-11-13 15:33:42.505 +05:30  INF  Route matched with {action = "MyOrders", controller = "User"}. Executing controller action with signature System.Threading.Tasks.Task`1[Microsoft.AspNetCore.Mvc.ActionResult`1[BAKERBAZZAR.API.Models.ApiResponse]] MyOrders(System.String, System.String, System.String) on controller BAKERBAZZAR.API.Controller.UserController (BAKERBAZZAR.API).
2024-11-13 15:33:42.568 +05:30  INF  Executing ObjectResult, writing value of type 'BAKERBAZZAR.API.Models.ApiResponse'.
2024-11-13 15:33:42.568 +05:30  INF  Executed action BAKERBAZZAR.API.Controller.UserController.MyOrders (BAKERBAZZAR.API) in 62.9332ms
2024-11-13 15:33:42.568 +05:30  INF  Executed endpoint 'BAKERBAZZAR.API.Controller.UserController.MyOrders (BAKERBAZZAR.API)'
2024-11-13 15:33:42.568 +05:30  INF  Request finished HTTP/1.1 GET http://localhost:5145/user/myorders?displayid=e62f03f4-2dcf-4f80-bc23-341651bd9338 - - - 200 - application/json;+charset=utf-8 63.5085ms
2024-11-13 15:33:42.630 +05:30  INF  Request starting HTTP/1.1 GET http://localhost:5145/User/CartDetails?displayid=54ad4834-4071-46df-9009-2f2bc60bca0a - -
2024-11-13 15:33:42.635 +05:30  INF  CORS policy execution successful.
2024-11-13 15:33:42.635 +05:30  INF  Executing endpoint 'BAKERBAZZAR.API.Controller.UserController.CartDetails (BAKERBAZZAR.API)'
2024-11-13 15:33:42.635 +05:30  INF  Route matched with {action = "CartDetails", controller = "User"}. Executing controller action with signature System.Threading.Tasks.Task`1[Microsoft.AspNetCore.Mvc.ActionResult`1[BAKERBAZZAR.API.Models.ApiResponse]] CartDetails(System.String) on controller BAKERBAZZAR.API.Controller.UserController (BAKERBAZZAR.API).
2024-11-13 15:33:42.639 +05:30  INF  Request starting HTTP/1.1 GET http://localhost:5145/User/Category - -
2024-11-13 15:33:42.639 +05:30  INF  CORS policy execution successful.
2024-11-13 15:33:42.640 +05:30  INF  Executing endpoint 'BAKERBAZZAR.API.Controller.UserController.Category (BAKERBAZZAR.API)'
2024-11-13 15:33:42.640 +05:30  INF  Executing ObjectResult, writing value of type 'BAKERBAZZAR.API.Models.ApiResponse'.
2024-11-13 15:33:42.640 +05:30  INF  Route matched with {action = "Category", controller = "User"}. Executing controller action with signature System.Threading.Tasks.Task`1[Microsoft.AspNetCore.Mvc.ActionResult`1[BAKERBAZZAR.API.Models.ApiResponse]] Category(System.String) on controller BAKERBAZZAR.API.Controller.UserController (BAKERBAZZAR.API).
2024-11-13 15:33:42.640 +05:30  INF  Executed action BAKERBAZZAR.API.Controller.UserController.CartDetails (BAKERBAZZAR.API) in 4.6807ms
2024-11-13 15:33:42.640 +05:30  INF  Executed endpoint 'BAKERBAZZAR.API.Controller.UserController.CartDetails (BAKERBAZZAR.API)'
2024-11-13 15:33:42.640 +05:30  INF  Request finished HTTP/1.1 GET http://localhost:5145/User/CartDetails?displayid=54ad4834-4071-46df-9009-2f2bc60bca0a - - - 200 - application/json;+charset=utf-8 9.8065ms
2024-11-13 15:33:42.641 +05:30  INF  Request starting HTTP/1.1 GET http://localhost:5145/user/products?categoryid= - -
2024-11-13 15:33:42.641 +05:30  INF  CORS policy execution successful.
2024-11-13 15:33:42.641 +05:30  INF  Executing endpoint 'BAKERBAZZAR.API.Controller.UserController.Products (BAKERBAZZAR.API)'
2024-11-13 15:33:42.641 +05:30  INF  Route matched with {action = "Products", controller = "User"}. Executing controller action with signature System.Threading.Tasks.Task`1[Microsoft.AspNetCore.Mvc.ActionResult`1[BAKERBAZZAR.API.Models.ApiResponse]] Products(System.String, System.String) on controller BAKERBAZZAR.API.Controller.UserController (BAKERBAZZAR.API).
2024-11-13 15:33:42.643 +05:30  INF  Executing ObjectResult, writing value of type 'BAKERBAZZAR.API.Models.ApiResponse'.
2024-11-13 15:33:42.643 +05:30  INF  Executed action BAKERBAZZAR.API.Controller.UserController.Category (BAKERBAZZAR.API) in 3.3403ms
2024-11-13 15:33:42.643 +05:30  INF  Executed endpoint 'BAKERBAZZAR.API.Controller.UserController.Category (BAKERBAZZAR.API)'
2024-11-13 15:33:42.643 +05:30  INF  Request finished HTTP/1.1 GET http://localhost:5145/User/Category - - - 200 - application/json;+charset=utf-8 4.3407ms
2024-11-13 15:33:42.650 +05:30  INF  Executing ObjectResult, writing value of type 'BAKERBAZZAR.API.Models.ApiResponse'.
2024-11-13 15:33:42.653 +05:30  INF  Executed action BAKERBAZZAR.API.Controller.UserController.Products (BAKERBAZZAR.API) in 11.9106ms
2024-11-13 15:33:42.653 +05:30  INF  Executed endpoint 'BAKERBAZZAR.API.Controller.UserController.Products (BAKERBAZZAR.API)'
2024-11-13 15:33:42.653 +05:30  INF  Request finished HTTP/1.1 GET http://localhost:5145/user/products?categoryid= - - - 200 - application/json;+charset=utf-8 12.7200ms
2024-11-13 15:33:49.745 +05:30  INF  Request starting HTTP/1.1 OPTIONS http://localhost:5145/user/updatecartitem?linerid=222&qty=1 - -
2024-11-13 15:33:49.745 +05:30  INF  CORS policy execution successful.
2024-11-13 15:33:49.745 +05:30  INF  Request finished HTTP/1.1 OPTIONS http://localhost:5145/user/updatecartitem?linerid=222&qty=1 - - - 204 - - 0.4535ms
2024-11-13 15:33:49.746 +05:30  INF  Request starting HTTP/1.1 PUT http://localhost:5145/user/updatecartitem?linerid=222&qty=1 - 0
2024-11-13 15:33:49.747 +05:30  INF  CORS policy execution successful.
2024-11-13 15:33:49.747 +05:30  INF  Executing endpoint 'BAKERBAZZAR.API.Controller.UserController.UpdateCartItem (BAKERBAZZAR.API)'
2024-11-13 15:33:49.747 +05:30  INF  Route matched with {action = "UpdateCartItem", controller = "User"}. Executing controller action with signature System.Threading.Tasks.Task`1[Microsoft.AspNetCore.Mvc.ActionResult`1[BAKERBAZZAR.API.Models.ApiResponse]] UpdateCartItem(Int32, Int32) on controller BAKERBAZZAR.API.Controller.UserController (BAKERBAZZAR.API).
2024-11-13 15:33:49.759 +05:30  INF  Executing ObjectResult, writing value of type 'BAKERBAZZAR.API.Models.ApiResponse'.
2024-11-13 15:33:49.759 +05:30  INF  Executed action BAKERBAZZAR.API.Controller.UserController.UpdateCartItem (BAKERBAZZAR.API) in 12.0315ms
2024-11-13 15:33:49.759 +05:30  INF  Executed endpoint 'BAKERBAZZAR.API.Controller.UserController.UpdateCartItem (BAKERBAZZAR.API)'
2024-11-13 15:33:49.759 +05:30  INF  Request finished HTTP/1.1 PUT http://localhost:5145/user/updatecartitem?linerid=222&qty=1 - 0 - 200 - application/json;+charset=utf-8 12.5020ms
2024-11-13 15:34:51.398 +05:30  INF  Request starting HTTP/1.1 GET http://localhost:5145/User/CartDetails?displayid=54ad4834-4071-46df-9009-2f2bc60bca0a - -
2024-11-13 15:34:51.400 +05:30  INF  CORS policy execution successful.
2024-11-13 15:34:51.400 +05:30  INF  Executing endpoint 'BAKERBAZZAR.API.Controller.UserController.CartDetails (BAKERBAZZAR.API)'
2024-11-13 15:34:51.401 +05:30  INF  Route matched with {action = "CartDetails", controller = "User"}. Executing controller action with signature System.Threading.Tasks.Task`1[Microsoft.AspNetCore.Mvc.ActionResult`1[BAKERBAZZAR.API.Models.ApiResponse]] CartDetails(System.String) on controller BAKERBAZZAR.API.Controller.UserController (BAKERBAZZAR.API).
2024-11-13 15:34:51.410 +05:30  INF  Request starting HTTP/1.1 GET http://localhost:5145/User/Category - -
2024-11-13 15:34:51.410 +05:30  INF  CORS policy execution successful.
2024-11-13 15:34:51.410 +05:30  INF  Executing endpoint 'BAKERBAZZAR.API.Controller.UserController.Category (BAKERBAZZAR.API)'
2024-11-13 15:34:51.410 +05:30  INF  Route matched with {action = "Category", controller = "User"}. Executing controller action with signature System.Threading.Tasks.Task`1[Microsoft.AspNetCore.Mvc.ActionResult`1[BAKERBAZZAR.API.Models.ApiResponse]] Category(System.String) on controller BAKERBAZZAR.API.Controller.UserController (BAKERBAZZAR.API).
2024-11-13 15:34:51.413 +05:30  INF  Request starting HTTP/1.1 GET http://localhost:5145/user/products?categoryid= - -
2024-11-13 15:34:51.413 +05:30  INF  CORS policy execution successful.
2024-11-13 15:34:51.413 +05:30  INF  Executing endpoint 'BAKERBAZZAR.API.Controller.UserController.Products (BAKERBAZZAR.API)'
2024-11-13 15:34:51.413 +05:30  INF  Route matched with {action = "Products", controller = "User"}. Executing controller action with signature System.Threading.Tasks.Task`1[Microsoft.AspNetCore.Mvc.ActionResult`1[BAKERBAZZAR.API.Models.ApiResponse]] Products(System.String, System.String) on controller BAKERBAZZAR.API.Controller.UserController (BAKERBAZZAR.API).
2024-11-13 15:34:51.432 +05:30  INF  Request starting HTTP/1.1 GET http://localhost:5145/user/myorders?displayid=e62f03f4-2dcf-4f80-bc23-341651bd9338 - -
2024-11-13 15:34:51.432 +05:30  INF  CORS policy execution successful.
2024-11-13 15:34:51.432 +05:30  INF  Executing endpoint 'BAKERBAZZAR.API.Controller.UserController.MyOrders (BAKERBAZZAR.API)'
2024-11-13 15:34:51.432 +05:30  INF  Route matched with {action = "MyOrders", controller = "User"}. Executing controller action with signature System.Threading.Tasks.Task`1[Microsoft.AspNetCore.Mvc.ActionResult`1[BAKERBAZZAR.API.Models.ApiResponse]] MyOrders(System.String, System.String, System.String) on controller BAKERBAZZAR.API.Controller.UserController (BAKERBAZZAR.API).
2024-11-13 15:34:51.485 +05:30  INF  Executing ObjectResult, writing value of type 'BAKERBAZZAR.API.Models.ApiResponse'.
2024-11-13 15:34:51.486 +05:30  INF  Executed action BAKERBAZZAR.API.Controller.UserController.Category (BAKERBAZZAR.API) in 75.5135ms
2024-11-13 15:34:51.486 +05:30  INF  Executed endpoint 'BAKERBAZZAR.API.Controller.UserController.Category (BAKERBAZZAR.API)'
2024-11-13 15:34:51.486 +05:30  INF  Request finished HTTP/1.1 GET http://localhost:5145/User/Category - - - 200 - application/json;+charset=utf-8 76.3355ms
2024-11-13 15:34:51.490 +05:30  INF  Executing ObjectResult, writing value of type 'BAKERBAZZAR.API.Models.ApiResponse'.
2024-11-13 15:34:51.491 +05:30  INF  Executed action BAKERBAZZAR.API.Controller.UserController.Products (BAKERBAZZAR.API) in 77.9635ms
2024-11-13 15:34:51.491 +05:30  INF  Executed endpoint 'BAKERBAZZAR.API.Controller.UserController.Products (BAKERBAZZAR.API)'
2024-11-13 15:34:51.491 +05:30  INF  Request finished HTTP/1.1 GET http://localhost:5145/user/products?categoryid= - - - 200 - application/json;+charset=utf-8 79.7081ms
2024-11-13 15:34:51.500 +05:30  INF  Executing ObjectResult, writing value of type 'BAKERBAZZAR.API.Models.ApiResponse'.
2024-11-13 15:34:51.501 +05:30  INF  Executed action BAKERBAZZAR.API.Controller.UserController.CartDetails (BAKERBAZZAR.API) in 100.0792ms
2024-11-13 15:34:51.501 +05:30  INF  Executed endpoint 'BAKERBAZZAR.API.Controller.UserController.CartDetails (BAKERBAZZAR.API)'
2024-11-13 15:34:51.501 +05:30  INF  Request finished HTTP/1.1 GET http://localhost:5145/User/CartDetails?displayid=54ad4834-4071-46df-9009-2f2bc60bca0a - - - 200 - application/json;+charset=utf-8 105.0041ms
2024-11-13 15:34:51.587 +05:30  INF  Request starting HTTP/1.1 GET http://localhost:5145/User/CartDetails?displayid=54ad4834-4071-46df-9009-2f2bc60bca0a - -
2024-11-13 15:34:51.587 +05:30  INF  CORS policy execution successful.
2024-11-13 15:34:51.587 +05:30  INF  Executing endpoint 'BAKERBAZZAR.API.Controller.UserController.CartDetails (BAKERBAZZAR.API)'
2024-11-13 15:34:51.587 +05:30  INF  Route matched with {action = "CartDetails", controller = "User"}. Executing controller action with signature System.Threading.Tasks.Task`1[Microsoft.AspNetCore.Mvc.ActionResult`1[BAKERBAZZAR.API.Models.ApiResponse]] CartDetails(System.String) on controller BAKERBAZZAR.API.Controller.UserController (BAKERBAZZAR.API).
2024-11-13 15:34:51.590 +05:30  INF  Request starting HTTP/1.1 GET http://localhost:5145/User/Category - -
2024-11-13 15:34:51.591 +05:30  INF  CORS policy execution successful.
2024-11-13 15:34:51.593 +05:30  INF  Executing endpoint 'BAKERBAZZAR.API.Controller.UserController.Category (BAKERBAZZAR.API)'
2024-11-13 15:34:51.593 +05:30  INF  Route matched with {action = "Category", controller = "User"}. Executing controller action with signature System.Threading.Tasks.Task`1[Microsoft.AspNetCore.Mvc.ActionResult`1[BAKERBAZZAR.API.Models.ApiResponse]] Category(System.String) on controller BAKERBAZZAR.API.Controller.UserController (BAKERBAZZAR.API).
2024-11-13 15:34:51.598 +05:30  INF  Request starting HTTP/1.1 GET http://localhost:5145/user/products?categoryid= - -
2024-11-13 15:34:51.598 +05:30  INF  CORS policy execution successful.
2024-11-13 15:34:51.598 +05:30  INF  Executing endpoint 'BAKERBAZZAR.API.Controller.UserController.Products (BAKERBAZZAR.API)'
2024-11-13 15:34:51.598 +05:30  INF  Route matched with {action = "Products", controller = "User"}. Executing controller action with signature System.Threading.Tasks.Task`1[Microsoft.AspNetCore.Mvc.ActionResult`1[BAKERBAZZAR.API.Models.ApiResponse]] Products(System.String, System.String) on controller BAKERBAZZAR.API.Controller.UserController (BAKERBAZZAR.API).
2024-11-13 15:34:51.618 +05:30  INF  Executing ObjectResult, writing value of type 'BAKERBAZZAR.API.Models.ApiResponse'.
2024-11-13 15:34:51.619 +05:30  INF  Executed action BAKERBAZZAR.API.Controller.UserController.CartDetails (BAKERBAZZAR.API) in 31.3347ms
2024-11-13 15:34:51.619 +05:30  INF  Executed endpoint 'BAKERBAZZAR.API.Controller.UserController.CartDetails (BAKERBAZZAR.API)'
2024-11-13 15:34:51.619 +05:30  INF  Request finished HTTP/1.1 GET http://localhost:5145/User/CartDetails?displayid=54ad4834-4071-46df-9009-2f2bc60bca0a - - - 200 - application/json;+charset=utf-8 31.9540ms
2024-11-13 15:34:51.635 +05:30  INF  Executing ObjectResult, writing value of type 'BAKERBAZZAR.API.Models.ApiResponse'.
2024-11-13 15:34:51.636 +05:30  INF  Executed action BAKERBAZZAR.API.Controller.UserController.Category (BAKERBAZZAR.API) in 42.4914ms
2024-11-13 15:34:51.636 +05:30  INF  Executed endpoint 'BAKERBAZZAR.API.Controller.UserController.Category (BAKERBAZZAR.API)'
2024-11-13 15:34:51.636 +05:30  INF  Request finished HTTP/1.1 GET http://localhost:5145/User/Category - - - 200 - application/json;+charset=utf-8 45.4388ms
2024-11-13 15:34:51.638 +05:30  INF  Executing ObjectResult, writing value of type 'BAKERBAZZAR.API.Models.ApiResponse'.
2024-11-13 15:34:51.639 +05:30  INF  Executed action BAKERBAZZAR.API.Controller.UserController.Products (BAKERBAZZAR.API) in 40.2774ms
2024-11-13 15:34:51.639 +05:30  INF  Executed endpoint 'BAKERBAZZAR.API.Controller.UserController.Products (BAKERBAZZAR.API)'
2024-11-13 15:34:51.639 +05:30  INF  Request finished HTTP/1.1 GET http://localhost:5145/user/products?categoryid= - - - 200 - application/json;+charset=utf-8 41.2167ms
2024-11-13 15:34:51.668 +05:30  INF  Executing ObjectResult, writing value of type 'BAKERBAZZAR.API.Models.ApiResponse'.
2024-11-13 15:34:51.669 +05:30  INF  Executed action BAKERBAZZAR.API.Controller.UserController.MyOrders (BAKERBAZZAR.API) in 236.7823ms
2024-11-13 15:34:51.669 +05:30  INF  Executed endpoint 'BAKERBAZZAR.API.Controller.UserController.MyOrders (BAKERBAZZAR.API)'
2024-11-13 15:34:51.680 +05:30  INF  Request finished HTTP/1.1 GET http://localhost:5145/user/myorders?displayid=e62f03f4-2dcf-4f80-bc23-341651bd9338 - - - 200 - application/json;+charset=utf-8 237.5625ms
2024-11-13 15:35:03.765 +05:30  INF  Request starting HTTP/1.1 OPTIONS http://localhost:5145/user/cartdetails?displayId=54ad4834-4071-46df-9009-2f2bc60bca0a - -
2024-11-13 15:35:03.766 +05:30  INF  CORS policy execution successful.
2024-11-13 15:35:03.766 +05:30  INF  Request finished HTTP/1.1 OPTIONS http://localhost:5145/user/cartdetails?displayId=54ad4834-4071-46df-9009-2f2bc60bca0a - - - 204 - - 1.0811ms
2024-11-13 15:35:03.769 +05:30  INF  Request starting HTTP/1.1 GET http://localhost:5145/user/cartdetails?displayId=54ad4834-4071-46df-9009-2f2bc60bca0a application/json -
2024-11-13 15:35:03.770 +05:30  INF  CORS policy execution successful.
2024-11-13 15:35:03.770 +05:30  INF  Executing endpoint 'BAKERBAZZAR.API.Controller.UserController.CartDetails (BAKERBAZZAR.API)'
2024-11-13 15:35:03.770 +05:30  INF  Route matched with {action = "CartDetails", controller = "User"}. Executing controller action with signature System.Threading.Tasks.Task`1[Microsoft.AspNetCore.Mvc.ActionResult`1[BAKERBAZZAR.API.Models.ApiResponse]] CartDetails(System.String) on controller BAKERBAZZAR.API.Controller.UserController (BAKERBAZZAR.API).
2024-11-13 15:35:03.802 +05:30  INF  Executing ObjectResult, writing value of type 'BAKERBAZZAR.API.Models.ApiResponse'.
2024-11-13 15:35:03.803 +05:30  INF  Executed action BAKERBAZZAR.API.Controller.UserController.CartDetails (BAKERBAZZAR.API) in 32.4319ms
2024-11-13 15:35:03.803 +05:30  INF  Executed endpoint 'BAKERBAZZAR.API.Controller.UserController.CartDetails (BAKERBAZZAR.API)'
2024-11-13 15:35:03.803 +05:30  INF  Request finished HTTP/1.1 GET http://localhost:5145/user/cartdetails?displayId=54ad4834-4071-46df-9009-2f2bc60bca0a application/json - - 200 - application/json;+charset=utf-8 33.6405ms
2024-11-13 15:35:07.136 +05:30  INF  Request starting HTTP/1.1 OPTIONS http://localhost:5145/user/updatecartitem?linerid=222&qty=2 - -
2024-11-13 15:35:07.136 +05:30  INF  CORS policy execution successful.
2024-11-13 15:35:07.137 +05:30  INF  Request finished HTTP/1.1 OPTIONS http://localhost:5145/user/updatecartitem?linerid=222&qty=2 - - - 204 - - 0.2713ms
2024-11-13 15:35:07.138 +05:30  INF  Request starting HTTP/1.1 PUT http://localhost:5145/user/updatecartitem?linerid=222&qty=2 application/json 0
2024-11-13 15:35:07.138 +05:30  INF  Request starting HTTP/1.1 GET http://localhost:5145/user/cartdetails?displayId=54ad4834-4071-46df-9009-2f2bc60bca0a application/json -
2024-11-13 15:35:07.138 +05:30  INF  CORS policy execution successful.
2024-11-13 15:35:07.138 +05:30  INF  CORS policy execution successful.
2024-11-13 15:35:07.138 +05:30  INF  Executing endpoint 'BAKERBAZZAR.API.Controller.UserController.CartDetails (BAKERBAZZAR.API)'
2024-11-13 15:35:07.138 +05:30  INF  Executing endpoint 'BAKERBAZZAR.API.Controller.UserController.UpdateCartItem (BAKERBAZZAR.API)'
2024-11-13 15:35:07.139 +05:30  INF  Route matched with {action = "UpdateCartItem", controller = "User"}. Executing controller action with signature System.Threading.Tasks.Task`1[Microsoft.AspNetCore.Mvc.ActionResult`1[BAKERBAZZAR.API.Models.ApiResponse]] UpdateCartItem(Int32, Int32) on controller BAKERBAZZAR.API.Controller.UserController (BAKERBAZZAR.API).
2024-11-13 15:35:07.139 +05:30  INF  Route matched with {action = "CartDetails", controller = "User"}. Executing controller action with signature System.Threading.Tasks.Task`1[Microsoft.AspNetCore.Mvc.ActionResult`1[BAKERBAZZAR.API.Models.ApiResponse]] CartDetails(System.String) on controller BAKERBAZZAR.API.Controller.UserController (BAKERBAZZAR.API).
2024-11-13 15:35:07.158 +05:30  INF  Executing ObjectResult, writing value of type 'BAKERBAZZAR.API.Models.ApiResponse'.
2024-11-13 15:35:07.159 +05:30  INF  Executed action BAKERBAZZAR.API.Controller.UserController.CartDetails (BAKERBAZZAR.API) in 20.1802ms
2024-11-13 15:35:07.159 +05:30  INF  Executed endpoint 'BAKERBAZZAR.API.Controller.UserController.CartDetails (BAKERBAZZAR.API)'
2024-11-13 15:35:07.159 +05:30  INF  Request finished HTTP/1.1 GET http://localhost:5145/user/cartdetails?displayId=54ad4834-4071-46df-9009-2f2bc60bca0a application/json - - 200 - application/json;+charset=utf-8 20.7949ms
2024-11-13 15:35:07.164 +05:30  INF  Executing ObjectResult, writing value of type 'BAKERBAZZAR.API.Models.ApiResponse'.
2024-11-13 15:35:07.164 +05:30  INF  Executed action BAKERBAZZAR.API.Controller.UserController.UpdateCartItem (BAKERBAZZAR.API) in 25.1946ms
2024-11-13 15:35:07.164 +05:30  INF  Executed endpoint 'BAKERBAZZAR.API.Controller.UserController.UpdateCartItem (BAKERBAZZAR.API)'
2024-11-13 15:35:07.164 +05:30  INF  Request finished HTTP/1.1 PUT http://localhost:5145/user/updatecartitem?linerid=222&qty=2 application/json 0 - 200 - application/json;+charset=utf-8 25.6552ms
2024-11-13 15:35:30.436 +05:30  INF  Request starting HTTP/1.1 OPTIONS http://localhost:5145/user/updatecartitem?linerid=222&qty=2 - -
2024-11-13 15:35:30.437 +05:30  INF  CORS policy execution successful.
2024-11-13 15:35:30.437 +05:30  INF  Request finished HTTP/1.1 OPTIONS http://localhost:5145/user/updatecartitem?linerid=222&qty=2 - - - 204 - - 0.3090ms
2024-11-13 15:35:30.438 +05:30  INF  Request starting HTTP/1.1 PUT http://localhost:5145/user/updatecartitem?linerid=222&qty=2 application/json 0
2024-11-13 15:35:30.438 +05:30  INF  CORS policy execution successful.
2024-11-13 15:35:30.438 +05:30  INF  Executing endpoint 'BAKERBAZZAR.API.Controller.UserController.UpdateCartItem (BAKERBAZZAR.API)'
2024-11-13 15:35:30.438 +05:30  INF  Request starting HTTP/1.1 OPTIONS http://localhost:5145/user/cartdetails?displayId=54ad4834-4071-46df-9009-2f2bc60bca0a - -
2024-11-13 15:35:30.438 +05:30  INF  CORS policy execution successful.
2024-11-13 15:35:30.438 +05:30  INF  Route matched with {action = "UpdateCartItem", controller = "User"}. Executing controller action with signature System.Threading.Tasks.Task`1[Microsoft.AspNetCore.Mvc.ActionResult`1[BAKERBAZZAR.API.Models.ApiResponse]] UpdateCartItem(Int32, Int32) on controller BAKERBAZZAR.API.Controller.UserController (BAKERBAZZAR.API).
2024-11-13 15:35:30.438 +05:30  INF  Request finished HTTP/1.1 OPTIONS http://localhost:5145/user/cartdetails?displayId=54ad4834-4071-46df-9009-2f2bc60bca0a - - - 204 - - 0.0829ms
2024-11-13 15:35:30.440 +05:30  INF  Request starting HTTP/1.1 GET http://localhost:5145/user/cartdetails?displayId=54ad4834-4071-46df-9009-2f2bc60bca0a application/json -
2024-11-13 15:35:30.440 +05:30  INF  CORS policy execution successful.
2024-11-13 15:35:30.440 +05:30  INF  Executing endpoint 'BAKERBAZZAR.API.Controller.UserController.CartDetails (BAKERBAZZAR.API)'
2024-11-13 15:35:30.440 +05:30  INF  Route matched with {action = "CartDetails", controller = "User"}. Executing controller action with signature System.Threading.Tasks.Task`1[Microsoft.AspNetCore.Mvc.ActionResult`1[BAKERBAZZAR.API.Models.ApiResponse]] CartDetails(System.String) on controller BAKERBAZZAR.API.Controller.UserController (BAKERBAZZAR.API).
2024-11-13 15:35:30.457 +05:30  INF  Executing ObjectResult, writing value of type 'BAKERBAZZAR.API.Models.ApiResponse'.
2024-11-13 15:35:30.458 +05:30  INF  Executed action BAKERBAZZAR.API.Controller.UserController.UpdateCartItem (BAKERBAZZAR.API) in 19.2063ms
2024-11-13 15:35:30.458 +05:30  INF  Executed endpoint 'BAKERBAZZAR.API.Controller.UserController.UpdateCartItem (BAKERBAZZAR.API)'
2024-11-13 15:35:30.458 +05:30  INF  Request finished HTTP/1.1 PUT http://localhost:5145/user/updatecartitem?linerid=222&qty=2 application/json 0 - 200 - application/json;+charset=utf-8 19.6470ms
2024-11-13 15:35:30.459 +05:30  INF  Executing ObjectResult, writing value of type 'BAKERBAZZAR.API.Models.ApiResponse'.
2024-11-13 15:35:30.460 +05:30  INF  Executed action BAKERBAZZAR.API.Controller.UserController.CartDetails (BAKERBAZZAR.API) in 19.689ms
2024-11-13 15:35:30.460 +05:30  INF  Executed endpoint 'BAKERBAZZAR.API.Controller.UserController.CartDetails (BAKERBAZZAR.API)'
2024-11-13 15:35:30.460 +05:30  INF  Request finished HTTP/1.1 GET http://localhost:5145/user/cartdetails?displayId=54ad4834-4071-46df-9009-2f2bc60bca0a application/json - - 200 - application/json;+charset=utf-8 20.1299ms
2024-11-13 15:35:36.033 +05:30  INF  Request starting HTTP/1.1 OPTIONS http://localhost:5145/user/cartdetails?displayId=54ad4834-4071-46df-9009-2f2bc60bca0a - -
2024-11-13 15:35:36.033 +05:30  INF  CORS policy execution successful.
2024-11-13 15:35:36.034 +05:30  INF  Request finished HTTP/1.1 OPTIONS http://localhost:5145/user/cartdetails?displayId=54ad4834-4071-46df-9009-2f2bc60bca0a - - - 204 - - 0.7280ms
2024-11-13 15:35:36.035 +05:30  INF  Request starting HTTP/1.1 GET http://localhost:5145/user/cartdetails?displayId=54ad4834-4071-46df-9009-2f2bc60bca0a application/json -
2024-11-13 15:35:36.036 +05:30  INF  CORS policy execution successful.
2024-11-13 15:35:36.036 +05:30  INF  Executing endpoint 'BAKERBAZZAR.API.Controller.UserController.CartDetails (BAKERBAZZAR.API)'
2024-11-13 15:35:36.036 +05:30  INF  Route matched with {action = "CartDetails", controller = "User"}. Executing controller action with signature System.Threading.Tasks.Task`1[Microsoft.AspNetCore.Mvc.ActionResult`1[BAKERBAZZAR.API.Models.ApiResponse]] CartDetails(System.String) on controller BAKERBAZZAR.API.Controller.UserController (BAKERBAZZAR.API).
2024-11-13 15:35:36.039 +05:30  INF  Executing ObjectResult, writing value of type 'BAKERBAZZAR.API.Models.ApiResponse'.
2024-11-13 15:35:36.039 +05:30  INF  Executed action BAKERBAZZAR.API.Controller.UserController.CartDetails (BAKERBAZZAR.API) in 3.5177ms
2024-11-13 15:35:36.039 +05:30  INF  Executed endpoint 'BAKERBAZZAR.API.Controller.UserController.CartDetails (BAKERBAZZAR.API)'
2024-11-13 15:35:36.039 +05:30  INF  Request finished HTTP/1.1 GET http://localhost:5145/user/cartdetails?displayId=54ad4834-4071-46df-9009-2f2bc60bca0a application/json - - 200 - application/json;+charset=utf-8 4.1485ms
2024-11-13 15:35:44.695 +05:30  INF  Request starting HTTP/1.1 GET http://localhost:5145/User/CartDetails?displayid=54ad4834-4071-46df-9009-2f2bc60bca0a - -
2024-11-13 15:35:44.696 +05:30  INF  CORS policy execution successful.
2024-11-13 15:35:44.696 +05:30  INF  Executing endpoint 'BAKERBAZZAR.API.Controller.UserController.CartDetails (BAKERBAZZAR.API)'
2024-11-13 15:35:44.696 +05:30  INF  Route matched with {action = "CartDetails", controller = "User"}. Executing controller action with signature System.Threading.Tasks.Task`1[Microsoft.AspNetCore.Mvc.ActionResult`1[BAKERBAZZAR.API.Models.ApiResponse]] CartDetails(System.String) on controller BAKERBAZZAR.API.Controller.UserController (BAKERBAZZAR.API).
2024-11-13 15:35:44.702 +05:30  INF  Request starting HTTP/1.1 GET http://localhost:5145/User/Category - -
2024-11-13 15:35:44.703 +05:30  INF  CORS policy execution successful.
2024-11-13 15:35:44.703 +05:30  INF  Executing ObjectResult, writing value of type 'BAKERBAZZAR.API.Models.ApiResponse'.
2024-11-13 15:35:44.703 +05:30  INF  Executing endpoint 'BAKERBAZZAR.API.Controller.UserController.Category (BAKERBAZZAR.API)'
2024-11-13 15:35:44.703 +05:30  INF  Route matched with {action = "Category", controller = "User"}. Executing controller action with signature System.Threading.Tasks.Task`1[Microsoft.AspNetCore.Mvc.ActionResult`1[BAKERBAZZAR.API.Models.ApiResponse]] Category(System.String) on controller BAKERBAZZAR.API.Controller.UserController (BAKERBAZZAR.API).
2024-11-13 15:35:44.703 +05:30  INF  Executed action BAKERBAZZAR.API.Controller.UserController.CartDetails (BAKERBAZZAR.API) in 6.9326ms
2024-11-13 15:35:44.703 +05:30  INF  Executed endpoint 'BAKERBAZZAR.API.Controller.UserController.CartDetails (BAKERBAZZAR.API)'
2024-11-13 15:35:44.703 +05:30  INF  Request finished HTTP/1.1 GET http://localhost:5145/User/CartDetails?displayid=54ad4834-4071-46df-9009-2f2bc60bca0a - - - 200 - application/json;+charset=utf-8 8.4217ms
2024-11-13 15:35:44.703 +05:30  INF  Request starting HTTP/1.1 GET http://localhost:5145/user/products?categoryid= - -
2024-11-13 15:35:44.703 +05:30  INF  CORS policy execution successful.
2024-11-13 15:35:44.703 +05:30  INF  Executing endpoint 'BAKERBAZZAR.API.Controller.UserController.Products (BAKERBAZZAR.API)'
2024-11-13 15:35:44.704 +05:30  INF  Route matched with {action = "Products", controller = "User"}. Executing controller action with signature System.Threading.Tasks.Task`1[Microsoft.AspNetCore.Mvc.ActionResult`1[BAKERBAZZAR.API.Models.ApiResponse]] Products(System.String, System.String) on controller BAKERBAZZAR.API.Controller.UserController (BAKERBAZZAR.API).
2024-11-13 15:35:44.712 +05:30  INF  Executing ObjectResult, writing value of type 'BAKERBAZZAR.API.Models.ApiResponse'.
2024-11-13 15:35:44.712 +05:30  INF  Executed action BAKERBAZZAR.API.Controller.UserController.Category (BAKERBAZZAR.API) in 8.7336ms
2024-11-13 15:35:44.712 +05:30  INF  Executed endpoint 'BAKERBAZZAR.API.Controller.UserController.Category (BAKERBAZZAR.API)'
2024-11-13 15:35:44.712 +05:30  INF  Request finished HTTP/1.1 GET http://localhost:5145/User/Category - - - 200 - application/json;+charset=utf-8 9.5783ms
2024-11-13 15:35:44.720 +05:30  INF  Executing ObjectResult, writing value of type 'BAKERBAZZAR.API.Models.ApiResponse'.
2024-11-13 15:35:44.721 +05:30  INF  Executed action BAKERBAZZAR.API.Controller.UserController.Products (BAKERBAZZAR.API) in 17.6278ms
2024-11-13 15:35:44.721 +05:30  INF  Executed endpoint 'BAKERBAZZAR.API.Controller.UserController.Products (BAKERBAZZAR.API)'
2024-11-13 15:35:44.721 +05:30  INF  Request finished HTTP/1.1 GET http://localhost:5145/user/products?categoryid= - - - 200 - application/json;+charset=utf-8 18.0780ms
2024-11-13 15:35:44.732 +05:30  INF  Request starting HTTP/1.1 GET http://localhost:5145/user/myorders?displayid=e62f03f4-2dcf-4f80-bc23-341651bd9338 - -
2024-11-13 15:35:44.732 +05:30  INF  CORS policy execution successful.
2024-11-13 15:35:44.732 +05:30  INF  Executing endpoint 'BAKERBAZZAR.API.Controller.UserController.MyOrders (BAKERBAZZAR.API)'
2024-11-13 15:35:44.732 +05:30  INF  Route matched with {action = "MyOrders", controller = "User"}. Executing controller action with signature System.Threading.Tasks.Task`1[Microsoft.AspNetCore.Mvc.ActionResult`1[BAKERBAZZAR.API.Models.ApiResponse]] MyOrders(System.String, System.String, System.String) on controller BAKERBAZZAR.API.Controller.UserController (BAKERBAZZAR.API).
2024-11-13 15:35:44.762 +05:30  INF  Executing ObjectResult, writing value of type 'BAKERBAZZAR.API.Models.ApiResponse'.
2024-11-13 15:35:44.763 +05:30  INF  Executed action BAKERBAZZAR.API.Controller.UserController.MyOrders (BAKERBAZZAR.API) in 30.7268ms
2024-11-13 15:35:44.763 +05:30  INF  Executed endpoint 'BAKERBAZZAR.API.Controller.UserController.MyOrders (BAKERBAZZAR.API)'
2024-11-13 15:35:44.763 +05:30  INF  Request finished HTTP/1.1 GET http://localhost:5145/user/myorders?displayid=e62f03f4-2dcf-4f80-bc23-341651bd9338 - - - 200 - application/json;+charset=utf-8 31.3497ms
2024-11-13 15:35:44.866 +05:30  INF  Request starting HTTP/1.1 GET http://localhost:5145/User/CartDetails?displayid=54ad4834-4071-46df-9009-2f2bc60bca0a - -
2024-11-13 15:35:44.867 +05:30  INF  CORS policy execution successful.
2024-11-13 15:35:44.867 +05:30  INF  Executing endpoint 'BAKERBAZZAR.API.Controller.UserController.CartDetails (BAKERBAZZAR.API)'
2024-11-13 15:35:44.867 +05:30  INF  Route matched with {action = "CartDetails", controller = "User"}. Executing controller action with signature System.Threading.Tasks.Task`1[Microsoft.AspNetCore.Mvc.ActionResult`1[BAKERBAZZAR.API.Models.ApiResponse]] CartDetails(System.String) on controller BAKERBAZZAR.API.Controller.UserController (BAKERBAZZAR.API).
2024-11-13 15:35:44.871 +05:30  INF  Request starting HTTP/1.1 GET http://localhost:5145/User/Category - -
2024-11-13 15:35:44.871 +05:30  INF  CORS policy execution successful.
2024-11-13 15:35:44.872 +05:30  INF  Executing endpoint 'BAKERBAZZAR.API.Controller.UserController.Category (BAKERBAZZAR.API)'
2024-11-13 15:35:44.873 +05:30  INF  Route matched with {action = "Category", controller = "User"}. Executing controller action with signature System.Threading.Tasks.Task`1[Microsoft.AspNetCore.Mvc.ActionResult`1[BAKERBAZZAR.API.Models.ApiResponse]] Category(System.String) on controller BAKERBAZZAR.API.Controller.UserController (BAKERBAZZAR.API).
2024-11-13 15:35:44.877 +05:30  INF  Executing ObjectResult, writing value of type 'BAKERBAZZAR.API.Models.ApiResponse'.
2024-11-13 15:35:44.884 +05:30  INF  Executed action BAKERBAZZAR.API.Controller.UserController.CartDetails (BAKERBAZZAR.API) in 17.2515ms
2024-11-13 15:35:44.884 +05:30  INF  Executed endpoint 'BAKERBAZZAR.API.Controller.UserController.CartDetails (BAKERBAZZAR.API)'
2024-11-13 15:35:44.885 +05:30  INF  Request finished HTTP/1.1 GET http://localhost:5145/User/CartDetails?displayid=54ad4834-4071-46df-9009-2f2bc60bca0a - - - 200 - application/json;+charset=utf-8 18.4413ms
2024-11-13 15:35:44.885 +05:30  INF  Request starting HTTP/1.1 GET http://localhost:5145/user/products?categoryid= - -
2024-11-13 15:35:44.885 +05:30  INF  CORS policy execution successful.
2024-11-13 15:35:44.885 +05:30  INF  Executing endpoint 'BAKERBAZZAR.API.Controller.UserController.Products (BAKERBAZZAR.API)'
2024-11-13 15:35:44.885 +05:30  INF  Route matched with {action = "Products", controller = "User"}. Executing controller action with signature System.Threading.Tasks.Task`1[Microsoft.AspNetCore.Mvc.ActionResult`1[BAKERBAZZAR.API.Models.ApiResponse]] Products(System.String, System.String) on controller BAKERBAZZAR.API.Controller.UserController (BAKERBAZZAR.API).
2024-11-13 15:35:44.896 +05:30  INF  Executing ObjectResult, writing value of type 'BAKERBAZZAR.API.Models.ApiResponse'.
2024-11-13 15:35:44.896 +05:30  INF  Executed action BAKERBAZZAR.API.Controller.UserController.Category (BAKERBAZZAR.API) in 23.2561ms
2024-11-13 15:35:44.896 +05:30  INF  Executed endpoint 'BAKERBAZZAR.API.Controller.UserController.Category (BAKERBAZZAR.API)'
2024-11-13 15:35:44.896 +05:30  INF  Request finished HTTP/1.1 GET http://localhost:5145/User/Category - - - 200 - application/json;+charset=utf-8 25.4389ms
2024-11-13 15:35:44.937 +05:30  INF  Executing ObjectResult, writing value of type 'BAKERBAZZAR.API.Models.ApiResponse'.
2024-11-13 15:35:44.942 +05:30  INF  Executed action BAKERBAZZAR.API.Controller.UserController.Products (BAKERBAZZAR.API) in 56.7196ms
2024-11-13 15:35:44.942 +05:30  INF  Executed endpoint 'BAKERBAZZAR.API.Controller.UserController.Products (BAKERBAZZAR.API)'
2024-11-13 15:35:44.942 +05:30  INF  Request finished HTTP/1.1 GET http://localhost:5145/user/products?categoryid= - - - 200 - application/json;+charset=utf-8 57.5005ms
2024-11-13 15:35:46.533 +05:30  INF  Request starting HTTP/1.1 OPTIONS http://localhost:5145/user/updatecartitem?linerid=222&qty=2 - -
2024-11-13 15:35:46.533 +05:30  INF  CORS policy execution successful.
2024-11-13 15:35:46.533 +05:30  INF  Request finished HTTP/1.1 OPTIONS http://localhost:5145/user/updatecartitem?linerid=222&qty=2 - - - 204 - - 0.2866ms
2024-11-13 15:35:46.534 +05:30  INF  Request starting HTTP/1.1 PUT http://localhost:5145/user/updatecartitem?linerid=222&qty=2 - 0
2024-11-13 15:35:46.534 +05:30  INF  CORS policy execution successful.
2024-11-13 15:35:46.534 +05:30  INF  Executing endpoint 'BAKERBAZZAR.API.Controller.UserController.UpdateCartItem (BAKERBAZZAR.API)'
2024-11-13 15:35:46.535 +05:30  INF  Route matched with {action = "UpdateCartItem", controller = "User"}. Executing controller action with signature System.Threading.Tasks.Task`1[Microsoft.AspNetCore.Mvc.ActionResult`1[BAKERBAZZAR.API.Models.ApiResponse]] UpdateCartItem(Int32, Int32) on controller BAKERBAZZAR.API.Controller.UserController (BAKERBAZZAR.API).
2024-11-13 15:35:46.538 +05:30  INF  Executing ObjectResult, writing value of type 'BAKERBAZZAR.API.Models.ApiResponse'.
2024-11-13 15:35:46.538 +05:30  INF  Executed action BAKERBAZZAR.API.Controller.UserController.UpdateCartItem (BAKERBAZZAR.API) in 3.3793ms
2024-11-13 15:35:46.538 +05:30  INF  Executed endpoint 'BAKERBAZZAR.API.Controller.UserController.UpdateCartItem (BAKERBAZZAR.API)'
2024-11-13 15:35:46.538 +05:30  INF  Request finished HTTP/1.1 PUT http://localhost:5145/user/updatecartitem?linerid=222&qty=2 - 0 - 200 - application/json;+charset=utf-8 3.7904ms
2024-11-13 15:35:51.532 +05:30  INF  Request starting HTTP/1.1 GET http://localhost:5145/User/CartDetails?displayid=54ad4834-4071-46df-9009-2f2bc60bca0a - -
2024-11-13 15:35:51.533 +05:30  INF  CORS policy execution successful.
2024-11-13 15:35:51.533 +05:30  INF  Executing endpoint 'BAKERBAZZAR.API.Controller.UserController.CartDetails (BAKERBAZZAR.API)'
2024-11-13 15:35:51.533 +05:30  INF  Route matched with {action = "CartDetails", controller = "User"}. Executing controller action with signature System.Threading.Tasks.Task`1[Microsoft.AspNetCore.Mvc.ActionResult`1[BAKERBAZZAR.API.Models.ApiResponse]] CartDetails(System.String) on controller BAKERBAZZAR.API.Controller.UserController (BAKERBAZZAR.API).
2024-11-13 15:35:51.541 +05:30  INF  Request starting HTTP/1.1 GET http://localhost:5145/User/Category - -
2024-11-13 15:35:51.542 +05:30  INF  CORS policy execution successful.
2024-11-13 15:35:51.542 +05:30  INF  Executing endpoint 'BAKERBAZZAR.API.Controller.UserController.Category (BAKERBAZZAR.API)'
2024-11-13 15:35:51.542 +05:30  INF  Request starting HTTP/1.1 GET http://localhost:5145/user/products?categoryid= - -
2024-11-13 15:35:51.543 +05:30  INF  CORS policy execution successful.
2024-11-13 15:35:51.543 +05:30  INF  Executing endpoint 'BAKERBAZZAR.API.Controller.UserController.Products (BAKERBAZZAR.API)'
2024-11-13 15:35:51.543 +05:30  INF  Route matched with {action = "Products", controller = "User"}. Executing controller action with signature System.Threading.Tasks.Task`1[Microsoft.AspNetCore.Mvc.ActionResult`1[BAKERBAZZAR.API.Models.ApiResponse]] Products(System.String, System.String) on controller BAKERBAZZAR.API.Controller.UserController (BAKERBAZZAR.API).
2024-11-13 15:35:51.544 +05:30  INF  Route matched with {action = "Category", controller = "User"}. Executing controller action with signature System.Threading.Tasks.Task`1[Microsoft.AspNetCore.Mvc.ActionResult`1[BAKERBAZZAR.API.Models.ApiResponse]] Category(System.String) on controller BAKERBAZZAR.API.Controller.UserController (BAKERBAZZAR.API).
2024-11-13 15:35:51.551 +05:30  INF  Executing ObjectResult, writing value of type 'BAKERBAZZAR.API.Models.ApiResponse'.
2024-11-13 15:35:51.552 +05:30  INF  Executed action BAKERBAZZAR.API.Controller.UserController.Category (BAKERBAZZAR.API) in 7.5079ms
2024-11-13 15:35:51.552 +05:30  INF  Executed endpoint 'BAKERBAZZAR.API.Controller.UserController.Category (BAKERBAZZAR.API)'
2024-11-13 15:35:51.552 +05:30  INF  Request finished HTTP/1.1 GET http://localhost:5145/User/Category - - - 200 - application/json;+charset=utf-8 10.7716ms
2024-11-13 15:35:51.553 +05:30  INF  Executing ObjectResult, writing value of type 'BAKERBAZZAR.API.Models.ApiResponse'.
2024-11-13 15:35:51.553 +05:30  INF  Executed action BAKERBAZZAR.API.Controller.UserController.CartDetails (BAKERBAZZAR.API) in 19.6366ms
2024-11-13 15:35:51.553 +05:30  INF  Executed endpoint 'BAKERBAZZAR.API.Controller.UserController.CartDetails (BAKERBAZZAR.API)'
2024-11-13 15:35:51.553 +05:30  INF  Request finished HTTP/1.1 GET http://localhost:5145/User/CartDetails?displayid=54ad4834-4071-46df-9009-2f2bc60bca0a - - - 200 - application/json;+charset=utf-8 20.5471ms
2024-11-13 15:35:51.553 +05:30  INF  Executing ObjectResult, writing value of type 'BAKERBAZZAR.API.Models.ApiResponse'.
2024-11-13 15:35:51.554 +05:30  INF  Executed action BAKERBAZZAR.API.Controller.UserController.Products (BAKERBAZZAR.API) in 10.5694ms
2024-11-13 15:35:51.554 +05:30  INF  Executed endpoint 'BAKERBAZZAR.API.Controller.UserController.Products (BAKERBAZZAR.API)'
2024-11-13 15:35:51.554 +05:30  INF  Request finished HTTP/1.1 GET http://localhost:5145/user/products?categoryid= - - - 200 - application/json;+charset=utf-8 11.7498ms
2024-11-13 15:35:51.574 +05:30  INF  Request starting HTTP/1.1 GET http://localhost:5145/user/myorders?displayid=e62f03f4-2dcf-4f80-bc23-341651bd9338 - -
2024-11-13 15:35:51.574 +05:30  INF  CORS policy execution successful.
2024-11-13 15:35:51.574 +05:30  INF  Executing endpoint 'BAKERBAZZAR.API.Controller.UserController.MyOrders (BAKERBAZZAR.API)'
2024-11-13 15:35:51.574 +05:30  INF  Route matched with {action = "MyOrders", controller = "User"}. Executing controller action with signature System.Threading.Tasks.Task`1[Microsoft.AspNetCore.Mvc.ActionResult`1[BAKERBAZZAR.API.Models.ApiResponse]] MyOrders(System.String, System.String, System.String) on controller BAKERBAZZAR.API.Controller.UserController (BAKERBAZZAR.API).
2024-11-13 15:35:51.580 +05:30  INF  Executing ObjectResult, writing value of type 'BAKERBAZZAR.API.Models.ApiResponse'.
2024-11-13 15:35:51.581 +05:30  INF  Executed action BAKERBAZZAR.API.Controller.UserController.MyOrders (BAKERBAZZAR.API) in 6.1119ms
2024-11-13 15:35:51.581 +05:30  INF  Executed endpoint 'BAKERBAZZAR.API.Controller.UserController.MyOrders (BAKERBAZZAR.API)'
2024-11-13 15:35:51.585 +05:30  INF  Request finished HTTP/1.1 GET http://localhost:5145/user/myorders?displayid=e62f03f4-2dcf-4f80-bc23-341651bd9338 - - - 200 - application/json;+charset=utf-8 11.4238ms
2024-11-13 15:35:51.707 +05:30  INF  Request starting HTTP/1.1 GET http://localhost:5145/User/CartDetails?displayid=54ad4834-4071-46df-9009-2f2bc60bca0a - -
2024-11-13 15:35:51.707 +05:30  INF  CORS policy execution successful.
2024-11-13 15:35:51.708 +05:30  INF  Executing endpoint 'BAKERBAZZAR.API.Controller.UserController.CartDetails (BAKERBAZZAR.API)'
2024-11-13 15:35:51.708 +05:30  INF  Route matched with {action = "CartDetails", controller = "User"}. Executing controller action with signature System.Threading.Tasks.Task`1[Microsoft.AspNetCore.Mvc.ActionResult`1[BAKERBAZZAR.API.Models.ApiResponse]] CartDetails(System.String) on controller BAKERBAZZAR.API.Controller.UserController (BAKERBAZZAR.API).
2024-11-13 15:35:51.711 +05:30  INF  Request starting HTTP/1.1 GET http://localhost:5145/User/Category - -
2024-11-13 15:35:51.711 +05:30  INF  CORS policy execution successful.
2024-11-13 15:35:51.711 +05:30  INF  Executing endpoint 'BAKERBAZZAR.API.Controller.UserController.Category (BAKERBAZZAR.API)'
2024-11-13 15:35:51.711 +05:30  INF  Route matched with {action = "Category", controller = "User"}. Executing controller action with signature System.Threading.Tasks.Task`1[Microsoft.AspNetCore.Mvc.ActionResult`1[BAKERBAZZAR.API.Models.ApiResponse]] Category(System.String) on controller BAKERBAZZAR.API.Controller.UserController (BAKERBAZZAR.API).
2024-11-13 15:35:51.718 +05:30  INF  Executing ObjectResult, writing value of type 'BAKERBAZZAR.API.Models.ApiResponse'.
2024-11-13 15:35:51.719 +05:30  INF  Executed action BAKERBAZZAR.API.Controller.UserController.Category (BAKERBAZZAR.API) in 7.239ms
2024-11-13 15:35:51.719 +05:30  INF  Executed endpoint 'BAKERBAZZAR.API.Controller.UserController.Category (BAKERBAZZAR.API)'
2024-11-13 15:35:51.719 +05:30  INF  Request finished HTTP/1.1 GET http://localhost:5145/User/Category - - - 200 - application/json;+charset=utf-8 8.0474ms
2024-11-13 15:35:51.719 +05:30  INF  Request starting HTTP/1.1 GET http://localhost:5145/user/products?categoryid= - -
2024-11-13 15:35:51.719 +05:30  INF  CORS policy execution successful.
2024-11-13 15:35:51.719 +05:30  INF  Executing endpoint 'BAKERBAZZAR.API.Controller.UserController.Products (BAKERBAZZAR.API)'
2024-11-13 15:35:51.720 +05:30  INF  Route matched with {action = "Products", controller = "User"}. Executing controller action with signature System.Threading.Tasks.Task`1[Microsoft.AspNetCore.Mvc.ActionResult`1[BAKERBAZZAR.API.Models.ApiResponse]] Products(System.String, System.String) on controller BAKERBAZZAR.API.Controller.UserController (BAKERBAZZAR.API).
2024-11-13 15:35:51.723 +05:30  INF  Executing ObjectResult, writing value of type 'BAKERBAZZAR.API.Models.ApiResponse'.
2024-11-13 15:35:51.724 +05:30  INF  Executed action BAKERBAZZAR.API.Controller.UserController.CartDetails (BAKERBAZZAR.API) in 16.0663ms
2024-11-13 15:35:51.724 +05:30  INF  Executed endpoint 'BAKERBAZZAR.API.Controller.UserController.CartDetails (BAKERBAZZAR.API)'
2024-11-13 15:35:51.724 +05:30  INF  Request finished HTTP/1.1 GET http://localhost:5145/User/CartDetails?displayid=54ad4834-4071-46df-9009-2f2bc60bca0a - - - 200 - application/json;+charset=utf-8 16.9525ms
2024-11-13 15:35:51.725 +05:30  INF  Executing ObjectResult, writing value of type 'BAKERBAZZAR.API.Models.ApiResponse'.
2024-11-13 15:35:51.725 +05:30  INF  Executed action BAKERBAZZAR.API.Controller.UserController.Products (BAKERBAZZAR.API) in 5.6803ms
2024-11-13 15:35:51.725 +05:30  INF  Executed endpoint 'BAKERBAZZAR.API.Controller.UserController.Products (BAKERBAZZAR.API)'
2024-11-13 15:35:51.726 +05:30  INF  Request finished HTTP/1.1 GET http://localhost:5145/user/products?categoryid= - - - 200 - application/json;+charset=utf-8 6.5904ms
2024-11-13 15:35:54.480 +05:30  INF  Request starting HTTP/1.1 OPTIONS http://localhost:5145/user/updatecartitem?linerid=222&qty=2 - -
2024-11-13 15:35:54.480 +05:30  INF  CORS policy execution successful.
2024-11-13 15:35:54.480 +05:30  INF  Request finished HTTP/1.1 OPTIONS http://localhost:5145/user/updatecartitem?linerid=222&qty=2 - - - 204 - - 0.6658ms
2024-11-13 15:35:54.482 +05:30  INF  Request starting HTTP/1.1 PUT http://localhost:5145/user/updatecartitem?linerid=222&qty=2 - 0
2024-11-13 15:35:54.482 +05:30  INF  CORS policy execution successful.
2024-11-13 15:35:54.482 +05:30  INF  Executing endpoint 'BAKERBAZZAR.API.Controller.UserController.UpdateCartItem (BAKERBAZZAR.API)'
2024-11-13 15:35:54.482 +05:30  INF  Route matched with {action = "UpdateCartItem", controller = "User"}. Executing controller action with signature System.Threading.Tasks.Task`1[Microsoft.AspNetCore.Mvc.ActionResult`1[BAKERBAZZAR.API.Models.ApiResponse]] UpdateCartItem(Int32, Int32) on controller BAKERBAZZAR.API.Controller.UserController (BAKERBAZZAR.API).
2024-11-13 15:35:54.485 +05:30  INF  Executing ObjectResult, writing value of type 'BAKERBAZZAR.API.Models.ApiResponse'.
2024-11-13 15:35:54.486 +05:30  INF  Executed action BAKERBAZZAR.API.Controller.UserController.UpdateCartItem (BAKERBAZZAR.API) in 3.2336ms
2024-11-13 15:35:54.486 +05:30  INF  Executed endpoint 'BAKERBAZZAR.API.Controller.UserController.UpdateCartItem (BAKERBAZZAR.API)'
2024-11-13 15:35:54.486 +05:30  INF  Request finished HTTP/1.1 PUT http://localhost:5145/user/updatecartitem?linerid=222&qty=2 - 0 - 200 - application/json;+charset=utf-8 3.8153ms
2024-11-13 15:35:57.302 +05:30  INF  Request starting HTTP/1.1 GET http://localhost:5145/User/CartDetails?displayid=54ad4834-4071-46df-9009-2f2bc60bca0a - -
2024-11-13 15:35:57.304 +05:30  INF  CORS policy execution successful.
2024-11-13 15:35:57.304 +05:30  INF  Executing endpoint 'BAKERBAZZAR.API.Controller.UserController.CartDetails (BAKERBAZZAR.API)'
2024-11-13 15:35:57.304 +05:30  INF  Route matched with {action = "CartDetails", controller = "User"}. Executing controller action with signature System.Threading.Tasks.Task`1[Microsoft.AspNetCore.Mvc.ActionResult`1[BAKERBAZZAR.API.Models.ApiResponse]] CartDetails(System.String) on controller BAKERBAZZAR.API.Controller.UserController (BAKERBAZZAR.API).
2024-11-13 15:35:57.312 +05:30  INF  Request starting HTTP/1.1 GET http://localhost:5145/User/Category - -
2024-11-13 15:35:57.312 +05:30  INF  Request starting HTTP/1.1 GET http://localhost:5145/user/products?categoryid= - -
2024-11-13 15:35:57.312 +05:30  INF  CORS policy execution successful.
2024-11-13 15:35:57.312 +05:30  INF  CORS policy execution successful.
2024-11-13 15:35:57.312 +05:30  INF  Executing endpoint 'BAKERBAZZAR.API.Controller.UserController.Category (BAKERBAZZAR.API)'
2024-11-13 15:35:57.312 +05:30  INF  Executing endpoint 'BAKERBAZZAR.API.Controller.UserController.Products (BAKERBAZZAR.API)'
2024-11-13 15:35:57.313 +05:30  INF  Executing ObjectResult, writing value of type 'BAKERBAZZAR.API.Models.ApiResponse'.
2024-11-13 15:35:57.313 +05:30  INF  Route matched with {action = "Products", controller = "User"}. Executing controller action with signature System.Threading.Tasks.Task`1[Microsoft.AspNetCore.Mvc.ActionResult`1[BAKERBAZZAR.API.Models.ApiResponse]] Products(System.String, System.String) on controller BAKERBAZZAR.API.Controller.UserController (BAKERBAZZAR.API).
2024-11-13 15:35:57.313 +05:30  INF  Route matched with {action = "Category", controller = "User"}. Executing controller action with signature System.Threading.Tasks.Task`1[Microsoft.AspNetCore.Mvc.ActionResult`1[BAKERBAZZAR.API.Models.ApiResponse]] Category(System.String) on controller BAKERBAZZAR.API.Controller.UserController (BAKERBAZZAR.API).
2024-11-13 15:35:57.313 +05:30  INF  Executed action BAKERBAZZAR.API.Controller.UserController.CartDetails (BAKERBAZZAR.API) in 8.7721ms
2024-11-13 15:35:57.313 +05:30  INF  Executed endpoint 'BAKERBAZZAR.API.Controller.UserController.CartDetails (BAKERBAZZAR.API)'
2024-11-13 15:35:57.313 +05:30  INF  Request finished HTTP/1.1 GET http://localhost:5145/User/CartDetails?displayid=54ad4834-4071-46df-9009-2f2bc60bca0a - - - 200 - application/json;+charset=utf-8 11.2292ms
2024-11-13 15:35:57.316 +05:30  INF  Executing ObjectResult, writing value of type 'BAKERBAZZAR.API.Models.ApiResponse'.
2024-11-13 15:35:57.317 +05:30  INF  Executed action BAKERBAZZAR.API.Controller.UserController.Category (BAKERBAZZAR.API) in 4.0289ms
2024-11-13 15:35:57.317 +05:30  INF  Executed endpoint 'BAKERBAZZAR.API.Controller.UserController.Category (BAKERBAZZAR.API)'
2024-11-13 15:35:57.317 +05:30  INF  Request finished HTTP/1.1 GET http://localhost:5145/User/Category - - - 200 - application/json;+charset=utf-8 4.7953ms
2024-11-13 15:35:57.323 +05:30  INF  Executing ObjectResult, writing value of type 'BAKERBAZZAR.API.Models.ApiResponse'.
2024-11-13 15:35:57.330 +05:30  INF  Request starting HTTP/1.1 GET http://localhost:5145/user/myorders?displayid=e62f03f4-2dcf-4f80-bc23-341651bd9338 - -
2024-11-13 15:35:57.330 +05:30  INF  CORS policy execution successful.
2024-11-13 15:35:57.330 +05:30  INF  Executing endpoint 'BAKERBAZZAR.API.Controller.UserController.MyOrders (BAKERBAZZAR.API)'
2024-11-13 15:35:57.330 +05:30  INF  Route matched with {action = "MyOrders", controller = "User"}. Executing controller action with signature System.Threading.Tasks.Task`1[Microsoft.AspNetCore.Mvc.ActionResult`1[BAKERBAZZAR.API.Models.ApiResponse]] MyOrders(System.String, System.String, System.String) on controller BAKERBAZZAR.API.Controller.UserController (BAKERBAZZAR.API).
2024-11-13 15:35:57.335 +05:30  INF  Executed action BAKERBAZZAR.API.Controller.UserController.Products (BAKERBAZZAR.API) in 22.133ms
2024-11-13 15:35:57.335 +05:30  INF  Executed endpoint 'BAKERBAZZAR.API.Controller.UserController.Products (BAKERBAZZAR.API)'
2024-11-13 15:35:57.336 +05:30  INF  Request finished HTTP/1.1 GET http://localhost:5145/user/products?categoryid= - - - 200 - application/json;+charset=utf-8 23.5156ms
2024-11-13 15:35:57.336 +05:30  INF  Executing ObjectResult, writing value of type 'BAKERBAZZAR.API.Models.ApiResponse'.
2024-11-13 15:35:57.337 +05:30  INF  Executed action BAKERBAZZAR.API.Controller.UserController.MyOrders (BAKERBAZZAR.API) in 6.5639ms
2024-11-13 15:35:57.337 +05:30  INF  Executed endpoint 'BAKERBAZZAR.API.Controller.UserController.MyOrders (BAKERBAZZAR.API)'
2024-11-13 15:35:57.337 +05:30  INF  Request finished HTTP/1.1 GET http://localhost:5145/user/myorders?displayid=e62f03f4-2dcf-4f80-bc23-341651bd9338 - - - 200 - application/json;+charset=utf-8 7.3171ms
2024-11-13 15:35:57.473 +05:30  INF  Request starting HTTP/1.1 GET http://localhost:5145/User/CartDetails?displayid=54ad4834-4071-46df-9009-2f2bc60bca0a - -
2024-11-13 15:35:57.474 +05:30  INF  CORS policy execution successful.
2024-11-13 15:35:57.474 +05:30  INF  Executing endpoint 'BAKERBAZZAR.API.Controller.UserController.CartDetails (BAKERBAZZAR.API)'
2024-11-13 15:35:57.474 +05:30  INF  Route matched with {action = "CartDetails", controller = "User"}. Executing controller action with signature System.Threading.Tasks.Task`1[Microsoft.AspNetCore.Mvc.ActionResult`1[BAKERBAZZAR.API.Models.ApiResponse]] CartDetails(System.String) on controller BAKERBAZZAR.API.Controller.UserController (BAKERBAZZAR.API).
2024-11-13 15:35:57.479 +05:30  INF  Executing ObjectResult, writing value of type 'BAKERBAZZAR.API.Models.ApiResponse'.
2024-11-13 15:35:57.480 +05:30  INF  Executed action BAKERBAZZAR.API.Controller.UserController.CartDetails (BAKERBAZZAR.API) in 5.7429ms
2024-11-13 15:35:57.480 +05:30  INF  Executed endpoint 'BAKERBAZZAR.API.Controller.UserController.CartDetails (BAKERBAZZAR.API)'
2024-11-13 15:35:57.480 +05:30  INF  Request finished HTTP/1.1 GET http://localhost:5145/User/CartDetails?displayid=54ad4834-4071-46df-9009-2f2bc60bca0a - - - 200 - application/json;+charset=utf-8 6.6396ms
2024-11-13 15:35:57.482 +05:30  INF  Request starting HTTP/1.1 GET http://localhost:5145/User/Category - -
2024-11-13 15:35:57.482 +05:30  INF  CORS policy execution successful.
2024-11-13 15:35:57.482 +05:30  INF  Executing endpoint 'BAKERBAZZAR.API.Controller.UserController.Category (BAKERBAZZAR.API)'
2024-11-13 15:35:57.482 +05:30  INF  Route matched with {action = "Category", controller = "User"}. Executing controller action with signature System.Threading.Tasks.Task`1[Microsoft.AspNetCore.Mvc.ActionResult`1[BAKERBAZZAR.API.Models.ApiResponse]] Category(System.String) on controller BAKERBAZZAR.API.Controller.UserController (BAKERBAZZAR.API).
2024-11-13 15:35:57.487 +05:30  INF  Executing ObjectResult, writing value of type 'BAKERBAZZAR.API.Models.ApiResponse'.
2024-11-13 15:35:57.488 +05:30  INF  Executed action BAKERBAZZAR.API.Controller.UserController.Category (BAKERBAZZAR.API) in 5.392ms
2024-11-13 15:35:57.488 +05:30  INF  Executed endpoint 'BAKERBAZZAR.API.Controller.UserController.Category (BAKERBAZZAR.API)'
2024-11-13 15:35:57.488 +05:30  INF  Request finished HTTP/1.1 GET http://localhost:5145/User/Category - - - 200 - application/json;+charset=utf-8 6.0747ms
2024-11-13 15:35:57.488 +05:30  INF  Request starting HTTP/1.1 GET http://localhost:5145/user/products?categoryid= - -
2024-11-13 15:35:57.489 +05:30  INF  CORS policy execution successful.
2024-11-13 15:35:57.489 +05:30  INF  Executing endpoint 'BAKERBAZZAR.API.Controller.UserController.Products (BAKERBAZZAR.API)'
2024-11-13 15:35:57.489 +05:30  INF  Route matched with {action = "Products", controller = "User"}. Executing controller action with signature System.Threading.Tasks.Task`1[Microsoft.AspNetCore.Mvc.ActionResult`1[BAKERBAZZAR.API.Models.ApiResponse]] Products(System.String, System.String) on controller BAKERBAZZAR.API.Controller.UserController (BAKERBAZZAR.API).
2024-11-13 15:35:57.506 +05:30  INF  Executing ObjectResult, writing value of type 'BAKERBAZZAR.API.Models.ApiResponse'.
2024-11-13 15:35:57.508 +05:30  INF  Executed action BAKERBAZZAR.API.Controller.UserController.Products (BAKERBAZZAR.API) in 18.544ms
2024-11-13 15:35:57.508 +05:30  INF  Executed endpoint 'BAKERBAZZAR.API.Controller.UserController.Products (BAKERBAZZAR.API)'
2024-11-13 15:35:57.508 +05:30  INF  Request finished HTTP/1.1 GET http://localhost:5145/user/products?categoryid= - - - 200 - application/json;+charset=utf-8 19.7500ms
2024-11-13 15:36:01.324 +05:30  INF  Request starting HTTP/1.1 OPTIONS http://localhost:5145/user/updatecartitem?linerid=222&qty=2 - -
2024-11-13 15:36:01.324 +05:30  INF  CORS policy execution successful.
2024-11-13 15:36:01.324 +05:30  INF  Request finished HTTP/1.1 OPTIONS http://localhost:5145/user/updatecartitem?linerid=222&qty=2 - - - 204 - - 0.2214ms
2024-11-13 15:36:01.325 +05:30  INF  Request starting HTTP/1.1 PUT http://localhost:5145/user/updatecartitem?linerid=222&qty=2 - 0
2024-11-13 15:36:01.325 +05:30  INF  CORS policy execution successful.
2024-11-13 15:36:01.325 +05:30  INF  Executing endpoint 'BAKERBAZZAR.API.Controller.UserController.UpdateCartItem (BAKERBAZZAR.API)'
2024-11-13 15:36:01.325 +05:30  INF  Route matched with {action = "UpdateCartItem", controller = "User"}. Executing controller action with signature System.Threading.Tasks.Task`1[Microsoft.AspNetCore.Mvc.ActionResult`1[BAKERBAZZAR.API.Models.ApiResponse]] UpdateCartItem(Int32, Int32) on controller BAKERBAZZAR.API.Controller.UserController (BAKERBAZZAR.API).
2024-11-13 15:36:01.329 +05:30  INF  Executing ObjectResult, writing value of type 'BAKERBAZZAR.API.Models.ApiResponse'.
2024-11-13 15:36:01.329 +05:30  INF  Executed action BAKERBAZZAR.API.Controller.UserController.UpdateCartItem (BAKERBAZZAR.API) in 4.1207ms
2024-11-13 15:36:01.329 +05:30  INF  Executed endpoint 'BAKERBAZZAR.API.Controller.UserController.UpdateCartItem (BAKERBAZZAR.API)'
2024-11-13 15:36:01.330 +05:30  INF  Request finished HTTP/1.1 PUT http://localhost:5145/user/updatecartitem?linerid=222&qty=2 - 0 - 200 - application/json;+charset=utf-8 4.5866ms
2024-11-13 15:36:04.500 +05:30  INF  Request starting HTTP/1.1 GET http://localhost:5145/User/CartDetails?displayid=54ad4834-4071-46df-9009-2f2bc60bca0a - -
2024-11-13 15:36:04.501 +05:30  INF  CORS policy execution successful.
2024-11-13 15:36:04.501 +05:30  INF  Executing endpoint 'BAKERBAZZAR.API.Controller.UserController.CartDetails (BAKERBAZZAR.API)'
2024-11-13 15:36:04.502 +05:30  INF  Route matched with {action = "CartDetails", controller = "User"}. Executing controller action with signature System.Threading.Tasks.Task`1[Microsoft.AspNetCore.Mvc.ActionResult`1[BAKERBAZZAR.API.Models.ApiResponse]] CartDetails(System.String) on controller BAKERBAZZAR.API.Controller.UserController (BAKERBAZZAR.API).
2024-11-13 15:36:04.507 +05:30  INF  Executing ObjectResult, writing value of type 'BAKERBAZZAR.API.Models.ApiResponse'.
2024-11-13 15:36:04.508 +05:30  INF  Executed action BAKERBAZZAR.API.Controller.UserController.CartDetails (BAKERBAZZAR.API) in 5.8711ms
2024-11-13 15:36:04.508 +05:30  INF  Executed endpoint 'BAKERBAZZAR.API.Controller.UserController.CartDetails (BAKERBAZZAR.API)'
2024-11-13 15:36:04.508 +05:30  INF  Request finished HTTP/1.1 GET http://localhost:5145/User/CartDetails?displayid=54ad4834-4071-46df-9009-2f2bc60bca0a - - - 200 - application/json;+charset=utf-8 7.7388ms
2024-11-13 15:36:04.509 +05:30  INF  Request starting HTTP/1.1 GET http://localhost:5145/User/Category - -
2024-11-13 15:36:04.509 +05:30  INF  CORS policy execution successful.
2024-11-13 15:36:04.509 +05:30  INF  Executing endpoint 'BAKERBAZZAR.API.Controller.UserController.Category (BAKERBAZZAR.API)'
2024-11-13 15:36:04.509 +05:30  INF  Route matched with {action = "Category", controller = "User"}. Executing controller action with signature System.Threading.Tasks.Task`1[Microsoft.AspNetCore.Mvc.ActionResult`1[BAKERBAZZAR.API.Models.ApiResponse]] Category(System.String) on controller BAKERBAZZAR.API.Controller.UserController (BAKERBAZZAR.API).
2024-11-13 15:36:04.511 +05:30  INF  Request starting HTTP/1.1 GET http://localhost:5145/user/products?categoryid= - -
2024-11-13 15:36:04.511 +05:30  INF  Executing ObjectResult, writing value of type 'BAKERBAZZAR.API.Models.ApiResponse'.
2024-11-13 15:36:04.511 +05:30  INF  CORS policy execution successful.
2024-11-13 15:36:04.511 +05:30  INF  Executed action BAKERBAZZAR.API.Controller.UserController.Category (BAKERBAZZAR.API) in 2.1155ms
2024-11-13 15:36:04.511 +05:30  INF  Executed endpoint 'BAKERBAZZAR.API.Controller.UserController.Category (BAKERBAZZAR.API)'
2024-11-13 15:36:04.511 +05:30  INF  Request finished HTTP/1.1 GET http://localhost:5145/User/Category - - - 200 - application/json;+charset=utf-8 2.7866ms
2024-11-13 15:36:04.511 +05:30  INF  Executing endpoint 'BAKERBAZZAR.API.Controller.UserController.Products (BAKERBAZZAR.API)'
2024-11-13 15:36:04.512 +05:30  INF  Route matched with {action = "Products", controller = "User"}. Executing controller action with signature System.Threading.Tasks.Task`1[Microsoft.AspNetCore.Mvc.ActionResult`1[BAKERBAZZAR.API.Models.ApiResponse]] Products(System.String, System.String) on controller BAKERBAZZAR.API.Controller.UserController (BAKERBAZZAR.API).
2024-11-13 15:36:04.520 +05:30  INF  Executing ObjectResult, writing value of type 'BAKERBAZZAR.API.Models.ApiResponse'.
2024-11-13 15:36:04.521 +05:30  INF  Executed action BAKERBAZZAR.API.Controller.UserController.Products (BAKERBAZZAR.API) in 8.8449ms
2024-11-13 15:36:04.521 +05:30  INF  Executed endpoint 'BAKERBAZZAR.API.Controller.UserController.Products (BAKERBAZZAR.API)'
2024-11-13 15:36:04.521 +05:30  INF  Request finished HTTP/1.1 GET http://localhost:5145/user/products?categoryid= - - - 200 - application/json;+charset=utf-8 11.8788ms
2024-11-13 15:36:04.526 +05:30  INF  Request starting HTTP/1.1 GET http://localhost:5145/user/myorders?displayid=e62f03f4-2dcf-4f80-bc23-341651bd9338 - -
2024-11-13 15:36:04.527 +05:30  INF  CORS policy execution successful.
2024-11-13 15:36:04.527 +05:30  INF  Executing endpoint 'BAKERBAZZAR.API.Controller.UserController.MyOrders (BAKERBAZZAR.API)'
2024-11-13 15:36:04.527 +05:30  INF  Route matched with {action = "MyOrders", controller = "User"}. Executing controller action with signature System.Threading.Tasks.Task`1[Microsoft.AspNetCore.Mvc.ActionResult`1[BAKERBAZZAR.API.Models.ApiResponse]] MyOrders(System.String, System.String, System.String) on controller BAKERBAZZAR.API.Controller.UserController (BAKERBAZZAR.API).
2024-11-13 15:36:04.532 +05:30  INF  Executing ObjectResult, writing value of type 'BAKERBAZZAR.API.Models.ApiResponse'.
2024-11-13 15:36:04.533 +05:30  INF  Executed action BAKERBAZZAR.API.Controller.UserController.MyOrders (BAKERBAZZAR.API) in 5.6485ms
2024-11-13 15:36:04.533 +05:30  INF  Executed endpoint 'BAKERBAZZAR.API.Controller.UserController.MyOrders (BAKERBAZZAR.API)'
2024-11-13 15:36:04.533 +05:30  INF  Request finished HTTP/1.1 GET http://localhost:5145/user/myorders?displayid=e62f03f4-2dcf-4f80-bc23-341651bd9338 - - - 200 - application/json;+charset=utf-8 6.7164ms
2024-11-13 15:36:04.670 +05:30  INF  Request starting HTTP/1.1 GET http://localhost:5145/User/CartDetails?displayid=54ad4834-4071-46df-9009-2f2bc60bca0a - -
2024-11-13 15:36:04.671 +05:30  INF  CORS policy execution successful.
2024-11-13 15:36:04.671 +05:30  INF  Executing endpoint 'BAKERBAZZAR.API.Controller.UserController.CartDetails (BAKERBAZZAR.API)'
2024-11-13 15:36:04.672 +05:30  INF  Route matched with {action = "CartDetails", controller = "User"}. Executing controller action with signature System.Threading.Tasks.Task`1[Microsoft.AspNetCore.Mvc.ActionResult`1[BAKERBAZZAR.API.Models.ApiResponse]] CartDetails(System.String) on controller BAKERBAZZAR.API.Controller.UserController (BAKERBAZZAR.API).
2024-11-13 15:36:04.678 +05:30  INF  Executing ObjectResult, writing value of type 'BAKERBAZZAR.API.Models.ApiResponse'.
2024-11-13 15:36:04.679 +05:30  INF  Executed action BAKERBAZZAR.API.Controller.UserController.CartDetails (BAKERBAZZAR.API) in 6.9552ms
2024-11-13 15:36:04.679 +05:30  INF  Executed endpoint 'BAKERBAZZAR.API.Controller.UserController.CartDetails (BAKERBAZZAR.API)'
2024-11-13 15:36:04.679 +05:30  INF  Request finished HTTP/1.1 GET http://localhost:5145/User/CartDetails?displayid=54ad4834-4071-46df-9009-2f2bc60bca0a - - - 200 - application/json;+charset=utf-8 9.0277ms
2024-11-13 15:36:04.680 +05:30  INF  Request starting HTTP/1.1 GET http://localhost:5145/User/Category - -
2024-11-13 15:36:04.681 +05:30  INF  CORS policy execution successful.
2024-11-13 15:36:04.681 +05:30  INF  Executing endpoint 'BAKERBAZZAR.API.Controller.UserController.Category (BAKERBAZZAR.API)'
2024-11-13 15:36:04.681 +05:30  INF  Route matched with {action = "Category", controller = "User"}. Executing controller action with signature System.Threading.Tasks.Task`1[Microsoft.AspNetCore.Mvc.ActionResult`1[BAKERBAZZAR.API.Models.ApiResponse]] Category(System.String) on controller BAKERBAZZAR.API.Controller.UserController (BAKERBAZZAR.API).
2024-11-13 15:36:04.683 +05:30  INF  Request starting HTTP/1.1 GET http://localhost:5145/user/products?categoryid= - -
2024-11-13 15:36:04.684 +05:30  INF  CORS policy execution successful.
2024-11-13 15:36:04.684 +05:30  INF  Executing endpoint 'BAKERBAZZAR.API.Controller.UserController.Products (BAKERBAZZAR.API)'
2024-11-13 15:36:04.684 +05:30  INF  Route matched with {action = "Products", controller = "User"}. Executing controller action with signature System.Threading.Tasks.Task`1[Microsoft.AspNetCore.Mvc.ActionResult`1[BAKERBAZZAR.API.Models.ApiResponse]] Products(System.String, System.String) on controller BAKERBAZZAR.API.Controller.UserController (BAKERBAZZAR.API).
2024-11-13 15:36:04.685 +05:30  INF  Executing ObjectResult, writing value of type 'BAKERBAZZAR.API.Models.ApiResponse'.
2024-11-13 15:36:04.685 +05:30  INF  Executed action BAKERBAZZAR.API.Controller.UserController.Category (BAKERBAZZAR.API) in 3.836ms
2024-11-13 15:36:04.685 +05:30  INF  Executed endpoint 'BAKERBAZZAR.API.Controller.UserController.Category (BAKERBAZZAR.API)'
2024-11-13 15:36:04.685 +05:30  INF  Request finished HTTP/1.1 GET http://localhost:5145/User/Category - - - 200 - application/json;+charset=utf-8 4.7427ms
2024-11-13 15:36:04.694 +05:30  INF  Executing ObjectResult, writing value of type 'BAKERBAZZAR.API.Models.ApiResponse'.
2024-11-13 15:36:04.695 +05:30  INF  Executed action BAKERBAZZAR.API.Controller.UserController.Products (BAKERBAZZAR.API) in 10.5898ms
2024-11-13 15:36:04.695 +05:30  INF  Executed endpoint 'BAKERBAZZAR.API.Controller.UserController.Products (BAKERBAZZAR.API)'
2024-11-13 15:36:04.695 +05:30  INF  Request finished HTTP/1.1 GET http://localhost:5145/user/products?categoryid= - - - 200 - application/json;+charset=utf-8 12.0033ms
2024-11-13 15:36:25.443 +05:30  INF  Request starting HTTP/1.1 PUT http://localhost:5145/User/UpdateCartItem?linerid=222&qty=1 - 0
2024-11-13 15:36:25.443 +05:30  INF  CORS policy execution successful.
2024-11-13 15:36:25.443 +05:30  INF  Executing endpoint 'BAKERBAZZAR.API.Controller.UserController.UpdateCartItem (BAKERBAZZAR.API)'
2024-11-13 15:36:25.443 +05:30  INF  Route matched with {action = "UpdateCartItem", controller = "User"}. Executing controller action with signature System.Threading.Tasks.Task`1[Microsoft.AspNetCore.Mvc.ActionResult`1[BAKERBAZZAR.API.Models.ApiResponse]] UpdateCartItem(Int32, Int32) on controller BAKERBAZZAR.API.Controller.UserController (BAKERBAZZAR.API).
2024-11-13 15:36:25.481 +05:30  INF  Executing ObjectResult, writing value of type 'BAKERBAZZAR.API.Models.ApiResponse'.
2024-11-13 15:36:25.482 +05:30  INF  Executed action BAKERBAZZAR.API.Controller.UserController.UpdateCartItem (BAKERBAZZAR.API) in 38.795ms
2024-11-13 15:36:25.482 +05:30  INF  Executed endpoint 'BAKERBAZZAR.API.Controller.UserController.UpdateCartItem (BAKERBAZZAR.API)'
2024-11-13 15:36:25.482 +05:30  INF  Request finished HTTP/1.1 PUT http://localhost:5145/User/UpdateCartItem?linerid=222&qty=1 - 0 - 200 - application/json;+charset=utf-8 39.2674ms
2024-11-13 15:36:30.760 +05:30  INF  Request starting HTTP/1.1 GET http://localhost:5145/User/CartDetails?displayid=54ad4834-4071-46df-9009-2f2bc60bca0a - -
2024-11-13 15:36:30.761 +05:30  INF  CORS policy execution successful.
2024-11-13 15:36:30.761 +05:30  INF  Executing endpoint 'BAKERBAZZAR.API.Controller.UserController.CartDetails (BAKERBAZZAR.API)'
2024-11-13 15:36:30.761 +05:30  INF  Route matched with {action = "CartDetails", controller = "User"}. Executing controller action with signature System.Threading.Tasks.Task`1[Microsoft.AspNetCore.Mvc.ActionResult`1[BAKERBAZZAR.API.Models.ApiResponse]] CartDetails(System.String) on controller BAKERBAZZAR.API.Controller.UserController (BAKERBAZZAR.API).
2024-11-13 15:36:30.767 +05:30  INF  Request starting HTTP/1.1 GET http://localhost:5145/User/Category - -
2024-11-13 15:36:30.767 +05:30  INF  CORS policy execution successful.
2024-11-13 15:36:30.767 +05:30  INF  Executing endpoint 'BAKERBAZZAR.API.Controller.UserController.Category (BAKERBAZZAR.API)'
2024-11-13 15:36:30.767 +05:30  INF  Route matched with {action = "Category", controller = "User"}. Executing controller action with signature System.Threading.Tasks.Task`1[Microsoft.AspNetCore.Mvc.ActionResult`1[BAKERBAZZAR.API.Models.ApiResponse]] Category(System.String) on controller BAKERBAZZAR.API.Controller.UserController (BAKERBAZZAR.API).
2024-11-13 15:36:30.767 +05:30  INF  Request starting HTTP/1.1 GET http://localhost:5145/user/products?categoryid= - -
2024-11-13 15:36:30.768 +05:30  INF  CORS policy execution successful.
2024-11-13 15:36:30.768 +05:30  INF  Executing endpoint 'BAKERBAZZAR.API.Controller.UserController.Products (BAKERBAZZAR.API)'
2024-11-13 15:36:30.768 +05:30  INF  Route matched with {action = "Products", controller = "User"}. Executing controller action with signature System.Threading.Tasks.Task`1[Microsoft.AspNetCore.Mvc.ActionResult`1[BAKERBAZZAR.API.Models.ApiResponse]] Products(System.String, System.String) on controller BAKERBAZZAR.API.Controller.UserController (BAKERBAZZAR.API).
2024-11-13 15:36:30.777 +05:30  INF  Executing ObjectResult, writing value of type 'BAKERBAZZAR.API.Models.ApiResponse'.
2024-11-13 15:36:30.777 +05:30  INF  Executed action BAKERBAZZAR.API.Controller.UserController.Category (BAKERBAZZAR.API) in 10.2512ms
2024-11-13 15:36:30.777 +05:30  INF  Executed endpoint 'BAKERBAZZAR.API.Controller.UserController.Category (BAKERBAZZAR.API)'
2024-11-13 15:36:30.778 +05:30  INF  Request finished HTTP/1.1 GET http://localhost:5145/User/Category - - - 200 - application/json;+charset=utf-8 10.9839ms
2024-11-13 15:36:30.785 +05:30  INF  Executing ObjectResult, writing value of type 'BAKERBAZZAR.API.Models.ApiResponse'.
2024-11-13 15:36:30.787 +05:30  INF  Executed action BAKERBAZZAR.API.Controller.UserController.Products (BAKERBAZZAR.API) in 18.8598ms
2024-11-13 15:36:30.787 +05:30  INF  Executed endpoint 'BAKERBAZZAR.API.Controller.UserController.Products (BAKERBAZZAR.API)'
2024-11-13 15:36:30.787 +05:30  INF  Request finished HTTP/1.1 GET http://localhost:5145/user/products?categoryid= - - - 200 - application/json;+charset=utf-8 19.4254ms
2024-11-13 15:36:30.789 +05:30  INF  Executing ObjectResult, writing value of type 'BAKERBAZZAR.API.Models.ApiResponse'.
2024-11-13 15:36:30.790 +05:30  INF  Executed action BAKERBAZZAR.API.Controller.UserController.CartDetails (BAKERBAZZAR.API) in 29.1132ms
2024-11-13 15:36:30.791 +05:30  INF  Executed endpoint 'BAKERBAZZAR.API.Controller.UserController.CartDetails (BAKERBAZZAR.API)'
2024-11-13 15:36:30.791 +05:30  INF  Request finished HTTP/1.1 GET http://localhost:5145/User/CartDetails?displayid=54ad4834-4071-46df-9009-2f2bc60bca0a - - - 200 - application/json;+charset=utf-8 30.5022ms
2024-11-13 15:36:30.791 +05:30  INF  Request starting HTTP/1.1 GET http://localhost:5145/user/myorders?displayid=e62f03f4-2dcf-4f80-bc23-341651bd9338 - -
2024-11-13 15:36:30.791 +05:30  INF  CORS policy execution successful.
2024-11-13 15:36:30.791 +05:30  INF  Executing endpoint 'BAKERBAZZAR.API.Controller.UserController.MyOrders (BAKERBAZZAR.API)'
2024-11-13 15:36:30.791 +05:30  INF  Route matched with {action = "MyOrders", controller = "User"}. Executing controller action with signature System.Threading.Tasks.Task`1[Microsoft.AspNetCore.Mvc.ActionResult`1[BAKERBAZZAR.API.Models.ApiResponse]] MyOrders(System.String, System.String, System.String) on controller BAKERBAZZAR.API.Controller.UserController (BAKERBAZZAR.API).
2024-11-13 15:36:30.837 +05:30  INF  Executing ObjectResult, writing value of type 'BAKERBAZZAR.API.Models.ApiResponse'.
2024-11-13 15:36:30.837 +05:30  INF  Executed action BAKERBAZZAR.API.Controller.UserController.MyOrders (BAKERBAZZAR.API) in 45.4164ms
2024-11-13 15:36:30.837 +05:30  INF  Executed endpoint 'BAKERBAZZAR.API.Controller.UserController.MyOrders (BAKERBAZZAR.API)'
2024-11-13 15:36:30.837 +05:30  INF  Request finished HTTP/1.1 GET http://localhost:5145/user/myorders?displayid=e62f03f4-2dcf-4f80-bc23-341651bd9338 - - - 200 - application/json;+charset=utf-8 46.0160ms
2024-11-13 15:36:30.929 +05:30  INF  Request starting HTTP/1.1 GET http://localhost:5145/User/CartDetails?displayid=54ad4834-4071-46df-9009-2f2bc60bca0a - -
2024-11-13 15:36:30.930 +05:30  INF  CORS policy execution successful.
2024-11-13 15:36:30.930 +05:30  INF  Executing endpoint 'BAKERBAZZAR.API.Controller.UserController.CartDetails (BAKERBAZZAR.API)'
2024-11-13 15:36:30.930 +05:30  INF  Route matched with {action = "CartDetails", controller = "User"}. Executing controller action with signature System.Threading.Tasks.Task`1[Microsoft.AspNetCore.Mvc.ActionResult`1[BAKERBAZZAR.API.Models.ApiResponse]] CartDetails(System.String) on controller BAKERBAZZAR.API.Controller.UserController (BAKERBAZZAR.API).
2024-11-13 15:36:30.937 +05:30  INF  Executing ObjectResult, writing value of type 'BAKERBAZZAR.API.Models.ApiResponse'.
2024-11-13 15:36:30.937 +05:30  INF  Executed action BAKERBAZZAR.API.Controller.UserController.CartDetails (BAKERBAZZAR.API) in 7.3623ms
2024-11-13 15:36:30.937 +05:30  INF  Executed endpoint 'BAKERBAZZAR.API.Controller.UserController.CartDetails (BAKERBAZZAR.API)'
2024-11-13 15:36:30.938 +05:30  INF  Request finished HTTP/1.1 GET http://localhost:5145/User/CartDetails?displayid=54ad4834-4071-46df-9009-2f2bc60bca0a - - - 200 - application/json;+charset=utf-8 8.2943ms
2024-11-13 15:36:30.938 +05:30  INF  Request starting HTTP/1.1 GET http://localhost:5145/User/Category - -
2024-11-13 15:36:30.939 +05:30  INF  Request starting HTTP/1.1 GET http://localhost:5145/user/products?categoryid= - -
2024-11-13 15:36:30.939 +05:30  INF  CORS policy execution successful.
2024-11-13 15:36:30.940 +05:30  INF  Executing endpoint 'BAKERBAZZAR.API.Controller.UserController.Category (BAKERBAZZAR.API)'
2024-11-13 15:36:30.940 +05:30  INF  Route matched with {action = "Category", controller = "User"}. Executing controller action with signature System.Threading.Tasks.Task`1[Microsoft.AspNetCore.Mvc.ActionResult`1[BAKERBAZZAR.API.Models.ApiResponse]] Category(System.String) on controller BAKERBAZZAR.API.Controller.UserController (BAKERBAZZAR.API).
2024-11-13 15:36:30.940 +05:30  INF  CORS policy execution successful.
2024-11-13 15:36:30.940 +05:30  INF  Executing endpoint 'BAKERBAZZAR.API.Controller.UserController.Products (BAKERBAZZAR.API)'
2024-11-13 15:36:30.940 +05:30  INF  Route matched with {action = "Products", controller = "User"}. Executing controller action with signature System.Threading.Tasks.Task`1[Microsoft.AspNetCore.Mvc.ActionResult`1[BAKERBAZZAR.API.Models.ApiResponse]] Products(System.String, System.String) on controller BAKERBAZZAR.API.Controller.UserController (BAKERBAZZAR.API).
2024-11-13 15:36:30.947 +05:30  INF  Executing ObjectResult, writing value of type 'BAKERBAZZAR.API.Models.ApiResponse'.
2024-11-13 15:36:30.949 +05:30  INF  Executed action BAKERBAZZAR.API.Controller.UserController.Category (BAKERBAZZAR.API) in 9.0432ms
2024-11-13 15:36:30.949 +05:30  INF  Executed endpoint 'BAKERBAZZAR.API.Controller.UserController.Category (BAKERBAZZAR.API)'
2024-11-13 15:36:30.949 +05:30  INF  Request finished HTTP/1.1 GET http://localhost:5145/User/Category - - - 200 - application/json;+charset=utf-8 10.8896ms
2024-11-13 15:36:30.961 +05:30  INF  Executing ObjectResult, writing value of type 'BAKERBAZZAR.API.Models.ApiResponse'.
2024-11-13 15:36:30.962 +05:30  INF  Executed action BAKERBAZZAR.API.Controller.UserController.Products (BAKERBAZZAR.API) in 21.9605ms
2024-11-13 15:36:30.962 +05:30  INF  Executed endpoint 'BAKERBAZZAR.API.Controller.UserController.Products (BAKERBAZZAR.API)'
2024-11-13 15:36:30.962 +05:30  INF  Request finished HTTP/1.1 GET http://localhost:5145/user/products?categoryid= - - - 200 - application/json;+charset=utf-8 23.0931ms
2024-11-13 15:37:08.423 +05:30  INF  Request starting HTTP/1.1 OPTIONS http://localhost:5145/user/updatecartitem?linerid=222&qty=1 - -
2024-11-13 15:37:08.423 +05:30  INF  CORS policy execution successful.
2024-11-13 15:37:08.423 +05:30  INF  Request finished HTTP/1.1 OPTIONS http://localhost:5145/user/updatecartitem?linerid=222&qty=1 - - - 204 - - 1.0072ms
2024-11-13 15:37:08.426 +05:30  INF  Request starting HTTP/1.1 PUT http://localhost:5145/user/updatecartitem?linerid=222&qty=1 - 0
2024-11-13 15:37:08.426 +05:30  INF  CORS policy execution successful.
2024-11-13 15:37:08.427 +05:30  INF  Executing endpoint 'BAKERBAZZAR.API.Controller.UserController.UpdateCartItem (BAKERBAZZAR.API)'
2024-11-13 15:37:08.427 +05:30  INF  Route matched with {action = "UpdateCartItem", controller = "User"}. Executing controller action with signature System.Threading.Tasks.Task`1[Microsoft.AspNetCore.Mvc.ActionResult`1[BAKERBAZZAR.API.Models.ApiResponse]] UpdateCartItem(Int32, Int32) on controller BAKERBAZZAR.API.Controller.UserController (BAKERBAZZAR.API).
2024-11-13 15:37:08.432 +05:30  INF  Executing ObjectResult, writing value of type 'BAKERBAZZAR.API.Models.ApiResponse'.
2024-11-13 15:37:08.433 +05:30  INF  Executed action BAKERBAZZAR.API.Controller.UserController.UpdateCartItem (BAKERBAZZAR.API) in 5.6195ms
2024-11-13 15:37:08.433 +05:30  INF  Executed endpoint 'BAKERBAZZAR.API.Controller.UserController.UpdateCartItem (BAKERBAZZAR.API)'
2024-11-13 15:37:08.433 +05:30  INF  Request finished HTTP/1.1 PUT http://localhost:5145/user/updatecartitem?linerid=222&qty=1 - 0 - 200 - application/json;+charset=utf-8 6.9493ms
2024-11-13 15:37:08.617 +05:30  INF  Request starting HTTP/1.1 OPTIONS http://localhost:5145/user/updatecartitem?linerid=222&qty=2 - -
2024-11-13 15:37:08.617 +05:30  INF  CORS policy execution successful.
2024-11-13 15:37:08.617 +05:30  INF  Request finished HTTP/1.1 OPTIONS http://localhost:5145/user/updatecartitem?linerid=222&qty=2 - - - 204 - - 0.4002ms
2024-11-13 15:37:08.619 +05:30  INF  Request starting HTTP/1.1 PUT http://localhost:5145/user/updatecartitem?linerid=222&qty=2 - 0
2024-11-13 15:37:08.619 +05:30  INF  CORS policy execution successful.
2024-11-13 15:37:08.619 +05:30  INF  Executing endpoint 'BAKERBAZZAR.API.Controller.UserController.UpdateCartItem (BAKERBAZZAR.API)'
2024-11-13 15:37:08.619 +05:30  INF  Route matched with {action = "UpdateCartItem", controller = "User"}. Executing controller action with signature System.Threading.Tasks.Task`1[Microsoft.AspNetCore.Mvc.ActionResult`1[BAKERBAZZAR.API.Models.ApiResponse]] UpdateCartItem(Int32, Int32) on controller BAKERBAZZAR.API.Controller.UserController (BAKERBAZZAR.API).
2024-11-13 15:37:08.622 +05:30  INF  Executing ObjectResult, writing value of type 'BAKERBAZZAR.API.Models.ApiResponse'.
2024-11-13 15:37:08.622 +05:30  INF  Executed action BAKERBAZZAR.API.Controller.UserController.UpdateCartItem (BAKERBAZZAR.API) in 2.6845ms
2024-11-13 15:37:08.622 +05:30  INF  Executed endpoint 'BAKERBAZZAR.API.Controller.UserController.UpdateCartItem (BAKERBAZZAR.API)'
2024-11-13 15:37:08.622 +05:30  INF  Request finished HTTP/1.1 PUT http://localhost:5145/user/updatecartitem?linerid=222&qty=2 - 0 - 200 - application/json;+charset=utf-8 3.2567ms
2024-11-13 15:37:09.675 +05:30  INF  Request starting HTTP/1.1 OPTIONS http://localhost:5145/user/updatecartitem?linerid=222&qty=3 - -
2024-11-13 15:37:09.676 +05:30  INF  CORS policy execution successful.
2024-11-13 15:37:09.676 +05:30  INF  Request finished HTTP/1.1 OPTIONS http://localhost:5145/user/updatecartitem?linerid=222&qty=3 - - - 204 - - 0.4432ms
2024-11-13 15:37:09.678 +05:30  INF  Request starting HTTP/1.1 PUT http://localhost:5145/user/updatecartitem?linerid=222&qty=3 - 0
2024-11-13 15:37:09.678 +05:30  INF  CORS policy execution successful.
2024-11-13 15:37:09.679 +05:30  INF  Executing endpoint 'BAKERBAZZAR.API.Controller.UserController.UpdateCartItem (BAKERBAZZAR.API)'
2024-11-13 15:37:09.679 +05:30  INF  Route matched with {action = "UpdateCartItem", controller = "User"}. Executing controller action with signature System.Threading.Tasks.Task`1[Microsoft.AspNetCore.Mvc.ActionResult`1[BAKERBAZZAR.API.Models.ApiResponse]] UpdateCartItem(Int32, Int32) on controller BAKERBAZZAR.API.Controller.UserController (BAKERBAZZAR.API).
2024-11-13 15:37:09.682 +05:30  INF  Executing ObjectResult, writing value of type 'BAKERBAZZAR.API.Models.ApiResponse'.
2024-11-13 15:37:09.682 +05:30  INF  Executed action BAKERBAZZAR.API.Controller.UserController.UpdateCartItem (BAKERBAZZAR.API) in 3.6429ms
2024-11-13 15:37:09.682 +05:30  INF  Executed endpoint 'BAKERBAZZAR.API.Controller.UserController.UpdateCartItem (BAKERBAZZAR.API)'
2024-11-13 15:37:09.682 +05:30  INF  Request finished HTTP/1.1 PUT http://localhost:5145/user/updatecartitem?linerid=222&qty=3 - 0 - 200 - application/json;+charset=utf-8 4.2008ms
2024-11-13 15:37:13.839 +05:30  INF  Request starting HTTP/1.1 GET http://localhost:5145/User/CartDetails?displayid=54ad4834-4071-46df-9009-2f2bc60bca0a - -
2024-11-13 15:37:13.839 +05:30  INF  CORS policy execution successful.
2024-11-13 15:37:13.839 +05:30  INF  Executing endpoint 'BAKERBAZZAR.API.Controller.UserController.CartDetails (BAKERBAZZAR.API)'
2024-11-13 15:37:13.839 +05:30  INF  Route matched with {action = "CartDetails", controller = "User"}. Executing controller action with signature System.Threading.Tasks.Task`1[Microsoft.AspNetCore.Mvc.ActionResult`1[BAKERBAZZAR.API.Models.ApiResponse]] CartDetails(System.String) on controller BAKERBAZZAR.API.Controller.UserController (BAKERBAZZAR.API).
2024-11-13 15:37:13.843 +05:30  INF  Executing ObjectResult, writing value of type 'BAKERBAZZAR.API.Models.ApiResponse'.
2024-11-13 15:37:13.844 +05:30  INF  Executed action BAKERBAZZAR.API.Controller.UserController.CartDetails (BAKERBAZZAR.API) in 4.2283ms
2024-11-13 15:37:13.844 +05:30  INF  Executed endpoint 'BAKERBAZZAR.API.Controller.UserController.CartDetails (BAKERBAZZAR.API)'
2024-11-13 15:37:13.844 +05:30  INF  Request finished HTTP/1.1 GET http://localhost:5145/User/CartDetails?displayid=54ad4834-4071-46df-9009-2f2bc60bca0a - - - 200 - application/json;+charset=utf-8 5.1814ms
2024-11-13 15:37:13.848 +05:30  INF  Request starting HTTP/1.1 GET http://localhost:5145/User/Category - -
2024-11-13 15:37:13.848 +05:30  INF  CORS policy execution successful.
2024-11-13 15:37:13.849 +05:30  INF  Executing endpoint 'BAKERBAZZAR.API.Controller.UserController.Category (BAKERBAZZAR.API)'
2024-11-13 15:37:13.849 +05:30  INF  Request starting HTTP/1.1 GET http://localhost:5145/user/products?categoryid= - -
2024-11-13 15:37:13.849 +05:30  INF  Route matched with {action = "Category", controller = "User"}. Executing controller action with signature System.Threading.Tasks.Task`1[Microsoft.AspNetCore.Mvc.ActionResult`1[BAKERBAZZAR.API.Models.ApiResponse]] Category(System.String) on controller BAKERBAZZAR.API.Controller.UserController (BAKERBAZZAR.API).
2024-11-13 15:37:13.849 +05:30  INF  CORS policy execution successful.
2024-11-13 15:37:13.849 +05:30  INF  Executing endpoint 'BAKERBAZZAR.API.Controller.UserController.Products (BAKERBAZZAR.API)'
2024-11-13 15:37:13.849 +05:30  INF  Route matched with {action = "Products", controller = "User"}. Executing controller action with signature System.Threading.Tasks.Task`1[Microsoft.AspNetCore.Mvc.ActionResult`1[BAKERBAZZAR.API.Models.ApiResponse]] Products(System.String, System.String) on controller BAKERBAZZAR.API.Controller.UserController (BAKERBAZZAR.API).
2024-11-13 15:37:13.866 +05:30  INF  Request starting HTTP/1.1 GET http://localhost:5145/user/myorders?displayid=e62f03f4-2dcf-4f80-bc23-341651bd9338 - -
2024-11-13 15:37:13.866 +05:30  INF  CORS policy execution successful.
2024-11-13 15:37:13.866 +05:30  INF  Executing endpoint 'BAKERBAZZAR.API.Controller.UserController.MyOrders (BAKERBAZZAR.API)'
2024-11-13 15:37:13.866 +05:30  INF  Route matched with {action = "MyOrders", controller = "User"}. Executing controller action with signature System.Threading.Tasks.Task`1[Microsoft.AspNetCore.Mvc.ActionResult`1[BAKERBAZZAR.API.Models.ApiResponse]] MyOrders(System.String, System.String, System.String) on controller BAKERBAZZAR.API.Controller.UserController (BAKERBAZZAR.API).
2024-11-13 15:37:13.871 +05:30  INF  Executing ObjectResult, writing value of type 'BAKERBAZZAR.API.Models.ApiResponse'.
2024-11-13 15:37:13.872 +05:30  INF  Executed action BAKERBAZZAR.API.Controller.UserController.Category (BAKERBAZZAR.API) in 22.8139ms
2024-11-13 15:37:13.872 +05:30  INF  Executed endpoint 'BAKERBAZZAR.API.Controller.UserController.Category (BAKERBAZZAR.API)'
2024-11-13 15:37:13.872 +05:30  INF  Request finished HTTP/1.1 GET http://localhost:5145/User/Category - - - 200 - application/json;+charset=utf-8 23.8267ms
2024-11-13 15:37:13.872 +05:30  INF  Executing ObjectResult, writing value of type 'BAKERBAZZAR.API.Models.ApiResponse'.
2024-11-13 15:37:13.872 +05:30  INF  Executed action BAKERBAZZAR.API.Controller.UserController.MyOrders (BAKERBAZZAR.API) in 6.0816ms
2024-11-13 15:37:13.876 +05:30  INF  Executed endpoint 'BAKERBAZZAR.API.Controller.UserController.MyOrders (BAKERBAZZAR.API)'
2024-11-13 15:37:13.877 +05:30  INF  Executing ObjectResult, writing value of type 'BAKERBAZZAR.API.Models.ApiResponse'.
2024-11-13 15:37:13.877 +05:30  INF  Request finished HTTP/1.1 GET http://localhost:5145/user/myorders?displayid=e62f03f4-2dcf-4f80-bc23-341651bd9338 - - - 200 - application/json;+charset=utf-8 10.9888ms
2024-11-13 15:37:13.877 +05:30  INF  Executed action BAKERBAZZAR.API.Controller.UserController.Products (BAKERBAZZAR.API) in 28.2611ms
2024-11-13 15:37:13.877 +05:30  INF  Executed endpoint 'BAKERBAZZAR.API.Controller.UserController.Products (BAKERBAZZAR.API)'
2024-11-13 15:37:13.877 +05:30  INF  Request finished HTTP/1.1 GET http://localhost:5145/user/products?categoryid= - - - 200 - application/json;+charset=utf-8 28.5796ms
2024-11-13 15:37:14.007 +05:30  INF  Request starting HTTP/1.1 GET http://localhost:5145/User/CartDetails?displayid=54ad4834-4071-46df-9009-2f2bc60bca0a - -
2024-11-13 15:37:14.007 +05:30  INF  CORS policy execution successful.
2024-11-13 15:37:14.008 +05:30  INF  Executing endpoint 'BAKERBAZZAR.API.Controller.UserController.CartDetails (BAKERBAZZAR.API)'
2024-11-13 15:37:14.008 +05:30  INF  Route matched with {action = "CartDetails", controller = "User"}. Executing controller action with signature System.Threading.Tasks.Task`1[Microsoft.AspNetCore.Mvc.ActionResult`1[BAKERBAZZAR.API.Models.ApiResponse]] CartDetails(System.String) on controller BAKERBAZZAR.API.Controller.UserController (BAKERBAZZAR.API).
2024-11-13 15:37:14.012 +05:30  INF  Executing ObjectResult, writing value of type 'BAKERBAZZAR.API.Models.ApiResponse'.
2024-11-13 15:37:14.012 +05:30  INF  Executed action BAKERBAZZAR.API.Controller.UserController.CartDetails (BAKERBAZZAR.API) in 4.596ms
2024-11-13 15:37:14.012 +05:30  INF  Executed endpoint 'BAKERBAZZAR.API.Controller.UserController.CartDetails (BAKERBAZZAR.API)'
2024-11-13 15:37:14.012 +05:30  INF  Request finished HTTP/1.1 GET http://localhost:5145/User/CartDetails?displayid=54ad4834-4071-46df-9009-2f2bc60bca0a - - - 200 - application/json;+charset=utf-8 5.2854ms
2024-11-13 15:37:14.019 +05:30  INF  Request starting HTTP/1.1 GET http://localhost:5145/User/Category - -
2024-11-13 15:37:14.020 +05:30  INF  CORS policy execution successful.
2024-11-13 15:37:14.020 +05:30  INF  Executing endpoint 'BAKERBAZZAR.API.Controller.UserController.Category (BAKERBAZZAR.API)'
2024-11-13 15:37:14.020 +05:30  INF  Route matched with {action = "Category", controller = "User"}. Executing controller action with signature System.Threading.Tasks.Task`1[Microsoft.AspNetCore.Mvc.ActionResult`1[BAKERBAZZAR.API.Models.ApiResponse]] Category(System.String) on controller BAKERBAZZAR.API.Controller.UserController (BAKERBAZZAR.API).
2024-11-13 15:37:14.024 +05:30  INF  Executing ObjectResult, writing value of type 'BAKERBAZZAR.API.Models.ApiResponse'.
2024-11-13 15:37:14.024 +05:30  INF  Executed action BAKERBAZZAR.API.Controller.UserController.Category (BAKERBAZZAR.API) in 4.0065ms
2024-11-13 15:37:14.024 +05:30  INF  Executed endpoint 'BAKERBAZZAR.API.Controller.UserController.Category (BAKERBAZZAR.API)'
2024-11-13 15:37:14.024 +05:30  INF  Request finished HTTP/1.1 GET http://localhost:5145/User/Category - - - 200 - application/json;+charset=utf-8 4.8140ms
2024-11-13 15:37:14.028 +05:30  INF  Request starting HTTP/1.1 GET http://localhost:5145/user/products?categoryid= - -
2024-11-13 15:37:14.028 +05:30  INF  CORS policy execution successful.
2024-11-13 15:37:14.029 +05:30  INF  Executing endpoint 'BAKERBAZZAR.API.Controller.UserController.Products (BAKERBAZZAR.API)'
2024-11-13 15:37:14.029 +05:30  INF  Route matched with {action = "Products", controller = "User"}. Executing controller action with signature System.Threading.Tasks.Task`1[Microsoft.AspNetCore.Mvc.ActionResult`1[BAKERBAZZAR.API.Models.ApiResponse]] Products(System.String, System.String) on controller BAKERBAZZAR.API.Controller.UserController (BAKERBAZZAR.API).
2024-11-13 15:37:14.037 +05:30  INF  Executing ObjectResult, writing value of type 'BAKERBAZZAR.API.Models.ApiResponse'.
2024-11-13 15:37:14.039 +05:30  INF  Executed action BAKERBAZZAR.API.Controller.UserController.Products (BAKERBAZZAR.API) in 9.9445ms
2024-11-13 15:37:14.039 +05:30  INF  Executed endpoint 'BAKERBAZZAR.API.Controller.UserController.Products (BAKERBAZZAR.API)'
2024-11-13 15:37:14.039 +05:30  INF  Request finished HTTP/1.1 GET http://localhost:5145/user/products?categoryid= - - - 200 - application/json;+charset=utf-8 11.0404ms
2024-11-13 15:37:19.931 +05:30  INF  Request starting HTTP/1.1 OPTIONS http://localhost:5145/user/updatecartitem?linerid=222&qty=3 - -
2024-11-13 15:37:19.931 +05:30  INF  CORS policy execution successful.
2024-11-13 15:37:19.931 +05:30  INF  Request finished HTTP/1.1 OPTIONS http://localhost:5145/user/updatecartitem?linerid=222&qty=3 - - - 204 - - 0.4278ms
2024-11-13 15:37:19.933 +05:30  INF  Request starting HTTP/1.1 PUT http://localhost:5145/user/updatecartitem?linerid=222&qty=3 - 0
2024-11-13 15:37:19.933 +05:30  INF  CORS policy execution successful.
2024-11-13 15:37:19.933 +05:30  INF  Executing endpoint 'BAKERBAZZAR.API.Controller.UserController.UpdateCartItem (BAKERBAZZAR.API)'
2024-11-13 15:37:19.933 +05:30  INF  Route matched with {action = "UpdateCartItem", controller = "User"}. Executing controller action with signature System.Threading.Tasks.Task`1[Microsoft.AspNetCore.Mvc.ActionResult`1[BAKERBAZZAR.API.Models.ApiResponse]] UpdateCartItem(Int32, Int32) on controller BAKERBAZZAR.API.Controller.UserController (BAKERBAZZAR.API).
2024-11-13 15:37:19.962 +05:30  INF  Executing ObjectResult, writing value of type 'BAKERBAZZAR.API.Models.ApiResponse'.
2024-11-13 15:37:19.962 +05:30  INF  Executed action BAKERBAZZAR.API.Controller.UserController.UpdateCartItem (BAKERBAZZAR.API) in 28.8018ms
2024-11-13 15:37:19.962 +05:30  INF  Executed endpoint 'BAKERBAZZAR.API.Controller.UserController.UpdateCartItem (BAKERBAZZAR.API)'
2024-11-13 15:37:19.962 +05:30  INF  Request finished HTTP/1.1 PUT http://localhost:5145/user/updatecartitem?linerid=222&qty=3 - 0 - 200 - application/json;+charset=utf-8 29.2045ms
2024-11-13 15:37:20.241 +05:30  INF  Request starting HTTP/1.1 OPTIONS http://localhost:5145/user/updatecartitem?linerid=222&qty=2 - -
2024-11-13 15:37:20.241 +05:30  INF  CORS policy execution successful.
2024-11-13 15:37:20.241 +05:30  INF  Request finished HTTP/1.1 OPTIONS http://localhost:5145/user/updatecartitem?linerid=222&qty=2 - - - 204 - - 0.3135ms
2024-11-13 15:37:20.242 +05:30  INF  Request starting HTTP/1.1 PUT http://localhost:5145/user/updatecartitem?linerid=222&qty=2 - 0
2024-11-13 15:37:20.243 +05:30  INF  CORS policy execution successful.
2024-11-13 15:37:20.243 +05:30  INF  Executing endpoint 'BAKERBAZZAR.API.Controller.UserController.UpdateCartItem (BAKERBAZZAR.API)'
2024-11-13 15:37:20.243 +05:30  INF  Route matched with {action = "UpdateCartItem", controller = "User"}. Executing controller action with signature System.Threading.Tasks.Task`1[Microsoft.AspNetCore.Mvc.ActionResult`1[BAKERBAZZAR.API.Models.ApiResponse]] UpdateCartItem(Int32, Int32) on controller BAKERBAZZAR.API.Controller.UserController (BAKERBAZZAR.API).
2024-11-13 15:37:20.269 +05:30  INF  Executing ObjectResult, writing value of type 'BAKERBAZZAR.API.Models.ApiResponse'.
2024-11-13 15:37:20.269 +05:30  INF  Executed action BAKERBAZZAR.API.Controller.UserController.UpdateCartItem (BAKERBAZZAR.API) in 26.5161ms
2024-11-13 15:37:20.269 +05:30  INF  Executed endpoint 'BAKERBAZZAR.API.Controller.UserController.UpdateCartItem (BAKERBAZZAR.API)'
2024-11-13 15:37:20.269 +05:30  INF  Request finished HTTP/1.1 PUT http://localhost:5145/user/updatecartitem?linerid=222&qty=2 - 0 - 200 - application/json;+charset=utf-8 26.9484ms
2024-11-13 15:37:20.562 +05:30  INF  Request starting HTTP/1.1 OPTIONS http://localhost:5145/user/updatecartitem?linerid=222&qty=1 - -
2024-11-13 15:37:20.564 +05:30  INF  CORS policy execution successful.
2024-11-13 15:37:20.564 +05:30  INF  Request finished HTTP/1.1 OPTIONS http://localhost:5145/user/updatecartitem?linerid=222&qty=1 - - - 204 - - 1.6457ms
2024-11-13 15:37:20.565 +05:30  INF  Request starting HTTP/1.1 PUT http://localhost:5145/user/updatecartitem?linerid=222&qty=1 - 0
2024-11-13 15:37:20.565 +05:30  INF  CORS policy execution successful.
2024-11-13 15:37:20.565 +05:30  INF  Executing endpoint 'BAKERBAZZAR.API.Controller.UserController.UpdateCartItem (BAKERBAZZAR.API)'
2024-11-13 15:37:20.565 +05:30  INF  Route matched with {action = "UpdateCartItem", controller = "User"}. Executing controller action with signature System.Threading.Tasks.Task`1[Microsoft.AspNetCore.Mvc.ActionResult`1[BAKERBAZZAR.API.Models.ApiResponse]] UpdateCartItem(Int32, Int32) on controller BAKERBAZZAR.API.Controller.UserController (BAKERBAZZAR.API).
2024-11-13 15:37:20.579 +05:30  INF  Executing ObjectResult, writing value of type 'BAKERBAZZAR.API.Models.ApiResponse'.
2024-11-13 15:37:20.579 +05:30  INF  Executed action BAKERBAZZAR.API.Controller.UserController.UpdateCartItem (BAKERBAZZAR.API) in 13.7012ms
2024-11-13 15:37:20.579 +05:30  INF  Executed endpoint 'BAKERBAZZAR.API.Controller.UserController.UpdateCartItem (BAKERBAZZAR.API)'
2024-11-13 15:37:20.579 +05:30  INF  Request finished HTTP/1.1 PUT http://localhost:5145/user/updatecartitem?linerid=222&qty=1 - 0 - 200 - application/json;+charset=utf-8 14.0250ms
2024-11-13 15:37:20.779 +05:30  INF  Request starting HTTP/1.1 PUT http://localhost:5145/user/updatecartitem?linerid=222&qty=1 - 0
2024-11-13 15:37:20.779 +05:30  INF  CORS policy execution successful.
2024-11-13 15:37:20.779 +05:30  INF  Executing endpoint 'BAKERBAZZAR.API.Controller.UserController.UpdateCartItem (BAKERBAZZAR.API)'
2024-11-13 15:37:20.779 +05:30  INF  Route matched with {action = "UpdateCartItem", controller = "User"}. Executing controller action with signature System.Threading.Tasks.Task`1[Microsoft.AspNetCore.Mvc.ActionResult`1[BAKERBAZZAR.API.Models.ApiResponse]] UpdateCartItem(Int32, Int32) on controller BAKERBAZZAR.API.Controller.UserController (BAKERBAZZAR.API).
2024-11-13 15:37:20.781 +05:30  INF  Executing ObjectResult, writing value of type 'BAKERBAZZAR.API.Models.ApiResponse'.
2024-11-13 15:37:20.782 +05:30  INF  Executed action BAKERBAZZAR.API.Controller.UserController.UpdateCartItem (BAKERBAZZAR.API) in 2.5002ms
2024-11-13 15:37:20.782 +05:30  INF  Executed endpoint 'BAKERBAZZAR.API.Controller.UserController.UpdateCartItem (BAKERBAZZAR.API)'
2024-11-13 15:37:20.782 +05:30  INF  Request finished HTTP/1.1 PUT http://localhost:5145/user/updatecartitem?linerid=222&qty=1 - 0 - 200 - application/json;+charset=utf-8 2.8103ms
2024-11-13 15:37:22.593 +05:30  INF  Request starting HTTP/1.1 GET http://localhost:5145/User/CartDetails?displayid=54ad4834-4071-46df-9009-2f2bc60bca0a - -
2024-11-13 15:37:22.593 +05:30  INF  CORS policy execution successful.
2024-11-13 15:37:22.593 +05:30  INF  Executing endpoint 'BAKERBAZZAR.API.Controller.UserController.CartDetails (BAKERBAZZAR.API)'
2024-11-13 15:37:22.593 +05:30  INF  Route matched with {action = "CartDetails", controller = "User"}. Executing controller action with signature System.Threading.Tasks.Task`1[Microsoft.AspNetCore.Mvc.ActionResult`1[BAKERBAZZAR.API.Models.ApiResponse]] CartDetails(System.String) on controller BAKERBAZZAR.API.Controller.UserController (BAKERBAZZAR.API).
2024-11-13 15:37:22.594 +05:30  INF  Request starting HTTP/1.1 GET http://localhost:5145/User/Category - -
2024-11-13 15:37:22.594 +05:30  INF  CORS policy execution successful.
2024-11-13 15:37:22.594 +05:30  INF  Executing endpoint 'BAKERBAZZAR.API.Controller.UserController.Category (BAKERBAZZAR.API)'
2024-11-13 15:37:22.594 +05:30  INF  Request starting HTTP/1.1 GET http://localhost:5145/user/products?categoryid= - -
2024-11-13 15:37:22.595 +05:30  INF  Route matched with {action = "Category", controller = "User"}. Executing controller action with signature System.Threading.Tasks.Task`1[Microsoft.AspNetCore.Mvc.ActionResult`1[BAKERBAZZAR.API.Models.ApiResponse]] Category(System.String) on controller BAKERBAZZAR.API.Controller.UserController (BAKERBAZZAR.API).
2024-11-13 15:37:22.595 +05:30  INF  CORS policy execution successful.
2024-11-13 15:37:22.595 +05:30  INF  Executing endpoint 'BAKERBAZZAR.API.Controller.UserController.Products (BAKERBAZZAR.API)'
2024-11-13 15:37:22.595 +05:30  INF  Route matched with {action = "Products", controller = "User"}. Executing controller action with signature System.Threading.Tasks.Task`1[Microsoft.AspNetCore.Mvc.ActionResult`1[BAKERBAZZAR.API.Models.ApiResponse]] Products(System.String, System.String) on controller BAKERBAZZAR.API.Controller.UserController (BAKERBAZZAR.API).
2024-11-13 15:37:22.612 +05:30  INF  Request starting HTTP/1.1 GET http://localhost:5145/user/myorders?displayid=e62f03f4-2dcf-4f80-bc23-341651bd9338 - -
2024-11-13 15:37:22.612 +05:30  INF  CORS policy execution successful.
2024-11-13 15:37:22.612 +05:30  INF  Executing endpoint 'BAKERBAZZAR.API.Controller.UserController.MyOrders (BAKERBAZZAR.API)'
2024-11-13 15:37:22.613 +05:30  INF  Route matched with {action = "MyOrders", controller = "User"}. Executing controller action with signature System.Threading.Tasks.Task`1[Microsoft.AspNetCore.Mvc.ActionResult`1[BAKERBAZZAR.API.Models.ApiResponse]] MyOrders(System.String, System.String, System.String) on controller BAKERBAZZAR.API.Controller.UserController (BAKERBAZZAR.API).
2024-11-13 15:37:22.618 +05:30  INF  Executing ObjectResult, writing value of type 'BAKERBAZZAR.API.Models.ApiResponse'.
2024-11-13 15:37:22.619 +05:30  INF  Executed action BAKERBAZZAR.API.Controller.UserController.Category (BAKERBAZZAR.API) in 24.1296ms
2024-11-13 15:37:22.619 +05:30  INF  Executed endpoint 'BAKERBAZZAR.API.Controller.UserController.Category (BAKERBAZZAR.API)'
2024-11-13 15:37:22.619 +05:30  INF  Request finished HTTP/1.1 GET http://localhost:5145/User/Category - - - 200 - application/json;+charset=utf-8 24.7677ms
2024-11-13 15:37:22.626 +05:30  INF  Executing ObjectResult, writing value of type 'BAKERBAZZAR.API.Models.ApiResponse'.
2024-11-13 15:37:22.627 +05:30  INF  Executed action BAKERBAZZAR.API.Controller.UserController.Products (BAKERBAZZAR.API) in 32.6793ms
2024-11-13 15:37:22.628 +05:30  INF  Executed endpoint 'BAKERBAZZAR.API.Controller.UserController.Products (BAKERBAZZAR.API)'
2024-11-13 15:37:22.628 +05:30  INF  Request finished HTTP/1.1 GET http://localhost:5145/user/products?categoryid= - - - 200 - application/json;+charset=utf-8 33.3289ms
2024-11-13 15:37:22.630 +05:30  INF  Executing ObjectResult, writing value of type 'BAKERBAZZAR.API.Models.ApiResponse'.
2024-11-13 15:37:22.630 +05:30  INF  Executed action BAKERBAZZAR.API.Controller.UserController.CartDetails (BAKERBAZZAR.API) in 37.0294ms
2024-11-13 15:37:22.631 +05:30  INF  Executed endpoint 'BAKERBAZZAR.API.Controller.UserController.CartDetails (BAKERBAZZAR.API)'
2024-11-13 15:37:22.631 +05:30  INF  Request finished HTTP/1.1 GET http://localhost:5145/User/CartDetails?displayid=54ad4834-4071-46df-9009-2f2bc60bca0a - - - 200 - application/json;+charset=utf-8 37.8930ms
2024-11-13 15:37:22.669 +05:30  INF  Executing ObjectResult, writing value of type 'BAKERBAZZAR.API.Models.ApiResponse'.
2024-11-13 15:37:22.669 +05:30  INF  Executed action BAKERBAZZAR.API.Controller.UserController.MyOrders (BAKERBAZZAR.API) in 56.8121ms
2024-11-13 15:37:22.670 +05:30  INF  Executed endpoint 'BAKERBAZZAR.API.Controller.UserController.MyOrders (BAKERBAZZAR.API)'
2024-11-13 15:37:22.670 +05:30  INF  Request finished HTTP/1.1 GET http://localhost:5145/user/myorders?displayid=e62f03f4-2dcf-4f80-bc23-341651bd9338 - - - 200 - application/json;+charset=utf-8 57.4198ms
2024-11-13 15:37:22.762 +05:30  INF  Request starting HTTP/1.1 GET http://localhost:5145/User/CartDetails?displayid=54ad4834-4071-46df-9009-2f2bc60bca0a - -
2024-11-13 15:37:22.762 +05:30  INF  CORS policy execution successful.
2024-11-13 15:37:22.762 +05:30  INF  Executing endpoint 'BAKERBAZZAR.API.Controller.UserController.CartDetails (BAKERBAZZAR.API)'
2024-11-13 15:37:22.763 +05:30  INF  Route matched with {action = "CartDetails", controller = "User"}. Executing controller action with signature System.Threading.Tasks.Task`1[Microsoft.AspNetCore.Mvc.ActionResult`1[BAKERBAZZAR.API.Models.ApiResponse]] CartDetails(System.String) on controller BAKERBAZZAR.API.Controller.UserController (BAKERBAZZAR.API).
2024-11-13 15:37:22.763 +05:30  INF  Request starting HTTP/1.1 GET http://localhost:5145/User/Category - -
2024-11-13 15:37:22.763 +05:30  INF  CORS policy execution successful.
2024-11-13 15:37:22.763 +05:30  INF  Executing endpoint 'BAKERBAZZAR.API.Controller.UserController.Category (BAKERBAZZAR.API)'
2024-11-13 15:37:22.763 +05:30  INF  Route matched with {action = "Category", controller = "User"}. Executing controller action with signature System.Threading.Tasks.Task`1[Microsoft.AspNetCore.Mvc.ActionResult`1[BAKERBAZZAR.API.Models.ApiResponse]] Category(System.String) on controller BAKERBAZZAR.API.Controller.UserController (BAKERBAZZAR.API).
2024-11-13 15:37:22.770 +05:30  INF  Request starting HTTP/1.1 GET http://localhost:5145/user/products?categoryid= - -
2024-11-13 15:37:22.771 +05:30  INF  CORS policy execution successful.
2024-11-13 15:37:22.771 +05:30  INF  Executing endpoint 'BAKERBAZZAR.API.Controller.UserController.Products (BAKERBAZZAR.API)'
2024-11-13 15:37:22.771 +05:30  INF  Route matched with {action = "Products", controller = "User"}. Executing controller action with signature System.Threading.Tasks.Task`1[Microsoft.AspNetCore.Mvc.ActionResult`1[BAKERBAZZAR.API.Models.ApiResponse]] Products(System.String, System.String) on controller BAKERBAZZAR.API.Controller.UserController (BAKERBAZZAR.API).
2024-11-13 15:37:22.792 +05:30  INF  Executing ObjectResult, writing value of type 'BAKERBAZZAR.API.Models.ApiResponse'.
2024-11-13 15:37:22.792 +05:30  INF  Executed action BAKERBAZZAR.API.Controller.UserController.Category (BAKERBAZZAR.API) in 29.2329ms
2024-11-13 15:37:22.792 +05:30  INF  Executed endpoint 'BAKERBAZZAR.API.Controller.UserController.Category (BAKERBAZZAR.API)'
2024-11-13 15:37:22.792 +05:30  INF  Request finished HTTP/1.1 GET http://localhost:5145/User/Category - - - 200 - application/json;+charset=utf-8 29.5422ms
2024-11-13 15:37:22.801 +05:30  INF  Executing ObjectResult, writing value of type 'BAKERBAZZAR.API.Models.ApiResponse'.
2024-11-13 15:37:22.802 +05:30  INF  Executed action BAKERBAZZAR.API.Controller.UserController.Products (BAKERBAZZAR.API) in 31.5864ms
2024-11-13 15:37:22.805 +05:30  INF  Executed endpoint 'BAKERBAZZAR.API.Controller.UserController.Products (BAKERBAZZAR.API)'
2024-11-13 15:37:22.805 +05:30  INF  Request finished HTTP/1.1 GET http://localhost:5145/user/products?categoryid= - - - 200 - application/json;+charset=utf-8 35.1220ms
2024-11-13 15:37:22.808 +05:30  INF  Executing ObjectResult, writing value of type 'BAKERBAZZAR.API.Models.ApiResponse'.
2024-11-13 15:37:22.808 +05:30  INF  Executed action BAKERBAZZAR.API.Controller.UserController.CartDetails (BAKERBAZZAR.API) in 45.6745ms
2024-11-13 15:37:22.808 +05:30  INF  Executed endpoint 'BAKERBAZZAR.API.Controller.UserController.CartDetails (BAKERBAZZAR.API)'
2024-11-13 15:37:22.808 +05:30  INF  Request finished HTTP/1.1 GET http://localhost:5145/User/CartDetails?displayid=54ad4834-4071-46df-9009-2f2bc60bca0a - - - 200 - application/json;+charset=utf-8 46.3442ms
2024-11-13 15:38:49.051 +05:30  INF  Request starting HTTP/1.1 OPTIONS http://localhost:5145/user/updatecartitem?linerid=222&qty=1 - -
2024-11-13 15:38:49.052 +05:30  INF  CORS policy execution successful.
2024-11-13 15:38:49.052 +05:30  INF  Request finished HTTP/1.1 OPTIONS http://localhost:5145/user/updatecartitem?linerid=222&qty=1 - - - 204 - - 0.5179ms
2024-11-13 15:38:49.053 +05:30  INF  Request starting HTTP/1.1 PUT http://localhost:5145/user/updatecartitem?linerid=222&qty=1 - 0
2024-11-13 15:38:49.053 +05:30  INF  CORS policy execution successful.
2024-11-13 15:38:49.053 +05:30  INF  Executing endpoint 'BAKERBAZZAR.API.Controller.UserController.UpdateCartItem (BAKERBAZZAR.API)'
2024-11-13 15:38:49.053 +05:30  INF  Route matched with {action = "UpdateCartItem", controller = "User"}. Executing controller action with signature System.Threading.Tasks.Task`1[Microsoft.AspNetCore.Mvc.ActionResult`1[BAKERBAZZAR.API.Models.ApiResponse]] UpdateCartItem(Int32, Int32) on controller BAKERBAZZAR.API.Controller.UserController (BAKERBAZZAR.API).
2024-11-13 15:38:49.074 +05:30  INF  Executing ObjectResult, writing value of type 'BAKERBAZZAR.API.Models.ApiResponse'.
2024-11-13 15:38:49.075 +05:30  INF  Executed action BAKERBAZZAR.API.Controller.UserController.UpdateCartItem (BAKERBAZZAR.API) in 21.6678ms
2024-11-13 15:38:49.075 +05:30  INF  Executed endpoint 'BAKERBAZZAR.API.Controller.UserController.UpdateCartItem (BAKERBAZZAR.API)'
2024-11-13 15:38:49.075 +05:30  INF  Request finished HTTP/1.1 PUT http://localhost:5145/user/updatecartitem?linerid=222&qty=1 - 0 - 200 - application/json;+charset=utf-8 21.9954ms
2024-11-13 15:38:49.194 +05:30  INF  Request starting HTTP/1.1 OPTIONS http://localhost:5145/user/updatecartitem?linerid=221&qty=1 - -
2024-11-13 15:38:49.194 +05:30  INF  CORS policy execution successful.
2024-11-13 15:38:49.194 +05:30  INF  Request finished HTTP/1.1 OPTIONS http://localhost:5145/user/updatecartitem?linerid=221&qty=1 - - - 204 - - 0.2013ms
2024-11-13 15:38:49.195 +05:30  INF  Request starting HTTP/1.1 PUT http://localhost:5145/user/updatecartitem?linerid=222&qty=1 - 0
2024-11-13 15:38:49.195 +05:30  INF  CORS policy execution successful.
2024-11-13 15:38:49.195 +05:30  INF  Executing endpoint 'BAKERBAZZAR.API.Controller.UserController.UpdateCartItem (BAKERBAZZAR.API)'
2024-11-13 15:38:49.196 +05:30  INF  Route matched with {action = "UpdateCartItem", controller = "User"}. Executing controller action with signature System.Threading.Tasks.Task`1[Microsoft.AspNetCore.Mvc.ActionResult`1[BAKERBAZZAR.API.Models.ApiResponse]] UpdateCartItem(Int32, Int32) on controller BAKERBAZZAR.API.Controller.UserController (BAKERBAZZAR.API).
2024-11-13 15:38:49.196 +05:30  INF  Request starting HTTP/1.1 PUT http://localhost:5145/user/updatecartitem?linerid=221&qty=1 - 0
2024-11-13 15:38:49.196 +05:30  INF  CORS policy execution successful.
2024-11-13 15:38:49.196 +05:30  INF  Executing endpoint 'BAKERBAZZAR.API.Controller.UserController.UpdateCartItem (BAKERBAZZAR.API)'
2024-11-13 15:38:49.196 +05:30  INF  Route matched with {action = "UpdateCartItem", controller = "User"}. Executing controller action with signature System.Threading.Tasks.Task`1[Microsoft.AspNetCore.Mvc.ActionResult`1[BAKERBAZZAR.API.Models.ApiResponse]] UpdateCartItem(Int32, Int32) on controller BAKERBAZZAR.API.Controller.UserController (BAKERBAZZAR.API).
2024-11-13 15:38:49.196 +05:30  INF  Request starting HTTP/1.1 PUT http://localhost:5145/user/updatecartitem?linerid=221&qty=1 - 0
2024-11-13 15:38:49.196 +05:30  INF  CORS policy execution successful.
2024-11-13 15:38:49.197 +05:30  INF  Executing endpoint 'BAKERBAZZAR.API.Controller.UserController.UpdateCartItem (BAKERBAZZAR.API)'
2024-11-13 15:38:49.197 +05:30  INF  Route matched with {action = "UpdateCartItem", controller = "User"}. Executing controller action with signature System.Threading.Tasks.Task`1[Microsoft.AspNetCore.Mvc.ActionResult`1[BAKERBAZZAR.API.Models.ApiResponse]] UpdateCartItem(Int32, Int32) on controller BAKERBAZZAR.API.Controller.UserController (BAKERBAZZAR.API).
2024-11-13 15:38:49.197 +05:30  INF  Request starting HTTP/1.1 PUT http://localhost:5145/user/updatecartitem?linerid=222&qty=1 - 0
2024-11-13 15:38:49.197 +05:30  INF  CORS policy execution successful.
2024-11-13 15:38:49.197 +05:30  INF  Executing endpoint 'BAKERBAZZAR.API.Controller.UserController.UpdateCartItem (BAKERBAZZAR.API)'
2024-11-13 15:38:49.197 +05:30  INF  Route matched with {action = "UpdateCartItem", controller = "User"}. Executing controller action with signature System.Threading.Tasks.Task`1[Microsoft.AspNetCore.Mvc.ActionResult`1[BAKERBAZZAR.API.Models.ApiResponse]] UpdateCartItem(Int32, Int32) on controller BAKERBAZZAR.API.Controller.UserController (BAKERBAZZAR.API).
2024-11-13 15:38:49.197 +05:30  INF  Executing ObjectResult, writing value of type 'BAKERBAZZAR.API.Models.ApiResponse'.
2024-11-13 15:38:49.198 +05:30  INF  Executed action BAKERBAZZAR.API.Controller.UserController.UpdateCartItem (BAKERBAZZAR.API) in 1.9888ms
2024-11-13 15:38:49.198 +05:30  INF  Executed endpoint 'BAKERBAZZAR.API.Controller.UserController.UpdateCartItem (BAKERBAZZAR.API)'
2024-11-13 15:38:49.198 +05:30  INF  Request finished HTTP/1.1 PUT http://localhost:5145/user/updatecartitem?linerid=222&qty=1 - 0 - 200 - application/json;+charset=utf-8 2.3514ms
2024-11-13 15:38:49.198 +05:30  INF  Executing ObjectResult, writing value of type 'BAKERBAZZAR.API.Models.ApiResponse'.
2024-11-13 15:38:49.198 +05:30  INF  Executed action BAKERBAZZAR.API.Controller.UserController.UpdateCartItem (BAKERBAZZAR.API) in 2.2298ms
2024-11-13 15:38:49.198 +05:30  INF  Executed endpoint 'BAKERBAZZAR.API.Controller.UserController.UpdateCartItem (BAKERBAZZAR.API)'
2024-11-13 15:38:49.198 +05:30  INF  Request finished HTTP/1.1 PUT http://localhost:5145/user/updatecartitem?linerid=221&qty=1 - 0 - 200 - application/json;+charset=utf-8 2.5653ms
2024-11-13 15:38:49.200 +05:30  INF  Executing ObjectResult, writing value of type 'BAKERBAZZAR.API.Models.ApiResponse'.
2024-11-13 15:38:49.200 +05:30  INF  Executed action BAKERBAZZAR.API.Controller.UserController.UpdateCartItem (BAKERBAZZAR.API) in 2.7992ms
2024-11-13 15:38:49.200 +05:30  INF  Executed endpoint 'BAKERBAZZAR.API.Controller.UserController.UpdateCartItem (BAKERBAZZAR.API)'
2024-11-13 15:38:49.200 +05:30  INF  Request finished HTTP/1.1 PUT http://localhost:5145/user/updatecartitem?linerid=222&qty=1 - 0 - 200 - application/json;+charset=utf-8 3.1150ms
2024-11-13 15:38:49.201 +05:30  INF  Executing ObjectResult, writing value of type 'BAKERBAZZAR.API.Models.ApiResponse'.
2024-11-13 15:38:49.201 +05:30  INF  Executed action BAKERBAZZAR.API.Controller.UserController.UpdateCartItem (BAKERBAZZAR.API) in 4.4851ms
2024-11-13 15:38:49.201 +05:30  INF  Executed endpoint 'BAKERBAZZAR.API.Controller.UserController.UpdateCartItem (BAKERBAZZAR.API)'
2024-11-13 15:38:49.201 +05:30  INF  Request finished HTTP/1.1 PUT http://localhost:5145/user/updatecartitem?linerid=221&qty=1 - 0 - 200 - application/json;+charset=utf-8 4.7427ms
2024-11-13 15:38:56.779 +05:30  INF  Request starting HTTP/1.1 GET http://localhost:5145/User/CartDetails?displayid=54ad4834-4071-46df-9009-2f2bc60bca0a - -
2024-11-13 15:38:56.780 +05:30  INF  CORS policy execution successful.
2024-11-13 15:38:56.780 +05:30  INF  Executing endpoint 'BAKERBAZZAR.API.Controller.UserController.CartDetails (BAKERBAZZAR.API)'
2024-11-13 15:38:56.780 +05:30  INF  Route matched with {action = "CartDetails", controller = "User"}. Executing controller action with signature System.Threading.Tasks.Task`1[Microsoft.AspNetCore.Mvc.ActionResult`1[BAKERBAZZAR.API.Models.ApiResponse]] CartDetails(System.String) on controller BAKERBAZZAR.API.Controller.UserController (BAKERBAZZAR.API).
2024-11-13 15:38:56.787 +05:30  INF  Request starting HTTP/1.1 GET http://localhost:5145/user/products?categoryid= - -
2024-11-13 15:38:56.787 +05:30  INF  Request starting HTTP/1.1 GET http://localhost:5145/User/Category - -
2024-11-13 15:38:56.787 +05:30  INF  CORS policy execution successful.
2024-11-13 15:38:56.787 +05:30  INF  Executing endpoint 'BAKERBAZZAR.API.Controller.UserController.Category (BAKERBAZZAR.API)'
2024-11-13 15:38:56.787 +05:30  INF  Route matched with {action = "Category", controller = "User"}. Executing controller action with signature System.Threading.Tasks.Task`1[Microsoft.AspNetCore.Mvc.ActionResult`1[BAKERBAZZAR.API.Models.ApiResponse]] Category(System.String) on controller BAKERBAZZAR.API.Controller.UserController (BAKERBAZZAR.API).
2024-11-13 15:38:56.787 +05:30  INF  CORS policy execution successful.
2024-11-13 15:38:56.788 +05:30  INF  Executing endpoint 'BAKERBAZZAR.API.Controller.UserController.Products (BAKERBAZZAR.API)'
2024-11-13 15:38:56.788 +05:30  INF  Route matched with {action = "Products", controller = "User"}. Executing controller action with signature System.Threading.Tasks.Task`1[Microsoft.AspNetCore.Mvc.ActionResult`1[BAKERBAZZAR.API.Models.ApiResponse]] Products(System.String, System.String) on controller BAKERBAZZAR.API.Controller.UserController (BAKERBAZZAR.API).
2024-11-13 15:38:56.798 +05:30  INF  Executing ObjectResult, writing value of type 'BAKERBAZZAR.API.Models.ApiResponse'.
2024-11-13 15:38:56.799 +05:30  INF  Executed action BAKERBAZZAR.API.Controller.UserController.Category (BAKERBAZZAR.API) in 11.4931ms
2024-11-13 15:38:56.799 +05:30  INF  Executed endpoint 'BAKERBAZZAR.API.Controller.UserController.Category (BAKERBAZZAR.API)'
2024-11-13 15:38:56.799 +05:30  INF  Request finished HTTP/1.1 GET http://localhost:5145/User/Category - - - 200 - application/json;+charset=utf-8 12.0511ms
2024-11-13 15:38:56.807 +05:30  INF  Executing ObjectResult, writing value of type 'BAKERBAZZAR.API.Models.ApiResponse'.
2024-11-13 15:38:56.808 +05:30  INF  Executed action BAKERBAZZAR.API.Controller.UserController.Products (BAKERBAZZAR.API) in 19.9939ms
2024-11-13 15:38:56.808 +05:30  INF  Executed endpoint 'BAKERBAZZAR.API.Controller.UserController.Products (BAKERBAZZAR.API)'
2024-11-13 15:38:56.808 +05:30  INF  Request finished HTTP/1.1 GET http://localhost:5145/user/products?categoryid= - - - 200 - application/json;+charset=utf-8 21.1570ms
2024-11-13 15:38:56.815 +05:30  INF  Executing ObjectResult, writing value of type 'BAKERBAZZAR.API.Models.ApiResponse'.
2024-11-13 15:38:56.816 +05:30  INF  Executed action BAKERBAZZAR.API.Controller.UserController.CartDetails (BAKERBAZZAR.API) in 35.9187ms
2024-11-13 15:38:56.816 +05:30  INF  Executed endpoint 'BAKERBAZZAR.API.Controller.UserController.CartDetails (BAKERBAZZAR.API)'
2024-11-13 15:38:56.816 +05:30  INF  Request finished HTTP/1.1 GET http://localhost:5145/User/CartDetails?displayid=54ad4834-4071-46df-9009-2f2bc60bca0a - - - 200 - application/json;+charset=utf-8 36.5577ms
2024-11-13 15:38:56.889 +05:30  INF  Request starting HTTP/1.1 GET http://localhost:5145/user/myorders?displayid=e62f03f4-2dcf-4f80-bc23-341651bd9338 - -
2024-11-13 15:38:56.890 +05:30  INF  CORS policy execution successful.
2024-11-13 15:38:56.890 +05:30  INF  Executing endpoint 'BAKERBAZZAR.API.Controller.UserController.MyOrders (BAKERBAZZAR.API)'
2024-11-13 15:38:56.890 +05:30  INF  Route matched with {action = "MyOrders", controller = "User"}. Executing controller action with signature System.Threading.Tasks.Task`1[Microsoft.AspNetCore.Mvc.ActionResult`1[BAKERBAZZAR.API.Models.ApiResponse]] MyOrders(System.String, System.String, System.String) on controller BAKERBAZZAR.API.Controller.UserController (BAKERBAZZAR.API).
2024-11-13 15:38:56.948 +05:30  INF  Request starting HTTP/1.1 GET http://localhost:5145/User/CartDetails?displayid=54ad4834-4071-46df-9009-2f2bc60bca0a - -
2024-11-13 15:38:56.949 +05:30  INF  CORS policy execution successful.
2024-11-13 15:38:56.949 +05:30  INF  Executing endpoint 'BAKERBAZZAR.API.Controller.UserController.CartDetails (BAKERBAZZAR.API)'
2024-11-13 15:38:56.949 +05:30  INF  Route matched with {action = "CartDetails", controller = "User"}. Executing controller action with signature System.Threading.Tasks.Task`1[Microsoft.AspNetCore.Mvc.ActionResult`1[BAKERBAZZAR.API.Models.ApiResponse]] CartDetails(System.String) on controller BAKERBAZZAR.API.Controller.UserController (BAKERBAZZAR.API).
2024-11-13 15:38:56.950 +05:30  INF  Executing ObjectResult, writing value of type 'BAKERBAZZAR.API.Models.ApiResponse'.
2024-11-13 15:38:56.950 +05:30  INF  Executed action BAKERBAZZAR.API.Controller.UserController.MyOrders (BAKERBAZZAR.API) in 59.8926ms
2024-11-13 15:38:56.950 +05:30  INF  Executed endpoint 'BAKERBAZZAR.API.Controller.UserController.MyOrders (BAKERBAZZAR.API)'
2024-11-13 15:38:56.950 +05:30  INF  Request finished HTTP/1.1 GET http://localhost:5145/user/myorders?displayid=e62f03f4-2dcf-4f80-bc23-341651bd9338 - - - 200 - application/json;+charset=utf-8 60.7233ms
2024-11-13 15:38:56.954 +05:30  INF  Executing ObjectResult, writing value of type 'BAKERBAZZAR.API.Models.ApiResponse'.
2024-11-13 15:38:56.954 +05:30  INF  Executed action BAKERBAZZAR.API.Controller.UserController.CartDetails (BAKERBAZZAR.API) in 4.9832ms
2024-11-13 15:38:56.954 +05:30  INF  Executed endpoint 'BAKERBAZZAR.API.Controller.UserController.CartDetails (BAKERBAZZAR.API)'
2024-11-13 15:38:56.954 +05:30  INF  Request finished HTTP/1.1 GET http://localhost:5145/User/CartDetails?displayid=54ad4834-4071-46df-9009-2f2bc60bca0a - - - 200 - application/json;+charset=utf-8 5.7423ms
2024-11-13 15:38:56.955 +05:30  INF  Request starting HTTP/1.1 GET http://localhost:5145/User/Category - -
2024-11-13 15:38:56.955 +05:30  INF  CORS policy execution successful.
2024-11-13 15:38:56.955 +05:30  INF  Executing endpoint 'BAKERBAZZAR.API.Controller.UserController.Category (BAKERBAZZAR.API)'
2024-11-13 15:38:56.955 +05:30  INF  Route matched with {action = "Category", controller = "User"}. Executing controller action with signature System.Threading.Tasks.Task`1[Microsoft.AspNetCore.Mvc.ActionResult`1[BAKERBAZZAR.API.Models.ApiResponse]] Category(System.String) on controller BAKERBAZZAR.API.Controller.UserController (BAKERBAZZAR.API).
2024-11-13 15:38:56.961 +05:30  INF  Executing ObjectResult, writing value of type 'BAKERBAZZAR.API.Models.ApiResponse'.
2024-11-13 15:38:56.962 +05:30  INF  Executed action BAKERBAZZAR.API.Controller.UserController.Category (BAKERBAZZAR.API) in 6.3938ms
2024-11-13 15:38:56.962 +05:30  INF  Executed endpoint 'BAKERBAZZAR.API.Controller.UserController.Category (BAKERBAZZAR.API)'
2024-11-13 15:38:56.962 +05:30  INF  Request finished HTTP/1.1 GET http://localhost:5145/User/Category - - - 200 - application/json;+charset=utf-8 6.8357ms
2024-11-13 15:38:56.962 +05:30  INF  Request starting HTTP/1.1 GET http://localhost:5145/user/products?categoryid= - -
2024-11-13 15:38:56.962 +05:30  INF  CORS policy execution successful.
2024-11-13 15:38:56.962 +05:30  INF  Executing endpoint 'BAKERBAZZAR.API.Controller.UserController.Products (BAKERBAZZAR.API)'
2024-11-13 15:38:56.962 +05:30  INF  Route matched with {action = "Products", controller = "User"}. Executing controller action with signature System.Threading.Tasks.Task`1[Microsoft.AspNetCore.Mvc.ActionResult`1[BAKERBAZZAR.API.Models.ApiResponse]] Products(System.String, System.String) on controller BAKERBAZZAR.API.Controller.UserController (BAKERBAZZAR.API).
2024-11-13 15:38:56.969 +05:30  INF  Executing ObjectResult, writing value of type 'BAKERBAZZAR.API.Models.ApiResponse'.
2024-11-13 15:38:56.975 +05:30  INF  Executed action BAKERBAZZAR.API.Controller.UserController.Products (BAKERBAZZAR.API) in 12.505ms
2024-11-13 15:38:56.975 +05:30  INF  Executed endpoint 'BAKERBAZZAR.API.Controller.UserController.Products (BAKERBAZZAR.API)'
2024-11-13 15:38:56.975 +05:30  INF  Request finished HTTP/1.1 GET http://localhost:5145/user/products?categoryid= - - - 200 - application/json;+charset=utf-8 13.4258ms
2024-11-13 15:38:56.981 +05:30  INF  Request starting HTTP/1.1 OPTIONS http://localhost:5145/user/updatecartitem?linerid=221&qty=1 - -
2024-11-13 15:38:56.981 +05:30  INF  CORS policy execution successful.
2024-11-13 15:38:56.981 +05:30  INF  Request finished HTTP/1.1 OPTIONS http://localhost:5145/user/updatecartitem?linerid=221&qty=1 - - - 204 - - 0.3429ms
2024-11-13 15:38:56.984 +05:30  INF  Request starting HTTP/1.1 OPTIONS http://localhost:5145/user/updatecartitem?linerid=222&qty=1 - -
2024-11-13 15:38:56.984 +05:30  INF  CORS policy execution successful.
2024-11-13 15:38:56.985 +05:30  INF  Request finished HTTP/1.1 OPTIONS http://localhost:5145/user/updatecartitem?linerid=222&qty=1 - - - 204 - - 0.2547ms
2024-11-13 15:38:56.987 +05:30  INF  Request starting HTTP/1.1 OPTIONS http://localhost:5145/user/updatecartitem?linerid=221&qty=1 - -
2024-11-13 15:38:56.987 +05:30  INF  CORS policy execution successful.
2024-11-13 15:38:56.987 +05:30  INF  Request finished HTTP/1.1 OPTIONS http://localhost:5145/user/updatecartitem?linerid=221&qty=1 - - - 204 - - 0.4063ms
2024-11-13 15:38:56.990 +05:30  INF  Request starting HTTP/1.1 PUT http://localhost:5145/user/updatecartitem?linerid=221&qty=1 - 0
2024-11-13 15:38:56.990 +05:30  INF  CORS policy execution successful.
2024-11-13 15:38:56.990 +05:30  INF  Executing endpoint 'BAKERBAZZAR.API.Controller.UserController.UpdateCartItem (BAKERBAZZAR.API)'
2024-11-13 15:38:56.990 +05:30  INF  Route matched with {action = "UpdateCartItem", controller = "User"}. Executing controller action with signature System.Threading.Tasks.Task`1[Microsoft.AspNetCore.Mvc.ActionResult`1[BAKERBAZZAR.API.Models.ApiResponse]] UpdateCartItem(Int32, Int32) on controller BAKERBAZZAR.API.Controller.UserController (BAKERBAZZAR.API).
2024-11-13 15:38:56.993 +05:30  INF  Executing ObjectResult, writing value of type 'BAKERBAZZAR.API.Models.ApiResponse'.
2024-11-13 15:38:56.993 +05:30  INF  Executed action BAKERBAZZAR.API.Controller.UserController.UpdateCartItem (BAKERBAZZAR.API) in 3.119ms
2024-11-13 15:38:56.993 +05:30  INF  Executed endpoint 'BAKERBAZZAR.API.Controller.UserController.UpdateCartItem (BAKERBAZZAR.API)'
2024-11-13 15:38:56.993 +05:30  INF  Request finished HTTP/1.1 PUT http://localhost:5145/user/updatecartitem?linerid=221&qty=1 - 0 - 200 - application/json;+charset=utf-8 3.6623ms
2024-11-13 15:38:57.065 +05:30  INF  Request starting HTTP/1.1 OPTIONS http://localhost:5145/user/updatecartitem?linerid=222&qty=1 - -
2024-11-13 15:38:57.066 +05:30  INF  CORS policy execution successful.
2024-11-13 15:38:57.066 +05:30  INF  Request finished HTTP/1.1 OPTIONS http://localhost:5145/user/updatecartitem?linerid=222&qty=1 - - - 204 - - 0.2687ms
2024-11-13 15:38:57.067 +05:30  INF  Request starting HTTP/1.1 PUT http://localhost:5145/user/updatecartitem?linerid=222&qty=1 - 0
2024-11-13 15:38:57.067 +05:30  INF  CORS policy execution successful.
2024-11-13 15:38:57.067 +05:30  INF  Executing endpoint 'BAKERBAZZAR.API.Controller.UserController.UpdateCartItem (BAKERBAZZAR.API)'
2024-11-13 15:38:57.067 +05:30  INF  Route matched with {action = "UpdateCartItem", controller = "User"}. Executing controller action with signature System.Threading.Tasks.Task`1[Microsoft.AspNetCore.Mvc.ActionResult`1[BAKERBAZZAR.API.Models.ApiResponse]] UpdateCartItem(Int32, Int32) on controller BAKERBAZZAR.API.Controller.UserController (BAKERBAZZAR.API).
2024-11-13 15:38:57.070 +05:30  INF  Request starting HTTP/1.1 PUT http://localhost:5145/user/updatecartitem?linerid=221&qty=1 - 0
2024-11-13 15:38:57.070 +05:30  INF  CORS policy execution successful.
2024-11-13 15:38:57.070 +05:30  INF  Executing endpoint 'BAKERBAZZAR.API.Controller.UserController.UpdateCartItem (BAKERBAZZAR.API)'
2024-11-13 15:38:57.070 +05:30  INF  Route matched with {action = "UpdateCartItem", controller = "User"}. Executing controller action with signature System.Threading.Tasks.Task`1[Microsoft.AspNetCore.Mvc.ActionResult`1[BAKERBAZZAR.API.Models.ApiResponse]] UpdateCartItem(Int32, Int32) on controller BAKERBAZZAR.API.Controller.UserController (BAKERBAZZAR.API).
2024-11-13 15:38:57.070 +05:30  INF  Executing ObjectResult, writing value of type 'BAKERBAZZAR.API.Models.ApiResponse'.
2024-11-13 15:38:57.070 +05:30  INF  Executed action BAKERBAZZAR.API.Controller.UserController.UpdateCartItem (BAKERBAZZAR.API) in 2.7764ms
2024-11-13 15:38:57.070 +05:30  INF  Executed endpoint 'BAKERBAZZAR.API.Controller.UserController.UpdateCartItem (BAKERBAZZAR.API)'
2024-11-13 15:38:57.070 +05:30  INF  Request finished HTTP/1.1 PUT http://localhost:5145/user/updatecartitem?linerid=222&qty=1 - 0 - 200 - application/json;+charset=utf-8 3.2164ms
2024-11-13 15:38:57.072 +05:30  INF  Executing ObjectResult, writing value of type 'BAKERBAZZAR.API.Models.ApiResponse'.
2024-11-13 15:38:57.073 +05:30  INF  Executed action BAKERBAZZAR.API.Controller.UserController.UpdateCartItem (BAKERBAZZAR.API) in 2.635ms
2024-11-13 15:38:57.073 +05:30  INF  Executed endpoint 'BAKERBAZZAR.API.Controller.UserController.UpdateCartItem (BAKERBAZZAR.API)'
2024-11-13 15:38:57.073 +05:30  INF  Request finished HTTP/1.1 PUT http://localhost:5145/user/updatecartitem?linerid=221&qty=1 - 0 - 200 - application/json;+charset=utf-8 3.1850ms
2024-11-13 15:38:57.117 +05:30  INF  Request starting HTTP/1.1 PUT http://localhost:5145/user/updatecartitem?linerid=222&qty=1 - 0
2024-11-13 15:38:57.117 +05:30  INF  CORS policy execution successful.
2024-11-13 15:38:57.117 +05:30  INF  Executing endpoint 'BAKERBAZZAR.API.Controller.UserController.UpdateCartItem (BAKERBAZZAR.API)'
2024-11-13 15:38:57.117 +05:30  INF  Route matched with {action = "UpdateCartItem", controller = "User"}. Executing controller action with signature System.Threading.Tasks.Task`1[Microsoft.AspNetCore.Mvc.ActionResult`1[BAKERBAZZAR.API.Models.ApiResponse]] UpdateCartItem(Int32, Int32) on controller BAKERBAZZAR.API.Controller.UserController (BAKERBAZZAR.API).
2024-11-13 15:38:57.120 +05:30  INF  Executing ObjectResult, writing value of type 'BAKERBAZZAR.API.Models.ApiResponse'.
2024-11-13 15:38:57.120 +05:30  INF  Executed action BAKERBAZZAR.API.Controller.UserController.UpdateCartItem (BAKERBAZZAR.API) in 2.3767ms
2024-11-13 15:38:57.120 +05:30  INF  Executed endpoint 'BAKERBAZZAR.API.Controller.UserController.UpdateCartItem (BAKERBAZZAR.API)'
2024-11-13 15:38:57.120 +05:30  INF  Request finished HTTP/1.1 PUT http://localhost:5145/user/updatecartitem?linerid=222&qty=1 - 0 - 200 - application/json;+charset=utf-8 2.8622ms
2024-11-13 15:39:05.565 +05:30  INF  Request starting HTTP/1.1 OPTIONS http://localhost:5145/user/updatecartitem?linerid=222&qty=2 - -
2024-11-13 15:39:05.565 +05:30  INF  CORS policy execution successful.
2024-11-13 15:39:05.565 +05:30  INF  Request finished HTTP/1.1 OPTIONS http://localhost:5145/user/updatecartitem?linerid=222&qty=2 - - - 204 - - 0.3344ms
2024-11-13 15:39:05.566 +05:30  INF  Request starting HTTP/1.1 PUT http://localhost:5145/user/updatecartitem?linerid=222&qty=2 - 0
2024-11-13 15:39:05.566 +05:30  INF  CORS policy execution successful.
2024-11-13 15:39:05.566 +05:30  INF  Executing endpoint 'BAKERBAZZAR.API.Controller.UserController.UpdateCartItem (BAKERBAZZAR.API)'
2024-11-13 15:39:05.566 +05:30  INF  Route matched with {action = "UpdateCartItem", controller = "User"}. Executing controller action with signature System.Threading.Tasks.Task`1[Microsoft.AspNetCore.Mvc.ActionResult`1[BAKERBAZZAR.API.Models.ApiResponse]] UpdateCartItem(Int32, Int32) on controller BAKERBAZZAR.API.Controller.UserController (BAKERBAZZAR.API).
2024-11-13 15:39:05.576 +05:30  INF  Executing ObjectResult, writing value of type 'BAKERBAZZAR.API.Models.ApiResponse'.
2024-11-13 15:39:05.576 +05:30  INF  Executed action BAKERBAZZAR.API.Controller.UserController.UpdateCartItem (BAKERBAZZAR.API) in 9.6008ms
2024-11-13 15:39:05.576 +05:30  INF  Executed endpoint 'BAKERBAZZAR.API.Controller.UserController.UpdateCartItem (BAKERBAZZAR.API)'
2024-11-13 15:39:05.576 +05:30  INF  Request finished HTTP/1.1 PUT http://localhost:5145/user/updatecartitem?linerid=222&qty=2 - 0 - 200 - application/json;+charset=utf-8 10.0138ms
2024-11-13 15:39:08.880 +05:30  INF  Request starting HTTP/1.1 GET http://localhost:5145/User/CartDetails?displayid=54ad4834-4071-46df-9009-2f2bc60bca0a - -
2024-11-13 15:39:08.881 +05:30  INF  CORS policy execution successful.
2024-11-13 15:39:08.881 +05:30  INF  Executing endpoint 'BAKERBAZZAR.API.Controller.UserController.CartDetails (BAKERBAZZAR.API)'
2024-11-13 15:39:08.881 +05:30  INF  Route matched with {action = "CartDetails", controller = "User"}. Executing controller action with signature System.Threading.Tasks.Task`1[Microsoft.AspNetCore.Mvc.ActionResult`1[BAKERBAZZAR.API.Models.ApiResponse]] CartDetails(System.String) on controller BAKERBAZZAR.API.Controller.UserController (BAKERBAZZAR.API).
2024-11-13 15:39:08.891 +05:30  INF  Request starting HTTP/1.1 GET http://localhost:5145/User/Category - -
2024-11-13 15:39:08.892 +05:30  INF  CORS policy execution successful.
2024-11-13 15:39:08.892 +05:30  INF  Executing endpoint 'BAKERBAZZAR.API.Controller.UserController.Category (BAKERBAZZAR.API)'
2024-11-13 15:39:08.892 +05:30  INF  Route matched with {action = "Category", controller = "User"}. Executing controller action with signature System.Threading.Tasks.Task`1[Microsoft.AspNetCore.Mvc.ActionResult`1[BAKERBAZZAR.API.Models.ApiResponse]] Category(System.String) on controller BAKERBAZZAR.API.Controller.UserController (BAKERBAZZAR.API).
2024-11-13 15:39:08.892 +05:30  INF  Request starting HTTP/1.1 GET http://localhost:5145/user/products?categoryid= - -
2024-11-13 15:39:08.892 +05:30  INF  CORS policy execution successful.
2024-11-13 15:39:08.892 +05:30  INF  Executing endpoint 'BAKERBAZZAR.API.Controller.UserController.Products (BAKERBAZZAR.API)'
2024-11-13 15:39:08.893 +05:30  INF  Route matched with {action = "Products", controller = "User"}. Executing controller action with signature System.Threading.Tasks.Task`1[Microsoft.AspNetCore.Mvc.ActionResult`1[BAKERBAZZAR.API.Models.ApiResponse]] Products(System.String, System.String) on controller BAKERBAZZAR.API.Controller.UserController (BAKERBAZZAR.API).
2024-11-13 15:39:08.908 +05:30  INF  Executing ObjectResult, writing value of type 'BAKERBAZZAR.API.Models.ApiResponse'.
2024-11-13 15:39:08.909 +05:30  INF  Executed action BAKERBAZZAR.API.Controller.UserController.CartDetails (BAKERBAZZAR.API) in 27.4501ms
2024-11-13 15:39:08.909 +05:30  INF  Executed endpoint 'BAKERBAZZAR.API.Controller.UserController.CartDetails (BAKERBAZZAR.API)'
2024-11-13 15:39:08.909 +05:30  INF  Request finished HTTP/1.1 GET http://localhost:5145/User/CartDetails?displayid=54ad4834-4071-46df-9009-2f2bc60bca0a - - - 200 - application/json;+charset=utf-8 28.6788ms
2024-11-13 15:39:08.909 +05:30  INF  Executing ObjectResult, writing value of type 'BAKERBAZZAR.API.Models.ApiResponse'.
2024-11-13 15:39:08.909 +05:30  INF  Executed action BAKERBAZZAR.API.Controller.UserController.Category (BAKERBAZZAR.API) in 17.599ms
2024-11-13 15:39:08.909 +05:30  INF  Executed endpoint 'BAKERBAZZAR.API.Controller.UserController.Category (BAKERBAZZAR.API)'
2024-11-13 15:39:08.909 +05:30  INF  Request finished HTTP/1.1 GET http://localhost:5145/User/Category - - - 200 - application/json;+charset=utf-8 17.9606ms
2024-11-13 15:39:08.911 +05:30  INF  Executing ObjectResult, writing value of type 'BAKERBAZZAR.API.Models.ApiResponse'.
2024-11-13 15:39:08.912 +05:30  INF  Executed action BAKERBAZZAR.API.Controller.UserController.Products (BAKERBAZZAR.API) in 18.9612ms
2024-11-13 15:39:08.912 +05:30  INF  Executed endpoint 'BAKERBAZZAR.API.Controller.UserController.Products (BAKERBAZZAR.API)'
2024-11-13 15:39:08.912 +05:30  INF  Request finished HTTP/1.1 GET http://localhost:5145/user/products?categoryid= - - - 200 - application/json;+charset=utf-8 20.4296ms
2024-11-13 15:39:08.923 +05:30  INF  Request starting HTTP/1.1 GET http://localhost:5145/user/myorders?displayid=e62f03f4-2dcf-4f80-bc23-341651bd9338 - -
2024-11-13 15:39:08.923 +05:30  INF  CORS policy execution successful.
2024-11-13 15:39:08.923 +05:30  INF  Executing endpoint 'BAKERBAZZAR.API.Controller.UserController.MyOrders (BAKERBAZZAR.API)'
2024-11-13 15:39:08.923 +05:30  INF  Route matched with {action = "MyOrders", controller = "User"}. Executing controller action with signature System.Threading.Tasks.Task`1[Microsoft.AspNetCore.Mvc.ActionResult`1[BAKERBAZZAR.API.Models.ApiResponse]] MyOrders(System.String, System.String, System.String) on controller BAKERBAZZAR.API.Controller.UserController (BAKERBAZZAR.API).
2024-11-13 15:39:08.966 +05:30  INF  Executing ObjectResult, writing value of type 'BAKERBAZZAR.API.Models.ApiResponse'.
2024-11-13 15:39:08.966 +05:30  INF  Executed action BAKERBAZZAR.API.Controller.UserController.MyOrders (BAKERBAZZAR.API) in 43.0532ms
2024-11-13 15:39:08.966 +05:30  INF  Executed endpoint 'BAKERBAZZAR.API.Controller.UserController.MyOrders (BAKERBAZZAR.API)'
2024-11-13 15:39:08.966 +05:30  INF  Request finished HTTP/1.1 GET http://localhost:5145/user/myorders?displayid=e62f03f4-2dcf-4f80-bc23-341651bd9338 - - - 200 - application/json;+charset=utf-8 43.4328ms
2024-11-13 15:39:09.051 +05:30  INF  Request starting HTTP/1.1 GET http://localhost:5145/User/CartDetails?displayid=54ad4834-4071-46df-9009-2f2bc60bca0a - -
2024-11-13 15:39:09.051 +05:30  INF  CORS policy execution successful.
2024-11-13 15:39:09.052 +05:30  INF  Executing endpoint 'BAKERBAZZAR.API.Controller.UserController.CartDetails (BAKERBAZZAR.API)'
2024-11-13 15:39:09.052 +05:30  INF  Route matched with {action = "CartDetails", controller = "User"}. Executing controller action with signature System.Threading.Tasks.Task`1[Microsoft.AspNetCore.Mvc.ActionResult`1[BAKERBAZZAR.API.Models.ApiResponse]] CartDetails(System.String) on controller BAKERBAZZAR.API.Controller.UserController (BAKERBAZZAR.API).
2024-11-13 15:39:09.057 +05:30  INF  Executing ObjectResult, writing value of type 'BAKERBAZZAR.API.Models.ApiResponse'.
2024-11-13 15:39:09.057 +05:30  INF  Executed action BAKERBAZZAR.API.Controller.UserController.CartDetails (BAKERBAZZAR.API) in 5.7717ms
2024-11-13 15:39:09.058 +05:30  INF  Executed endpoint 'BAKERBAZZAR.API.Controller.UserController.CartDetails (BAKERBAZZAR.API)'
2024-11-13 15:39:09.058 +05:30  INF  Request finished HTTP/1.1 GET http://localhost:5145/User/CartDetails?displayid=54ad4834-4071-46df-9009-2f2bc60bca0a - - - 200 - application/json;+charset=utf-8 6.6081ms
2024-11-13 15:39:09.060 +05:30  INF  Request starting HTTP/1.1 GET http://localhost:5145/User/Category - -
2024-11-13 15:39:09.060 +05:30  INF  CORS policy execution successful.
2024-11-13 15:39:09.060 +05:30  INF  Executing endpoint 'BAKERBAZZAR.API.Controller.UserController.Category (BAKERBAZZAR.API)'
2024-11-13 15:39:09.060 +05:30  INF  Route matched with {action = "Category", controller = "User"}. Executing controller action with signature System.Threading.Tasks.Task`1[Microsoft.AspNetCore.Mvc.ActionResult`1[BAKERBAZZAR.API.Models.ApiResponse]] Category(System.String) on controller BAKERBAZZAR.API.Controller.UserController (BAKERBAZZAR.API).
2024-11-13 15:39:09.063 +05:30  INF  Executing ObjectResult, writing value of type 'BAKERBAZZAR.API.Models.ApiResponse'.
2024-11-13 15:39:09.063 +05:30  INF  Executed action BAKERBAZZAR.API.Controller.UserController.Category (BAKERBAZZAR.API) in 2.9126ms
2024-11-13 15:39:09.063 +05:30  INF  Executed endpoint 'BAKERBAZZAR.API.Controller.UserController.Category (BAKERBAZZAR.API)'
2024-11-13 15:39:09.064 +05:30  INF  Request finished HTTP/1.1 GET http://localhost:5145/User/Category - - - 200 - application/json;+charset=utf-8 3.8375ms
2024-11-13 15:39:09.065 +05:30  INF  Request starting HTTP/1.1 GET http://localhost:5145/user/products?categoryid= - -
2024-11-13 15:39:09.066 +05:30  INF  CORS policy execution successful.
2024-11-13 15:39:09.066 +05:30  INF  Executing endpoint 'BAKERBAZZAR.API.Controller.UserController.Products (BAKERBAZZAR.API)'
2024-11-13 15:39:09.066 +05:30  INF  Route matched with {action = "Products", controller = "User"}. Executing controller action with signature System.Threading.Tasks.Task`1[Microsoft.AspNetCore.Mvc.ActionResult`1[BAKERBAZZAR.API.Models.ApiResponse]] Products(System.String, System.String) on controller BAKERBAZZAR.API.Controller.UserController (BAKERBAZZAR.API).
2024-11-13 15:39:09.072 +05:30  INF  Executing ObjectResult, writing value of type 'BAKERBAZZAR.API.Models.ApiResponse'.
2024-11-13 15:39:09.074 +05:30  INF  Executed action BAKERBAZZAR.API.Controller.UserController.Products (BAKERBAZZAR.API) in 7.8569ms
2024-11-13 15:39:09.074 +05:30  INF  Executed endpoint 'BAKERBAZZAR.API.Controller.UserController.Products (BAKERBAZZAR.API)'
2024-11-13 15:39:09.075 +05:30  INF  Request finished HTTP/1.1 GET http://localhost:5145/user/products?categoryid= - - - 200 - application/json;+charset=utf-8 9.6638ms
2024-11-13 15:39:09.090 +05:30  INF  Request starting HTTP/1.1 OPTIONS http://localhost:5145/user/updatecartitem?linerid=221&qty=1 - -
2024-11-13 15:39:09.090 +05:30  INF  CORS policy execution successful.
2024-11-13 15:39:09.090 +05:30  INF  Request finished HTTP/1.1 OPTIONS http://localhost:5145/user/updatecartitem?linerid=221&qty=1 - - - 204 - - 0.8379ms
2024-11-13 15:39:09.095 +05:30  INF  Request starting HTTP/1.1 PUT http://localhost:5145/user/updatecartitem?linerid=222&qty=2 - 0
2024-11-13 15:39:09.095 +05:30  INF  CORS policy execution successful.
2024-11-13 15:39:09.095 +05:30  INF  Executing endpoint 'BAKERBAZZAR.API.Controller.UserController.UpdateCartItem (BAKERBAZZAR.API)'
2024-11-13 15:39:09.096 +05:30  INF  Route matched with {action = "UpdateCartItem", controller = "User"}. Executing controller action with signature System.Threading.Tasks.Task`1[Microsoft.AspNetCore.Mvc.ActionResult`1[BAKERBAZZAR.API.Models.ApiResponse]] UpdateCartItem(Int32, Int32) on controller BAKERBAZZAR.API.Controller.UserController (BAKERBAZZAR.API).
2024-11-13 15:39:09.105 +05:30  INF  Request starting HTTP/1.1 OPTIONS http://localhost:5145/user/updatecartitem?linerid=221&qty=1 - -
2024-11-13 15:39:09.106 +05:30  INF  CORS policy execution successful.
2024-11-13 15:39:09.106 +05:30  INF  Request finished HTTP/1.1 OPTIONS http://localhost:5145/user/updatecartitem?linerid=221&qty=1 - - - 204 - - 0.3618ms
2024-11-13 15:39:09.108 +05:30  INF  Request starting HTTP/1.1 PUT http://localhost:5145/user/updatecartitem?linerid=221&qty=1 - 0
2024-11-13 15:39:09.108 +05:30  INF  CORS policy execution successful.
2024-11-13 15:39:09.108 +05:30  INF  Executing endpoint 'BAKERBAZZAR.API.Controller.UserController.UpdateCartItem (BAKERBAZZAR.API)'
2024-11-13 15:39:09.108 +05:30  INF  Route matched with {action = "UpdateCartItem", controller = "User"}. Executing controller action with signature System.Threading.Tasks.Task`1[Microsoft.AspNetCore.Mvc.ActionResult`1[BAKERBAZZAR.API.Models.ApiResponse]] UpdateCartItem(Int32, Int32) on controller BAKERBAZZAR.API.Controller.UserController (BAKERBAZZAR.API).
2024-11-13 15:39:09.112 +05:30  INF  Executing ObjectResult, writing value of type 'BAKERBAZZAR.API.Models.ApiResponse'.
2024-11-13 15:39:09.112 +05:30  INF  Executing ObjectResult, writing value of type 'BAKERBAZZAR.API.Models.ApiResponse'.
2024-11-13 15:39:09.112 +05:30  INF  Executed action BAKERBAZZAR.API.Controller.UserController.UpdateCartItem (BAKERBAZZAR.API) in 16.1978ms
2024-11-13 15:39:09.112 +05:30  INF  Executed action BAKERBAZZAR.API.Controller.UserController.UpdateCartItem (BAKERBAZZAR.API) in 3.7594ms
2024-11-13 15:39:09.112 +05:30  INF  Executed endpoint 'BAKERBAZZAR.API.Controller.UserController.UpdateCartItem (BAKERBAZZAR.API)'
2024-11-13 15:39:09.112 +05:30  INF  Executed endpoint 'BAKERBAZZAR.API.Controller.UserController.UpdateCartItem (BAKERBAZZAR.API)'
2024-11-13 15:39:09.112 +05:30  INF  Request finished HTTP/1.1 PUT http://localhost:5145/user/updatecartitem?linerid=221&qty=1 - 0 - 200 - application/json;+charset=utf-8 4.1178ms
2024-11-13 15:39:09.112 +05:30  INF  Request finished HTTP/1.1 PUT http://localhost:5145/user/updatecartitem?linerid=222&qty=2 - 0 - 200 - application/json;+charset=utf-8 17.5175ms
2024-11-13 15:39:09.168 +05:30  INF  Request starting HTTP/1.1 PUT http://localhost:5145/user/updatecartitem?linerid=222&qty=2 - 0
2024-11-13 15:39:09.168 +05:30  INF  CORS policy execution successful.
2024-11-13 15:39:09.168 +05:30  INF  Executing endpoint 'BAKERBAZZAR.API.Controller.UserController.UpdateCartItem (BAKERBAZZAR.API)'
2024-11-13 15:39:09.168 +05:30  INF  Route matched with {action = "UpdateCartItem", controller = "User"}. Executing controller action with signature System.Threading.Tasks.Task`1[Microsoft.AspNetCore.Mvc.ActionResult`1[BAKERBAZZAR.API.Models.ApiResponse]] UpdateCartItem(Int32, Int32) on controller BAKERBAZZAR.API.Controller.UserController (BAKERBAZZAR.API).
2024-11-13 15:39:09.171 +05:30  INF  Executing ObjectResult, writing value of type 'BAKERBAZZAR.API.Models.ApiResponse'.
2024-11-13 15:39:09.171 +05:30  INF  Executed action BAKERBAZZAR.API.Controller.UserController.UpdateCartItem (BAKERBAZZAR.API) in 2.787ms
2024-11-13 15:39:09.171 +05:30  INF  Executed endpoint 'BAKERBAZZAR.API.Controller.UserController.UpdateCartItem (BAKERBAZZAR.API)'
2024-11-13 15:39:09.171 +05:30  INF  Request finished HTTP/1.1 PUT http://localhost:5145/user/updatecartitem?linerid=222&qty=2 - 0 - 200 - application/json;+charset=utf-8 3.2493ms
2024-11-13 15:39:09.221 +05:30  INF  Request starting HTTP/1.1 PUT http://localhost:5145/user/updatecartitem?linerid=221&qty=1 - 0
2024-11-13 15:39:09.221 +05:30  INF  CORS policy execution successful.
2024-11-13 15:39:09.221 +05:30  INF  Executing endpoint 'BAKERBAZZAR.API.Controller.UserController.UpdateCartItem (BAKERBAZZAR.API)'
2024-11-13 15:39:09.221 +05:30  INF  Route matched with {action = "UpdateCartItem", controller = "User"}. Executing controller action with signature System.Threading.Tasks.Task`1[Microsoft.AspNetCore.Mvc.ActionResult`1[BAKERBAZZAR.API.Models.ApiResponse]] UpdateCartItem(Int32, Int32) on controller BAKERBAZZAR.API.Controller.UserController (BAKERBAZZAR.API).
2024-11-13 15:39:09.223 +05:30  INF  Executing ObjectResult, writing value of type 'BAKERBAZZAR.API.Models.ApiResponse'.
2024-11-13 15:39:09.223 +05:30  INF  Executed action BAKERBAZZAR.API.Controller.UserController.UpdateCartItem (BAKERBAZZAR.API) in 1.9446ms
2024-11-13 15:39:09.223 +05:30  INF  Executed endpoint 'BAKERBAZZAR.API.Controller.UserController.UpdateCartItem (BAKERBAZZAR.API)'
2024-11-13 15:39:09.223 +05:30  INF  Request finished HTTP/1.1 PUT http://localhost:5145/user/updatecartitem?linerid=221&qty=1 - 0 - 200 - application/json;+charset=utf-8 2.4114ms
2024-11-13 15:39:10.300 +05:30  INF  Request starting HTTP/1.1 OPTIONS http://localhost:5145/user/updatecartitem?linerid=222&qty=3 - -
2024-11-13 15:39:10.300 +05:30  INF  CORS policy execution successful.
2024-11-13 15:39:10.300 +05:30  INF  Request finished HTTP/1.1 OPTIONS http://localhost:5145/user/updatecartitem?linerid=222&qty=3 - - - 204 - - 0.2768ms
2024-11-13 15:39:10.302 +05:30  INF  Request starting HTTP/1.1 PUT http://localhost:5145/user/updatecartitem?linerid=222&qty=3 - 0
2024-11-13 15:39:10.302 +05:30  INF  CORS policy execution successful.
2024-11-13 15:39:10.302 +05:30  INF  Executing endpoint 'BAKERBAZZAR.API.Controller.UserController.UpdateCartItem (BAKERBAZZAR.API)'
2024-11-13 15:39:10.302 +05:30  INF  Route matched with {action = "UpdateCartItem", controller = "User"}. Executing controller action with signature System.Threading.Tasks.Task`1[Microsoft.AspNetCore.Mvc.ActionResult`1[BAKERBAZZAR.API.Models.ApiResponse]] UpdateCartItem(Int32, Int32) on controller BAKERBAZZAR.API.Controller.UserController (BAKERBAZZAR.API).
2024-11-13 15:39:10.305 +05:30  INF  Executing ObjectResult, writing value of type 'BAKERBAZZAR.API.Models.ApiResponse'.
2024-11-13 15:39:10.305 +05:30  INF  Executed action BAKERBAZZAR.API.Controller.UserController.UpdateCartItem (BAKERBAZZAR.API) in 2.2448ms
2024-11-13 15:39:10.305 +05:30  INF  Executed endpoint 'BAKERBAZZAR.API.Controller.UserController.UpdateCartItem (BAKERBAZZAR.API)'
2024-11-13 15:39:10.305 +05:30  INF  Request finished HTTP/1.1 PUT http://localhost:5145/user/updatecartitem?linerid=222&qty=3 - 0 - 200 - application/json;+charset=utf-8 2.6400ms
2024-11-13 15:39:12.288 +05:30  INF  Request starting HTTP/1.1 GET http://localhost:5145/user/products?categoryid= - -
2024-11-13 15:39:12.288 +05:30  INF  CORS policy execution successful.
2024-11-13 15:39:12.288 +05:30  INF  Executing endpoint 'BAKERBAZZAR.API.Controller.UserController.Products (BAKERBAZZAR.API)'
2024-11-13 15:39:12.288 +05:30  INF  Route matched with {action = "Products", controller = "User"}. Executing controller action with signature System.Threading.Tasks.Task`1[Microsoft.AspNetCore.Mvc.ActionResult`1[BAKERBAZZAR.API.Models.ApiResponse]] Products(System.String, System.String) on controller BAKERBAZZAR.API.Controller.UserController (BAKERBAZZAR.API).
2024-11-13 15:39:12.292 +05:30  INF  Request starting HTTP/1.1 GET http://localhost:5145/User/Category - -
2024-11-13 15:39:12.292 +05:30  INF  Request starting HTTP/1.1 GET http://localhost:5145/User/CartDetails?displayid=54ad4834-4071-46df-9009-2f2bc60bca0a - -
2024-11-13 15:39:12.292 +05:30  INF  CORS policy execution successful.
2024-11-13 15:39:12.292 +05:30  INF  CORS policy execution successful.
2024-11-13 15:39:12.292 +05:30  INF  Executing endpoint 'BAKERBAZZAR.API.Controller.UserController.CartDetails (BAKERBAZZAR.API)'
2024-11-13 15:39:12.292 +05:30  INF  Executing endpoint 'BAKERBAZZAR.API.Controller.UserController.Category (BAKERBAZZAR.API)'
2024-11-13 15:39:12.292 +05:30  INF  Route matched with {action = "CartDetails", controller = "User"}. Executing controller action with signature System.Threading.Tasks.Task`1[Microsoft.AspNetCore.Mvc.ActionResult`1[BAKERBAZZAR.API.Models.ApiResponse]] CartDetails(System.String) on controller BAKERBAZZAR.API.Controller.UserController (BAKERBAZZAR.API).
2024-11-13 15:39:12.292 +05:30  INF  Route matched with {action = "Category", controller = "User"}. Executing controller action with signature System.Threading.Tasks.Task`1[Microsoft.AspNetCore.Mvc.ActionResult`1[BAKERBAZZAR.API.Models.ApiResponse]] Category(System.String) on controller BAKERBAZZAR.API.Controller.UserController (BAKERBAZZAR.API).
2024-11-13 15:39:12.300 +05:30  INF  Executing ObjectResult, writing value of type 'BAKERBAZZAR.API.Models.ApiResponse'.
2024-11-13 15:39:12.300 +05:30  INF  Executed action BAKERBAZZAR.API.Controller.UserController.Category (BAKERBAZZAR.API) in 7.9578ms
2024-11-13 15:39:12.300 +05:30  INF  Executed endpoint 'BAKERBAZZAR.API.Controller.UserController.Category (BAKERBAZZAR.API)'
2024-11-13 15:39:12.301 +05:30  INF  Request finished HTTP/1.1 GET http://localhost:5145/User/Category - - - 200 - application/json;+charset=utf-8 8.6156ms
2024-11-13 15:39:12.339 +05:30  INF  Request starting HTTP/1.1 GET http://localhost:5145/user/myorders?displayid=e62f03f4-2dcf-4f80-bc23-341651bd9338 - -
2024-11-13 15:39:12.339 +05:30  INF  CORS policy execution successful.
2024-11-13 15:39:12.339 +05:30  INF  Executing endpoint 'BAKERBAZZAR.API.Controller.UserController.MyOrders (BAKERBAZZAR.API)'
2024-11-13 15:39:12.340 +05:30  INF  Route matched with {action = "MyOrders", controller = "User"}. Executing controller action with signature System.Threading.Tasks.Task`1[Microsoft.AspNetCore.Mvc.ActionResult`1[BAKERBAZZAR.API.Models.ApiResponse]] MyOrders(System.String, System.String, System.String) on controller BAKERBAZZAR.API.Controller.UserController (BAKERBAZZAR.API).
2024-11-13 15:39:12.340 +05:30  INF  Executing ObjectResult, writing value of type 'BAKERBAZZAR.API.Models.ApiResponse'.
2024-11-13 15:39:12.342 +05:30  INF  Executed action BAKERBAZZAR.API.Controller.UserController.Products (BAKERBAZZAR.API) in 51.7234ms
2024-11-13 15:39:12.342 +05:30  INF  Executed endpoint 'BAKERBAZZAR.API.Controller.UserController.Products (BAKERBAZZAR.API)'
2024-11-13 15:39:12.342 +05:30  INF  Request finished HTTP/1.1 GET http://localhost:5145/user/products?categoryid= - - - 200 - application/json;+charset=utf-8 54.0161ms
2024-11-13 15:39:12.357 +05:30  INF  Executing ObjectResult, writing value of type 'BAKERBAZZAR.API.Models.ApiResponse'.
2024-11-13 15:39:12.357 +05:30  INF  Executing ObjectResult, writing value of type 'BAKERBAZZAR.API.Models.ApiResponse'.
2024-11-13 15:39:12.357 +05:30  INF  Executed action BAKERBAZZAR.API.Controller.UserController.CartDetails (BAKERBAZZAR.API) in 64.7963ms
2024-11-13 15:39:12.357 +05:30  INF  Executed action BAKERBAZZAR.API.Controller.UserController.MyOrders (BAKERBAZZAR.API) in 17.6612ms
2024-11-13 15:39:12.357 +05:30  INF  Executed endpoint 'BAKERBAZZAR.API.Controller.UserController.CartDetails (BAKERBAZZAR.API)'
2024-11-13 15:39:12.357 +05:30  INF  Executed endpoint 'BAKERBAZZAR.API.Controller.UserController.MyOrders (BAKERBAZZAR.API)'
2024-11-13 15:39:12.357 +05:30  INF  Request finished HTTP/1.1 GET http://localhost:5145/user/myorders?displayid=e62f03f4-2dcf-4f80-bc23-341651bd9338 - - - 200 - application/json;+charset=utf-8 18.5260ms
2024-11-13 15:39:12.357 +05:30  INF  Request finished HTTP/1.1 GET http://localhost:5145/User/CartDetails?displayid=54ad4834-4071-46df-9009-2f2bc60bca0a - - - 200 - application/json;+charset=utf-8 65.2155ms
2024-11-13 15:39:12.453 +05:30  INF  Request starting HTTP/1.1 GET http://localhost:5145/User/CartDetails?displayid=54ad4834-4071-46df-9009-2f2bc60bca0a - -
2024-11-13 15:39:12.454 +05:30  INF  CORS policy execution successful.
2024-11-13 15:39:12.454 +05:30  INF  Executing endpoint 'BAKERBAZZAR.API.Controller.UserController.CartDetails (BAKERBAZZAR.API)'
2024-11-13 15:39:12.454 +05:30  INF  Route matched with {action = "CartDetails", controller = "User"}. Executing controller action with signature System.Threading.Tasks.Task`1[Microsoft.AspNetCore.Mvc.ActionResult`1[BAKERBAZZAR.API.Models.ApiResponse]] CartDetails(System.String) on controller BAKERBAZZAR.API.Controller.UserController (BAKERBAZZAR.API).
2024-11-13 15:39:12.455 +05:30  INF  Request starting HTTP/1.1 GET http://localhost:5145/User/Category - -
2024-11-13 15:39:12.455 +05:30  INF  CORS policy execution successful.
2024-11-13 15:39:12.455 +05:30  INF  Executing endpoint 'BAKERBAZZAR.API.Controller.UserController.Category (BAKERBAZZAR.API)'
2024-11-13 15:39:12.455 +05:30  INF  Route matched with {action = "Category", controller = "User"}. Executing controller action with signature System.Threading.Tasks.Task`1[Microsoft.AspNetCore.Mvc.ActionResult`1[BAKERBAZZAR.API.Models.ApiResponse]] Category(System.String) on controller BAKERBAZZAR.API.Controller.UserController (BAKERBAZZAR.API).
2024-11-13 15:39:12.456 +05:30  INF  Executing ObjectResult, writing value of type 'BAKERBAZZAR.API.Models.ApiResponse'.
2024-11-13 15:39:12.457 +05:30  INF  Executed action BAKERBAZZAR.API.Controller.UserController.Category (BAKERBAZZAR.API) in 1.6922ms
2024-11-13 15:39:12.457 +05:30  INF  Executed endpoint 'BAKERBAZZAR.API.Controller.UserController.Category (BAKERBAZZAR.API)'
2024-11-13 15:39:12.457 +05:30  INF  Request finished HTTP/1.1 GET http://localhost:5145/User/Category - - - 200 - application/json;+charset=utf-8 2.1214ms
2024-11-13 15:39:12.457 +05:30  INF  Executing ObjectResult, writing value of type 'BAKERBAZZAR.API.Models.ApiResponse'.
2024-11-13 15:39:12.457 +05:30  INF  Executed action BAKERBAZZAR.API.Controller.UserController.CartDetails (BAKERBAZZAR.API) in 3.2976ms
2024-11-13 15:39:12.457 +05:30  INF  Executed endpoint 'BAKERBAZZAR.API.Controller.UserController.CartDetails (BAKERBAZZAR.API)'
2024-11-13 15:39:12.457 +05:30  INF  Request finished HTTP/1.1 GET http://localhost:5145/User/CartDetails?displayid=54ad4834-4071-46df-9009-2f2bc60bca0a - - - 200 - application/json;+charset=utf-8 3.7591ms
2024-11-13 15:39:12.459 +05:30  INF  Request starting HTTP/1.1 GET http://localhost:5145/user/products?categoryid= - -
2024-11-13 15:39:12.459 +05:30  INF  CORS policy execution successful.
2024-11-13 15:39:12.459 +05:30  INF  Executing endpoint 'BAKERBAZZAR.API.Controller.UserController.Products (BAKERBAZZAR.API)'
2024-11-13 15:39:12.459 +05:30  INF  Route matched with {action = "Products", controller = "User"}. Executing controller action with signature System.Threading.Tasks.Task`1[Microsoft.AspNetCore.Mvc.ActionResult`1[BAKERBAZZAR.API.Models.ApiResponse]] Products(System.String, System.String) on controller BAKERBAZZAR.API.Controller.UserController (BAKERBAZZAR.API).
2024-11-13 15:39:12.465 +05:30  INF  Executing ObjectResult, writing value of type 'BAKERBAZZAR.API.Models.ApiResponse'.
2024-11-13 15:39:12.466 +05:30  INF  Executed action BAKERBAZZAR.API.Controller.UserController.Products (BAKERBAZZAR.API) in 6.6963ms
2024-11-13 15:39:12.466 +05:30  INF  Executed endpoint 'BAKERBAZZAR.API.Controller.UserController.Products (BAKERBAZZAR.API)'
2024-11-13 15:39:12.466 +05:30  INF  Request finished HTTP/1.1 GET http://localhost:5145/user/products?categoryid= - - - 200 - application/json;+charset=utf-8 7.8130ms
2024-11-13 15:39:12.483 +05:30  INF  Request starting HTTP/1.1 PUT http://localhost:5145/user/updatecartitem?linerid=221&qty=1 - 0
2024-11-13 15:39:12.483 +05:30  INF  CORS policy execution successful.
2024-11-13 15:39:12.483 +05:30  INF  Executing endpoint 'BAKERBAZZAR.API.Controller.UserController.UpdateCartItem (BAKERBAZZAR.API)'
2024-11-13 15:39:12.483 +05:30  INF  Route matched with {action = "UpdateCartItem", controller = "User"}. Executing controller action with signature System.Threading.Tasks.Task`1[Microsoft.AspNetCore.Mvc.ActionResult`1[BAKERBAZZAR.API.Models.ApiResponse]] UpdateCartItem(Int32, Int32) on controller BAKERBAZZAR.API.Controller.UserController (BAKERBAZZAR.API).
2024-11-13 15:39:12.490 +05:30  INF  Request starting HTTP/1.1 PUT http://localhost:5145/user/updatecartitem?linerid=222&qty=3 - 0
2024-11-13 15:39:12.490 +05:30  INF  CORS policy execution successful.
2024-11-13 15:39:12.490 +05:30  INF  Executing endpoint 'BAKERBAZZAR.API.Controller.UserController.UpdateCartItem (BAKERBAZZAR.API)'
2024-11-13 15:39:12.490 +05:30  INF  Route matched with {action = "UpdateCartItem", controller = "User"}. Executing controller action with signature System.Threading.Tasks.Task`1[Microsoft.AspNetCore.Mvc.ActionResult`1[BAKERBAZZAR.API.Models.ApiResponse]] UpdateCartItem(Int32, Int32) on controller BAKERBAZZAR.API.Controller.UserController (BAKERBAZZAR.API).
2024-11-13 15:39:12.496 +05:30  INF  Executing ObjectResult, writing value of type 'BAKERBAZZAR.API.Models.ApiResponse'.
2024-11-13 15:39:12.496 +05:30  INF  Executed action BAKERBAZZAR.API.Controller.UserController.UpdateCartItem (BAKERBAZZAR.API) in 13.1387ms
2024-11-13 15:39:12.496 +05:30  INF  Executed endpoint 'BAKERBAZZAR.API.Controller.UserController.UpdateCartItem (BAKERBAZZAR.API)'
2024-11-13 15:39:12.496 +05:30  INF  Executing ObjectResult, writing value of type 'BAKERBAZZAR.API.Models.ApiResponse'.
2024-11-13 15:39:12.496 +05:30  INF  Request finished HTTP/1.1 PUT http://localhost:5145/user/updatecartitem?linerid=221&qty=1 - 0 - 200 - application/json;+charset=utf-8 13.8971ms
2024-11-13 15:39:12.496 +05:30  INF  Executed action BAKERBAZZAR.API.Controller.UserController.UpdateCartItem (BAKERBAZZAR.API) in 6.0185ms
2024-11-13 15:39:12.496 +05:30  INF  Executed endpoint 'BAKERBAZZAR.API.Controller.UserController.UpdateCartItem (BAKERBAZZAR.API)'
2024-11-13 15:39:12.497 +05:30  INF  Request finished HTTP/1.1 PUT http://localhost:5145/user/updatecartitem?linerid=222&qty=3 - 0 - 200 - application/json;+charset=utf-8 6.6545ms
2024-11-13 15:39:12.561 +05:30  INF  Request starting HTTP/1.1 PUT http://localhost:5145/user/updatecartitem?linerid=221&qty=1 - 0
2024-11-13 15:39:12.561 +05:30  INF  CORS policy execution successful.
2024-11-13 15:39:12.561 +05:30  INF  Executing endpoint 'BAKERBAZZAR.API.Controller.UserController.UpdateCartItem (BAKERBAZZAR.API)'
2024-11-13 15:39:12.561 +05:30  INF  Route matched with {action = "UpdateCartItem", controller = "User"}. Executing controller action with signature System.Threading.Tasks.Task`1[Microsoft.AspNetCore.Mvc.ActionResult`1[BAKERBAZZAR.API.Models.ApiResponse]] UpdateCartItem(Int32, Int32) on controller BAKERBAZZAR.API.Controller.UserController (BAKERBAZZAR.API).
2024-11-13 15:39:12.584 +05:30  INF  Executing ObjectResult, writing value of type 'BAKERBAZZAR.API.Models.ApiResponse'.
2024-11-13 15:39:12.585 +05:30  INF  Executed action BAKERBAZZAR.API.Controller.UserController.UpdateCartItem (BAKERBAZZAR.API) in 23.161ms
2024-11-13 15:39:12.585 +05:30  INF  Executed endpoint 'BAKERBAZZAR.API.Controller.UserController.UpdateCartItem (BAKERBAZZAR.API)'
2024-11-13 15:39:12.585 +05:30  INF  Request finished HTTP/1.1 PUT http://localhost:5145/user/updatecartitem?linerid=221&qty=1 - 0 - 200 - application/json;+charset=utf-8 24.0734ms
2024-11-13 15:39:12.629 +05:30  INF  Request starting HTTP/1.1 PUT http://localhost:5145/user/updatecartitem?linerid=222&qty=3 - 0
2024-11-13 15:39:12.629 +05:30  INF  CORS policy execution successful.
2024-11-13 15:39:12.629 +05:30  INF  Executing endpoint 'BAKERBAZZAR.API.Controller.UserController.UpdateCartItem (BAKERBAZZAR.API)'
2024-11-13 15:39:12.629 +05:30  INF  Route matched with {action = "UpdateCartItem", controller = "User"}. Executing controller action with signature System.Threading.Tasks.Task`1[Microsoft.AspNetCore.Mvc.ActionResult`1[BAKERBAZZAR.API.Models.ApiResponse]] UpdateCartItem(Int32, Int32) on controller BAKERBAZZAR.API.Controller.UserController (BAKERBAZZAR.API).
2024-11-13 15:39:12.633 +05:30  INF  Executing ObjectResult, writing value of type 'BAKERBAZZAR.API.Models.ApiResponse'.
2024-11-13 15:39:12.633 +05:30  INF  Executed action BAKERBAZZAR.API.Controller.UserController.UpdateCartItem (BAKERBAZZAR.API) in 3.7002ms
2024-11-13 15:39:12.633 +05:30  INF  Executed endpoint 'BAKERBAZZAR.API.Controller.UserController.UpdateCartItem (BAKERBAZZAR.API)'
2024-11-13 15:39:12.633 +05:30  INF  Request finished HTTP/1.1 PUT http://localhost:5145/user/updatecartitem?linerid=222&qty=3 - 0 - 200 - application/json;+charset=utf-8 4.6940ms
2024-11-13 15:39:24.426 +05:30  INF  Request starting HTTP/1.1 OPTIONS http://localhost:5145/user/updatecartitem?linerid=221&qty=1 - -
2024-11-13 15:39:24.426 +05:30  INF  CORS policy execution successful.
2024-11-13 15:39:24.426 +05:30  INF  Request finished HTTP/1.1 OPTIONS http://localhost:5145/user/updatecartitem?linerid=221&qty=1 - - - 204 - - 0.3475ms
2024-11-13 15:39:24.427 +05:30  INF  Request starting HTTP/1.1 OPTIONS http://localhost:5145/user/updatecartitem?linerid=222&qty=3 - -
2024-11-13 15:39:24.427 +05:30  INF  CORS policy execution successful.
2024-11-13 15:39:24.427 +05:30  INF  Request finished HTTP/1.1 OPTIONS http://localhost:5145/user/updatecartitem?linerid=222&qty=3 - - - 204 - - 0.1369ms
2024-11-13 15:39:24.428 +05:30  INF  Request starting HTTP/1.1 PUT http://localhost:5145/user/updatecartitem?linerid=221&qty=1 - 0
2024-11-13 15:39:24.428 +05:30  INF  CORS policy execution successful.
2024-11-13 15:39:24.428 +05:30  INF  Executing endpoint 'BAKERBAZZAR.API.Controller.UserController.UpdateCartItem (BAKERBAZZAR.API)'
2024-11-13 15:39:24.428 +05:30  INF  Route matched with {action = "UpdateCartItem", controller = "User"}. Executing controller action with signature System.Threading.Tasks.Task`1[Microsoft.AspNetCore.Mvc.ActionResult`1[BAKERBAZZAR.API.Models.ApiResponse]] UpdateCartItem(Int32, Int32) on controller BAKERBAZZAR.API.Controller.UserController (BAKERBAZZAR.API).
2024-11-13 15:39:24.428 +05:30  INF  Request starting HTTP/1.1 PUT http://localhost:5145/user/updatecartitem?linerid=222&qty=3 - 0
2024-11-13 15:39:24.428 +05:30  INF  CORS policy execution successful.
2024-11-13 15:39:24.428 +05:30  INF  Executing endpoint 'BAKERBAZZAR.API.Controller.UserController.UpdateCartItem (BAKERBAZZAR.API)'
2024-11-13 15:39:24.428 +05:30  INF  Route matched with {action = "UpdateCartItem", controller = "User"}. Executing controller action with signature System.Threading.Tasks.Task`1[Microsoft.AspNetCore.Mvc.ActionResult`1[BAKERBAZZAR.API.Models.ApiResponse]] UpdateCartItem(Int32, Int32) on controller BAKERBAZZAR.API.Controller.UserController (BAKERBAZZAR.API).
2024-11-13 15:39:24.436 +05:30  INF  Executing ObjectResult, writing value of type 'BAKERBAZZAR.API.Models.ApiResponse'.
2024-11-13 15:39:24.436 +05:30  INF  Executing ObjectResult, writing value of type 'BAKERBAZZAR.API.Models.ApiResponse'.
2024-11-13 15:39:24.436 +05:30  INF  Executed action BAKERBAZZAR.API.Controller.UserController.UpdateCartItem (BAKERBAZZAR.API) in 7.7316ms
2024-11-13 15:39:24.436 +05:30  INF  Executed action BAKERBAZZAR.API.Controller.UserController.UpdateCartItem (BAKERBAZZAR.API) in 8.0584ms
2024-11-13 15:39:24.436 +05:30  INF  Executed endpoint 'BAKERBAZZAR.API.Controller.UserController.UpdateCartItem (BAKERBAZZAR.API)'
2024-11-13 15:39:24.436 +05:30  INF  Executed endpoint 'BAKERBAZZAR.API.Controller.UserController.UpdateCartItem (BAKERBAZZAR.API)'
2024-11-13 15:39:24.436 +05:30  INF  Request finished HTTP/1.1 PUT http://localhost:5145/user/updatecartitem?linerid=221&qty=1 - 0 - 200 - application/json;+charset=utf-8 8.4059ms
2024-11-13 15:39:24.436 +05:30  INF  Request finished HTTP/1.1 PUT http://localhost:5145/user/updatecartitem?linerid=222&qty=3 - 0 - 200 - application/json;+charset=utf-8 8.0453ms
2024-11-13 15:39:24.540 +05:30  INF  Request starting HTTP/1.1 OPTIONS http://localhost:5145/user/updatecartitem?linerid=222&qty=2 - -
2024-11-13 15:39:24.541 +05:30  INF  CORS policy execution successful.
2024-11-13 15:39:24.541 +05:30  INF  Request finished HTTP/1.1 OPTIONS http://localhost:5145/user/updatecartitem?linerid=222&qty=2 - - - 204 - - 0.2420ms
2024-11-13 15:39:24.542 +05:30  INF  Request starting HTTP/1.1 PUT http://localhost:5145/user/updatecartitem?linerid=222&qty=2 - 0
2024-11-13 15:39:24.542 +05:30  INF  CORS policy execution successful.
2024-11-13 15:39:24.542 +05:30  INF  Executing endpoint 'BAKERBAZZAR.API.Controller.UserController.UpdateCartItem (BAKERBAZZAR.API)'
2024-11-13 15:39:24.542 +05:30  INF  Route matched with {action = "UpdateCartItem", controller = "User"}. Executing controller action with signature System.Threading.Tasks.Task`1[Microsoft.AspNetCore.Mvc.ActionResult`1[BAKERBAZZAR.API.Models.ApiResponse]] UpdateCartItem(Int32, Int32) on controller BAKERBAZZAR.API.Controller.UserController (BAKERBAZZAR.API).
2024-11-13 15:39:24.553 +05:30  INF  Executing ObjectResult, writing value of type 'BAKERBAZZAR.API.Models.ApiResponse'.
2024-11-13 15:39:24.553 +05:30  INF  Executed action BAKERBAZZAR.API.Controller.UserController.UpdateCartItem (BAKERBAZZAR.API) in 11.592ms
2024-11-13 15:39:24.553 +05:30  INF  Executed endpoint 'BAKERBAZZAR.API.Controller.UserController.UpdateCartItem (BAKERBAZZAR.API)'
2024-11-13 15:39:24.554 +05:30  INF  Request finished HTTP/1.1 PUT http://localhost:5145/user/updatecartitem?linerid=222&qty=2 - 0 - 200 - application/json;+charset=utf-8 11.8954ms
2024-11-13 15:39:30.779 +05:30  INF  Request starting HTTP/1.1 GET http://localhost:5145/User/CartDetails?displayid=54ad4834-4071-46df-9009-2f2bc60bca0a - -
2024-11-13 15:39:30.779 +05:30  INF  CORS policy execution successful.
2024-11-13 15:39:30.779 +05:30  INF  Executing endpoint 'BAKERBAZZAR.API.Controller.UserController.CartDetails (BAKERBAZZAR.API)'
2024-11-13 15:39:30.780 +05:30  INF  Route matched with {action = "CartDetails", controller = "User"}. Executing controller action with signature System.Threading.Tasks.Task`1[Microsoft.AspNetCore.Mvc.ActionResult`1[BAKERBAZZAR.API.Models.ApiResponse]] CartDetails(System.String) on controller BAKERBAZZAR.API.Controller.UserController (BAKERBAZZAR.API).
2024-11-13 15:39:30.783 +05:30  INF  Request starting HTTP/1.1 GET http://localhost:5145/user/products?categoryid= - -
2024-11-13 15:39:30.783 +05:30  INF  Request starting HTTP/1.1 GET http://localhost:5145/User/Category - -
2024-11-13 15:39:30.783 +05:30  INF  CORS policy execution successful.
2024-11-13 15:39:30.783 +05:30  INF  CORS policy execution successful.
2024-11-13 15:39:30.783 +05:30  INF  Executing endpoint 'BAKERBAZZAR.API.Controller.UserController.Products (BAKERBAZZAR.API)'
2024-11-13 15:39:30.783 +05:30  INF  Executing endpoint 'BAKERBAZZAR.API.Controller.UserController.Category (BAKERBAZZAR.API)'
2024-11-13 15:39:30.783 +05:30  INF  Route matched with {action = "Products", controller = "User"}. Executing controller action with signature System.Threading.Tasks.Task`1[Microsoft.AspNetCore.Mvc.ActionResult`1[BAKERBAZZAR.API.Models.ApiResponse]] Products(System.String, System.String) on controller BAKERBAZZAR.API.Controller.UserController (BAKERBAZZAR.API).
2024-11-13 15:39:30.783 +05:30  INF  Route matched with {action = "Category", controller = "User"}. Executing controller action with signature System.Threading.Tasks.Task`1[Microsoft.AspNetCore.Mvc.ActionResult`1[BAKERBAZZAR.API.Models.ApiResponse]] Category(System.String) on controller BAKERBAZZAR.API.Controller.UserController (BAKERBAZZAR.API).
2024-11-13 15:39:30.792 +05:30  INF  Executing ObjectResult, writing value of type 'BAKERBAZZAR.API.Models.ApiResponse'.
2024-11-13 15:39:30.793 +05:30  INF  Executed action BAKERBAZZAR.API.Controller.UserController.Category (BAKERBAZZAR.API) in 9.167ms
2024-11-13 15:39:30.793 +05:30  INF  Executed endpoint 'BAKERBAZZAR.API.Controller.UserController.Category (BAKERBAZZAR.API)'
2024-11-13 15:39:30.793 +05:30  INF  Request finished HTTP/1.1 GET http://localhost:5145/User/Category - - - 200 - application/json;+charset=utf-8 9.7312ms
2024-11-13 15:39:30.797 +05:30  INF  Executing ObjectResult, writing value of type 'BAKERBAZZAR.API.Models.ApiResponse'.
2024-11-13 15:39:30.798 +05:30  INF  Executed action BAKERBAZZAR.API.Controller.UserController.Products (BAKERBAZZAR.API) in 14.884ms
2024-11-13 15:39:30.799 +05:30  INF  Executed endpoint 'BAKERBAZZAR.API.Controller.UserController.Products (BAKERBAZZAR.API)'
2024-11-13 15:39:30.799 +05:30  INF  Request finished HTTP/1.1 GET http://localhost:5145/user/products?categoryid= - - - 200 - application/json;+charset=utf-8 15.5028ms
2024-11-13 15:39:30.809 +05:30  INF  Executing ObjectResult, writing value of type 'BAKERBAZZAR.API.Models.ApiResponse'.
2024-11-13 15:39:30.809 +05:30  INF  Executed action BAKERBAZZAR.API.Controller.UserController.CartDetails (BAKERBAZZAR.API) in 29.721ms
2024-11-13 15:39:30.809 +05:30  INF  Executed endpoint 'BAKERBAZZAR.API.Controller.UserController.CartDetails (BAKERBAZZAR.API)'
2024-11-13 15:39:30.809 +05:30  INF  Request finished HTTP/1.1 GET http://localhost:5145/User/CartDetails?displayid=54ad4834-4071-46df-9009-2f2bc60bca0a - - - 200 - application/json;+charset=utf-8 30.5607ms
2024-11-13 15:39:30.828 +05:30  INF  Request starting HTTP/1.1 GET http://localhost:5145/user/myorders?displayid=e62f03f4-2dcf-4f80-bc23-341651bd9338 - -
2024-11-13 15:39:30.828 +05:30  INF  CORS policy execution successful.
2024-11-13 15:39:30.828 +05:30  INF  Executing endpoint 'BAKERBAZZAR.API.Controller.UserController.MyOrders (BAKERBAZZAR.API)'
2024-11-13 15:39:30.829 +05:30  INF  Route matched with {action = "MyOrders", controller = "User"}. Executing controller action with signature System.Threading.Tasks.Task`1[Microsoft.AspNetCore.Mvc.ActionResult`1[BAKERBAZZAR.API.Models.ApiResponse]] MyOrders(System.String, System.String, System.String) on controller BAKERBAZZAR.API.Controller.UserController (BAKERBAZZAR.API).
2024-11-13 15:39:30.890 +05:30  INF  Executing ObjectResult, writing value of type 'BAKERBAZZAR.API.Models.ApiResponse'.
2024-11-13 15:39:30.891 +05:30  INF  Executed action BAKERBAZZAR.API.Controller.UserController.MyOrders (BAKERBAZZAR.API) in 62.1612ms
2024-11-13 15:39:30.891 +05:30  INF  Executed endpoint 'BAKERBAZZAR.API.Controller.UserController.MyOrders (BAKERBAZZAR.API)'
2024-11-13 15:39:30.891 +05:30  INF  Request finished HTTP/1.1 GET http://localhost:5145/user/myorders?displayid=e62f03f4-2dcf-4f80-bc23-341651bd9338 - - - 200 - application/json;+charset=utf-8 62.6602ms
2024-11-13 15:39:30.949 +05:30  INF  Request starting HTTP/1.1 GET http://localhost:5145/User/CartDetails?displayid=54ad4834-4071-46df-9009-2f2bc60bca0a - -
2024-11-13 15:39:30.950 +05:30  INF  CORS policy execution successful.
2024-11-13 15:39:30.951 +05:30  INF  Executing endpoint 'BAKERBAZZAR.API.Controller.UserController.CartDetails (BAKERBAZZAR.API)'
2024-11-13 15:39:30.951 +05:30  INF  Request starting HTTP/1.1 GET http://localhost:5145/User/Category - -
2024-11-13 15:39:30.951 +05:30  INF  Route matched with {action = "CartDetails", controller = "User"}. Executing controller action with signature System.Threading.Tasks.Task`1[Microsoft.AspNetCore.Mvc.ActionResult`1[BAKERBAZZAR.API.Models.ApiResponse]] CartDetails(System.String) on controller BAKERBAZZAR.API.Controller.UserController (BAKERBAZZAR.API).
2024-11-13 15:39:30.951 +05:30  INF  CORS policy execution successful.
2024-11-13 15:39:30.951 +05:30  INF  Executing endpoint 'BAKERBAZZAR.API.Controller.UserController.Category (BAKERBAZZAR.API)'
2024-11-13 15:39:30.951 +05:30  INF  Route matched with {action = "Category", controller = "User"}. Executing controller action with signature System.Threading.Tasks.Task`1[Microsoft.AspNetCore.Mvc.ActionResult`1[BAKERBAZZAR.API.Models.ApiResponse]] Category(System.String) on controller BAKERBAZZAR.API.Controller.UserController (BAKERBAZZAR.API).
2024-11-13 15:39:30.957 +05:30  INF  Request starting HTTP/1.1 GET http://localhost:5145/user/products?categoryid= - -
2024-11-13 15:39:30.957 +05:30  INF  CORS policy execution successful.
2024-11-13 15:39:30.957 +05:30  INF  Executing endpoint 'BAKERBAZZAR.API.Controller.UserController.Products (BAKERBAZZAR.API)'
2024-11-13 15:39:30.957 +05:30  INF  Route matched with {action = "Products", controller = "User"}. Executing controller action with signature System.Threading.Tasks.Task`1[Microsoft.AspNetCore.Mvc.ActionResult`1[BAKERBAZZAR.API.Models.ApiResponse]] Products(System.String, System.String) on controller BAKERBAZZAR.API.Controller.UserController (BAKERBAZZAR.API).
2024-11-13 15:39:30.958 +05:30  INF  Executing ObjectResult, writing value of type 'BAKERBAZZAR.API.Models.ApiResponse'.
2024-11-13 15:39:30.960 +05:30  INF  Executed action BAKERBAZZAR.API.Controller.UserController.CartDetails (BAKERBAZZAR.API) in 8.3947ms
2024-11-13 15:39:30.960 +05:30  INF  Executed endpoint 'BAKERBAZZAR.API.Controller.UserController.CartDetails (BAKERBAZZAR.API)'
2024-11-13 15:39:30.960 +05:30  INF  Request finished HTTP/1.1 GET http://localhost:5145/User/CartDetails?displayid=54ad4834-4071-46df-9009-2f2bc60bca0a - - - 200 - application/json;+charset=utf-8 10.4793ms
2024-11-13 15:39:30.962 +05:30  INF  Executing ObjectResult, writing value of type 'BAKERBAZZAR.API.Models.ApiResponse'.
2024-11-13 15:39:30.963 +05:30  INF  Executing ObjectResult, writing value of type 'BAKERBAZZAR.API.Models.ApiResponse'.
2024-11-13 15:39:30.963 +05:30  INF  Executed action BAKERBAZZAR.API.Controller.UserController.Category (BAKERBAZZAR.API) in 11.594ms
2024-11-13 15:39:30.963 +05:30  INF  Executed endpoint 'BAKERBAZZAR.API.Controller.UserController.Category (BAKERBAZZAR.API)'
2024-11-13 15:39:30.963 +05:30  INF  Request finished HTTP/1.1 GET http://localhost:5145/User/Category - - - 200 - application/json;+charset=utf-8 12.0558ms
2024-11-13 15:39:30.963 +05:30  INF  Executed action BAKERBAZZAR.API.Controller.UserController.Products (BAKERBAZZAR.API) in 5.972ms
2024-11-13 15:39:30.963 +05:30  INF  Executed endpoint 'BAKERBAZZAR.API.Controller.UserController.Products (BAKERBAZZAR.API)'
2024-11-13 15:39:30.964 +05:30  INF  Request finished HTTP/1.1 GET http://localhost:5145/user/products?categoryid= - - - 200 - application/json;+charset=utf-8 6.7732ms
2024-11-13 15:39:30.984 +05:30  INF  Request starting HTTP/1.1 OPTIONS http://localhost:5145/user/updatecartitem?linerid=221&qty=1 - -
2024-11-13 15:39:30.985 +05:30  INF  CORS policy execution successful.
2024-11-13 15:39:30.985 +05:30  INF  Request finished HTTP/1.1 OPTIONS http://localhost:5145/user/updatecartitem?linerid=221&qty=1 - - - 204 - - 0.9194ms
2024-11-13 15:39:30.988 +05:30  INF  Request starting HTTP/1.1 OPTIONS http://localhost:5145/user/updatecartitem?linerid=222&qty=2 - -
2024-11-13 15:39:30.988 +05:30  INF  CORS policy execution successful.
2024-11-13 15:39:30.989 +05:30  INF  Request finished HTTP/1.1 OPTIONS http://localhost:5145/user/updatecartitem?linerid=222&qty=2 - - - 204 - - 0.3340ms
2024-11-13 15:39:30.990 +05:30  INF  Request starting HTTP/1.1 OPTIONS http://localhost:5145/user/updatecartitem?linerid=221&qty=1 - -
2024-11-13 15:39:30.990 +05:30  INF  CORS policy execution successful.
2024-11-13 15:39:30.990 +05:30  INF  Request finished HTTP/1.1 OPTIONS http://localhost:5145/user/updatecartitem?linerid=221&qty=1 - - - 204 - - 0.3003ms
2024-11-13 15:39:30.992 +05:30  INF  Request starting HTTP/1.1 OPTIONS http://localhost:5145/user/updatecartitem?linerid=222&qty=2 - -
2024-11-13 15:39:30.992 +05:30  INF  CORS policy execution successful.
2024-11-13 15:39:30.992 +05:30  INF  Request finished HTTP/1.1 OPTIONS http://localhost:5145/user/updatecartitem?linerid=222&qty=2 - - - 204 - - 0.2449ms
2024-11-13 15:39:30.993 +05:30  INF  Request starting HTTP/1.1 PUT http://localhost:5145/user/updatecartitem?linerid=221&qty=1 - 0
2024-11-13 15:39:30.993 +05:30  INF  CORS policy execution successful.
2024-11-13 15:39:30.993 +05:30  INF  Executing endpoint 'BAKERBAZZAR.API.Controller.UserController.UpdateCartItem (BAKERBAZZAR.API)'
2024-11-13 15:39:30.993 +05:30  INF  Route matched with {action = "UpdateCartItem", controller = "User"}. Executing controller action with signature System.Threading.Tasks.Task`1[Microsoft.AspNetCore.Mvc.ActionResult`1[BAKERBAZZAR.API.Models.ApiResponse]] UpdateCartItem(Int32, Int32) on controller BAKERBAZZAR.API.Controller.UserController (BAKERBAZZAR.API).
2024-11-13 15:39:31.008 +05:30  INF  Request starting HTTP/1.1 PUT http://localhost:5145/user/updatecartitem?linerid=222&qty=2 - 0
2024-11-13 15:39:31.008 +05:30  INF  Executing ObjectResult, writing value of type 'BAKERBAZZAR.API.Models.ApiResponse'.
2024-11-13 15:39:31.008 +05:30  INF  CORS policy execution successful.
2024-11-13 15:39:31.008 +05:30  INF  Executing endpoint 'BAKERBAZZAR.API.Controller.UserController.UpdateCartItem (BAKERBAZZAR.API)'
2024-11-13 15:39:31.008 +05:30  INF  Executed action BAKERBAZZAR.API.Controller.UserController.UpdateCartItem (BAKERBAZZAR.API) in 14.575ms
2024-11-13 15:39:31.008 +05:30  INF  Executed endpoint 'BAKERBAZZAR.API.Controller.UserController.UpdateCartItem (BAKERBAZZAR.API)'
2024-11-13 15:39:31.008 +05:30  INF  Route matched with {action = "UpdateCartItem", controller = "User"}. Executing controller action with signature System.Threading.Tasks.Task`1[Microsoft.AspNetCore.Mvc.ActionResult`1[BAKERBAZZAR.API.Models.ApiResponse]] UpdateCartItem(Int32, Int32) on controller BAKERBAZZAR.API.Controller.UserController (BAKERBAZZAR.API).
2024-11-13 15:39:31.008 +05:30  INF  Request finished HTTP/1.1 PUT http://localhost:5145/user/updatecartitem?linerid=221&qty=1 - 0 - 200 - application/json;+charset=utf-8 15.0107ms
2024-11-13 15:39:31.010 +05:30  INF  Executing ObjectResult, writing value of type 'BAKERBAZZAR.API.Models.ApiResponse'.
2024-11-13 15:39:31.010 +05:30  INF  Executed action BAKERBAZZAR.API.Controller.UserController.UpdateCartItem (BAKERBAZZAR.API) in 1.7974ms
2024-11-13 15:39:31.010 +05:30  INF  Executed endpoint 'BAKERBAZZAR.API.Controller.UserController.UpdateCartItem (BAKERBAZZAR.API)'
2024-11-13 15:39:31.010 +05:30  INF  Request finished HTTP/1.1 PUT http://localhost:5145/user/updatecartitem?linerid=222&qty=2 - 0 - 200 - application/json;+charset=utf-8 2.2131ms
2024-11-13 15:39:31.061 +05:30  INF  Request starting HTTP/1.1 PUT http://localhost:5145/user/updatecartitem?linerid=221&qty=1 - 0
2024-11-13 15:39:31.061 +05:30  INF  CORS policy execution successful.
2024-11-13 15:39:31.061 +05:30  INF  Executing endpoint 'BAKERBAZZAR.API.Controller.UserController.UpdateCartItem (BAKERBAZZAR.API)'
2024-11-13 15:39:31.061 +05:30  INF  Route matched with {action = "UpdateCartItem", controller = "User"}. Executing controller action with signature System.Threading.Tasks.Task`1[Microsoft.AspNetCore.Mvc.ActionResult`1[BAKERBAZZAR.API.Models.ApiResponse]] UpdateCartItem(Int32, Int32) on controller BAKERBAZZAR.API.Controller.UserController (BAKERBAZZAR.API).
2024-11-13 15:39:31.063 +05:30  INF  Executing ObjectResult, writing value of type 'BAKERBAZZAR.API.Models.ApiResponse'.
