2024-12-03 15:08:51.324 +05:30  INF  User profile is available. Using 'C:\Users\kamal\AppData\Local\ASP.NET\DataProtection-Keys' as key repository and Windows DPAPI to encrypt keys at rest.
2024-12-03 15:08:51.510 +05:30  INF  Now listening on: http://localhost:5145
2024-12-03 15:08:51.561 +05:30  INF  Application started. Press Ctrl+C to shut down.
2024-12-03 15:08:51.561 +05:30  INF  Hosting environment: Development
2024-12-03 15:08:51.561 +05:30  INF  Content root path: C:\Users\kamal\OneDrive\Desktop\code\BakerBazzar\API Code\BAKERBAZZAR.API
2024-12-03 15:08:52.021 +05:30  INF  Request starting HTTP/1.1 GET http://localhost:5145/swagger/index.html - -
2024-12-03 15:08:52.228 +05:30  INF  Request finished HTTP/1.1 GET http://localhost:5145/swagger/index.html - - - 200 - text/html;charset=utf-8 210.4829ms
2024-12-03 15:08:52.259 +05:30  INF  Request starting HTTP/1.1 GET http://localhost:5145/_framework/aspnetcore-browser-refresh.js - -
2024-12-03 15:08:52.261 +05:30  INF  Request finished HTTP/1.1 GET http://localhost:5145/_framework/aspnetcore-browser-refresh.js - - - 200 13766 application/javascript;+charset=utf-8 2.2076ms
2024-12-03 15:08:52.278 +05:30  INF  Request starting HTTP/1.1 GET http://localhost:5145/_vs/browserLink - -
2024-12-03 15:08:52.344 +05:30  INF  Request finished HTTP/1.1 GET http://localhost:5145/_vs/browserLink - - - 200 - text/javascript;+charset=UTF-8 65.8236ms
2024-12-03 15:08:52.585 +05:30  INF  Request starting HTTP/1.1 GET http://localhost:5145/swagger/v1/swagger.json - -
2024-12-03 15:08:52.708 +05:30  INF  Request finished HTTP/1.1 GET http://localhost:5145/swagger/v1/swagger.json - - - 200 - application/json;charset=utf-8 123.2645ms
2024-12-03 15:08:55.268 +05:30  INF  Request starting HTTP/1.1 OPTIONS http://localhost:5145/Authentication/Login - -
2024-12-03 15:08:55.272 +05:30  INF  CORS policy execution successful.
2024-12-03 15:08:55.273 +05:30  INF  Request finished HTTP/1.1 OPTIONS http://localhost:5145/Authentication/Login - - - 204 - - 5.0721ms
2024-12-03 15:08:55.274 +05:30  INF  Request starting HTTP/1.1 POST http://localhost:5145/Authentication/Login application/json 43
2024-12-03 15:08:55.275 +05:30  INF  CORS policy execution successful.
2024-12-03 15:08:55.317 +05:30  INF  Executing endpoint 'BAKERBAZZAR.API.Controller.AuthenticationController.VerifyUser (BAKERBAZZAR.API)'
2024-12-03 15:08:55.334 +05:30  INF  Route matched with {action = "VerifyUser", controller = "Authentication"}. Executing controller action with signature System.Threading.Tasks.Task`1[Microsoft.AspNetCore.Mvc.ActionResult`1[BAKERBAZZAR.API.Models.ApiResponse]] VerifyUser(BAKERBAZZAR.API.Models.IO_Templates.LoginRequest) on controller BAKERBAZZAR.API.Controller.AuthenticationController (BAKERBAZZAR.API).
2024-12-03 15:08:55.352 +05:30  INF  verify user execution start
2024-12-03 15:08:55.891 +05:30  INF  verify user execution end
2024-12-03 15:08:55.895 +05:30  INF  Executing ObjectResult, writing value of type 'BAKERBAZZAR.API.Models.ApiResponse'.
2024-12-03 15:08:55.914 +05:30  INF  Executed action BAKERBAZZAR.API.Controller.AuthenticationController.VerifyUser (BAKERBAZZAR.API) in 576.8879ms
2024-12-03 15:08:55.915 +05:30  INF  Executed endpoint 'BAKERBAZZAR.API.Controller.AuthenticationController.VerifyUser (BAKERBAZZAR.API)'
2024-12-03 15:08:55.916 +05:30  INF  Request finished HTTP/1.1 POST http://localhost:5145/Authentication/Login application/json 43 - 200 - application/json;+charset=utf-8 641.5248ms
2024-12-03 15:09:07.033 +05:30  INF  Request starting HTTP/1.1 GET http://localhost:5145/User/Category - -
2024-12-03 15:09:07.035 +05:30  INF  Request starting HTTP/1.1 GET http://localhost:5145/user/products?categoryid= - -
2024-12-03 15:09:07.036 +05:30  INF  CORS policy execution successful.
2024-12-03 15:09:07.036 +05:30  INF  CORS policy execution successful.
2024-12-03 15:09:07.040 +05:30  INF  Executing endpoint 'BAKERBAZZAR.API.Controller.UserController.Category (BAKERBAZZAR.API)'
2024-12-03 15:09:07.040 +05:30  INF  Executing endpoint 'BAKERBAZZAR.API.Controller.UserController.Products (BAKERBAZZAR.API)'
2024-12-03 15:09:07.045 +05:30  INF  Route matched with {action = "Category", controller = "User"}. Executing controller action with signature System.Threading.Tasks.Task`1[Microsoft.AspNetCore.Mvc.ActionResult`1[BAKERBAZZAR.API.Models.ApiResponse]] Category(System.String) on controller BAKERBAZZAR.API.Controller.UserController (BAKERBAZZAR.API).
2024-12-03 15:09:07.045 +05:30  INF  Route matched with {action = "Products", controller = "User"}. Executing controller action with signature System.Threading.Tasks.Task`1[Microsoft.AspNetCore.Mvc.ActionResult`1[BAKERBAZZAR.API.Models.ApiResponse]] Products(System.String, System.String) on controller BAKERBAZZAR.API.Controller.UserController (BAKERBAZZAR.API).
2024-12-03 15:09:07.099 +05:30  INF  Executing ObjectResult, writing value of type 'BAKERBAZZAR.API.Models.ApiResponse'.
2024-12-03 15:09:07.102 +05:30  INF  Executed action BAKERBAZZAR.API.Controller.UserController.Category (BAKERBAZZAR.API) in 56.5111ms
2024-12-03 15:09:07.102 +05:30  INF  Executed endpoint 'BAKERBAZZAR.API.Controller.UserController.Category (BAKERBAZZAR.API)'
2024-12-03 15:09:07.102 +05:30  INF  Request finished HTTP/1.1 GET http://localhost:5145/User/Category - - - 200 - application/json;+charset=utf-8 69.4265ms
2024-12-03 15:09:07.104 +05:30  INF  Request starting HTTP/1.1 GET http://localhost:5145/User/Category - -
2024-12-03 15:09:07.106 +05:30  INF  CORS policy execution successful.
2024-12-03 15:09:07.108 +05:30  INF  Executing endpoint 'BAKERBAZZAR.API.Controller.UserController.Category (BAKERBAZZAR.API)'
2024-12-03 15:09:07.109 +05:30  INF  Route matched with {action = "Category", controller = "User"}. Executing controller action with signature System.Threading.Tasks.Task`1[Microsoft.AspNetCore.Mvc.ActionResult`1[BAKERBAZZAR.API.Models.ApiResponse]] Category(System.String) on controller BAKERBAZZAR.API.Controller.UserController (BAKERBAZZAR.API).
2024-12-03 15:09:07.109 +05:30  INF  Executing ObjectResult, writing value of type 'BAKERBAZZAR.API.Models.ApiResponse'.
2024-12-03 15:09:07.111 +05:30  INF  Executing ObjectResult, writing value of type 'BAKERBAZZAR.API.Models.ApiResponse'.
2024-12-03 15:09:07.111 +05:30  INF  Executed action BAKERBAZZAR.API.Controller.UserController.Category (BAKERBAZZAR.API) in 2.5775ms
2024-12-03 15:09:07.111 +05:30  INF  Executed endpoint 'BAKERBAZZAR.API.Controller.UserController.Category (BAKERBAZZAR.API)'
2024-12-03 15:09:07.111 +05:30  INF  Request finished HTTP/1.1 GET http://localhost:5145/User/Category - - - 200 - application/json;+charset=utf-8 7.7381ms
2024-12-03 15:09:07.124 +05:30  INF  Executed action BAKERBAZZAR.API.Controller.UserController.Products (BAKERBAZZAR.API) in 78.6403ms
2024-12-03 15:09:07.125 +05:30  INF  Executed endpoint 'BAKERBAZZAR.API.Controller.UserController.Products (BAKERBAZZAR.API)'
2024-12-03 15:09:07.125 +05:30  INF  Request finished HTTP/1.1 GET http://localhost:5145/user/products?categoryid= - - - 200 - application/json;+charset=utf-8 89.8518ms
2024-12-03 15:09:07.127 +05:30  INF  Request starting HTTP/1.1 GET http://localhost:5145/user/products?categoryid= - -
2024-12-03 15:09:07.127 +05:30  INF  CORS policy execution successful.
2024-12-03 15:09:07.127 +05:30  INF  Executing endpoint 'BAKERBAZZAR.API.Controller.UserController.Products (BAKERBAZZAR.API)'
2024-12-03 15:09:07.128 +05:30  INF  Route matched with {action = "Products", controller = "User"}. Executing controller action with signature System.Threading.Tasks.Task`1[Microsoft.AspNetCore.Mvc.ActionResult`1[BAKERBAZZAR.API.Models.ApiResponse]] Products(System.String, System.String) on controller BAKERBAZZAR.API.Controller.UserController (BAKERBAZZAR.API).
2024-12-03 15:09:07.139 +05:30  INF  Executing ObjectResult, writing value of type 'BAKERBAZZAR.API.Models.ApiResponse'.
2024-12-03 15:09:07.141 +05:30  INF  Executed action BAKERBAZZAR.API.Controller.UserController.Products (BAKERBAZZAR.API) in 13.5793ms
2024-12-03 15:09:07.142 +05:30  INF  Executed endpoint 'BAKERBAZZAR.API.Controller.UserController.Products (BAKERBAZZAR.API)'
2024-12-03 15:09:07.142 +05:30  INF  Request finished HTTP/1.1 GET http://localhost:5145/user/products?categoryid= - - - 200 - application/json;+charset=utf-8 15.0683ms
2024-12-03 15:09:21.564 +05:30  INF  Request starting HTTP/1.1 OPTIONS http://localhost:5145/User/AddToCart - -
2024-12-03 15:09:21.564 +05:30  INF  CORS policy execution successful.
2024-12-03 15:09:21.564 +05:30  INF  Request finished HTTP/1.1 OPTIONS http://localhost:5145/User/AddToCart - - - 204 - - 0.4530ms
2024-12-03 15:09:21.565 +05:30  INF  Request starting HTTP/1.1 POST http://localhost:5145/User/AddToCart application/json 140
2024-12-03 15:09:21.565 +05:30  INF  CORS policy execution successful.
2024-12-03 15:09:21.565 +05:30  INF  Executing endpoint 'BAKERBAZZAR.API.Controller.UserController.AddToCart (BAKERBAZZAR.API)'
2024-12-03 15:09:21.567 +05:30  INF  Route matched with {action = "AddToCart", controller = "User"}. Executing controller action with signature System.Threading.Tasks.Task`1[Microsoft.AspNetCore.Mvc.ActionResult`1[BAKERBAZZAR.API.Models.ApiResponse]] AddToCart(BAKERBAZZAR.API.Models.IO_Templates.AddToCartRequest) on controller BAKERBAZZAR.API.Controller.UserController (BAKERBAZZAR.API).
2024-12-03 15:09:21.608 +05:30  INF  Executing ObjectResult, writing value of type 'BAKERBAZZAR.API.Models.ApiResponse'.
2024-12-03 15:09:21.608 +05:30  INF  Executed action BAKERBAZZAR.API.Controller.UserController.AddToCart (BAKERBAZZAR.API) in 40.8213ms
2024-12-03 15:09:21.608 +05:30  INF  Executed endpoint 'BAKERBAZZAR.API.Controller.UserController.AddToCart (BAKERBAZZAR.API)'
2024-12-03 15:09:21.608 +05:30  INF  Request finished HTTP/1.1 POST http://localhost:5145/User/AddToCart application/json 140 - 200 - application/json;+charset=utf-8 43.2587ms
2024-12-03 15:09:22.978 +05:30  INF  Request starting HTTP/1.1 POST http://localhost:5145/User/AddToCart application/json 140
2024-12-03 15:09:22.978 +05:30  INF  CORS policy execution successful.
2024-12-03 15:09:22.978 +05:30  INF  Executing endpoint 'BAKERBAZZAR.API.Controller.UserController.AddToCart (BAKERBAZZAR.API)'
2024-12-03 15:09:22.978 +05:30  INF  Route matched with {action = "AddToCart", controller = "User"}. Executing controller action with signature System.Threading.Tasks.Task`1[Microsoft.AspNetCore.Mvc.ActionResult`1[BAKERBAZZAR.API.Models.ApiResponse]] AddToCart(BAKERBAZZAR.API.Models.IO_Templates.AddToCartRequest) on controller BAKERBAZZAR.API.Controller.UserController (BAKERBAZZAR.API).
2024-12-03 15:09:22.989 +05:30  INF  Executing ObjectResult, writing value of type 'BAKERBAZZAR.API.Models.ApiResponse'.
2024-12-03 15:09:22.989 +05:30  INF  Executed action BAKERBAZZAR.API.Controller.UserController.AddToCart (BAKERBAZZAR.API) in 11.0747ms
2024-12-03 15:09:22.989 +05:30  INF  Executed endpoint 'BAKERBAZZAR.API.Controller.UserController.AddToCart (BAKERBAZZAR.API)'
2024-12-03 15:09:22.990 +05:30  INF  Request finished HTTP/1.1 POST http://localhost:5145/User/AddToCart application/json 140 - 200 - application/json;+charset=utf-8 11.7000ms
2024-12-03 15:09:24.230 +05:30  INF  Request starting HTTP/1.1 POST http://localhost:5145/User/AddToCart application/json 140
2024-12-03 15:09:24.230 +05:30  INF  CORS policy execution successful.
2024-12-03 15:09:24.230 +05:30  INF  Executing endpoint 'BAKERBAZZAR.API.Controller.UserController.AddToCart (BAKERBAZZAR.API)'
2024-12-03 15:09:24.231 +05:30  INF  Route matched with {action = "AddToCart", controller = "User"}. Executing controller action with signature System.Threading.Tasks.Task`1[Microsoft.AspNetCore.Mvc.ActionResult`1[BAKERBAZZAR.API.Models.ApiResponse]] AddToCart(BAKERBAZZAR.API.Models.IO_Templates.AddToCartRequest) on controller BAKERBAZZAR.API.Controller.UserController (BAKERBAZZAR.API).
2024-12-03 15:09:24.241 +05:30  INF  Executing ObjectResult, writing value of type 'BAKERBAZZAR.API.Models.ApiResponse'.
2024-12-03 15:09:24.241 +05:30  INF  Executed action BAKERBAZZAR.API.Controller.UserController.AddToCart (BAKERBAZZAR.API) in 10.4154ms
2024-12-03 15:09:24.241 +05:30  INF  Executed endpoint 'BAKERBAZZAR.API.Controller.UserController.AddToCart (BAKERBAZZAR.API)'
2024-12-03 15:09:24.241 +05:30  INF  Request finished HTTP/1.1 POST http://localhost:5145/User/AddToCart application/json 140 - 200 - application/json;+charset=utf-8 10.8687ms
2024-12-03 15:09:24.881 +05:30  INF  Request starting HTTP/1.1 POST http://localhost:5145/User/AddToCart application/json 140
2024-12-03 15:09:24.881 +05:30  INF  CORS policy execution successful.
2024-12-03 15:09:24.881 +05:30  INF  Executing endpoint 'BAKERBAZZAR.API.Controller.UserController.AddToCart (BAKERBAZZAR.API)'
2024-12-03 15:09:24.881 +05:30  INF  Route matched with {action = "AddToCart", controller = "User"}. Executing controller action with signature System.Threading.Tasks.Task`1[Microsoft.AspNetCore.Mvc.ActionResult`1[BAKERBAZZAR.API.Models.ApiResponse]] AddToCart(BAKERBAZZAR.API.Models.IO_Templates.AddToCartRequest) on controller BAKERBAZZAR.API.Controller.UserController (BAKERBAZZAR.API).
2024-12-03 15:09:24.893 +05:30  INF  Executing ObjectResult, writing value of type 'BAKERBAZZAR.API.Models.ApiResponse'.
2024-12-03 15:09:24.893 +05:30  INF  Executed action BAKERBAZZAR.API.Controller.UserController.AddToCart (BAKERBAZZAR.API) in 11.9002ms
2024-12-03 15:09:24.893 +05:30  INF  Executed endpoint 'BAKERBAZZAR.API.Controller.UserController.AddToCart (BAKERBAZZAR.API)'
2024-12-03 15:09:24.893 +05:30  INF  Request finished HTTP/1.1 POST http://localhost:5145/User/AddToCart application/json 140 - 200 - application/json;+charset=utf-8 12.3552ms
2024-12-03 15:09:27.085 +05:30  INF  Request starting HTTP/1.1 OPTIONS http://localhost:5145/User/AddToCart - -
2024-12-03 15:09:27.085 +05:30  INF  CORS policy execution successful.
2024-12-03 15:09:27.085 +05:30  INF  Request finished HTTP/1.1 OPTIONS http://localhost:5145/User/AddToCart - - - 204 - - 0.2196ms
2024-12-03 15:09:27.086 +05:30  INF  Request starting HTTP/1.1 POST http://localhost:5145/User/AddToCart application/json 140
2024-12-03 15:09:27.086 +05:30  INF  CORS policy execution successful.
2024-12-03 15:09:27.086 +05:30  INF  Executing endpoint 'BAKERBAZZAR.API.Controller.UserController.AddToCart (BAKERBAZZAR.API)'
2024-12-03 15:09:27.086 +05:30  INF  Route matched with {action = "AddToCart", controller = "User"}. Executing controller action with signature System.Threading.Tasks.Task`1[Microsoft.AspNetCore.Mvc.ActionResult`1[BAKERBAZZAR.API.Models.ApiResponse]] AddToCart(BAKERBAZZAR.API.Models.IO_Templates.AddToCartRequest) on controller BAKERBAZZAR.API.Controller.UserController (BAKERBAZZAR.API).
2024-12-03 15:09:27.097 +05:30  INF  Executing ObjectResult, writing value of type 'BAKERBAZZAR.API.Models.ApiResponse'.
2024-12-03 15:09:27.097 +05:30  INF  Executed action BAKERBAZZAR.API.Controller.UserController.AddToCart (BAKERBAZZAR.API) in 11.1123ms
2024-12-03 15:09:27.098 +05:30  INF  Executed endpoint 'BAKERBAZZAR.API.Controller.UserController.AddToCart (BAKERBAZZAR.API)'
2024-12-03 15:09:27.098 +05:30  INF  Request finished HTTP/1.1 POST http://localhost:5145/User/AddToCart application/json 140 - 200 - application/json;+charset=utf-8 11.6141ms
2024-12-03 15:09:29.448 +05:30  INF  Request starting HTTP/1.1 GET http://localhost:5145/user/myorders?displayid=a8701061-246f-4f0a-b7db-cf788913b18d - -
2024-12-03 15:09:29.448 +05:30  INF  CORS policy execution successful.
2024-12-03 15:09:29.448 +05:30  INF  Executing endpoint 'BAKERBAZZAR.API.Controller.UserController.MyOrders (BAKERBAZZAR.API)'
2024-12-03 15:09:29.451 +05:30  INF  Route matched with {action = "MyOrders", controller = "User"}. Executing controller action with signature System.Threading.Tasks.Task`1[Microsoft.AspNetCore.Mvc.ActionResult`1[BAKERBAZZAR.API.Models.ApiResponse]] MyOrders(System.String, System.String, System.String) on controller BAKERBAZZAR.API.Controller.UserController (BAKERBAZZAR.API).
2024-12-03 15:09:29.505 +05:30  INF  Executing ObjectResult, writing value of type 'BAKERBAZZAR.API.Models.ApiResponse'.
2024-12-03 15:09:29.508 +05:30  INF  Executed action BAKERBAZZAR.API.Controller.UserController.MyOrders (BAKERBAZZAR.API) in 57.0901ms
2024-12-03 15:09:29.509 +05:30  INF  Executed endpoint 'BAKERBAZZAR.API.Controller.UserController.MyOrders (BAKERBAZZAR.API)'
2024-12-03 15:09:29.509 +05:30  INF  Request finished HTTP/1.1 GET http://localhost:5145/user/myorders?displayid=a8701061-246f-4f0a-b7db-cf788913b18d - - - 200 - application/json;+charset=utf-8 60.7855ms
2024-12-03 15:09:29.510 +05:30  INF  Request starting HTTP/1.1 GET http://localhost:5145/user/myorders?displayid=a8701061-246f-4f0a-b7db-cf788913b18d - -
2024-12-03 15:09:29.510 +05:30  INF  CORS policy execution successful.
2024-12-03 15:09:29.510 +05:30  INF  Executing endpoint 'BAKERBAZZAR.API.Controller.UserController.MyOrders (BAKERBAZZAR.API)'
2024-12-03 15:09:29.510 +05:30  INF  Route matched with {action = "MyOrders", controller = "User"}. Executing controller action with signature System.Threading.Tasks.Task`1[Microsoft.AspNetCore.Mvc.ActionResult`1[BAKERBAZZAR.API.Models.ApiResponse]] MyOrders(System.String, System.String, System.String) on controller BAKERBAZZAR.API.Controller.UserController (BAKERBAZZAR.API).
2024-12-03 15:09:29.514 +05:30  INF  Executing ObjectResult, writing value of type 'BAKERBAZZAR.API.Models.ApiResponse'.
2024-12-03 15:09:29.514 +05:30  INF  Executed action BAKERBAZZAR.API.Controller.UserController.MyOrders (BAKERBAZZAR.API) in 3.6827ms
2024-12-03 15:09:29.514 +05:30  INF  Executed endpoint 'BAKERBAZZAR.API.Controller.UserController.MyOrders (BAKERBAZZAR.API)'
2024-12-03 15:09:29.514 +05:30  INF  Request finished HTTP/1.1 GET http://localhost:5145/user/myorders?displayid=a8701061-246f-4f0a-b7db-cf788913b18d - - - 200 - application/json;+charset=utf-8 4.1973ms
2024-12-03 15:09:30.347 +05:30  INF  Request starting HTTP/1.1 GET http://localhost:5145/User/CartDetails?displayid=9c80da83-6ccc-4dfb-8e33-09d723c0df33 - -
2024-12-03 15:09:30.347 +05:30  INF  CORS policy execution successful.
2024-12-03 15:09:30.347 +05:30  INF  Executing endpoint 'BAKERBAZZAR.API.Controller.UserController.CartDetails (BAKERBAZZAR.API)'
2024-12-03 15:09:30.350 +05:30  INF  Route matched with {action = "CartDetails", controller = "User"}. Executing controller action with signature System.Threading.Tasks.Task`1[Microsoft.AspNetCore.Mvc.ActionResult`1[BAKERBAZZAR.API.Models.ApiResponse]] CartDetails(System.String) on controller BAKERBAZZAR.API.Controller.UserController (BAKERBAZZAR.API).
2024-12-03 15:09:30.393 +05:30  INF  Executing ObjectResult, writing value of type 'BAKERBAZZAR.API.Models.ApiResponse'.
2024-12-03 15:09:30.402 +05:30  INF  Executed action BAKERBAZZAR.API.Controller.UserController.CartDetails (BAKERBAZZAR.API) in 52.1729ms
2024-12-03 15:09:30.403 +05:30  INF  Executed endpoint 'BAKERBAZZAR.API.Controller.UserController.CartDetails (BAKERBAZZAR.API)'
2024-12-03 15:09:30.403 +05:30  INF  Request finished HTTP/1.1 GET http://localhost:5145/User/CartDetails?displayid=9c80da83-6ccc-4dfb-8e33-09d723c0df33 - - - 200 - application/json;+charset=utf-8 55.6457ms
2024-12-03 15:09:30.404 +05:30  INF  Request starting HTTP/1.1 GET http://localhost:5145/User/CartDetails?displayid=9c80da83-6ccc-4dfb-8e33-09d723c0df33 - -
2024-12-03 15:09:30.404 +05:30  INF  CORS policy execution successful.
2024-12-03 15:09:30.404 +05:30  INF  Executing endpoint 'BAKERBAZZAR.API.Controller.UserController.CartDetails (BAKERBAZZAR.API)'
2024-12-03 15:09:30.404 +05:30  INF  Route matched with {action = "CartDetails", controller = "User"}. Executing controller action with signature System.Threading.Tasks.Task`1[Microsoft.AspNetCore.Mvc.ActionResult`1[BAKERBAZZAR.API.Models.ApiResponse]] CartDetails(System.String) on controller BAKERBAZZAR.API.Controller.UserController (BAKERBAZZAR.API).
2024-12-03 15:09:30.407 +05:30  INF  Executing ObjectResult, writing value of type 'BAKERBAZZAR.API.Models.ApiResponse'.
2024-12-03 15:09:30.407 +05:30  INF  Executed action BAKERBAZZAR.API.Controller.UserController.CartDetails (BAKERBAZZAR.API) in 2.7819ms
2024-12-03 15:09:30.407 +05:30  INF  Executed endpoint 'BAKERBAZZAR.API.Controller.UserController.CartDetails (BAKERBAZZAR.API)'
2024-12-03 15:09:30.407 +05:30  INF  Request finished HTTP/1.1 GET http://localhost:5145/User/CartDetails?displayid=9c80da83-6ccc-4dfb-8e33-09d723c0df33 - - - 200 - application/json;+charset=utf-8 3.2942ms
2024-12-03 15:09:30.421 +05:30  INF  Request starting HTTP/1.1 OPTIONS http://localhost:5145/user/updatecartitem?linerid=357&qty=1 - -
2024-12-03 15:09:30.421 +05:30  INF  CORS policy execution successful.
2024-12-03 15:09:30.421 +05:30  INF  Request finished HTTP/1.1 OPTIONS http://localhost:5145/user/updatecartitem?linerid=357&qty=1 - - - 204 - - 0.4196ms
2024-12-03 15:09:30.422 +05:30  INF  Request starting HTTP/1.1 OPTIONS http://localhost:5145/user/updatecartitem?linerid=358&qty=1 - -
2024-12-03 15:09:30.422 +05:30  INF  CORS policy execution successful.
2024-12-03 15:09:30.422 +05:30  INF  Request finished HTTP/1.1 OPTIONS http://localhost:5145/user/updatecartitem?linerid=358&qty=1 - - - 204 - - 0.5040ms
2024-12-03 15:09:30.430 +05:30  INF  Request starting HTTP/1.1 OPTIONS http://localhost:5145/user/updatecartitem?linerid=360&qty=1 - -
2024-12-03 15:09:30.430 +05:30  INF  Request starting HTTP/1.1 OPTIONS http://localhost:5145/user/updatecartitem?linerid=361&qty=1 - -
2024-12-03 15:09:30.430 +05:30  INF  CORS policy execution successful.
2024-12-03 15:09:30.430 +05:30  INF  CORS policy execution successful.
2024-12-03 15:09:30.430 +05:30  INF  Request finished HTTP/1.1 OPTIONS http://localhost:5145/user/updatecartitem?linerid=360&qty=1 - - - 204 - - 0.3026ms
2024-12-03 15:09:30.430 +05:30  INF  Request finished HTTP/1.1 OPTIONS http://localhost:5145/user/updatecartitem?linerid=361&qty=1 - - - 204 - - 0.3337ms
2024-12-03 15:09:30.430 +05:30  INF  Request starting HTTP/1.1 OPTIONS http://localhost:5145/user/updatecartitem?linerid=359&qty=1 - -
2024-12-03 15:09:30.430 +05:30  INF  CORS policy execution successful.
2024-12-03 15:09:30.430 +05:30  INF  Request starting HTTP/1.1 PUT http://localhost:5145/user/updatecartitem?linerid=358&qty=1 - 0
2024-12-03 15:09:30.430 +05:30  INF  CORS policy execution successful.
2024-12-03 15:09:30.431 +05:30  INF  Request finished HTTP/1.1 OPTIONS http://localhost:5145/user/updatecartitem?linerid=359&qty=1 - - - 204 - - 0.2789ms
2024-12-03 15:09:30.431 +05:30  INF  Request starting HTTP/1.1 PUT http://localhost:5145/user/updatecartitem?linerid=358&qty=1 - 0
2024-12-03 15:09:30.431 +05:30  INF  Executing endpoint 'BAKERBAZZAR.API.Controller.UserController.UpdateCartItem (BAKERBAZZAR.API)'
2024-12-03 15:09:30.431 +05:30  INF  CORS policy execution successful.
2024-12-03 15:09:30.431 +05:30  INF  Executing endpoint 'BAKERBAZZAR.API.Controller.UserController.UpdateCartItem (BAKERBAZZAR.API)'
2024-12-03 15:09:30.431 +05:30  INF  Request starting HTTP/1.1 OPTIONS http://localhost:5145/user/updatecartitem?linerid=357&qty=1 - -
2024-12-03 15:09:30.431 +05:30  INF  CORS policy execution successful.
2024-12-03 15:09:30.432 +05:30  INF  Request finished HTTP/1.1 OPTIONS http://localhost:5145/user/updatecartitem?linerid=357&qty=1 - - - 204 - - 0.3207ms
2024-12-03 15:09:30.433 +05:30  INF  Request starting HTTP/1.1 PUT http://localhost:5145/user/updatecartitem?linerid=357&qty=1 - 0
2024-12-03 15:09:30.433 +05:30  INF  Request starting HTTP/1.1 OPTIONS http://localhost:5145/user/updatecartitem?linerid=359&qty=1 - -
2024-12-03 15:09:30.433 +05:30  INF  CORS policy execution successful.
2024-12-03 15:09:30.433 +05:30  INF  CORS policy execution successful.
2024-12-03 15:09:30.433 +05:30  INF  Request finished HTTP/1.1 OPTIONS http://localhost:5145/user/updatecartitem?linerid=359&qty=1 - - - 204 - - 0.2348ms
2024-12-03 15:09:30.434 +05:30  INF  Executing endpoint 'BAKERBAZZAR.API.Controller.UserController.UpdateCartItem (BAKERBAZZAR.API)'
2024-12-03 15:09:30.434 +05:30  INF  Request starting HTTP/1.1 OPTIONS http://localhost:5145/user/updatecartitem?linerid=360&qty=1 - -
2024-12-03 15:09:30.434 +05:30  INF  CORS policy execution successful.
2024-12-03 15:09:30.434 +05:30  INF  Request finished HTTP/1.1 OPTIONS http://localhost:5145/user/updatecartitem?linerid=360&qty=1 - - - 204 - - 0.2374ms
2024-12-03 15:09:30.434 +05:30  INF  Request starting HTTP/1.1 OPTIONS http://localhost:5145/user/updatecartitem?linerid=361&qty=1 - -
2024-12-03 15:09:30.434 +05:30  INF  CORS policy execution successful.
2024-12-03 15:09:30.434 +05:30  INF  Request finished HTTP/1.1 OPTIONS http://localhost:5145/user/updatecartitem?linerid=361&qty=1 - - - 204 - - 0.1999ms
2024-12-03 15:09:30.435 +05:30  INF  Route matched with {action = "UpdateCartItem", controller = "User"}. Executing controller action with signature System.Threading.Tasks.Task`1[Microsoft.AspNetCore.Mvc.ActionResult`1[BAKERBAZZAR.API.Models.ApiResponse]] UpdateCartItem(Int32, Int32) on controller BAKERBAZZAR.API.Controller.UserController (BAKERBAZZAR.API).
2024-12-03 15:09:30.435 +05:30  INF  Route matched with {action = "UpdateCartItem", controller = "User"}. Executing controller action with signature System.Threading.Tasks.Task`1[Microsoft.AspNetCore.Mvc.ActionResult`1[BAKERBAZZAR.API.Models.ApiResponse]] UpdateCartItem(Int32, Int32) on controller BAKERBAZZAR.API.Controller.UserController (BAKERBAZZAR.API).
2024-12-03 15:09:30.435 +05:30  INF  Request starting HTTP/1.1 PUT http://localhost:5145/user/updatecartitem?linerid=360&qty=1 - 0
2024-12-03 15:09:30.435 +05:30  INF  CORS policy execution successful.
2024-12-03 15:09:30.436 +05:30  INF  Executing endpoint 'BAKERBAZZAR.API.Controller.UserController.UpdateCartItem (BAKERBAZZAR.API)'
2024-12-03 15:09:30.436 +05:30  INF  Route matched with {action = "UpdateCartItem", controller = "User"}. Executing controller action with signature System.Threading.Tasks.Task`1[Microsoft.AspNetCore.Mvc.ActionResult`1[BAKERBAZZAR.API.Models.ApiResponse]] UpdateCartItem(Int32, Int32) on controller BAKERBAZZAR.API.Controller.UserController (BAKERBAZZAR.API).
2024-12-03 15:09:30.436 +05:30  INF  Request starting HTTP/1.1 PUT http://localhost:5145/user/updatecartitem?linerid=361&qty=1 - 0
2024-12-03 15:09:30.437 +05:30  INF  CORS policy execution successful.
2024-12-03 15:09:30.437 +05:30  INF  Executing endpoint 'BAKERBAZZAR.API.Controller.UserController.UpdateCartItem (BAKERBAZZAR.API)'
2024-12-03 15:09:30.437 +05:30  INF  Route matched with {action = "UpdateCartItem", controller = "User"}. Executing controller action with signature System.Threading.Tasks.Task`1[Microsoft.AspNetCore.Mvc.ActionResult`1[BAKERBAZZAR.API.Models.ApiResponse]] UpdateCartItem(Int32, Int32) on controller BAKERBAZZAR.API.Controller.UserController (BAKERBAZZAR.API).
2024-12-03 15:09:30.437 +05:30  INF  Request starting HTTP/1.1 PUT http://localhost:5145/user/updatecartitem?linerid=359&qty=1 - 0
2024-12-03 15:09:30.437 +05:30  INF  CORS policy execution successful.
2024-12-03 15:09:30.438 +05:30  INF  Route matched with {action = "UpdateCartItem", controller = "User"}. Executing controller action with signature System.Threading.Tasks.Task`1[Microsoft.AspNetCore.Mvc.ActionResult`1[BAKERBAZZAR.API.Models.ApiResponse]] UpdateCartItem(Int32, Int32) on controller BAKERBAZZAR.API.Controller.UserController (BAKERBAZZAR.API).
2024-12-03 15:09:30.438 +05:30  INF  Executing endpoint 'BAKERBAZZAR.API.Controller.UserController.UpdateCartItem (BAKERBAZZAR.API)'
2024-12-03 15:09:30.438 +05:30  INF  Route matched with {action = "UpdateCartItem", controller = "User"}. Executing controller action with signature System.Threading.Tasks.Task`1[Microsoft.AspNetCore.Mvc.ActionResult`1[BAKERBAZZAR.API.Models.ApiResponse]] UpdateCartItem(Int32, Int32) on controller BAKERBAZZAR.API.Controller.UserController (BAKERBAZZAR.API).
2024-12-03 15:09:30.448 +05:30  INF  Executing ObjectResult, writing value of type 'BAKERBAZZAR.API.Models.ApiResponse'.
2024-12-03 15:09:30.448 +05:30  INF  Executing ObjectResult, writing value of type 'BAKERBAZZAR.API.Models.ApiResponse'.
2024-12-03 15:09:30.448 +05:30  INF  Executing ObjectResult, writing value of type 'BAKERBAZZAR.API.Models.ApiResponse'.
2024-12-03 15:09:30.448 +05:30  INF  Executed action BAKERBAZZAR.API.Controller.UserController.UpdateCartItem (BAKERBAZZAR.API) in 12.4494ms
2024-12-03 15:09:30.448 +05:30  INF  Executed action BAKERBAZZAR.API.Controller.UserController.UpdateCartItem (BAKERBAZZAR.API) in 11.5999ms
2024-12-03 15:09:30.448 +05:30  INF  Executed action BAKERBAZZAR.API.Controller.UserController.UpdateCartItem (BAKERBAZZAR.API) in 10.6023ms
2024-12-03 15:09:30.448 +05:30  INF  Executed endpoint 'BAKERBAZZAR.API.Controller.UserController.UpdateCartItem (BAKERBAZZAR.API)'
2024-12-03 15:09:30.449 +05:30  INF  Executed endpoint 'BAKERBAZZAR.API.Controller.UserController.UpdateCartItem (BAKERBAZZAR.API)'
2024-12-03 15:09:30.449 +05:30  INF  Executed endpoint 'BAKERBAZZAR.API.Controller.UserController.UpdateCartItem (BAKERBAZZAR.API)'
2024-12-03 15:09:30.449 +05:30  INF  Request finished HTTP/1.1 PUT http://localhost:5145/user/updatecartitem?linerid=357&qty=1 - 0 - 200 - application/json;+charset=utf-8 15.5209ms
2024-12-03 15:09:30.449 +05:30  INF  Request finished HTTP/1.1 PUT http://localhost:5145/user/updatecartitem?linerid=360&qty=1 - 0 - 200 - application/json;+charset=utf-8 13.4547ms
2024-12-03 15:09:30.449 +05:30  INF  Request finished HTTP/1.1 PUT http://localhost:5145/user/updatecartitem?linerid=361&qty=1 - 0 - 200 - application/json;+charset=utf-8 12.2604ms
2024-12-03 15:09:30.449 +05:30  INF  Executing ObjectResult, writing value of type 'BAKERBAZZAR.API.Models.ApiResponse'.
2024-12-03 15:09:30.450 +05:30  INF  Executed action BAKERBAZZAR.API.Controller.UserController.UpdateCartItem (BAKERBAZZAR.API) in 14.7452ms
2024-12-03 15:09:30.450 +05:30  INF  Executed endpoint 'BAKERBAZZAR.API.Controller.UserController.UpdateCartItem (BAKERBAZZAR.API)'
2024-12-03 15:09:30.450 +05:30  INF  Request finished HTTP/1.1 PUT http://localhost:5145/user/updatecartitem?linerid=358&qty=1 - 0 - 200 - application/json;+charset=utf-8 19.4632ms
2024-12-03 15:09:30.450 +05:30  INF  Executing ObjectResult, writing value of type 'BAKERBAZZAR.API.Models.ApiResponse'.
2024-12-03 15:09:30.450 +05:30  INF  Executed action BAKERBAZZAR.API.Controller.UserController.UpdateCartItem (BAKERBAZZAR.API) in 11.8229ms
2024-12-03 15:09:30.450 +05:30  INF  Executed endpoint 'BAKERBAZZAR.API.Controller.UserController.UpdateCartItem (BAKERBAZZAR.API)'
2024-12-03 15:09:30.450 +05:30  INF  Request finished HTTP/1.1 PUT http://localhost:5145/user/updatecartitem?linerid=359&qty=1 - 0 - 200 - application/json;+charset=utf-8 12.8920ms
2024-12-03 15:09:30.451 +05:30  INF  Request starting HTTP/1.1 PUT http://localhost:5145/user/updatecartitem?linerid=357&qty=1 - 0
2024-12-03 15:09:30.451 +05:30  INF  Request starting HTTP/1.1 PUT http://localhost:5145/user/updatecartitem?linerid=359&qty=1 - 0
2024-12-03 15:09:30.451 +05:30  INF  CORS policy execution successful.
2024-12-03 15:09:30.451 +05:30  INF  CORS policy execution successful.
2024-12-03 15:09:30.451 +05:30  INF  Executing endpoint 'BAKERBAZZAR.API.Controller.UserController.UpdateCartItem (BAKERBAZZAR.API)'
2024-12-03 15:09:30.451 +05:30  INF  Executing endpoint 'BAKERBAZZAR.API.Controller.UserController.UpdateCartItem (BAKERBAZZAR.API)'
2024-12-03 15:09:30.451 +05:30  INF  Request starting HTTP/1.1 PUT http://localhost:5145/user/updatecartitem?linerid=360&qty=1 - 0
2024-12-03 15:09:30.451 +05:30  INF  Route matched with {action = "UpdateCartItem", controller = "User"}. Executing controller action with signature System.Threading.Tasks.Task`1[Microsoft.AspNetCore.Mvc.ActionResult`1[BAKERBAZZAR.API.Models.ApiResponse]] UpdateCartItem(Int32, Int32) on controller BAKERBAZZAR.API.Controller.UserController (BAKERBAZZAR.API).
2024-12-03 15:09:30.451 +05:30  INF  Route matched with {action = "UpdateCartItem", controller = "User"}. Executing controller action with signature System.Threading.Tasks.Task`1[Microsoft.AspNetCore.Mvc.ActionResult`1[BAKERBAZZAR.API.Models.ApiResponse]] UpdateCartItem(Int32, Int32) on controller BAKERBAZZAR.API.Controller.UserController (BAKERBAZZAR.API).
2024-12-03 15:09:30.451 +05:30  INF  CORS policy execution successful.
2024-12-03 15:09:30.451 +05:30  INF  Executing endpoint 'BAKERBAZZAR.API.Controller.UserController.UpdateCartItem (BAKERBAZZAR.API)'
2024-12-03 15:09:30.451 +05:30  INF  Request starting HTTP/1.1 GET http://localhost:5145/User/CartDetails?displayid=9c80da83-6ccc-4dfb-8e33-09d723c0df33 - -
2024-12-03 15:09:30.451 +05:30  INF  Route matched with {action = "UpdateCartItem", controller = "User"}. Executing controller action with signature System.Threading.Tasks.Task`1[Microsoft.AspNetCore.Mvc.ActionResult`1[BAKERBAZZAR.API.Models.ApiResponse]] UpdateCartItem(Int32, Int32) on controller BAKERBAZZAR.API.Controller.UserController (BAKERBAZZAR.API).
2024-12-03 15:09:30.451 +05:30  INF  Request starting HTTP/1.1 PUT http://localhost:5145/user/updatecartitem?linerid=361&qty=1 - 0
2024-12-03 15:09:30.451 +05:30  INF  CORS policy execution successful.
2024-12-03 15:09:30.452 +05:30  INF  Executing endpoint 'BAKERBAZZAR.API.Controller.UserController.CartDetails (BAKERBAZZAR.API)'
2024-12-03 15:09:30.452 +05:30  INF  CORS policy execution successful.
2024-12-03 15:09:30.452 +05:30  INF  Route matched with {action = "CartDetails", controller = "User"}. Executing controller action with signature System.Threading.Tasks.Task`1[Microsoft.AspNetCore.Mvc.ActionResult`1[BAKERBAZZAR.API.Models.ApiResponse]] CartDetails(System.String) on controller BAKERBAZZAR.API.Controller.UserController (BAKERBAZZAR.API).
2024-12-03 15:09:30.452 +05:30  INF  Executing endpoint 'BAKERBAZZAR.API.Controller.UserController.UpdateCartItem (BAKERBAZZAR.API)'
2024-12-03 15:09:30.452 +05:30  INF  Route matched with {action = "UpdateCartItem", controller = "User"}. Executing controller action with signature System.Threading.Tasks.Task`1[Microsoft.AspNetCore.Mvc.ActionResult`1[BAKERBAZZAR.API.Models.ApiResponse]] UpdateCartItem(Int32, Int32) on controller BAKERBAZZAR.API.Controller.UserController (BAKERBAZZAR.API).
2024-12-03 15:09:30.453 +05:30  INF  Executing ObjectResult, writing value of type 'BAKERBAZZAR.API.Models.ApiResponse'.
2024-12-03 15:09:30.453 +05:30  INF  Executing ObjectResult, writing value of type 'BAKERBAZZAR.API.Models.ApiResponse'.
2024-12-03 15:09:30.454 +05:30  INF  Executed action BAKERBAZZAR.API.Controller.UserController.UpdateCartItem (BAKERBAZZAR.API) in 2.4855ms
2024-12-03 15:09:30.454 +05:30  INF  Executed action BAKERBAZZAR.API.Controller.UserController.UpdateCartItem (BAKERBAZZAR.API) in 2.3238ms
2024-12-03 15:09:30.454 +05:30  INF  Executed endpoint 'BAKERBAZZAR.API.Controller.UserController.UpdateCartItem (BAKERBAZZAR.API)'
2024-12-03 15:09:30.454 +05:30  INF  Executed endpoint 'BAKERBAZZAR.API.Controller.UserController.UpdateCartItem (BAKERBAZZAR.API)'
2024-12-03 15:09:30.454 +05:30  INF  Request finished HTTP/1.1 PUT http://localhost:5145/user/updatecartitem?linerid=360&qty=1 - 0 - 200 - application/json;+charset=utf-8 2.6878ms
2024-12-03 15:09:30.454 +05:30  INF  Request finished HTTP/1.1 PUT http://localhost:5145/user/updatecartitem?linerid=359&qty=1 - 0 - 200 - application/json;+charset=utf-8 2.9427ms
2024-12-03 15:09:30.454 +05:30  INF  Executing ObjectResult, writing value of type 'BAKERBAZZAR.API.Models.ApiResponse'.
2024-12-03 15:09:30.454 +05:30  INF  Executed action BAKERBAZZAR.API.Controller.UserController.UpdateCartItem (BAKERBAZZAR.API) in 3.12ms
2024-12-03 15:09:30.454 +05:30  INF  Executed endpoint 'BAKERBAZZAR.API.Controller.UserController.UpdateCartItem (BAKERBAZZAR.API)'
2024-12-03 15:09:30.454 +05:30  INF  Request finished HTTP/1.1 PUT http://localhost:5145/user/updatecartitem?linerid=357&qty=1 - 0 - 200 - application/json;+charset=utf-8 3.6139ms
2024-12-03 15:09:30.455 +05:30  INF  Executing ObjectResult, writing value of type 'BAKERBAZZAR.API.Models.ApiResponse'.
2024-12-03 15:09:30.455 +05:30  INF  Executed action BAKERBAZZAR.API.Controller.UserController.UpdateCartItem (BAKERBAZZAR.API) in 19.8523ms
2024-12-03 15:09:30.455 +05:30  INF  Executed endpoint 'BAKERBAZZAR.API.Controller.UserController.UpdateCartItem (BAKERBAZZAR.API)'
2024-12-03 15:09:30.455 +05:30  INF  Request finished HTTP/1.1 PUT http://localhost:5145/user/updatecartitem?linerid=358&qty=1 - 0 - 200 - application/json;+charset=utf-8 23.8411ms
2024-12-03 15:09:30.455 +05:30  INF  Executing ObjectResult, writing value of type 'BAKERBAZZAR.API.Models.ApiResponse'.
2024-12-03 15:09:30.455 +05:30  INF  Executed action BAKERBAZZAR.API.Controller.UserController.CartDetails (BAKERBAZZAR.API) in 3.5176ms
2024-12-03 15:09:30.455 +05:30  INF  Executed endpoint 'BAKERBAZZAR.API.Controller.UserController.CartDetails (BAKERBAZZAR.API)'
2024-12-03 15:09:30.455 +05:30  INF  Request finished HTTP/1.1 GET http://localhost:5145/User/CartDetails?displayid=9c80da83-6ccc-4dfb-8e33-09d723c0df33 - - - 200 - application/json;+charset=utf-8 3.8674ms
2024-12-03 15:09:30.458 +05:30  INF  Executing ObjectResult, writing value of type 'BAKERBAZZAR.API.Models.ApiResponse'.
2024-12-03 15:09:30.458 +05:30  INF  Executed action BAKERBAZZAR.API.Controller.UserController.UpdateCartItem (BAKERBAZZAR.API) in 6.7263ms
2024-12-03 15:09:30.458 +05:30  INF  Executed endpoint 'BAKERBAZZAR.API.Controller.UserController.UpdateCartItem (BAKERBAZZAR.API)'
2024-12-03 15:09:30.458 +05:30  INF  Request finished HTTP/1.1 PUT http://localhost:5145/user/updatecartitem?linerid=361&qty=1 - 0 - 200 - application/json;+charset=utf-8 7.2526ms
2024-12-03 15:09:33.703 +05:30  INF  Request starting HTTP/1.1 GET http://localhost:5145/user/myorders?displayid=a8701061-246f-4f0a-b7db-cf788913b18d - -
2024-12-03 15:09:33.703 +05:30  INF  CORS policy execution successful.
2024-12-03 15:09:33.704 +05:30  INF  Executing endpoint 'BAKERBAZZAR.API.Controller.UserController.MyOrders (BAKERBAZZAR.API)'
2024-12-03 15:09:33.704 +05:30  INF  Route matched with {action = "MyOrders", controller = "User"}. Executing controller action with signature System.Threading.Tasks.Task`1[Microsoft.AspNetCore.Mvc.ActionResult`1[BAKERBAZZAR.API.Models.ApiResponse]] MyOrders(System.String, System.String, System.String) on controller BAKERBAZZAR.API.Controller.UserController (BAKERBAZZAR.API).
2024-12-03 15:09:33.723 +05:30  INF  Executing ObjectResult, writing value of type 'BAKERBAZZAR.API.Models.ApiResponse'.
2024-12-03 15:09:33.723 +05:30  INF  Executed action BAKERBAZZAR.API.Controller.UserController.MyOrders (BAKERBAZZAR.API) in 19.0174ms
2024-12-03 15:09:33.723 +05:30  INF  Executed endpoint 'BAKERBAZZAR.API.Controller.UserController.MyOrders (BAKERBAZZAR.API)'
2024-12-03 15:09:33.723 +05:30  INF  Request finished HTTP/1.1 GET http://localhost:5145/user/myorders?displayid=a8701061-246f-4f0a-b7db-cf788913b18d - - - 200 - application/json;+charset=utf-8 20.0126ms
2024-12-03 15:09:33.724 +05:30  INF  Request starting HTTP/1.1 GET http://localhost:5145/user/myorders?displayid=a8701061-246f-4f0a-b7db-cf788913b18d - -
2024-12-03 15:09:33.724 +05:30  INF  CORS policy execution successful.
2024-12-03 15:09:33.724 +05:30  INF  Executing endpoint 'BAKERBAZZAR.API.Controller.UserController.MyOrders (BAKERBAZZAR.API)'
2024-12-03 15:09:33.725 +05:30  INF  Route matched with {action = "MyOrders", controller = "User"}. Executing controller action with signature System.Threading.Tasks.Task`1[Microsoft.AspNetCore.Mvc.ActionResult`1[BAKERBAZZAR.API.Models.ApiResponse]] MyOrders(System.String, System.String, System.String) on controller BAKERBAZZAR.API.Controller.UserController (BAKERBAZZAR.API).
2024-12-03 15:09:33.727 +05:30  INF  Executing ObjectResult, writing value of type 'BAKERBAZZAR.API.Models.ApiResponse'.
2024-12-03 15:09:33.727 +05:30  INF  Executed action BAKERBAZZAR.API.Controller.UserController.MyOrders (BAKERBAZZAR.API) in 2.8949ms
2024-12-03 15:09:33.727 +05:30  INF  Executed endpoint 'BAKERBAZZAR.API.Controller.UserController.MyOrders (BAKERBAZZAR.API)'
2024-12-03 15:09:33.728 +05:30  INF  Request finished HTTP/1.1 GET http://localhost:5145/user/myorders?displayid=a8701061-246f-4f0a-b7db-cf788913b18d - - - 200 - application/json;+charset=utf-8 3.2966ms
2024-12-03 15:09:37.709 +05:30  INF  Request starting HTTP/1.1 OPTIONS http://localhost:5145/User/AddToCart - -
2024-12-03 15:09:37.710 +05:30  INF  CORS policy execution successful.
2024-12-03 15:09:37.710 +05:30  INF  Request finished HTTP/1.1 OPTIONS http://localhost:5145/User/AddToCart - - - 204 - - 0.3048ms
2024-12-03 15:09:37.710 +05:30  INF  Request starting HTTP/1.1 POST http://localhost:5145/User/AddToCart application/json 140
2024-12-03 15:09:37.711 +05:30  INF  CORS policy execution successful.
2024-12-03 15:09:37.711 +05:30  INF  Executing endpoint 'BAKERBAZZAR.API.Controller.UserController.AddToCart (BAKERBAZZAR.API)'
2024-12-03 15:09:37.711 +05:30  INF  Route matched with {action = "AddToCart", controller = "User"}. Executing controller action with signature System.Threading.Tasks.Task`1[Microsoft.AspNetCore.Mvc.ActionResult`1[BAKERBAZZAR.API.Models.ApiResponse]] AddToCart(BAKERBAZZAR.API.Models.IO_Templates.AddToCartRequest) on controller BAKERBAZZAR.API.Controller.UserController (BAKERBAZZAR.API).
2024-12-03 15:09:37.721 +05:30  INF  Executing ObjectResult, writing value of type 'BAKERBAZZAR.API.Models.ApiResponse'.
2024-12-03 15:09:37.721 +05:30  INF  Executed action BAKERBAZZAR.API.Controller.UserController.AddToCart (BAKERBAZZAR.API) in 10.4473ms
2024-12-03 15:09:37.721 +05:30  INF  Executed endpoint 'BAKERBAZZAR.API.Controller.UserController.AddToCart (BAKERBAZZAR.API)'
2024-12-03 15:09:37.721 +05:30  INF  Request finished HTTP/1.1 POST http://localhost:5145/User/AddToCart application/json 140 - 200 - application/json;+charset=utf-8 10.8038ms
2024-12-03 15:09:38.438 +05:30  INF  Request starting HTTP/1.1 POST http://localhost:5145/User/AddToCart application/json 140
2024-12-03 15:09:38.438 +05:30  INF  CORS policy execution successful.
2024-12-03 15:09:38.438 +05:30  INF  Executing endpoint 'BAKERBAZZAR.API.Controller.UserController.AddToCart (BAKERBAZZAR.API)'
2024-12-03 15:09:38.438 +05:30  INF  Route matched with {action = "AddToCart", controller = "User"}. Executing controller action with signature System.Threading.Tasks.Task`1[Microsoft.AspNetCore.Mvc.ActionResult`1[BAKERBAZZAR.API.Models.ApiResponse]] AddToCart(BAKERBAZZAR.API.Models.IO_Templates.AddToCartRequest) on controller BAKERBAZZAR.API.Controller.UserController (BAKERBAZZAR.API).
2024-12-03 15:09:38.448 +05:30  INF  Executing ObjectResult, writing value of type 'BAKERBAZZAR.API.Models.ApiResponse'.
2024-12-03 15:09:38.449 +05:30  INF  Executed action BAKERBAZZAR.API.Controller.UserController.AddToCart (BAKERBAZZAR.API) in 10.7536ms
2024-12-03 15:09:38.449 +05:30  INF  Executed endpoint 'BAKERBAZZAR.API.Controller.UserController.AddToCart (BAKERBAZZAR.API)'
2024-12-03 15:09:38.449 +05:30  INF  Request finished HTTP/1.1 POST http://localhost:5145/User/AddToCart application/json 140 - 200 - application/json;+charset=utf-8 11.1781ms
2024-12-03 15:09:38.836 +05:30  INF  Request starting HTTP/1.1 POST http://localhost:5145/User/AddToCart application/json 140
2024-12-03 15:09:38.836 +05:30  INF  CORS policy execution successful.
2024-12-03 15:09:38.836 +05:30  INF  Executing endpoint 'BAKERBAZZAR.API.Controller.UserController.AddToCart (BAKERBAZZAR.API)'
2024-12-03 15:09:38.836 +05:30  INF  Route matched with {action = "AddToCart", controller = "User"}. Executing controller action with signature System.Threading.Tasks.Task`1[Microsoft.AspNetCore.Mvc.ActionResult`1[BAKERBAZZAR.API.Models.ApiResponse]] AddToCart(BAKERBAZZAR.API.Models.IO_Templates.AddToCartRequest) on controller BAKERBAZZAR.API.Controller.UserController (BAKERBAZZAR.API).
2024-12-03 15:09:38.838 +05:30  INF  Executing ObjectResult, writing value of type 'BAKERBAZZAR.API.Models.ApiResponse'.
2024-12-03 15:09:38.838 +05:30  INF  Executed action BAKERBAZZAR.API.Controller.UserController.AddToCart (BAKERBAZZAR.API) in 1.7368ms
2024-12-03 15:09:38.838 +05:30  INF  Executed endpoint 'BAKERBAZZAR.API.Controller.UserController.AddToCart (BAKERBAZZAR.API)'
2024-12-03 15:09:38.838 +05:30  INF  Request finished HTTP/1.1 POST http://localhost:5145/User/AddToCart application/json 140 - 200 - application/json;+charset=utf-8 2.1293ms
2024-12-03 15:09:39.051 +05:30  INF  Request starting HTTP/1.1 POST http://localhost:5145/User/AddToCart application/json 140
2024-12-03 15:09:39.051 +05:30  INF  CORS policy execution successful.
2024-12-03 15:09:39.051 +05:30  INF  Executing endpoint 'BAKERBAZZAR.API.Controller.UserController.AddToCart (BAKERBAZZAR.API)'
2024-12-03 15:09:39.051 +05:30  INF  Route matched with {action = "AddToCart", controller = "User"}. Executing controller action with signature System.Threading.Tasks.Task`1[Microsoft.AspNetCore.Mvc.ActionResult`1[BAKERBAZZAR.API.Models.ApiResponse]] AddToCart(BAKERBAZZAR.API.Models.IO_Templates.AddToCartRequest) on controller BAKERBAZZAR.API.Controller.UserController (BAKERBAZZAR.API).
2024-12-03 15:09:39.082 +05:30  INF  Executing ObjectResult, writing value of type 'BAKERBAZZAR.API.Models.ApiResponse'.
2024-12-03 15:09:39.082 +05:30  INF  Executed action BAKERBAZZAR.API.Controller.UserController.AddToCart (BAKERBAZZAR.API) in 30.9248ms
2024-12-03 15:09:39.082 +05:30  INF  Executed endpoint 'BAKERBAZZAR.API.Controller.UserController.AddToCart (BAKERBAZZAR.API)'
2024-12-03 15:09:39.083 +05:30  INF  Request finished HTTP/1.1 POST http://localhost:5145/User/AddToCart application/json 140 - 200 - application/json;+charset=utf-8 31.5431ms
2024-12-03 15:09:40.106 +05:30  INF  Request starting HTTP/1.1 GET http://localhost:5145/User/CartDetails?displayid=9c80da83-6ccc-4dfb-8e33-09d723c0df33 - -
2024-12-03 15:09:40.106 +05:30  INF  CORS policy execution successful.
2024-12-03 15:09:40.106 +05:30  INF  Executing endpoint 'BAKERBAZZAR.API.Controller.UserController.CartDetails (BAKERBAZZAR.API)'
2024-12-03 15:09:40.106 +05:30  INF  Route matched with {action = "CartDetails", controller = "User"}. Executing controller action with signature System.Threading.Tasks.Task`1[Microsoft.AspNetCore.Mvc.ActionResult`1[BAKERBAZZAR.API.Models.ApiResponse]] CartDetails(System.String) on controller BAKERBAZZAR.API.Controller.UserController (BAKERBAZZAR.API).
2024-12-03 15:09:40.125 +05:30  INF  Executing ObjectResult, writing value of type 'BAKERBAZZAR.API.Models.ApiResponse'.
2024-12-03 15:09:40.125 +05:30  INF  Executed action BAKERBAZZAR.API.Controller.UserController.CartDetails (BAKERBAZZAR.API) in 18.6169ms
2024-12-03 15:09:40.125 +05:30  INF  Executed endpoint 'BAKERBAZZAR.API.Controller.UserController.CartDetails (BAKERBAZZAR.API)'
2024-12-03 15:09:40.125 +05:30  INF  Request finished HTTP/1.1 GET http://localhost:5145/User/CartDetails?displayid=9c80da83-6ccc-4dfb-8e33-09d723c0df33 - - - 200 - application/json;+charset=utf-8 19.5050ms
2024-12-03 15:09:40.127 +05:30  INF  Request starting HTTP/1.1 GET http://localhost:5145/User/CartDetails?displayid=9c80da83-6ccc-4dfb-8e33-09d723c0df33 - -
2024-12-03 15:09:40.127 +05:30  INF  CORS policy execution successful.
2024-12-03 15:09:40.127 +05:30  INF  Executing endpoint 'BAKERBAZZAR.API.Controller.UserController.CartDetails (BAKERBAZZAR.API)'
2024-12-03 15:09:40.127 +05:30  INF  Route matched with {action = "CartDetails", controller = "User"}. Executing controller action with signature System.Threading.Tasks.Task`1[Microsoft.AspNetCore.Mvc.ActionResult`1[BAKERBAZZAR.API.Models.ApiResponse]] CartDetails(System.String) on controller BAKERBAZZAR.API.Controller.UserController (BAKERBAZZAR.API).
2024-12-03 15:09:40.130 +05:30  INF  Executing ObjectResult, writing value of type 'BAKERBAZZAR.API.Models.ApiResponse'.
2024-12-03 15:09:40.130 +05:30  INF  Executed action BAKERBAZZAR.API.Controller.UserController.CartDetails (BAKERBAZZAR.API) in 2.9ms
2024-12-03 15:09:40.130 +05:30  INF  Executed endpoint 'BAKERBAZZAR.API.Controller.UserController.CartDetails (BAKERBAZZAR.API)'
2024-12-03 15:09:40.130 +05:30  INF  Request finished HTTP/1.1 GET http://localhost:5145/User/CartDetails?displayid=9c80da83-6ccc-4dfb-8e33-09d723c0df33 - - - 200 - application/json;+charset=utf-8 3.3025ms
2024-12-03 15:09:40.137 +05:30  INF  Request starting HTTP/1.1 OPTIONS http://localhost:5145/user/updatecartitem?linerid=362&qty=1 - -
2024-12-03 15:09:40.137 +05:30  INF  CORS policy execution successful.
2024-12-03 15:09:40.137 +05:30  INF  Request finished HTTP/1.1 OPTIONS http://localhost:5145/user/updatecartitem?linerid=362&qty=1 - - - 204 - - 0.2350ms
2024-12-03 15:09:40.138 +05:30  INF  Request starting HTTP/1.1 OPTIONS http://localhost:5145/user/updatecartitem?linerid=363&qty=1 - -
2024-12-03 15:09:40.138 +05:30  INF  CORS policy execution successful.
2024-12-03 15:09:40.138 +05:30  INF  Request finished HTTP/1.1 OPTIONS http://localhost:5145/user/updatecartitem?linerid=363&qty=1 - - - 204 - - 0.1213ms
2024-12-03 15:09:40.141 +05:30  INF  Request starting HTTP/1.1 OPTIONS http://localhost:5145/user/updatecartitem?linerid=357&qty=1 - -
2024-12-03 15:09:40.141 +05:30  INF  CORS policy execution successful.
2024-12-03 15:09:40.141 +05:30  INF  Request finished HTTP/1.1 OPTIONS http://localhost:5145/user/updatecartitem?linerid=357&qty=1 - - - 204 - - 0.2358ms
2024-12-03 15:09:40.142 +05:30  INF  Request starting HTTP/1.1 OPTIONS http://localhost:5145/user/updatecartitem?linerid=358&qty=1 - -
2024-12-03 15:09:40.142 +05:30  INF  CORS policy execution successful.
2024-12-03 15:09:40.142 +05:30  INF  Request finished HTTP/1.1 OPTIONS http://localhost:5145/user/updatecartitem?linerid=358&qty=1 - - - 204 - - 0.2049ms
2024-12-03 15:09:40.143 +05:30  INF  Request starting HTTP/1.1 OPTIONS http://localhost:5145/user/updatecartitem?linerid=365&qty=1 - -
2024-12-03 15:09:40.143 +05:30  INF  CORS policy execution successful.
2024-12-03 15:09:40.143 +05:30  INF  Request finished HTTP/1.1 OPTIONS http://localhost:5145/user/updatecartitem?linerid=365&qty=1 - - - 204 - - 0.1254ms
2024-12-03 15:09:40.143 +05:30  INF  Request starting HTTP/1.1 PUT http://localhost:5145/user/updatecartitem?linerid=362&qty=1 - 0
2024-12-03 15:09:40.144 +05:30  INF  CORS policy execution successful.
2024-12-03 15:09:40.144 +05:30  INF  Executing endpoint 'BAKERBAZZAR.API.Controller.UserController.UpdateCartItem (BAKERBAZZAR.API)'
2024-12-03 15:09:40.144 +05:30  INF  Request starting HTTP/1.1 OPTIONS http://localhost:5145/user/updatecartitem?linerid=359&qty=1 - -
2024-12-03 15:09:40.144 +05:30  INF  Route matched with {action = "UpdateCartItem", controller = "User"}. Executing controller action with signature System.Threading.Tasks.Task`1[Microsoft.AspNetCore.Mvc.ActionResult`1[BAKERBAZZAR.API.Models.ApiResponse]] UpdateCartItem(Int32, Int32) on controller BAKERBAZZAR.API.Controller.UserController (BAKERBAZZAR.API).
2024-12-03 15:09:40.144 +05:30  INF  CORS policy execution successful.
2024-12-03 15:09:40.144 +05:30  INF  Request finished HTTP/1.1 OPTIONS http://localhost:5145/user/updatecartitem?linerid=359&qty=1 - - - 204 - - 0.0905ms
2024-12-03 15:09:40.144 +05:30  INF  Request starting HTTP/1.1 OPTIONS http://localhost:5145/user/updatecartitem?linerid=360&qty=1 - -
2024-12-03 15:09:40.144 +05:30  INF  CORS policy execution successful.
2024-12-03 15:09:40.144 +05:30  INF  Request finished HTTP/1.1 OPTIONS http://localhost:5145/user/updatecartitem?linerid=360&qty=1 - - - 204 - - 0.0858ms
2024-12-03 15:09:40.144 +05:30  INF  Request starting HTTP/1.1 PUT http://localhost:5145/user/updatecartitem?linerid=363&qty=1 - 0
2024-12-03 15:09:40.144 +05:30  INF  CORS policy execution successful.
2024-12-03 15:09:40.144 +05:30  INF  Request starting HTTP/1.1 OPTIONS http://localhost:5145/user/updatecartitem?linerid=361&qty=1 - -
2024-12-03 15:09:40.144 +05:30  INF  Executing endpoint 'BAKERBAZZAR.API.Controller.UserController.UpdateCartItem (BAKERBAZZAR.API)'
2024-12-03 15:09:40.144 +05:30  INF  CORS policy execution successful.
2024-12-03 15:09:40.144 +05:30  INF  Request finished HTTP/1.1 OPTIONS http://localhost:5145/user/updatecartitem?linerid=361&qty=1 - - - 204 - - 0.1061ms
2024-12-03 15:09:40.144 +05:30  INF  Route matched with {action = "UpdateCartItem", controller = "User"}. Executing controller action with signature System.Threading.Tasks.Task`1[Microsoft.AspNetCore.Mvc.ActionResult`1[BAKERBAZZAR.API.Models.ApiResponse]] UpdateCartItem(Int32, Int32) on controller BAKERBAZZAR.API.Controller.UserController (BAKERBAZZAR.API).
2024-12-03 15:09:40.145 +05:30  INF  Request starting HTTP/1.1 OPTIONS http://localhost:5145/user/updatecartitem?linerid=364&qty=1 - -
2024-12-03 15:09:40.145 +05:30  INF  CORS policy execution successful.
2024-12-03 15:09:40.145 +05:30  INF  Request finished HTTP/1.1 OPTIONS http://localhost:5145/user/updatecartitem?linerid=364&qty=1 - - - 204 - - 0.1185ms
2024-12-03 15:09:40.146 +05:30  INF  Request starting HTTP/1.1 PUT http://localhost:5145/user/updatecartitem?linerid=362&qty=1 - 0
2024-12-03 15:09:40.146 +05:30  INF  Request starting HTTP/1.1 PUT http://localhost:5145/user/updatecartitem?linerid=363&qty=1 - 0
2024-12-03 15:09:40.146 +05:30  INF  CORS policy execution successful.
2024-12-03 15:09:40.147 +05:30  INF  CORS policy execution successful.
2024-12-03 15:09:40.147 +05:30  INF  Executing endpoint 'BAKERBAZZAR.API.Controller.UserController.UpdateCartItem (BAKERBAZZAR.API)'
2024-12-03 15:09:40.147 +05:30  INF  Executing endpoint 'BAKERBAZZAR.API.Controller.UserController.UpdateCartItem (BAKERBAZZAR.API)'
2024-12-03 15:09:40.147 +05:30  INF  Route matched with {action = "UpdateCartItem", controller = "User"}. Executing controller action with signature System.Threading.Tasks.Task`1[Microsoft.AspNetCore.Mvc.ActionResult`1[BAKERBAZZAR.API.Models.ApiResponse]] UpdateCartItem(Int32, Int32) on controller BAKERBAZZAR.API.Controller.UserController (BAKERBAZZAR.API).
2024-12-03 15:09:40.147 +05:30  INF  Route matched with {action = "UpdateCartItem", controller = "User"}. Executing controller action with signature System.Threading.Tasks.Task`1[Microsoft.AspNetCore.Mvc.ActionResult`1[BAKERBAZZAR.API.Models.ApiResponse]] UpdateCartItem(Int32, Int32) on controller BAKERBAZZAR.API.Controller.UserController (BAKERBAZZAR.API).
2024-12-03 15:09:40.147 +05:30  INF  Request starting HTTP/1.1 OPTIONS http://localhost:5145/user/updatecartitem?linerid=365&qty=1 - -
2024-12-03 15:09:40.147 +05:30  INF  CORS policy execution successful.
2024-12-03 15:09:40.147 +05:30  INF  Request finished HTTP/1.1 OPTIONS http://localhost:5145/user/updatecartitem?linerid=365&qty=1 - - - 204 - - 0.1138ms
2024-12-03 15:09:40.147 +05:30  INF  Request starting HTTP/1.1 OPTIONS http://localhost:5145/user/updatecartitem?linerid=357&qty=1 - -
2024-12-03 15:09:40.147 +05:30  INF  CORS policy execution successful.
2024-12-03 15:09:40.147 +05:30  INF  Request finished HTTP/1.1 OPTIONS http://localhost:5145/user/updatecartitem?linerid=357&qty=1 - - - 204 - - 0.1360ms
2024-12-03 15:09:40.148 +05:30  INF  Request starting HTTP/1.1 OPTIONS http://localhost:5145/user/updatecartitem?linerid=358&qty=1 - -
2024-12-03 15:09:40.148 +05:30  INF  Request starting HTTP/1.1 OPTIONS http://localhost:5145/user/updatecartitem?linerid=359&qty=1 - -
2024-12-03 15:09:40.148 +05:30  INF  CORS policy execution successful.
2024-12-03 15:09:40.148 +05:30  INF  CORS policy execution successful.
2024-12-03 15:09:40.149 +05:30  INF  Request finished HTTP/1.1 OPTIONS http://localhost:5145/user/updatecartitem?linerid=359&qty=1 - - - 204 - - 0.1350ms
2024-12-03 15:09:40.149 +05:30  INF  Request finished HTTP/1.1 OPTIONS http://localhost:5145/user/updatecartitem?linerid=358&qty=1 - - - 204 - - 0.3039ms
2024-12-03 15:09:40.150 +05:30  INF  Request starting HTTP/1.1 OPTIONS http://localhost:5145/user/updatecartitem?linerid=360&qty=1 - -
2024-12-03 15:09:40.150 +05:30  INF  CORS policy execution successful.
2024-12-03 15:09:40.150 +05:30  INF  Request finished HTTP/1.1 OPTIONS http://localhost:5145/user/updatecartitem?linerid=360&qty=1 - - - 204 - - 0.3244ms
2024-12-03 15:09:40.151 +05:30  INF  Request starting HTTP/1.1 OPTIONS http://localhost:5145/user/updatecartitem?linerid=361&qty=1 - -
2024-12-03 15:09:40.151 +05:30  INF  CORS policy execution successful.
2024-12-03 15:09:40.151 +05:30  INF  Request finished HTTP/1.1 OPTIONS http://localhost:5145/user/updatecartitem?linerid=361&qty=1 - - - 204 - - 0.2572ms
2024-12-03 15:09:40.152 +05:30  INF  Request starting HTTP/1.1 OPTIONS http://localhost:5145/user/updatecartitem?linerid=364&qty=1 - -
2024-12-03 15:09:40.152 +05:30  INF  CORS policy execution successful.
2024-12-03 15:09:40.152 +05:30  INF  Request finished HTTP/1.1 OPTIONS http://localhost:5145/user/updatecartitem?linerid=364&qty=1 - - - 204 - - 0.3592ms
2024-12-03 15:09:40.153 +05:30  INF  Request starting HTTP/1.1 PUT http://localhost:5145/user/updatecartitem?linerid=357&qty=1 - 0
2024-12-03 15:09:40.153 +05:30  INF  CORS policy execution successful.
2024-12-03 15:09:40.153 +05:30  INF  Executing endpoint 'BAKERBAZZAR.API.Controller.UserController.UpdateCartItem (BAKERBAZZAR.API)'
2024-12-03 15:09:40.153 +05:30  INF  Request starting HTTP/1.1 PUT http://localhost:5145/user/updatecartitem?linerid=358&qty=1 - 0
2024-12-03 15:09:40.154 +05:30  INF  CORS policy execution successful.
2024-12-03 15:09:40.154 +05:30  INF  Route matched with {action = "UpdateCartItem", controller = "User"}. Executing controller action with signature System.Threading.Tasks.Task`1[Microsoft.AspNetCore.Mvc.ActionResult`1[BAKERBAZZAR.API.Models.ApiResponse]] UpdateCartItem(Int32, Int32) on controller BAKERBAZZAR.API.Controller.UserController (BAKERBAZZAR.API).
2024-12-03 15:09:40.154 +05:30  INF  Executing endpoint 'BAKERBAZZAR.API.Controller.UserController.UpdateCartItem (BAKERBAZZAR.API)'
2024-12-03 15:09:40.154 +05:30  INF  Route matched with {action = "UpdateCartItem", controller = "User"}. Executing controller action with signature System.Threading.Tasks.Task`1[Microsoft.AspNetCore.Mvc.ActionResult`1[BAKERBAZZAR.API.Models.ApiResponse]] UpdateCartItem(Int32, Int32) on controller BAKERBAZZAR.API.Controller.UserController (BAKERBAZZAR.API).
2024-12-03 15:09:40.159 +05:30  INF  Executing ObjectResult, writing value of type 'BAKERBAZZAR.API.Models.ApiResponse'.
2024-12-03 15:09:40.159 +05:30  INF  Executing ObjectResult, writing value of type 'BAKERBAZZAR.API.Models.ApiResponse'.
2024-12-03 15:09:40.159 +05:30  INF  Executed action BAKERBAZZAR.API.Controller.UserController.UpdateCartItem (BAKERBAZZAR.API) in 15.0426ms
2024-12-03 15:09:40.159 +05:30  INF  Executed action BAKERBAZZAR.API.Controller.UserController.UpdateCartItem (BAKERBAZZAR.API) in 14.3646ms
2024-12-03 15:09:40.159 +05:30  INF  Executed endpoint 'BAKERBAZZAR.API.Controller.UserController.UpdateCartItem (BAKERBAZZAR.API)'
2024-12-03 15:09:40.159 +05:30  INF  Executed endpoint 'BAKERBAZZAR.API.Controller.UserController.UpdateCartItem (BAKERBAZZAR.API)'
2024-12-03 15:09:40.159 +05:30  INF  Executing ObjectResult, writing value of type 'BAKERBAZZAR.API.Models.ApiResponse'.
2024-12-03 15:09:40.159 +05:30  INF  Request finished HTTP/1.1 PUT http://localhost:5145/user/updatecartitem?linerid=362&qty=1 - 0 - 200 - application/json;+charset=utf-8 15.4190ms
2024-12-03 15:09:40.159 +05:30  INF  Executing ObjectResult, writing value of type 'BAKERBAZZAR.API.Models.ApiResponse'.
2024-12-03 15:09:40.159 +05:30  INF  Request finished HTTP/1.1 PUT http://localhost:5145/user/updatecartitem?linerid=363&qty=1 - 0 - 200 - application/json;+charset=utf-8 14.8094ms
2024-12-03 15:09:40.159 +05:30  INF  Executed action BAKERBAZZAR.API.Controller.UserController.UpdateCartItem (BAKERBAZZAR.API) in 12.3241ms
2024-12-03 15:09:40.159 +05:30  INF  Executed action BAKERBAZZAR.API.Controller.UserController.UpdateCartItem (BAKERBAZZAR.API) in 5.2531ms
2024-12-03 15:09:40.159 +05:30  INF  Executed endpoint 'BAKERBAZZAR.API.Controller.UserController.UpdateCartItem (BAKERBAZZAR.API)'
2024-12-03 15:09:40.159 +05:30  INF  Executed endpoint 'BAKERBAZZAR.API.Controller.UserController.UpdateCartItem (BAKERBAZZAR.API)'
2024-12-03 15:09:40.159 +05:30  INF  Request finished HTTP/1.1 PUT http://localhost:5145/user/updatecartitem?linerid=357&qty=1 - 0 - 200 - application/json;+charset=utf-8 6.1799ms
2024-12-03 15:09:40.159 +05:30  INF  Request finished HTTP/1.1 PUT http://localhost:5145/user/updatecartitem?linerid=363&qty=1 - 0 - 200 - application/json;+charset=utf-8 12.5859ms
2024-12-03 15:09:40.159 +05:30  INF  Executing ObjectResult, writing value of type 'BAKERBAZZAR.API.Models.ApiResponse'.
2024-12-03 15:09:40.159 +05:30  INF  Executed action BAKERBAZZAR.API.Controller.UserController.UpdateCartItem (BAKERBAZZAR.API) in 12.542ms
2024-12-03 15:09:40.159 +05:30  INF  Executed endpoint 'BAKERBAZZAR.API.Controller.UserController.UpdateCartItem (BAKERBAZZAR.API)'
2024-12-03 15:09:40.159 +05:30  INF  Request finished HTTP/1.1 PUT http://localhost:5145/user/updatecartitem?linerid=362&qty=1 - 0 - 200 - application/json;+charset=utf-8 12.8457ms
2024-12-03 15:09:40.159 +05:30  INF  Executing ObjectResult, writing value of type 'BAKERBAZZAR.API.Models.ApiResponse'.
2024-12-03 15:09:40.159 +05:30  INF  Executed action BAKERBAZZAR.API.Controller.UserController.UpdateCartItem (BAKERBAZZAR.API) in 4.7607ms
2024-12-03 15:09:40.159 +05:30  INF  Executed endpoint 'BAKERBAZZAR.API.Controller.UserController.UpdateCartItem (BAKERBAZZAR.API)'
2024-12-03 15:09:40.159 +05:30  INF  Request finished HTTP/1.1 PUT http://localhost:5145/user/updatecartitem?linerid=358&qty=1 - 0 - 200 - application/json;+charset=utf-8 6.0859ms
2024-12-03 15:09:40.161 +05:30  INF  Request starting HTTP/1.1 PUT http://localhost:5145/user/updatecartitem?linerid=365&qty=1 - 0
2024-12-03 15:09:40.161 +05:30  INF  Request starting HTTP/1.1 PUT http://localhost:5145/user/updatecartitem?linerid=364&qty=1 - 0
2024-12-03 15:09:40.161 +05:30  INF  Request starting HTTP/1.1 PUT http://localhost:5145/user/updatecartitem?linerid=360&qty=1 - 0
2024-12-03 15:09:40.161 +05:30  INF  CORS policy execution successful.
2024-12-03 15:09:40.161 +05:30  INF  Request starting HTTP/1.1 PUT http://localhost:5145/user/updatecartitem?linerid=359&qty=1 - 0
2024-12-03 15:09:40.161 +05:30  INF  CORS policy execution successful.
2024-12-03 15:09:40.161 +05:30  INF  CORS policy execution successful.
2024-12-03 15:09:40.161 +05:30  INF  Request starting HTTP/1.1 PUT http://localhost:5145/user/updatecartitem?linerid=361&qty=1 - 0
2024-12-03 15:09:40.161 +05:30  INF  Executing endpoint 'BAKERBAZZAR.API.Controller.UserController.UpdateCartItem (BAKERBAZZAR.API)'
2024-12-03 15:09:40.161 +05:30  INF  Executing endpoint 'BAKERBAZZAR.API.Controller.UserController.UpdateCartItem (BAKERBAZZAR.API)'
2024-12-03 15:09:40.161 +05:30  INF  CORS policy execution successful.
2024-12-03 15:09:40.162 +05:30  INF  Route matched with {action = "UpdateCartItem", controller = "User"}. Executing controller action with signature System.Threading.Tasks.Task`1[Microsoft.AspNetCore.Mvc.ActionResult`1[BAKERBAZZAR.API.Models.ApiResponse]] UpdateCartItem(Int32, Int32) on controller BAKERBAZZAR.API.Controller.UserController (BAKERBAZZAR.API).
2024-12-03 15:09:40.162 +05:30  INF  Route matched with {action = "UpdateCartItem", controller = "User"}. Executing controller action with signature System.Threading.Tasks.Task`1[Microsoft.AspNetCore.Mvc.ActionResult`1[BAKERBAZZAR.API.Models.ApiResponse]] UpdateCartItem(Int32, Int32) on controller BAKERBAZZAR.API.Controller.UserController (BAKERBAZZAR.API).
2024-12-03 15:09:40.161 +05:30  INF  Executing endpoint 'BAKERBAZZAR.API.Controller.UserController.UpdateCartItem (BAKERBAZZAR.API)'
2024-12-03 15:09:40.162 +05:30  INF  CORS policy execution successful.
2024-12-03 15:09:40.162 +05:30  INF  Executing endpoint 'BAKERBAZZAR.API.Controller.UserController.UpdateCartItem (BAKERBAZZAR.API)'
2024-12-03 15:09:40.162 +05:30  INF  Request starting HTTP/1.1 PUT http://localhost:5145/user/updatecartitem?linerid=365&qty=1 - 0
2024-12-03 15:09:40.163 +05:30  INF  Route matched with {action = "UpdateCartItem", controller = "User"}. Executing controller action with signature System.Threading.Tasks.Task`1[Microsoft.AspNetCore.Mvc.ActionResult`1[BAKERBAZZAR.API.Models.ApiResponse]] UpdateCartItem(Int32, Int32) on controller BAKERBAZZAR.API.Controller.UserController (BAKERBAZZAR.API).
2024-12-03 15:09:40.163 +05:30  INF  Executing endpoint 'BAKERBAZZAR.API.Controller.UserController.UpdateCartItem (BAKERBAZZAR.API)'
2024-12-03 15:09:40.163 +05:30  INF  Route matched with {action = "UpdateCartItem", controller = "User"}. Executing controller action with signature System.Threading.Tasks.Task`1[Microsoft.AspNetCore.Mvc.ActionResult`1[BAKERBAZZAR.API.Models.ApiResponse]] UpdateCartItem(Int32, Int32) on controller BAKERBAZZAR.API.Controller.UserController (BAKERBAZZAR.API).
2024-12-03 15:09:40.163 +05:30  INF  Route matched with {action = "UpdateCartItem", controller = "User"}. Executing controller action with signature System.Threading.Tasks.Task`1[Microsoft.AspNetCore.Mvc.ActionResult`1[BAKERBAZZAR.API.Models.ApiResponse]] UpdateCartItem(Int32, Int32) on controller BAKERBAZZAR.API.Controller.UserController (BAKERBAZZAR.API).
2024-12-03 15:09:40.163 +05:30  INF  CORS policy execution successful.
2024-12-03 15:09:40.164 +05:30  INF  Executing endpoint 'BAKERBAZZAR.API.Controller.UserController.UpdateCartItem (BAKERBAZZAR.API)'
2024-12-03 15:09:40.164 +05:30  INF  Route matched with {action = "UpdateCartItem", controller = "User"}. Executing controller action with signature System.Threading.Tasks.Task`1[Microsoft.AspNetCore.Mvc.ActionResult`1[BAKERBAZZAR.API.Models.ApiResponse]] UpdateCartItem(Int32, Int32) on controller BAKERBAZZAR.API.Controller.UserController (BAKERBAZZAR.API).
2024-12-03 15:09:40.165 +05:30  INF  Executing ObjectResult, writing value of type 'BAKERBAZZAR.API.Models.ApiResponse'.
2024-12-03 15:09:40.165 +05:30  INF  Executed action BAKERBAZZAR.API.Controller.UserController.UpdateCartItem (BAKERBAZZAR.API) in 3.8792ms
2024-12-03 15:09:40.165 +05:30  INF  Executed endpoint 'BAKERBAZZAR.API.Controller.UserController.UpdateCartItem (BAKERBAZZAR.API)'
2024-12-03 15:09:40.166 +05:30  INF  Request finished HTTP/1.1 PUT http://localhost:5145/user/updatecartitem?linerid=365&qty=1 - 0 - 200 - application/json;+charset=utf-8 4.5027ms
2024-12-03 15:09:40.166 +05:30  INF  Executing ObjectResult, writing value of type 'BAKERBAZZAR.API.Models.ApiResponse'.
2024-12-03 15:09:40.166 +05:30  INF  Executed action BAKERBAZZAR.API.Controller.UserController.UpdateCartItem (BAKERBAZZAR.API) in 4.1435ms
2024-12-03 15:09:40.166 +05:30  INF  Executed endpoint 'BAKERBAZZAR.API.Controller.UserController.UpdateCartItem (BAKERBAZZAR.API)'
2024-12-03 15:09:40.166 +05:30  INF  Executing ObjectResult, writing value of type 'BAKERBAZZAR.API.Models.ApiResponse'.
2024-12-03 15:09:40.166 +05:30  INF  Request finished HTTP/1.1 PUT http://localhost:5145/user/updatecartitem?linerid=359&qty=1 - 0 - 200 - application/json;+charset=utf-8 4.6548ms
2024-12-03 15:09:40.166 +05:30  INF  Executed action BAKERBAZZAR.API.Controller.UserController.UpdateCartItem (BAKERBAZZAR.API) in 3.19ms
2024-12-03 15:09:40.166 +05:30  INF  Executed endpoint 'BAKERBAZZAR.API.Controller.UserController.UpdateCartItem (BAKERBAZZAR.API)'
2024-12-03 15:09:40.166 +05:30  INF  Request finished HTTP/1.1 PUT http://localhost:5145/user/updatecartitem?linerid=361&qty=1 - 0 - 200 - application/json;+charset=utf-8 4.5801ms
2024-12-03 15:09:40.166 +05:30  INF  Executing ObjectResult, writing value of type 'BAKERBAZZAR.API.Models.ApiResponse'.
2024-12-03 15:09:40.166 +05:30  INF  Executed action BAKERBAZZAR.API.Controller.UserController.UpdateCartItem (BAKERBAZZAR.API) in 2.2277ms
2024-12-03 15:09:40.166 +05:30  INF  Executed endpoint 'BAKERBAZZAR.API.Controller.UserController.UpdateCartItem (BAKERBAZZAR.API)'
2024-12-03 15:09:40.166 +05:30  INF  Request finished HTTP/1.1 PUT http://localhost:5145/user/updatecartitem?linerid=364&qty=1 - 0 - 200 - application/json;+charset=utf-8 4.7344ms
2024-12-03 15:09:40.166 +05:30  INF  Executing ObjectResult, writing value of type 'BAKERBAZZAR.API.Models.ApiResponse'.
2024-12-03 15:09:40.166 +05:30  INF  Executed action BAKERBAZZAR.API.Controller.UserController.UpdateCartItem (BAKERBAZZAR.API) in 2.2026ms
2024-12-03 15:09:40.166 +05:30  INF  Executed endpoint 'BAKERBAZZAR.API.Controller.UserController.UpdateCartItem (BAKERBAZZAR.API)'
2024-12-03 15:09:40.166 +05:30  INF  Request finished HTTP/1.1 PUT http://localhost:5145/user/updatecartitem?linerid=365&qty=1 - 0 - 200 - application/json;+charset=utf-8 4.4761ms
2024-12-03 15:09:40.166 +05:30  INF  Executing ObjectResult, writing value of type 'BAKERBAZZAR.API.Models.ApiResponse'.
2024-12-03 15:09:40.166 +05:30  INF  Executed action BAKERBAZZAR.API.Controller.UserController.UpdateCartItem (BAKERBAZZAR.API) in 3.2683ms
2024-12-03 15:09:40.166 +05:30  INF  Executed endpoint 'BAKERBAZZAR.API.Controller.UserController.UpdateCartItem (BAKERBAZZAR.API)'
2024-12-03 15:09:40.166 +05:30  INF  Request finished HTTP/1.1 PUT http://localhost:5145/user/updatecartitem?linerid=360&qty=1 - 0 - 200 - application/json;+charset=utf-8 4.9561ms
2024-12-03 15:09:40.168 +05:30  INF  Request starting HTTP/1.1 PUT http://localhost:5145/user/updatecartitem?linerid=357&qty=1 - 0
2024-12-03 15:09:40.168 +05:30  INF  Request starting HTTP/1.1 PUT http://localhost:5145/user/updatecartitem?linerid=359&qty=1 - 0
2024-12-03 15:09:40.168 +05:30  INF  Request starting HTTP/1.1 PUT http://localhost:5145/user/updatecartitem?linerid=358&qty=1 - 0
2024-12-03 15:09:40.168 +05:30  INF  CORS policy execution successful.
2024-12-03 15:09:40.168 +05:30  INF  CORS policy execution successful.
2024-12-03 15:09:40.168 +05:30  INF  CORS policy execution successful.
2024-12-03 15:09:40.168 +05:30  INF  Request starting HTTP/1.1 PUT http://localhost:5145/user/updatecartitem?linerid=360&qty=1 - 0
2024-12-03 15:09:40.168 +05:30  INF  Request starting HTTP/1.1 PUT http://localhost:5145/user/updatecartitem?linerid=361&qty=1 - 0
2024-12-03 15:09:40.168 +05:30  INF  CORS policy execution successful.
2024-12-03 15:09:40.168 +05:30  INF  Executing endpoint 'BAKERBAZZAR.API.Controller.UserController.UpdateCartItem (BAKERBAZZAR.API)'
2024-12-03 15:09:40.168 +05:30  INF  Executing endpoint 'BAKERBAZZAR.API.Controller.UserController.UpdateCartItem (BAKERBAZZAR.API)'
2024-12-03 15:09:40.168 +05:30  INF  Executing endpoint 'BAKERBAZZAR.API.Controller.UserController.UpdateCartItem (BAKERBAZZAR.API)'
2024-12-03 15:09:40.168 +05:30  INF  Request starting HTTP/1.1 PUT http://localhost:5145/user/updatecartitem?linerid=364&qty=1 - 0
2024-12-03 15:09:40.168 +05:30  INF  Route matched with {action = "UpdateCartItem", controller = "User"}. Executing controller action with signature System.Threading.Tasks.Task`1[Microsoft.AspNetCore.Mvc.ActionResult`1[BAKERBAZZAR.API.Models.ApiResponse]] UpdateCartItem(Int32, Int32) on controller BAKERBAZZAR.API.Controller.UserController (BAKERBAZZAR.API).
2024-12-03 15:09:40.168 +05:30  INF  Route matched with {action = "UpdateCartItem", controller = "User"}. Executing controller action with signature System.Threading.Tasks.Task`1[Microsoft.AspNetCore.Mvc.ActionResult`1[BAKERBAZZAR.API.Models.ApiResponse]] UpdateCartItem(Int32, Int32) on controller BAKERBAZZAR.API.Controller.UserController (BAKERBAZZAR.API).
2024-12-03 15:09:40.168 +05:30  INF  Executing endpoint 'BAKERBAZZAR.API.Controller.UserController.UpdateCartItem (BAKERBAZZAR.API)'
2024-12-03 15:09:40.168 +05:30  INF  Route matched with {action = "UpdateCartItem", controller = "User"}. Executing controller action with signature System.Threading.Tasks.Task`1[Microsoft.AspNetCore.Mvc.ActionResult`1[BAKERBAZZAR.API.Models.ApiResponse]] UpdateCartItem(Int32, Int32) on controller BAKERBAZZAR.API.Controller.UserController (BAKERBAZZAR.API).
2024-12-03 15:09:40.168 +05:30  INF  CORS policy execution successful.
2024-12-03 15:09:40.168 +05:30  INF  Route matched with {action = "UpdateCartItem", controller = "User"}. Executing controller action with signature System.Threading.Tasks.Task`1[Microsoft.AspNetCore.Mvc.ActionResult`1[BAKERBAZZAR.API.Models.ApiResponse]] UpdateCartItem(Int32, Int32) on controller BAKERBAZZAR.API.Controller.UserController (BAKERBAZZAR.API).
2024-12-03 15:09:40.168 +05:30  INF  Executing endpoint 'BAKERBAZZAR.API.Controller.UserController.UpdateCartItem (BAKERBAZZAR.API)'
2024-12-03 15:09:40.168 +05:30  INF  Route matched with {action = "UpdateCartItem", controller = "User"}. Executing controller action with signature System.Threading.Tasks.Task`1[Microsoft.AspNetCore.Mvc.ActionResult`1[BAKERBAZZAR.API.Models.ApiResponse]] UpdateCartItem(Int32, Int32) on controller BAKERBAZZAR.API.Controller.UserController (BAKERBAZZAR.API).
2024-12-03 15:09:40.168 +05:30  INF  CORS policy execution successful.
2024-12-03 15:09:40.168 +05:30  INF  Executing endpoint 'BAKERBAZZAR.API.Controller.UserController.UpdateCartItem (BAKERBAZZAR.API)'
2024-12-03 15:09:40.168 +05:30  INF  Route matched with {action = "UpdateCartItem", controller = "User"}. Executing controller action with signature System.Threading.Tasks.Task`1[Microsoft.AspNetCore.Mvc.ActionResult`1[BAKERBAZZAR.API.Models.ApiResponse]] UpdateCartItem(Int32, Int32) on controller BAKERBAZZAR.API.Controller.UserController (BAKERBAZZAR.API).
2024-12-03 15:09:40.170 +05:30  INF  Executing ObjectResult, writing value of type 'BAKERBAZZAR.API.Models.ApiResponse'.
2024-12-03 15:09:40.170 +05:30  INF  Executing ObjectResult, writing value of type 'BAKERBAZZAR.API.Models.ApiResponse'.
2024-12-03 15:09:40.170 +05:30  INF  Executed action BAKERBAZZAR.API.Controller.UserController.UpdateCartItem (BAKERBAZZAR.API) in 2.3697ms
2024-12-03 15:09:40.170 +05:30  INF  Executed action BAKERBAZZAR.API.Controller.UserController.UpdateCartItem (BAKERBAZZAR.API) in 2.3249ms
2024-12-03 15:09:40.170 +05:30  INF  Executing ObjectResult, writing value of type 'BAKERBAZZAR.API.Models.ApiResponse'.
2024-12-03 15:09:40.171 +05:30  INF  Executed endpoint 'BAKERBAZZAR.API.Controller.UserController.UpdateCartItem (BAKERBAZZAR.API)'
2024-12-03 15:09:40.170 +05:30  INF  Executed endpoint 'BAKERBAZZAR.API.Controller.UserController.UpdateCartItem (BAKERBAZZAR.API)'
2024-12-03 15:09:40.171 +05:30  INF  Executed action BAKERBAZZAR.API.Controller.UserController.UpdateCartItem (BAKERBAZZAR.API) in 2.5224ms
2024-12-03 15:09:40.171 +05:30  INF  Executed endpoint 'BAKERBAZZAR.API.Controller.UserController.UpdateCartItem (BAKERBAZZAR.API)'
2024-12-03 15:09:40.171 +05:30  INF  Request finished HTTP/1.1 PUT http://localhost:5145/user/updatecartitem?linerid=359&qty=1 - 0 - 200 - application/json;+charset=utf-8 2.8377ms
2024-12-03 15:09:40.171 +05:30  INF  Request finished HTTP/1.1 PUT http://localhost:5145/user/updatecartitem?linerid=357&qty=1 - 0 - 200 - application/json;+charset=utf-8 2.8640ms
2024-12-03 15:09:40.171 +05:30  INF  Request finished HTTP/1.1 PUT http://localhost:5145/user/updatecartitem?linerid=360&qty=1 - 0 - 200 - application/json;+charset=utf-8 2.7361ms
2024-12-03 15:09:40.171 +05:30  INF  Executing ObjectResult, writing value of type 'BAKERBAZZAR.API.Models.ApiResponse'.
2024-12-03 15:09:40.171 +05:30  INF  Executed action BAKERBAZZAR.API.Controller.UserController.UpdateCartItem (BAKERBAZZAR.API) in 2.4946ms
2024-12-03 15:09:40.171 +05:30  INF  Executed endpoint 'BAKERBAZZAR.API.Controller.UserController.UpdateCartItem (BAKERBAZZAR.API)'
2024-12-03 15:09:40.171 +05:30  INF  Request finished HTTP/1.1 PUT http://localhost:5145/user/updatecartitem?linerid=361&qty=1 - 0 - 200 - application/json;+charset=utf-8 2.7924ms
2024-12-03 15:09:40.171 +05:30  INF  Executing ObjectResult, writing value of type 'BAKERBAZZAR.API.Models.ApiResponse'.
2024-12-03 15:09:40.171 +05:30  INF  Executed action BAKERBAZZAR.API.Controller.UserController.UpdateCartItem (BAKERBAZZAR.API) in 2.5358ms
2024-12-03 15:09:40.171 +05:30  INF  Executed endpoint 'BAKERBAZZAR.API.Controller.UserController.UpdateCartItem (BAKERBAZZAR.API)'
2024-12-03 15:09:40.171 +05:30  INF  Request finished HTTP/1.1 PUT http://localhost:5145/user/updatecartitem?linerid=364&qty=1 - 0 - 200 - application/json;+charset=utf-8 2.9094ms
2024-12-03 15:09:40.171 +05:30  INF  Executing ObjectResult, writing value of type 'BAKERBAZZAR.API.Models.ApiResponse'.
2024-12-03 15:09:40.171 +05:30  INF  Executed action BAKERBAZZAR.API.Controller.UserController.UpdateCartItem (BAKERBAZZAR.API) in 3.0523ms
2024-12-03 15:09:40.171 +05:30  INF  Executed endpoint 'BAKERBAZZAR.API.Controller.UserController.UpdateCartItem (BAKERBAZZAR.API)'
2024-12-03 15:09:40.171 +05:30  INF  Request finished HTTP/1.1 PUT http://localhost:5145/user/updatecartitem?linerid=358&qty=1 - 0 - 200 - application/json;+charset=utf-8 3.3584ms
2024-12-03 15:09:40.173 +05:30  INF  Request starting HTTP/1.1 GET http://localhost:5145/User/CartDetails?displayid=9c80da83-6ccc-4dfb-8e33-09d723c0df33 - -
2024-12-03 15:09:40.173 +05:30  INF  CORS policy execution successful.
2024-12-03 15:09:40.173 +05:30  INF  Executing endpoint 'BAKERBAZZAR.API.Controller.UserController.CartDetails (BAKERBAZZAR.API)'
2024-12-03 15:09:40.173 +05:30  INF  Route matched with {action = "CartDetails", controller = "User"}. Executing controller action with signature System.Threading.Tasks.Task`1[Microsoft.AspNetCore.Mvc.ActionResult`1[BAKERBAZZAR.API.Models.ApiResponse]] CartDetails(System.String) on controller BAKERBAZZAR.API.Controller.UserController (BAKERBAZZAR.API).
2024-12-03 15:09:40.177 +05:30  INF  Executing ObjectResult, writing value of type 'BAKERBAZZAR.API.Models.ApiResponse'.
2024-12-03 15:09:40.177 +05:30  INF  Executed action BAKERBAZZAR.API.Controller.UserController.CartDetails (BAKERBAZZAR.API) in 4.3093ms
2024-12-03 15:09:40.177 +05:30  INF  Executed endpoint 'BAKERBAZZAR.API.Controller.UserController.CartDetails (BAKERBAZZAR.API)'
2024-12-03 15:09:40.177 +05:30  INF  Request finished HTTP/1.1 GET http://localhost:5145/User/CartDetails?displayid=9c80da83-6ccc-4dfb-8e33-09d723c0df33 - - - 200 - application/json;+charset=utf-8 4.6764ms
2024-12-03 15:09:46.877 +05:30  INF  Request starting HTTP/1.1 OPTIONS http://localhost:5145/user/deletecartitem?cartdisplayid=9c80da83-6ccc-4dfb-8e33-09d723c0df33&cartrid=362 - -
2024-12-03 15:09:46.877 +05:30  INF  CORS policy execution successful.
2024-12-03 15:09:46.877 +05:30  INF  Request finished HTTP/1.1 OPTIONS http://localhost:5145/user/deletecartitem?cartdisplayid=9c80da83-6ccc-4dfb-8e33-09d723c0df33&cartrid=362 - - - 204 - - 0.2764ms
2024-12-03 15:09:46.880 +05:30  INF  Request starting HTTP/1.1 DELETE http://localhost:5145/user/deletecartitem?cartdisplayid=9c80da83-6ccc-4dfb-8e33-09d723c0df33&cartrid=362 - -
2024-12-03 15:09:46.880 +05:30  INF  CORS policy execution successful.
2024-12-03 15:09:46.880 +05:30  INF  Executing endpoint 'BAKERBAZZAR.API.Controller.UserController.DeleteCartItem (BAKERBAZZAR.API)'
2024-12-03 15:09:46.882 +05:30  INF  Route matched with {action = "DeleteCartItem", controller = "User"}. Executing controller action with signature System.Threading.Tasks.Task`1[Microsoft.AspNetCore.Mvc.ActionResult`1[BAKERBAZZAR.API.Models.ApiResponse]] DeleteCartItem(System.String, Int32) on controller BAKERBAZZAR.API.Controller.UserController (BAKERBAZZAR.API).
2024-12-03 15:09:46.893 +05:30  INF  Executing ObjectResult, writing value of type 'BAKERBAZZAR.API.Models.ApiResponse'.
2024-12-03 15:09:46.893 +05:30  INF  Executed action BAKERBAZZAR.API.Controller.UserController.DeleteCartItem (BAKERBAZZAR.API) in 10.2494ms
2024-12-03 15:09:46.893 +05:30  INF  Executed endpoint 'BAKERBAZZAR.API.Controller.UserController.DeleteCartItem (BAKERBAZZAR.API)'
2024-12-03 15:09:46.893 +05:30  INF  Request finished HTTP/1.1 DELETE http://localhost:5145/user/deletecartitem?cartdisplayid=9c80da83-6ccc-4dfb-8e33-09d723c0df33&cartrid=362 - - - 200 - application/json;+charset=utf-8 13.0100ms
2024-12-03 15:09:46.900 +05:30  INF  Request starting HTTP/1.1 GET http://localhost:5145/User/CartDetails?displayid=9c80da83-6ccc-4dfb-8e33-09d723c0df33 - -
2024-12-03 15:09:46.900 +05:30  INF  CORS policy execution successful.
2024-12-03 15:09:46.900 +05:30  INF  Executing endpoint 'BAKERBAZZAR.API.Controller.UserController.CartDetails (BAKERBAZZAR.API)'
2024-12-03 15:09:46.900 +05:30  INF  Route matched with {action = "CartDetails", controller = "User"}. Executing controller action with signature System.Threading.Tasks.Task`1[Microsoft.AspNetCore.Mvc.ActionResult`1[BAKERBAZZAR.API.Models.ApiResponse]] CartDetails(System.String) on controller BAKERBAZZAR.API.Controller.UserController (BAKERBAZZAR.API).
2024-12-03 15:09:46.912 +05:30  INF  Executing ObjectResult, writing value of type 'BAKERBAZZAR.API.Models.ApiResponse'.
2024-12-03 15:09:46.913 +05:30  INF  Executed action BAKERBAZZAR.API.Controller.UserController.CartDetails (BAKERBAZZAR.API) in 12.7228ms
2024-12-03 15:09:46.913 +05:30  INF  Executed endpoint 'BAKERBAZZAR.API.Controller.UserController.CartDetails (BAKERBAZZAR.API)'
2024-12-03 15:09:46.913 +05:30  INF  Request finished HTTP/1.1 GET http://localhost:5145/User/CartDetails?displayid=9c80da83-6ccc-4dfb-8e33-09d723c0df33 - - - 200 - application/json;+charset=utf-8 13.0663ms
2024-12-03 15:09:48.334 +05:30  INF  Request starting HTTP/1.1 OPTIONS http://localhost:5145/user/deletecartitem?cartdisplayid=9c80da83-6ccc-4dfb-8e33-09d723c0df33&cartrid=365 - -
2024-12-03 15:09:48.334 +05:30  INF  CORS policy execution successful.
2024-12-03 15:09:48.334 +05:30  INF  Request finished HTTP/1.1 OPTIONS http://localhost:5145/user/deletecartitem?cartdisplayid=9c80da83-6ccc-4dfb-8e33-09d723c0df33&cartrid=365 - - - 204 - - 0.2552ms
2024-12-03 15:09:48.334 +05:30  INF  Request starting HTTP/1.1 DELETE http://localhost:5145/user/deletecartitem?cartdisplayid=9c80da83-6ccc-4dfb-8e33-09d723c0df33&cartrid=365 - -
2024-12-03 15:09:48.334 +05:30  INF  CORS policy execution successful.
2024-12-03 15:09:48.335 +05:30  INF  Executing endpoint 'BAKERBAZZAR.API.Controller.UserController.DeleteCartItem (BAKERBAZZAR.API)'
2024-12-03 15:09:48.335 +05:30  INF  Route matched with {action = "DeleteCartItem", controller = "User"}. Executing controller action with signature System.Threading.Tasks.Task`1[Microsoft.AspNetCore.Mvc.ActionResult`1[BAKERBAZZAR.API.Models.ApiResponse]] DeleteCartItem(System.String, Int32) on controller BAKERBAZZAR.API.Controller.UserController (BAKERBAZZAR.API).
2024-12-03 15:09:48.342 +05:30  INF  Executing ObjectResult, writing value of type 'BAKERBAZZAR.API.Models.ApiResponse'.
2024-12-03 15:09:48.342 +05:30  INF  Executed action BAKERBAZZAR.API.Controller.UserController.DeleteCartItem (BAKERBAZZAR.API) in 7.7742ms
2024-12-03 15:09:48.343 +05:30  INF  Executed endpoint 'BAKERBAZZAR.API.Controller.UserController.DeleteCartItem (BAKERBAZZAR.API)'
2024-12-03 15:09:48.343 +05:30  INF  Request finished HTTP/1.1 DELETE http://localhost:5145/user/deletecartitem?cartdisplayid=9c80da83-6ccc-4dfb-8e33-09d723c0df33&cartrid=365 - - - 200 - application/json;+charset=utf-8 8.3770ms
2024-12-03 15:09:48.349 +05:30  INF  Request starting HTTP/1.1 GET http://localhost:5145/User/CartDetails?displayid=9c80da83-6ccc-4dfb-8e33-09d723c0df33 - -
2024-12-03 15:09:48.349 +05:30  INF  CORS policy execution successful.
2024-12-03 15:09:48.349 +05:30  INF  Executing endpoint 'BAKERBAZZAR.API.Controller.UserController.CartDetails (BAKERBAZZAR.API)'
2024-12-03 15:09:48.349 +05:30  INF  Route matched with {action = "CartDetails", controller = "User"}. Executing controller action with signature System.Threading.Tasks.Task`1[Microsoft.AspNetCore.Mvc.ActionResult`1[BAKERBAZZAR.API.Models.ApiResponse]] CartDetails(System.String) on controller BAKERBAZZAR.API.Controller.UserController (BAKERBAZZAR.API).
2024-12-03 15:09:48.360 +05:30  INF  Executing ObjectResult, writing value of type 'BAKERBAZZAR.API.Models.ApiResponse'.
2024-12-03 15:09:48.360 +05:30  INF  Executed action BAKERBAZZAR.API.Controller.UserController.CartDetails (BAKERBAZZAR.API) in 10.5103ms
2024-12-03 15:09:48.360 +05:30  INF  Executed endpoint 'BAKERBAZZAR.API.Controller.UserController.CartDetails (BAKERBAZZAR.API)'
2024-12-03 15:09:48.360 +05:30  INF  Request finished HTTP/1.1 GET http://localhost:5145/User/CartDetails?displayid=9c80da83-6ccc-4dfb-8e33-09d723c0df33 - - - 200 - application/json;+charset=utf-8 10.8837ms
2024-12-03 15:09:53.236 +05:30  INF  Request starting HTTP/1.1 OPTIONS http://localhost:5145/User/AddToCart - -
2024-12-03 15:09:53.236 +05:30  INF  CORS policy execution successful.
2024-12-03 15:09:53.236 +05:30  INF  Request finished HTTP/1.1 OPTIONS http://localhost:5145/User/AddToCart - - - 204 - - 0.2508ms
2024-12-03 15:09:53.237 +05:30  INF  Request starting HTTP/1.1 POST http://localhost:5145/User/AddToCart application/json 140
2024-12-03 15:09:53.237 +05:30  INF  CORS policy execution successful.
2024-12-03 15:09:53.237 +05:30  INF  Executing endpoint 'BAKERBAZZAR.API.Controller.UserController.AddToCart (BAKERBAZZAR.API)'
2024-12-03 15:09:53.237 +05:30  INF  Route matched with {action = "AddToCart", controller = "User"}. Executing controller action with signature System.Threading.Tasks.Task`1[Microsoft.AspNetCore.Mvc.ActionResult`1[BAKERBAZZAR.API.Models.ApiResponse]] AddToCart(BAKERBAZZAR.API.Models.IO_Templates.AddToCartRequest) on controller BAKERBAZZAR.API.Controller.UserController (BAKERBAZZAR.API).
2024-12-03 15:09:53.246 +05:30  INF  Executing ObjectResult, writing value of type 'BAKERBAZZAR.API.Models.ApiResponse'.
2024-12-03 15:09:53.247 +05:30  INF  Executed action BAKERBAZZAR.API.Controller.UserController.AddToCart (BAKERBAZZAR.API) in 9.4138ms
2024-12-03 15:09:53.247 +05:30  INF  Executed endpoint 'BAKERBAZZAR.API.Controller.UserController.AddToCart (BAKERBAZZAR.API)'
2024-12-03 15:09:53.247 +05:30  INF  Request finished HTTP/1.1 POST http://localhost:5145/User/AddToCart application/json 140 - 200 - application/json;+charset=utf-8 9.6856ms
2024-12-03 15:09:56.327 +05:30  INF  Request starting HTTP/1.1 POST http://localhost:5145/User/AddToCart application/json 140
2024-12-03 15:09:56.327 +05:30  INF  CORS policy execution successful.
2024-12-03 15:09:56.327 +05:30  INF  Executing endpoint 'BAKERBAZZAR.API.Controller.UserController.AddToCart (BAKERBAZZAR.API)'
2024-12-03 15:09:56.327 +05:30  INF  Route matched with {action = "AddToCart", controller = "User"}. Executing controller action with signature System.Threading.Tasks.Task`1[Microsoft.AspNetCore.Mvc.ActionResult`1[BAKERBAZZAR.API.Models.ApiResponse]] AddToCart(BAKERBAZZAR.API.Models.IO_Templates.AddToCartRequest) on controller BAKERBAZZAR.API.Controller.UserController (BAKERBAZZAR.API).
2024-12-03 15:09:56.338 +05:30  INF  Executing ObjectResult, writing value of type 'BAKERBAZZAR.API.Models.ApiResponse'.
2024-12-03 15:09:56.338 +05:30  INF  Executed action BAKERBAZZAR.API.Controller.UserController.AddToCart (BAKERBAZZAR.API) in 11.1067ms
2024-12-03 15:09:56.338 +05:30  INF  Executed endpoint 'BAKERBAZZAR.API.Controller.UserController.AddToCart (BAKERBAZZAR.API)'
2024-12-03 15:09:56.338 +05:30  INF  Request finished HTTP/1.1 POST http://localhost:5145/User/AddToCart application/json 140 - 200 - application/json;+charset=utf-8 11.3980ms
2024-12-03 15:09:58.309 +05:30  INF  Request starting HTTP/1.1 OPTIONS http://localhost:5145/User/AddToCart - -
2024-12-03 15:09:58.309 +05:30  INF  CORS policy execution successful.
2024-12-03 15:09:58.309 +05:30  INF  Request finished HTTP/1.1 OPTIONS http://localhost:5145/User/AddToCart - - - 204 - - 0.1637ms
2024-12-03 15:09:58.310 +05:30  INF  Request starting HTTP/1.1 POST http://localhost:5145/User/AddToCart application/json 140
2024-12-03 15:09:58.310 +05:30  INF  CORS policy execution successful.
2024-12-03 15:09:58.310 +05:30  INF  Executing endpoint 'BAKERBAZZAR.API.Controller.UserController.AddToCart (BAKERBAZZAR.API)'
2024-12-03 15:09:58.310 +05:30  INF  Route matched with {action = "AddToCart", controller = "User"}. Executing controller action with signature System.Threading.Tasks.Task`1[Microsoft.AspNetCore.Mvc.ActionResult`1[BAKERBAZZAR.API.Models.ApiResponse]] AddToCart(BAKERBAZZAR.API.Models.IO_Templates.AddToCartRequest) on controller BAKERBAZZAR.API.Controller.UserController (BAKERBAZZAR.API).
2024-12-03 15:09:58.321 +05:30  INF  Executing ObjectResult, writing value of type 'BAKERBAZZAR.API.Models.ApiResponse'.
2024-12-03 15:09:58.321 +05:30  INF  Executed action BAKERBAZZAR.API.Controller.UserController.AddToCart (BAKERBAZZAR.API) in 11.4371ms
2024-12-03 15:09:58.321 +05:30  INF  Executed endpoint 'BAKERBAZZAR.API.Controller.UserController.AddToCart (BAKERBAZZAR.API)'
2024-12-03 15:09:58.321 +05:30  INF  Request finished HTTP/1.1 POST http://localhost:5145/User/AddToCart application/json 140 - 200 - application/json;+charset=utf-8 11.7917ms
2024-12-03 15:09:58.524 +05:30  INF  Request starting HTTP/1.1 POST http://localhost:5145/User/AddToCart application/json 140
2024-12-03 15:09:58.524 +05:30  INF  CORS policy execution successful.
2024-12-03 15:09:58.524 +05:30  INF  Executing endpoint 'BAKERBAZZAR.API.Controller.UserController.AddToCart (BAKERBAZZAR.API)'
2024-12-03 15:09:58.524 +05:30  INF  Route matched with {action = "AddToCart", controller = "User"}. Executing controller action with signature System.Threading.Tasks.Task`1[Microsoft.AspNetCore.Mvc.ActionResult`1[BAKERBAZZAR.API.Models.ApiResponse]] AddToCart(BAKERBAZZAR.API.Models.IO_Templates.AddToCartRequest) on controller BAKERBAZZAR.API.Controller.UserController (BAKERBAZZAR.API).
2024-12-03 15:09:58.527 +05:30  INF  Executing ObjectResult, writing value of type 'BAKERBAZZAR.API.Models.ApiResponse'.
2024-12-03 15:09:58.527 +05:30  INF  Executed action BAKERBAZZAR.API.Controller.UserController.AddToCart (BAKERBAZZAR.API) in 3.0327ms
2024-12-03 15:09:58.527 +05:30  INF  Executed endpoint 'BAKERBAZZAR.API.Controller.UserController.AddToCart (BAKERBAZZAR.API)'
2024-12-03 15:09:58.527 +05:30  INF  Request finished HTTP/1.1 POST http://localhost:5145/User/AddToCart application/json 140 - 200 - application/json;+charset=utf-8 3.4278ms
2024-12-03 15:09:59.290 +05:30  INF  Request starting HTTP/1.1 POST http://localhost:5145/User/AddToCart application/json 140
2024-12-03 15:09:59.290 +05:30  INF  CORS policy execution successful.
2024-12-03 15:09:59.290 +05:30  INF  Executing endpoint 'BAKERBAZZAR.API.Controller.UserController.AddToCart (BAKERBAZZAR.API)'
2024-12-03 15:09:59.290 +05:30  INF  Route matched with {action = "AddToCart", controller = "User"}. Executing controller action with signature System.Threading.Tasks.Task`1[Microsoft.AspNetCore.Mvc.ActionResult`1[BAKERBAZZAR.API.Models.ApiResponse]] AddToCart(BAKERBAZZAR.API.Models.IO_Templates.AddToCartRequest) on controller BAKERBAZZAR.API.Controller.UserController (BAKERBAZZAR.API).
2024-12-03 15:09:59.302 +05:30  INF  Executing ObjectResult, writing value of type 'BAKERBAZZAR.API.Models.ApiResponse'.
2024-12-03 15:09:59.302 +05:30  INF  Executed action BAKERBAZZAR.API.Controller.UserController.AddToCart (BAKERBAZZAR.API) in 11.6573ms
2024-12-03 15:09:59.302 +05:30  INF  Executed endpoint 'BAKERBAZZAR.API.Controller.UserController.AddToCart (BAKERBAZZAR.API)'
2024-12-03 15:09:59.302 +05:30  INF  Request finished HTTP/1.1 POST http://localhost:5145/User/AddToCart application/json 140 - 200 - application/json;+charset=utf-8 12.0214ms
2024-12-03 15:09:59.504 +05:30  INF  Request starting HTTP/1.1 POST http://localhost:5145/User/AddToCart application/json 140
2024-12-03 15:09:59.504 +05:30  INF  CORS policy execution successful.
2024-12-03 15:09:59.504 +05:30  INF  Executing endpoint 'BAKERBAZZAR.API.Controller.UserController.AddToCart (BAKERBAZZAR.API)'
2024-12-03 15:09:59.504 +05:30  INF  Route matched with {action = "AddToCart", controller = "User"}. Executing controller action with signature System.Threading.Tasks.Task`1[Microsoft.AspNetCore.Mvc.ActionResult`1[BAKERBAZZAR.API.Models.ApiResponse]] AddToCart(BAKERBAZZAR.API.Models.IO_Templates.AddToCartRequest) on controller BAKERBAZZAR.API.Controller.UserController (BAKERBAZZAR.API).
2024-12-03 15:09:59.518 +05:30  INF  Executing ObjectResult, writing value of type 'BAKERBAZZAR.API.Models.ApiResponse'.
2024-12-03 15:09:59.519 +05:30  INF  Executed action BAKERBAZZAR.API.Controller.UserController.AddToCart (BAKERBAZZAR.API) in 14.0163ms
2024-12-03 15:09:59.519 +05:30  INF  Executed endpoint 'BAKERBAZZAR.API.Controller.UserController.AddToCart (BAKERBAZZAR.API)'
2024-12-03 15:09:59.519 +05:30  INF  Request finished HTTP/1.1 POST http://localhost:5145/User/AddToCart application/json 140 - 200 - application/json;+charset=utf-8 14.3280ms
2024-12-03 15:10:00.527 +05:30  INF  Request starting HTTP/1.1 POST http://localhost:5145/User/AddToCart application/json 140
2024-12-03 15:10:00.528 +05:30  INF  CORS policy execution successful.
2024-12-03 15:10:00.528 +05:30  INF  Executing endpoint 'BAKERBAZZAR.API.Controller.UserController.AddToCart (BAKERBAZZAR.API)'
2024-12-03 15:10:00.528 +05:30  INF  Route matched with {action = "AddToCart", controller = "User"}. Executing controller action with signature System.Threading.Tasks.Task`1[Microsoft.AspNetCore.Mvc.ActionResult`1[BAKERBAZZAR.API.Models.ApiResponse]] AddToCart(BAKERBAZZAR.API.Models.IO_Templates.AddToCartRequest) on controller BAKERBAZZAR.API.Controller.UserController (BAKERBAZZAR.API).
2024-12-03 15:10:00.538 +05:30  INF  Executing ObjectResult, writing value of type 'BAKERBAZZAR.API.Models.ApiResponse'.
2024-12-03 15:10:00.538 +05:30  INF  Executed action BAKERBAZZAR.API.Controller.UserController.AddToCart (BAKERBAZZAR.API) in 10.2905ms
2024-12-03 15:10:00.538 +05:30  INF  Executed endpoint 'BAKERBAZZAR.API.Controller.UserController.AddToCart (BAKERBAZZAR.API)'
2024-12-03 15:10:00.538 +05:30  INF  Request finished HTTP/1.1 POST http://localhost:5145/User/AddToCart application/json 140 - 200 - application/json;+charset=utf-8 10.6487ms
2024-12-03 15:10:00.743 +05:30  INF  Request starting HTTP/1.1 POST http://localhost:5145/User/AddToCart application/json 140
2024-12-03 15:10:00.743 +05:30  INF  CORS policy execution successful.
2024-12-03 15:10:00.743 +05:30  INF  Executing endpoint 'BAKERBAZZAR.API.Controller.UserController.AddToCart (BAKERBAZZAR.API)'
2024-12-03 15:10:00.743 +05:30  INF  Route matched with {action = "AddToCart", controller = "User"}. Executing controller action with signature System.Threading.Tasks.Task`1[Microsoft.AspNetCore.Mvc.ActionResult`1[BAKERBAZZAR.API.Models.ApiResponse]] AddToCart(BAKERBAZZAR.API.Models.IO_Templates.AddToCartRequest) on controller BAKERBAZZAR.API.Controller.UserController (BAKERBAZZAR.API).
2024-12-03 15:10:00.745 +05:30  INF  Executing ObjectResult, writing value of type 'BAKERBAZZAR.API.Models.ApiResponse'.
2024-12-03 15:10:00.745 +05:30  INF  Executed action BAKERBAZZAR.API.Controller.UserController.AddToCart (BAKERBAZZAR.API) in 1.6221ms
2024-12-03 15:10:00.745 +05:30  INF  Executed endpoint 'BAKERBAZZAR.API.Controller.UserController.AddToCart (BAKERBAZZAR.API)'
2024-12-03 15:10:00.745 +05:30  INF  Request finished HTTP/1.1 POST http://localhost:5145/User/AddToCart application/json 140 - 200 - application/json;+charset=utf-8 1.9036ms
2024-12-03 15:10:07.175 +05:30  INF  Request starting HTTP/1.1 GET http://localhost:5145/User/CartDetails?displayid=9c80da83-6ccc-4dfb-8e33-09d723c0df33 - -
2024-12-03 15:10:07.175 +05:30  INF  CORS policy execution successful.
2024-12-03 15:10:07.175 +05:30  INF  Executing endpoint 'BAKERBAZZAR.API.Controller.UserController.CartDetails (BAKERBAZZAR.API)'
2024-12-03 15:10:07.175 +05:30  INF  Route matched with {action = "CartDetails", controller = "User"}. Executing controller action with signature System.Threading.Tasks.Task`1[Microsoft.AspNetCore.Mvc.ActionResult`1[BAKERBAZZAR.API.Models.ApiResponse]] CartDetails(System.String) on controller BAKERBAZZAR.API.Controller.UserController (BAKERBAZZAR.API).
2024-12-03 15:10:07.194 +05:30  INF  Executing ObjectResult, writing value of type 'BAKERBAZZAR.API.Models.ApiResponse'.
2024-12-03 15:10:07.194 +05:30  INF  Executed action BAKERBAZZAR.API.Controller.UserController.CartDetails (BAKERBAZZAR.API) in 18.8169ms
2024-12-03 15:10:07.194 +05:30  INF  Executed endpoint 'BAKERBAZZAR.API.Controller.UserController.CartDetails (BAKERBAZZAR.API)'
2024-12-03 15:10:07.194 +05:30  INF  Request finished HTTP/1.1 GET http://localhost:5145/User/CartDetails?displayid=9c80da83-6ccc-4dfb-8e33-09d723c0df33 - - - 200 - application/json;+charset=utf-8 19.2741ms
2024-12-03 15:10:07.196 +05:30  INF  Request starting HTTP/1.1 GET http://localhost:5145/User/CartDetails?displayid=9c80da83-6ccc-4dfb-8e33-09d723c0df33 - -
2024-12-03 15:10:07.196 +05:30  INF  CORS policy execution successful.
2024-12-03 15:10:07.196 +05:30  INF  Executing endpoint 'BAKERBAZZAR.API.Controller.UserController.CartDetails (BAKERBAZZAR.API)'
2024-12-03 15:10:07.196 +05:30  INF  Route matched with {action = "CartDetails", controller = "User"}. Executing controller action with signature System.Threading.Tasks.Task`1[Microsoft.AspNetCore.Mvc.ActionResult`1[BAKERBAZZAR.API.Models.ApiResponse]] CartDetails(System.String) on controller BAKERBAZZAR.API.Controller.UserController (BAKERBAZZAR.API).
2024-12-03 15:10:07.202 +05:30  INF  Executing ObjectResult, writing value of type 'BAKERBAZZAR.API.Models.ApiResponse'.
2024-12-03 15:10:07.202 +05:30  INF  Executed action BAKERBAZZAR.API.Controller.UserController.CartDetails (BAKERBAZZAR.API) in 6.1691ms
2024-12-03 15:10:07.203 +05:30  INF  Executed endpoint 'BAKERBAZZAR.API.Controller.UserController.CartDetails (BAKERBAZZAR.API)'
2024-12-03 15:10:07.203 +05:30  INF  Request finished HTTP/1.1 GET http://localhost:5145/User/CartDetails?displayid=9c80da83-6ccc-4dfb-8e33-09d723c0df33 - - - 200 - application/json;+charset=utf-8 6.5713ms
2024-12-03 15:10:07.218 +05:30  INF  Request starting HTTP/1.1 OPTIONS http://localhost:5145/user/updatecartitem?linerid=367&qty=1 - -
2024-12-03 15:10:07.218 +05:30  INF  CORS policy execution successful.
2024-12-03 15:10:07.218 +05:30  INF  Request finished HTTP/1.1 OPTIONS http://localhost:5145/user/updatecartitem?linerid=367&qty=1 - - - 204 - - 0.2532ms
2024-12-03 15:10:07.219 +05:30  INF  Request starting HTTP/1.1 OPTIONS http://localhost:5145/user/updatecartitem?linerid=363&qty=1 - -
2024-12-03 15:10:07.219 +05:30  INF  CORS policy execution successful.
2024-12-03 15:10:07.219 +05:30  INF  Request finished HTTP/1.1 OPTIONS http://localhost:5145/user/updatecartitem?linerid=363&qty=1 - - - 204 - - 0.2355ms
2024-12-03 15:10:07.228 +05:30  INF  Request starting HTTP/1.1 OPTIONS http://localhost:5145/user/updatecartitem?linerid=369&qty=1 - -
2024-12-03 15:10:07.228 +05:30  INF  CORS policy execution successful.
2024-12-03 15:10:07.228 +05:30  INF  Request finished HTTP/1.1 OPTIONS http://localhost:5145/user/updatecartitem?linerid=369&qty=1 - - - 204 - - 0.1980ms
2024-12-03 15:10:07.230 +05:30  INF  Request starting HTTP/1.1 OPTIONS http://localhost:5145/user/updatecartitem?linerid=368&qty=1 - -
2024-12-03 15:10:07.230 +05:30  INF  CORS policy execution successful.
2024-12-03 15:10:07.230 +05:30  INF  Request finished HTTP/1.1 OPTIONS http://localhost:5145/user/updatecartitem?linerid=368&qty=1 - - - 204 - - 0.1943ms
2024-12-03 15:10:07.230 +05:30  INF  Request starting HTTP/1.1 OPTIONS http://localhost:5145/user/updatecartitem?linerid=357&qty=1 - -
2024-12-03 15:10:07.230 +05:30  INF  CORS policy execution successful.
2024-12-03 15:10:07.230 +05:30  INF  Request finished HTTP/1.1 OPTIONS http://localhost:5145/user/updatecartitem?linerid=357&qty=1 - - - 204 - - 0.1476ms
2024-12-03 15:10:07.231 +05:30  INF  Request starting HTTP/1.1 PUT http://localhost:5145/user/updatecartitem?linerid=367&qty=1 - 0
2024-12-03 15:10:07.231 +05:30  INF  CORS policy execution successful.
2024-12-03 15:10:07.231 +05:30  INF  Executing endpoint 'BAKERBAZZAR.API.Controller.UserController.UpdateCartItem (BAKERBAZZAR.API)'
2024-12-03 15:10:07.231 +05:30  INF  Route matched with {action = "UpdateCartItem", controller = "User"}. Executing controller action with signature System.Threading.Tasks.Task`1[Microsoft.AspNetCore.Mvc.ActionResult`1[BAKERBAZZAR.API.Models.ApiResponse]] UpdateCartItem(Int32, Int32) on controller BAKERBAZZAR.API.Controller.UserController (BAKERBAZZAR.API).
2024-12-03 15:10:07.232 +05:30  INF  Request starting HTTP/1.1 OPTIONS http://localhost:5145/user/updatecartitem?linerid=358&qty=1 - -
2024-12-03 15:10:07.232 +05:30  INF  CORS policy execution successful.
2024-12-03 15:10:07.232 +05:30  INF  Request finished HTTP/1.1 OPTIONS http://localhost:5145/user/updatecartitem?linerid=358&qty=1 - - - 204 - - 0.1710ms
2024-12-03 15:10:07.234 +05:30  INF  Request starting HTTP/1.1 OPTIONS http://localhost:5145/user/updatecartitem?linerid=359&qty=1 - -
2024-12-03 15:10:07.234 +05:30  INF  CORS policy execution successful.
2024-12-03 15:10:07.234 +05:30  INF  Request finished HTTP/1.1 OPTIONS http://localhost:5145/user/updatecartitem?linerid=359&qty=1 - - - 204 - - 0.2318ms
2024-12-03 15:10:07.235 +05:30  INF  Request starting HTTP/1.1 OPTIONS http://localhost:5145/user/updatecartitem?linerid=360&qty=1 - -
2024-12-03 15:10:07.235 +05:30  INF  CORS policy execution successful.
2024-12-03 15:10:07.235 +05:30  INF  Request finished HTTP/1.1 OPTIONS http://localhost:5145/user/updatecartitem?linerid=360&qty=1 - - - 204 - - 0.1774ms
2024-12-03 15:10:07.235 +05:30  INF  Request starting HTTP/1.1 OPTIONS http://localhost:5145/user/updatecartitem?linerid=361&qty=1 - -
2024-12-03 15:10:07.235 +05:30  INF  CORS policy execution successful.
2024-12-03 15:10:07.236 +05:30  INF  Request finished HTTP/1.1 OPTIONS http://localhost:5145/user/updatecartitem?linerid=361&qty=1 - - - 204 - - 0.2234ms
2024-12-03 15:10:07.236 +05:30  INF  Request starting HTTP/1.1 PUT http://localhost:5145/user/updatecartitem?linerid=363&qty=1 - 0
2024-12-03 15:10:07.236 +05:30  INF  CORS policy execution successful.
2024-12-03 15:10:07.236 +05:30  INF  Executing endpoint 'BAKERBAZZAR.API.Controller.UserController.UpdateCartItem (BAKERBAZZAR.API)'
2024-12-03 15:10:07.236 +05:30  INF  Route matched with {action = "UpdateCartItem", controller = "User"}. Executing controller action with signature System.Threading.Tasks.Task`1[Microsoft.AspNetCore.Mvc.ActionResult`1[BAKERBAZZAR.API.Models.ApiResponse]] UpdateCartItem(Int32, Int32) on controller BAKERBAZZAR.API.Controller.UserController (BAKERBAZZAR.API).
2024-12-03 15:10:07.237 +05:30  INF  Request starting HTTP/1.1 OPTIONS http://localhost:5145/user/updatecartitem?linerid=366&qty=1 - -
2024-12-03 15:10:07.237 +05:30  INF  CORS policy execution successful.
2024-12-03 15:10:07.237 +05:30  INF  Request finished HTTP/1.1 OPTIONS http://localhost:5145/user/updatecartitem?linerid=366&qty=1 - - - 204 - - 0.1103ms
2024-12-03 15:10:07.237 +05:30  INF  Request starting HTTP/1.1 OPTIONS http://localhost:5145/user/updatecartitem?linerid=370&qty=1 - -
2024-12-03 15:10:07.237 +05:30  INF  CORS policy execution successful.
2024-12-03 15:10:07.237 +05:30  INF  Request finished HTTP/1.1 OPTIONS http://localhost:5145/user/updatecartitem?linerid=370&qty=1 - - - 204 - - 0.1350ms
2024-12-03 15:10:07.238 +05:30  INF  Request starting HTTP/1.1 OPTIONS http://localhost:5145/user/updatecartitem?linerid=364&qty=1 - -
2024-12-03 15:10:07.238 +05:30  INF  CORS policy execution successful.
2024-12-03 15:10:07.238 +05:30  INF  Request finished HTTP/1.1 OPTIONS http://localhost:5145/user/updatecartitem?linerid=364&qty=1 - - - 204 - - 0.1185ms
2024-12-03 15:10:07.238 +05:30  INF  Request starting HTTP/1.1 OPTIONS http://localhost:5145/user/updatecartitem?linerid=371&qty=1 - -
2024-12-03 15:10:07.238 +05:30  INF  CORS policy execution successful.
2024-12-03 15:10:07.238 +05:30  INF  Request finished HTTP/1.1 OPTIONS http://localhost:5145/user/updatecartitem?linerid=371&qty=1 - - - 204 - - 0.1940ms
2024-12-03 15:10:07.239 +05:30  INF  Request starting HTTP/1.1 OPTIONS http://localhost:5145/user/updatecartitem?linerid=372&qty=1 - -
2024-12-03 15:10:07.239 +05:30  INF  CORS policy execution successful.
2024-12-03 15:10:07.239 +05:30  INF  Request finished HTTP/1.1 OPTIONS http://localhost:5145/user/updatecartitem?linerid=372&qty=1 - - - 204 - - 0.1739ms
2024-12-03 15:10:07.239 +05:30  INF  Request starting HTTP/1.1 OPTIONS http://localhost:5145/user/updatecartitem?linerid=373&qty=1 - -
2024-12-03 15:10:07.240 +05:30  INF  CORS policy execution successful.
2024-12-03 15:10:07.240 +05:30  INF  Request finished HTTP/1.1 OPTIONS http://localhost:5145/user/updatecartitem?linerid=373&qty=1 - - - 204 - - 0.1458ms
2024-12-03 15:10:07.240 +05:30  INF  Request starting HTTP/1.1 PUT http://localhost:5145/user/updatecartitem?linerid=367&qty=1 - 0
2024-12-03 15:10:07.240 +05:30  INF  CORS policy execution successful.
2024-12-03 15:10:07.240 +05:30  INF  Executing endpoint 'BAKERBAZZAR.API.Controller.UserController.UpdateCartItem (BAKERBAZZAR.API)'
2024-12-03 15:10:07.240 +05:30  INF  Route matched with {action = "UpdateCartItem", controller = "User"}. Executing controller action with signature System.Threading.Tasks.Task`1[Microsoft.AspNetCore.Mvc.ActionResult`1[BAKERBAZZAR.API.Models.ApiResponse]] UpdateCartItem(Int32, Int32) on controller BAKERBAZZAR.API.Controller.UserController (BAKERBAZZAR.API).
2024-12-03 15:10:07.240 +05:30  INF  Request starting HTTP/1.1 PUT http://localhost:5145/user/updatecartitem?linerid=363&qty=1 - 0
2024-12-03 15:10:07.240 +05:30  INF  CORS policy execution successful.
2024-12-03 15:10:07.240 +05:30  INF  Executing endpoint 'BAKERBAZZAR.API.Controller.UserController.UpdateCartItem (BAKERBAZZAR.API)'
2024-12-03 15:10:07.240 +05:30  INF  Route matched with {action = "UpdateCartItem", controller = "User"}. Executing controller action with signature System.Threading.Tasks.Task`1[Microsoft.AspNetCore.Mvc.ActionResult`1[BAKERBAZZAR.API.Models.ApiResponse]] UpdateCartItem(Int32, Int32) on controller BAKERBAZZAR.API.Controller.UserController (BAKERBAZZAR.API).
2024-12-03 15:10:07.241 +05:30  INF  Request starting HTTP/1.1 OPTIONS http://localhost:5145/user/updatecartitem?linerid=368&qty=1 - -
2024-12-03 15:10:07.241 +05:30  INF  Request starting HTTP/1.1 OPTIONS http://localhost:5145/user/updatecartitem?linerid=369&qty=1 - -
2024-12-03 15:10:07.241 +05:30  INF  CORS policy execution successful.
2024-12-03 15:10:07.241 +05:30  INF  CORS policy execution successful.
2024-12-03 15:10:07.241 +05:30  INF  Request finished HTTP/1.1 OPTIONS http://localhost:5145/user/updatecartitem?linerid=369&qty=1 - - - 204 - - 0.1848ms
2024-12-03 15:10:07.241 +05:30  INF  Request finished HTTP/1.1 OPTIONS http://localhost:5145/user/updatecartitem?linerid=368&qty=1 - - - 204 - - 0.1855ms
2024-12-03 15:10:07.243 +05:30  INF  Request starting HTTP/1.1 OPTIONS http://localhost:5145/user/updatecartitem?linerid=357&qty=1 - -
2024-12-03 15:10:07.243 +05:30  INF  Request starting HTTP/1.1 OPTIONS http://localhost:5145/user/updatecartitem?linerid=358&qty=1 - -
2024-12-03 15:10:07.243 +05:30  INF  CORS policy execution successful.
2024-12-03 15:10:07.243 +05:30  INF  CORS policy execution successful.
2024-12-03 15:10:07.243 +05:30  INF  Request finished HTTP/1.1 OPTIONS http://localhost:5145/user/updatecartitem?linerid=357&qty=1 - - - 204 - - 0.1657ms
2024-12-03 15:10:07.243 +05:30  INF  Request finished HTTP/1.1 OPTIONS http://localhost:5145/user/updatecartitem?linerid=358&qty=1 - - - 204 - - 0.0850ms
2024-12-03 15:10:07.244 +05:30  INF  Request starting HTTP/1.1 OPTIONS http://localhost:5145/user/updatecartitem?linerid=359&qty=1 - -
2024-12-03 15:10:07.245 +05:30  INF  Request starting HTTP/1.1 OPTIONS http://localhost:5145/user/updatecartitem?linerid=360&qty=1 - -
2024-12-03 15:10:07.245 +05:30  INF  CORS policy execution successful.
2024-12-03 15:10:07.245 +05:30  INF  CORS policy execution successful.
2024-12-03 15:10:07.245 +05:30  INF  Request finished HTTP/1.1 OPTIONS http://localhost:5145/user/updatecartitem?linerid=360&qty=1 - - - 204 - - 0.0903ms
2024-12-03 15:10:07.245 +05:30  INF  Request finished HTTP/1.1 OPTIONS http://localhost:5145/user/updatecartitem?linerid=359&qty=1 - - - 204 - - 0.2384ms
2024-12-03 15:10:07.245 +05:30  INF  Executing ObjectResult, writing value of type 'BAKERBAZZAR.API.Models.ApiResponse'.
2024-12-03 15:10:07.245 +05:30  INF  Executed action BAKERBAZZAR.API.Controller.UserController.UpdateCartItem (BAKERBAZZAR.API) in 13.302ms
2024-12-03 15:10:07.245 +05:30  INF  Executed endpoint 'BAKERBAZZAR.API.Controller.UserController.UpdateCartItem (BAKERBAZZAR.API)'
2024-12-03 15:10:07.245 +05:30  INF  Request finished HTTP/1.1 PUT http://localhost:5145/user/updatecartitem?linerid=367&qty=1 - 0 - 200 - application/json;+charset=utf-8 13.6486ms
2024-12-03 15:10:07.245 +05:30  INF  Executing ObjectResult, writing value of type 'BAKERBAZZAR.API.Models.ApiResponse'.
2024-12-03 15:10:07.245 +05:30  INF  Executing ObjectResult, writing value of type 'BAKERBAZZAR.API.Models.ApiResponse'.
2024-12-03 15:10:07.245 +05:30  INF  Executed action BAKERBAZZAR.API.Controller.UserController.UpdateCartItem (BAKERBAZZAR.API) in 5.2686ms
2024-12-03 15:10:07.245 +05:30  INF  Executed action BAKERBAZZAR.API.Controller.UserController.UpdateCartItem (BAKERBAZZAR.API) in 4.83ms
2024-12-03 15:10:07.245 +05:30  INF  Executed endpoint 'BAKERBAZZAR.API.Controller.UserController.UpdateCartItem (BAKERBAZZAR.API)'
2024-12-03 15:10:07.245 +05:30  INF  Executed endpoint 'BAKERBAZZAR.API.Controller.UserController.UpdateCartItem (BAKERBAZZAR.API)'
2024-12-03 15:10:07.245 +05:30  INF  Request finished HTTP/1.1 PUT http://localhost:5145/user/updatecartitem?linerid=367&qty=1 - 0 - 200 - application/json;+charset=utf-8 5.6047ms
2024-12-03 15:10:07.245 +05:30  INF  Request finished HTTP/1.1 PUT http://localhost:5145/user/updatecartitem?linerid=363&qty=1 - 0 - 200 - application/json;+charset=utf-8 5.2378ms
2024-12-03 15:10:07.246 +05:30  INF  Executing ObjectResult, writing value of type 'BAKERBAZZAR.API.Models.ApiResponse'.
2024-12-03 15:10:07.246 +05:30  INF  Executed action BAKERBAZZAR.API.Controller.UserController.UpdateCartItem (BAKERBAZZAR.API) in 9.2397ms
2024-12-03 15:10:07.246 +05:30  INF  Executed endpoint 'BAKERBAZZAR.API.Controller.UserController.UpdateCartItem (BAKERBAZZAR.API)'
2024-12-03 15:10:07.246 +05:30  INF  Request finished HTTP/1.1 PUT http://localhost:5145/user/updatecartitem?linerid=363&qty=1 - 0 - 200 - application/json;+charset=utf-8 9.6931ms
2024-12-03 15:10:07.247 +05:30  INF  Request starting HTTP/1.1 OPTIONS http://localhost:5145/user/updatecartitem?linerid=361&qty=1 - -
2024-12-03 15:10:07.247 +05:30  INF  CORS policy execution successful.
2024-12-03 15:10:07.247 +05:30  INF  Request finished HTTP/1.1 OPTIONS http://localhost:5145/user/updatecartitem?linerid=361&qty=1 - - - 204 - - 0.1613ms
2024-12-03 15:10:07.247 +05:30  INF  Request starting HTTP/1.1 OPTIONS http://localhost:5145/user/updatecartitem?linerid=366&qty=1 - -
2024-12-03 15:10:07.247 +05:30  INF  CORS policy execution successful.
2024-12-03 15:10:07.247 +05:30  INF  Request finished HTTP/1.1 OPTIONS http://localhost:5145/user/updatecartitem?linerid=366&qty=1 - - - 204 - - 0.1214ms
2024-12-03 15:10:07.248 +05:30  INF  Request starting HTTP/1.1 OPTIONS http://localhost:5145/user/updatecartitem?linerid=370&qty=1 - -
2024-12-03 15:10:07.248 +05:30  INF  CORS policy execution successful.
2024-12-03 15:10:07.248 +05:30  INF  Request finished HTTP/1.1 OPTIONS http://localhost:5145/user/updatecartitem?linerid=370&qty=1 - - - 204 - - 0.1367ms
2024-12-03 15:10:07.249 +05:30  INF  Request starting HTTP/1.1 PUT http://localhost:5145/user/updatecartitem?linerid=369&qty=1 - 0
2024-12-03 15:10:07.249 +05:30  INF  CORS policy execution successful.
2024-12-03 15:10:07.249 +05:30  INF  Request starting HTTP/1.1 OPTIONS http://localhost:5145/user/updatecartitem?linerid=364&qty=1 - -
2024-12-03 15:10:07.249 +05:30  INF  Executing endpoint 'BAKERBAZZAR.API.Controller.UserController.UpdateCartItem (BAKERBAZZAR.API)'
2024-12-03 15:10:07.249 +05:30  INF  CORS policy execution successful.
2024-12-03 15:10:07.249 +05:30  INF  Request finished HTTP/1.1 OPTIONS http://localhost:5145/user/updatecartitem?linerid=364&qty=1 - - - 204 - - 0.0722ms
2024-12-03 15:10:07.249 +05:30  INF  Route matched with {action = "UpdateCartItem", controller = "User"}. Executing controller action with signature System.Threading.Tasks.Task`1[Microsoft.AspNetCore.Mvc.ActionResult`1[BAKERBAZZAR.API.Models.ApiResponse]] UpdateCartItem(Int32, Int32) on controller BAKERBAZZAR.API.Controller.UserController (BAKERBAZZAR.API).
2024-12-03 15:10:07.249 +05:30  INF  Request starting HTTP/1.1 OPTIONS http://localhost:5145/user/updatecartitem?linerid=371&qty=1 - -
2024-12-03 15:10:07.249 +05:30  INF  CORS policy execution successful.
2024-12-03 15:10:07.249 +05:30  INF  Request finished HTTP/1.1 OPTIONS http://localhost:5145/user/updatecartitem?linerid=371&qty=1 - - - 204 - - 0.0860ms
2024-12-03 15:10:07.249 +05:30  INF  Request starting HTTP/1.1 OPTIONS http://localhost:5145/user/updatecartitem?linerid=372&qty=1 - -
2024-12-03 15:10:07.249 +05:30  INF  CORS policy execution successful.
2024-12-03 15:10:07.249 +05:30  INF  Request finished HTTP/1.1 OPTIONS http://localhost:5145/user/updatecartitem?linerid=372&qty=1 - - - 204 - - 0.1025ms
2024-12-03 15:10:07.250 +05:30  INF  Request starting HTTP/1.1 OPTIONS http://localhost:5145/user/updatecartitem?linerid=373&qty=1 - -
2024-12-03 15:10:07.250 +05:30  INF  CORS policy execution successful.
2024-12-03 15:10:07.250 +05:30  INF  Request finished HTTP/1.1 OPTIONS http://localhost:5145/user/updatecartitem?linerid=373&qty=1 - - - 204 - - 0.0924ms
2024-12-03 15:10:07.251 +05:30  INF  Executing ObjectResult, writing value of type 'BAKERBAZZAR.API.Models.ApiResponse'.
2024-12-03 15:10:07.251 +05:30  INF  Executed action BAKERBAZZAR.API.Controller.UserController.UpdateCartItem (BAKERBAZZAR.API) in 2.4728ms
2024-12-03 15:10:07.251 +05:30  INF  Executed endpoint 'BAKERBAZZAR.API.Controller.UserController.UpdateCartItem (BAKERBAZZAR.API)'
2024-12-03 15:10:07.251 +05:30  INF  Request finished HTTP/1.1 PUT http://localhost:5145/user/updatecartitem?linerid=369&qty=1 - 0 - 200 - application/json;+charset=utf-8 2.7394ms
2024-12-03 15:10:07.251 +05:30  INF  Request starting HTTP/1.1 PUT http://localhost:5145/user/updatecartitem?linerid=368&qty=1 - 0
2024-12-03 15:10:07.251 +05:30  INF  CORS policy execution successful.
2024-12-03 15:10:07.251 +05:30  INF  Request starting HTTP/1.1 PUT http://localhost:5145/user/updatecartitem?linerid=357&qty=1 - 0
2024-12-03 15:10:07.252 +05:30  INF  Executing endpoint 'BAKERBAZZAR.API.Controller.UserController.UpdateCartItem (BAKERBAZZAR.API)'
2024-12-03 15:10:07.252 +05:30  INF  CORS policy execution successful.
2024-12-03 15:10:07.252 +05:30  INF  Request starting HTTP/1.1 PUT http://localhost:5145/user/updatecartitem?linerid=358&qty=1 - 0
2024-12-03 15:10:07.252 +05:30  INF  Executing endpoint 'BAKERBAZZAR.API.Controller.UserController.UpdateCartItem (BAKERBAZZAR.API)'
2024-12-03 15:10:07.252 +05:30  INF  CORS policy execution successful.
2024-12-03 15:10:07.252 +05:30  INF  Route matched with {action = "UpdateCartItem", controller = "User"}. Executing controller action with signature System.Threading.Tasks.Task`1[Microsoft.AspNetCore.Mvc.ActionResult`1[BAKERBAZZAR.API.Models.ApiResponse]] UpdateCartItem(Int32, Int32) on controller BAKERBAZZAR.API.Controller.UserController (BAKERBAZZAR.API).
2024-12-03 15:10:07.252 +05:30  INF  Executing endpoint 'BAKERBAZZAR.API.Controller.UserController.UpdateCartItem (BAKERBAZZAR.API)'
2024-12-03 15:10:07.252 +05:30  INF  Route matched with {action = "UpdateCartItem", controller = "User"}. Executing controller action with signature System.Threading.Tasks.Task`1[Microsoft.AspNetCore.Mvc.ActionResult`1[BAKERBAZZAR.API.Models.ApiResponse]] UpdateCartItem(Int32, Int32) on controller BAKERBAZZAR.API.Controller.UserController (BAKERBAZZAR.API).
2024-12-03 15:10:07.252 +05:30  INF  Route matched with {action = "UpdateCartItem", controller = "User"}. Executing controller action with signature System.Threading.Tasks.Task`1[Microsoft.AspNetCore.Mvc.ActionResult`1[BAKERBAZZAR.API.Models.ApiResponse]] UpdateCartItem(Int32, Int32) on controller BAKERBAZZAR.API.Controller.UserController (BAKERBAZZAR.API).
2024-12-03 15:10:07.252 +05:30  INF  Request starting HTTP/1.1 PUT http://localhost:5145/user/updatecartitem?linerid=359&qty=1 - 0
2024-12-03 15:10:07.252 +05:30  INF  CORS policy execution successful.
2024-12-03 15:10:07.252 +05:30  INF  Executing endpoint 'BAKERBAZZAR.API.Controller.UserController.UpdateCartItem (BAKERBAZZAR.API)'
2024-12-03 15:10:07.252 +05:30  INF  Route matched with {action = "UpdateCartItem", controller = "User"}. Executing controller action with signature System.Threading.Tasks.Task`1[Microsoft.AspNetCore.Mvc.ActionResult`1[BAKERBAZZAR.API.Models.ApiResponse]] UpdateCartItem(Int32, Int32) on controller BAKERBAZZAR.API.Controller.UserController (BAKERBAZZAR.API).
2024-12-03 15:10:07.252 +05:30  INF  Request starting HTTP/1.1 PUT http://localhost:5145/user/updatecartitem?linerid=360&qty=1 - 0
2024-12-03 15:10:07.253 +05:30  INF  Request starting HTTP/1.1 PUT http://localhost:5145/user/updatecartitem?linerid=361&qty=1 - 0
2024-12-03 15:10:07.253 +05:30  INF  CORS policy execution successful.
2024-12-03 15:10:07.253 +05:30  INF  CORS policy execution successful.
2024-12-03 15:10:07.253 +05:30  INF  Executing endpoint 'BAKERBAZZAR.API.Controller.UserController.UpdateCartItem (BAKERBAZZAR.API)'
2024-12-03 15:10:07.253 +05:30  INF  Executing endpoint 'BAKERBAZZAR.API.Controller.UserController.UpdateCartItem (BAKERBAZZAR.API)'
2024-12-03 15:10:07.253 +05:30  INF  Route matched with {action = "UpdateCartItem", controller = "User"}. Executing controller action with signature System.Threading.Tasks.Task`1[Microsoft.AspNetCore.Mvc.ActionResult`1[BAKERBAZZAR.API.Models.ApiResponse]] UpdateCartItem(Int32, Int32) on controller BAKERBAZZAR.API.Controller.UserController (BAKERBAZZAR.API).
2024-12-03 15:10:07.253 +05:30  INF  Route matched with {action = "UpdateCartItem", controller = "User"}. Executing controller action with signature System.Threading.Tasks.Task`1[Microsoft.AspNetCore.Mvc.ActionResult`1[BAKERBAZZAR.API.Models.ApiResponse]] UpdateCartItem(Int32, Int32) on controller BAKERBAZZAR.API.Controller.UserController (BAKERBAZZAR.API).
2024-12-03 15:10:07.254 +05:30  INF  Executing ObjectResult, writing value of type 'BAKERBAZZAR.API.Models.ApiResponse'.
2024-12-03 15:10:07.254 +05:30  INF  Executing ObjectResult, writing value of type 'BAKERBAZZAR.API.Models.ApiResponse'.
2024-12-03 15:10:07.254 +05:30  INF  Executed action BAKERBAZZAR.API.Controller.UserController.UpdateCartItem (BAKERBAZZAR.API) in 2.5423ms
2024-12-03 15:10:07.254 +05:30  INF  Executed action BAKERBAZZAR.API.Controller.UserController.UpdateCartItem (BAKERBAZZAR.API) in 2.1394ms
2024-12-03 15:10:07.254 +05:30  INF  Executed endpoint 'BAKERBAZZAR.API.Controller.UserController.UpdateCartItem (BAKERBAZZAR.API)'
2024-12-03 15:10:07.254 +05:30  INF  Executed endpoint 'BAKERBAZZAR.API.Controller.UserController.UpdateCartItem (BAKERBAZZAR.API)'
2024-12-03 15:10:07.254 +05:30  INF  Request finished HTTP/1.1 PUT http://localhost:5145/user/updatecartitem?linerid=359&qty=1 - 0 - 200 - application/json;+charset=utf-8 2.3454ms
2024-12-03 15:10:07.254 +05:30  INF  Request finished HTTP/1.1 PUT http://localhost:5145/user/updatecartitem?linerid=368&qty=1 - 0 - 200 - application/json;+charset=utf-8 2.8183ms
2024-12-03 15:10:07.255 +05:30  INF  Executing ObjectResult, writing value of type 'BAKERBAZZAR.API.Models.ApiResponse'.
2024-12-03 15:10:07.255 +05:30  INF  Executed action BAKERBAZZAR.API.Controller.UserController.UpdateCartItem (BAKERBAZZAR.API) in 3.0115ms
2024-12-03 15:10:07.255 +05:30  INF  Executed endpoint 'BAKERBAZZAR.API.Controller.UserController.UpdateCartItem (BAKERBAZZAR.API)'
2024-12-03 15:10:07.255 +05:30  INF  Request finished HTTP/1.1 PUT http://localhost:5145/user/updatecartitem?linerid=357&qty=1 - 0 - 200 - application/json;+charset=utf-8 3.2475ms
2024-12-03 15:10:07.255 +05:30  INF  Executing ObjectResult, writing value of type 'BAKERBAZZAR.API.Models.ApiResponse'.
2024-12-03 15:10:07.255 +05:30  INF  Executed action BAKERBAZZAR.API.Controller.UserController.UpdateCartItem (BAKERBAZZAR.API) in 3.6024ms
2024-12-03 15:10:07.255 +05:30  INF  Executed endpoint 'BAKERBAZZAR.API.Controller.UserController.UpdateCartItem (BAKERBAZZAR.API)'
2024-12-03 15:10:07.255 +05:30  INF  Request finished HTTP/1.1 PUT http://localhost:5145/user/updatecartitem?linerid=358&qty=1 - 0 - 200 - application/json;+charset=utf-8 3.7850ms
2024-12-03 15:10:07.256 +05:30  INF  Executing ObjectResult, writing value of type 'BAKERBAZZAR.API.Models.ApiResponse'.
2024-12-03 15:10:07.256 +05:30  INF  Executed action BAKERBAZZAR.API.Controller.UserController.UpdateCartItem (BAKERBAZZAR.API) in 2.9164ms
2024-12-03 15:10:07.256 +05:30  INF  Executed endpoint 'BAKERBAZZAR.API.Controller.UserController.UpdateCartItem (BAKERBAZZAR.API)'
2024-12-03 15:10:07.256 +05:30  INF  Request finished HTTP/1.1 PUT http://localhost:5145/user/updatecartitem?linerid=361&qty=1 - 0 - 200 - application/json;+charset=utf-8 3.2015ms
2024-12-03 15:10:07.256 +05:30  INF  Executing ObjectResult, writing value of type 'BAKERBAZZAR.API.Models.ApiResponse'.
2024-12-03 15:10:07.256 +05:30  INF  Executed action BAKERBAZZAR.API.Controller.UserController.UpdateCartItem (BAKERBAZZAR.API) in 3.1769ms
2024-12-03 15:10:07.256 +05:30  INF  Executed endpoint 'BAKERBAZZAR.API.Controller.UserController.UpdateCartItem (BAKERBAZZAR.API)'
2024-12-03 15:10:07.256 +05:30  INF  Request finished HTTP/1.1 PUT http://localhost:5145/user/updatecartitem?linerid=360&qty=1 - 0 - 200 - application/json;+charset=utf-8 3.6495ms
2024-12-03 15:10:07.257 +05:30  INF  Request starting HTTP/1.1 PUT http://localhost:5145/user/updatecartitem?linerid=366&qty=1 - 0
2024-12-03 15:10:07.257 +05:30  INF  CORS policy execution successful.
2024-12-03 15:10:07.257 +05:30  INF  Executing endpoint 'BAKERBAZZAR.API.Controller.UserController.UpdateCartItem (BAKERBAZZAR.API)'
2024-12-03 15:10:07.257 +05:30  INF  Route matched with {action = "UpdateCartItem", controller = "User"}. Executing controller action with signature System.Threading.Tasks.Task`1[Microsoft.AspNetCore.Mvc.ActionResult`1[BAKERBAZZAR.API.Models.ApiResponse]] UpdateCartItem(Int32, Int32) on controller BAKERBAZZAR.API.Controller.UserController (BAKERBAZZAR.API).
2024-12-03 15:10:07.258 +05:30  INF  Request starting HTTP/1.1 PUT http://localhost:5145/user/updatecartitem?linerid=370&qty=1 - 0
2024-12-03 15:10:07.258 +05:30  INF  CORS policy execution successful.
2024-12-03 15:10:07.259 +05:30  INF  Executing endpoint 'BAKERBAZZAR.API.Controller.UserController.UpdateCartItem (BAKERBAZZAR.API)'
2024-12-03 15:10:07.259 +05:30  INF  Route matched with {action = "UpdateCartItem", controller = "User"}. Executing controller action with signature System.Threading.Tasks.Task`1[Microsoft.AspNetCore.Mvc.ActionResult`1[BAKERBAZZAR.API.Models.ApiResponse]] UpdateCartItem(Int32, Int32) on controller BAKERBAZZAR.API.Controller.UserController (BAKERBAZZAR.API).
2024-12-03 15:10:07.259 +05:30  INF  Request starting HTTP/1.1 PUT http://localhost:5145/user/updatecartitem?linerid=364&qty=1 - 0
2024-12-03 15:10:07.259 +05:30  INF  CORS policy execution successful.
2024-12-03 15:10:07.259 +05:30  INF  Executing endpoint 'BAKERBAZZAR.API.Controller.UserController.UpdateCartItem (BAKERBAZZAR.API)'
2024-12-03 15:10:07.259 +05:30  INF  Route matched with {action = "UpdateCartItem", controller = "User"}. Executing controller action with signature System.Threading.Tasks.Task`1[Microsoft.AspNetCore.Mvc.ActionResult`1[BAKERBAZZAR.API.Models.ApiResponse]] UpdateCartItem(Int32, Int32) on controller BAKERBAZZAR.API.Controller.UserController (BAKERBAZZAR.API).
2024-12-03 15:10:07.259 +05:30  INF  Request starting HTTP/1.1 PUT http://localhost:5145/user/updatecartitem?linerid=371&qty=1 - 0
2024-12-03 15:10:07.259 +05:30  INF  CORS policy execution successful.
2024-12-03 15:10:07.259 +05:30  INF  Executing endpoint 'BAKERBAZZAR.API.Controller.UserController.UpdateCartItem (BAKERBAZZAR.API)'
2024-12-03 15:10:07.259 +05:30  INF  Request starting HTTP/1.1 PUT http://localhost:5145/user/updatecartitem?linerid=372&qty=1 - 0
2024-12-03 15:10:07.259 +05:30  INF  Route matched with {action = "UpdateCartItem", controller = "User"}. Executing controller action with signature System.Threading.Tasks.Task`1[Microsoft.AspNetCore.Mvc.ActionResult`1[BAKERBAZZAR.API.Models.ApiResponse]] UpdateCartItem(Int32, Int32) on controller BAKERBAZZAR.API.Controller.UserController (BAKERBAZZAR.API).
2024-12-03 15:10:07.259 +05:30  INF  Request starting HTTP/1.1 PUT http://localhost:5145/user/updatecartitem?linerid=373&qty=1 - 0
2024-12-03 15:10:07.260 +05:30  INF  CORS policy execution successful.
2024-12-03 15:10:07.260 +05:30  INF  Executing endpoint 'BAKERBAZZAR.API.Controller.UserController.UpdateCartItem (BAKERBAZZAR.API)'
2024-12-03 15:10:07.260 +05:30  INF  Route matched with {action = "UpdateCartItem", controller = "User"}. Executing controller action with signature System.Threading.Tasks.Task`1[Microsoft.AspNetCore.Mvc.ActionResult`1[BAKERBAZZAR.API.Models.ApiResponse]] UpdateCartItem(Int32, Int32) on controller BAKERBAZZAR.API.Controller.UserController (BAKERBAZZAR.API).
2024-12-03 15:10:07.260 +05:30  INF  CORS policy execution successful.
2024-12-03 15:10:07.260 +05:30  INF  Executing endpoint 'BAKERBAZZAR.API.Controller.UserController.UpdateCartItem (BAKERBAZZAR.API)'
2024-12-03 15:10:07.260 +05:30  INF  Route matched with {action = "UpdateCartItem", controller = "User"}. Executing controller action with signature System.Threading.Tasks.Task`1[Microsoft.AspNetCore.Mvc.ActionResult`1[BAKERBAZZAR.API.Models.ApiResponse]] UpdateCartItem(Int32, Int32) on controller BAKERBAZZAR.API.Controller.UserController (BAKERBAZZAR.API).
2024-12-03 15:10:07.261 +05:30  INF  Executing ObjectResult, writing value of type 'BAKERBAZZAR.API.Models.ApiResponse'.
2024-12-03 15:10:07.261 +05:30  INF  Executing ObjectResult, writing value of type 'BAKERBAZZAR.API.Models.ApiResponse'.
2024-12-03 15:10:07.261 +05:30  INF  Executed action BAKERBAZZAR.API.Controller.UserController.UpdateCartItem (BAKERBAZZAR.API) in 4.2333ms
2024-12-03 15:10:07.261 +05:30  INF  Executed endpoint 'BAKERBAZZAR.API.Controller.UserController.UpdateCartItem (BAKERBAZZAR.API)'
2024-12-03 15:10:07.262 +05:30  INF  Executed action BAKERBAZZAR.API.Controller.UserController.UpdateCartItem (BAKERBAZZAR.API) in 2.327ms
2024-12-03 15:10:07.262 +05:30  INF  Executed endpoint 'BAKERBAZZAR.API.Controller.UserController.UpdateCartItem (BAKERBAZZAR.API)'
2024-12-03 15:10:07.262 +05:30  INF  Request finished HTTP/1.1 PUT http://localhost:5145/user/updatecartitem?linerid=366&qty=1 - 0 - 200 - application/json;+charset=utf-8 5.0964ms
2024-12-03 15:10:07.262 +05:30  INF  Executing ObjectResult, writing value of type 'BAKERBAZZAR.API.Models.ApiResponse'.
2024-12-03 15:10:07.262 +05:30  INF  Request finished HTTP/1.1 PUT http://localhost:5145/user/updatecartitem?linerid=364&qty=1 - 0 - 200 - application/json;+charset=utf-8 2.5991ms
2024-12-03 15:10:07.262 +05:30  INF  Executed action BAKERBAZZAR.API.Controller.UserController.UpdateCartItem (BAKERBAZZAR.API) in 2.9923ms
2024-12-03 15:10:07.262 +05:30  INF  Executed endpoint 'BAKERBAZZAR.API.Controller.UserController.UpdateCartItem (BAKERBAZZAR.API)'
2024-12-03 15:10:07.262 +05:30  INF  Request finished HTTP/1.1 PUT http://localhost:5145/user/updatecartitem?linerid=370&qty=1 - 0 - 200 - application/json;+charset=utf-8 3.2562ms
2024-12-03 15:10:07.262 +05:30  INF  Executing ObjectResult, writing value of type 'BAKERBAZZAR.API.Models.ApiResponse'.
2024-12-03 15:10:07.262 +05:30  INF  Executed action BAKERBAZZAR.API.Controller.UserController.UpdateCartItem (BAKERBAZZAR.API) in 2.1216ms
2024-12-03 15:10:07.262 +05:30  INF  Executed endpoint 'BAKERBAZZAR.API.Controller.UserController.UpdateCartItem (BAKERBAZZAR.API)'
2024-12-03 15:10:07.262 +05:30  INF  Request finished HTTP/1.1 PUT http://localhost:5145/user/updatecartitem?linerid=373&qty=1 - 0 - 200 - application/json;+charset=utf-8 2.3828ms
2024-12-03 15:10:07.262 +05:30  INF  Executing ObjectResult, writing value of type 'BAKERBAZZAR.API.Models.ApiResponse'.
2024-12-03 15:10:07.262 +05:30  INF  Executed action BAKERBAZZAR.API.Controller.UserController.UpdateCartItem (BAKERBAZZAR.API) in 2.3746ms
2024-12-03 15:10:07.262 +05:30  INF  Executed endpoint 'BAKERBAZZAR.API.Controller.UserController.UpdateCartItem (BAKERBAZZAR.API)'
2024-12-03 15:10:07.262 +05:30  INF  Request finished HTTP/1.1 PUT http://localhost:5145/user/updatecartitem?linerid=371&qty=1 - 0 - 200 - application/json;+charset=utf-8 2.7309ms
2024-12-03 15:10:07.262 +05:30  INF  Executing ObjectResult, writing value of type 'BAKERBAZZAR.API.Models.ApiResponse'.
2024-12-03 15:10:07.262 +05:30  INF  Executed action BAKERBAZZAR.API.Controller.UserController.UpdateCartItem (BAKERBAZZAR.API) in 2.3641ms
2024-12-03 15:10:07.262 +05:30  INF  Executed endpoint 'BAKERBAZZAR.API.Controller.UserController.UpdateCartItem (BAKERBAZZAR.API)'
2024-12-03 15:10:07.262 +05:30  INF  Request finished HTTP/1.1 PUT http://localhost:5145/user/updatecartitem?linerid=372&qty=1 - 0 - 200 - application/json;+charset=utf-8 3.0048ms
2024-12-03 15:10:07.264 +05:30  INF  Request starting HTTP/1.1 PUT http://localhost:5145/user/updatecartitem?linerid=369&qty=1 - 0
2024-12-03 15:10:07.264 +05:30  INF  Request starting HTTP/1.1 PUT http://localhost:5145/user/updatecartitem?linerid=368&qty=1 - 0
2024-12-03 15:10:07.264 +05:30  INF  Request starting HTTP/1.1 PUT http://localhost:5145/user/updatecartitem?linerid=357&qty=1 - 0
2024-12-03 15:10:07.264 +05:30  INF  CORS policy execution successful.
2024-12-03 15:10:07.264 +05:30  INF  CORS policy execution successful.
2024-12-03 15:10:07.264 +05:30  INF  Request starting HTTP/1.1 PUT http://localhost:5145/user/updatecartitem?linerid=359&qty=1 - 0
2024-12-03 15:10:07.264 +05:30  INF  CORS policy execution successful.
2024-12-03 15:10:07.264 +05:30  INF  CORS policy execution successful.
2024-12-03 15:10:07.264 +05:30  INF  Executing endpoint 'BAKERBAZZAR.API.Controller.UserController.UpdateCartItem (BAKERBAZZAR.API)'
2024-12-03 15:10:07.264 +05:30  INF  Executing endpoint 'BAKERBAZZAR.API.Controller.UserController.UpdateCartItem (BAKERBAZZAR.API)'
2024-12-03 15:10:07.264 +05:30  INF  Request starting HTTP/1.1 PUT http://localhost:5145/user/updatecartitem?linerid=360&qty=1 - 0
2024-12-03 15:10:07.264 +05:30  INF  Executing endpoint 'BAKERBAZZAR.API.Controller.UserController.UpdateCartItem (BAKERBAZZAR.API)'
2024-12-03 15:10:07.264 +05:30  INF  Route matched with {action = "UpdateCartItem", controller = "User"}. Executing controller action with signature System.Threading.Tasks.Task`1[Microsoft.AspNetCore.Mvc.ActionResult`1[BAKERBAZZAR.API.Models.ApiResponse]] UpdateCartItem(Int32, Int32) on controller BAKERBAZZAR.API.Controller.UserController (BAKERBAZZAR.API).
2024-12-03 15:10:07.264 +05:30  INF  Request starting HTTP/1.1 PUT http://localhost:5145/user/updatecartitem?linerid=358&qty=1 - 0
2024-12-03 15:10:07.264 +05:30  INF  Route matched with {action = "UpdateCartItem", controller = "User"}. Executing controller action with signature System.Threading.Tasks.Task`1[Microsoft.AspNetCore.Mvc.ActionResult`1[BAKERBAZZAR.API.Models.ApiResponse]] UpdateCartItem(Int32, Int32) on controller BAKERBAZZAR.API.Controller.UserController (BAKERBAZZAR.API).
2024-12-03 15:10:07.264 +05:30  INF  CORS policy execution successful.
2024-12-03 15:10:07.264 +05:30  INF  Executing endpoint 'BAKERBAZZAR.API.Controller.UserController.UpdateCartItem (BAKERBAZZAR.API)'
2024-12-03 15:10:07.264 +05:30  INF  Executing endpoint 'BAKERBAZZAR.API.Controller.UserController.UpdateCartItem (BAKERBAZZAR.API)'
2024-12-03 15:10:07.264 +05:30  INF  CORS policy execution successful.
2024-12-03 15:10:07.264 +05:30  INF  Route matched with {action = "UpdateCartItem", controller = "User"}. Executing controller action with signature System.Threading.Tasks.Task`1[Microsoft.AspNetCore.Mvc.ActionResult`1[BAKERBAZZAR.API.Models.ApiResponse]] UpdateCartItem(Int32, Int32) on controller BAKERBAZZAR.API.Controller.UserController (BAKERBAZZAR.API).
2024-12-03 15:10:07.264 +05:30  INF  Route matched with {action = "UpdateCartItem", controller = "User"}. Executing controller action with signature System.Threading.Tasks.Task`1[Microsoft.AspNetCore.Mvc.ActionResult`1[BAKERBAZZAR.API.Models.ApiResponse]] UpdateCartItem(Int32, Int32) on controller BAKERBAZZAR.API.Controller.UserController (BAKERBAZZAR.API).
2024-12-03 15:10:07.264 +05:30  INF  Executing endpoint 'BAKERBAZZAR.API.Controller.UserController.UpdateCartItem (BAKERBAZZAR.API)'
2024-12-03 15:10:07.264 +05:30  INF  Route matched with {action = "UpdateCartItem", controller = "User"}. Executing controller action with signature System.Threading.Tasks.Task`1[Microsoft.AspNetCore.Mvc.ActionResult`1[BAKERBAZZAR.API.Models.ApiResponse]] UpdateCartItem(Int32, Int32) on controller BAKERBAZZAR.API.Controller.UserController (BAKERBAZZAR.API).
2024-12-03 15:10:07.265 +05:30  INF  Route matched with {action = "UpdateCartItem", controller = "User"}. Executing controller action with signature System.Threading.Tasks.Task`1[Microsoft.AspNetCore.Mvc.ActionResult`1[BAKERBAZZAR.API.Models.ApiResponse]] UpdateCartItem(Int32, Int32) on controller BAKERBAZZAR.API.Controller.UserController (BAKERBAZZAR.API).
2024-12-03 15:10:07.267 +05:30  INF  Executing ObjectResult, writing value of type 'BAKERBAZZAR.API.Models.ApiResponse'.
2024-12-03 15:10:07.267 +05:30  INF  Executing ObjectResult, writing value of type 'BAKERBAZZAR.API.Models.ApiResponse'.
2024-12-03 15:10:07.267 +05:30  INF  Executed action BAKERBAZZAR.API.Controller.UserController.UpdateCartItem (BAKERBAZZAR.API) in 2.4335ms
2024-12-03 15:10:07.267 +05:30  INF  Executed action BAKERBAZZAR.API.Controller.UserController.UpdateCartItem (BAKERBAZZAR.API) in 2.4826ms
2024-12-03 15:10:07.267 +05:30  INF  Executed endpoint 'BAKERBAZZAR.API.Controller.UserController.UpdateCartItem (BAKERBAZZAR.API)'
2024-12-03 15:10:07.267 +05:30  INF  Executed endpoint 'BAKERBAZZAR.API.Controller.UserController.UpdateCartItem (BAKERBAZZAR.API)'
2024-12-03 15:10:07.267 +05:30  INF  Request finished HTTP/1.1 PUT http://localhost:5145/user/updatecartitem?linerid=359&qty=1 - 0 - 200 - application/json;+charset=utf-8 2.9011ms
2024-12-03 15:10:07.267 +05:30  INF  Request finished HTTP/1.1 PUT http://localhost:5145/user/updatecartitem?linerid=360&qty=1 - 0 - 200 - application/json;+charset=utf-8 2.8931ms
2024-12-03 15:10:07.267 +05:30  INF  Executing ObjectResult, writing value of type 'BAKERBAZZAR.API.Models.ApiResponse'.
2024-12-03 15:10:07.267 +05:30  INF  Executed action BAKERBAZZAR.API.Controller.UserController.UpdateCartItem (BAKERBAZZAR.API) in 2.9296ms
2024-12-03 15:10:07.267 +05:30  INF  Executed endpoint 'BAKERBAZZAR.API.Controller.UserController.UpdateCartItem (BAKERBAZZAR.API)'
2024-12-03 15:10:07.267 +05:30  INF  Executing ObjectResult, writing value of type 'BAKERBAZZAR.API.Models.ApiResponse'.
2024-12-03 15:10:07.267 +05:30  INF  Request finished HTTP/1.1 PUT http://localhost:5145/user/updatecartitem?linerid=369&qty=1 - 0 - 200 - application/json;+charset=utf-8 3.4378ms
2024-12-03 15:10:07.267 +05:30  INF  Executed action BAKERBAZZAR.API.Controller.UserController.UpdateCartItem (BAKERBAZZAR.API) in 2.9259ms
2024-12-03 15:10:07.267 +05:30  INF  Executed endpoint 'BAKERBAZZAR.API.Controller.UserController.UpdateCartItem (BAKERBAZZAR.API)'
2024-12-03 15:10:07.267 +05:30  INF  Request finished HTTP/1.1 PUT http://localhost:5145/user/updatecartitem?linerid=358&qty=1 - 0 - 200 - application/json;+charset=utf-8 3.3756ms
2024-12-03 15:10:07.267 +05:30  INF  Executing ObjectResult, writing value of type 'BAKERBAZZAR.API.Models.ApiResponse'.
2024-12-03 15:10:07.268 +05:30  INF  Executed action BAKERBAZZAR.API.Controller.UserController.UpdateCartItem (BAKERBAZZAR.API) in 3.0413ms
2024-12-03 15:10:07.268 +05:30  INF  Executed endpoint 'BAKERBAZZAR.API.Controller.UserController.UpdateCartItem (BAKERBAZZAR.API)'
2024-12-03 15:10:07.268 +05:30  INF  Request finished HTTP/1.1 PUT http://localhost:5145/user/updatecartitem?linerid=368&qty=1 - 0 - 200 - application/json;+charset=utf-8 3.6268ms
2024-12-03 15:10:07.268 +05:30  INF  Executing ObjectResult, writing value of type 'BAKERBAZZAR.API.Models.ApiResponse'.
2024-12-03 15:10:07.268 +05:30  INF  Executed action BAKERBAZZAR.API.Controller.UserController.UpdateCartItem (BAKERBAZZAR.API) in 3.2518ms
2024-12-03 15:10:07.268 +05:30  INF  Executed endpoint 'BAKERBAZZAR.API.Controller.UserController.UpdateCartItem (BAKERBAZZAR.API)'
2024-12-03 15:10:07.268 +05:30  INF  Request finished HTTP/1.1 PUT http://localhost:5145/user/updatecartitem?linerid=357&qty=1 - 0 - 200 - application/json;+charset=utf-8 3.6663ms
2024-12-03 15:10:07.270 +05:30  INF  Request starting HTTP/1.1 PUT http://localhost:5145/user/updatecartitem?linerid=361&qty=1 - 0
2024-12-03 15:10:07.270 +05:30  INF  Request starting HTTP/1.1 PUT http://localhost:5145/user/updatecartitem?linerid=366&qty=1 - 0
2024-12-03 15:10:07.270 +05:30  INF  CORS policy execution successful.
2024-12-03 15:10:07.270 +05:30  INF  CORS policy execution successful.
2024-12-03 15:10:07.270 +05:30  INF  Executing endpoint 'BAKERBAZZAR.API.Controller.UserController.UpdateCartItem (BAKERBAZZAR.API)'
2024-12-03 15:10:07.270 +05:30  INF  Executing endpoint 'BAKERBAZZAR.API.Controller.UserController.UpdateCartItem (BAKERBAZZAR.API)'
2024-12-03 15:10:07.270 +05:30  INF  Request starting HTTP/1.1 GET http://localhost:5145/User/CartDetails?displayid=9c80da83-6ccc-4dfb-8e33-09d723c0df33 - -
2024-12-03 15:10:07.270 +05:30  INF  Route matched with {action = "UpdateCartItem", controller = "User"}. Executing controller action with signature System.Threading.Tasks.Task`1[Microsoft.AspNetCore.Mvc.ActionResult`1[BAKERBAZZAR.API.Models.ApiResponse]] UpdateCartItem(Int32, Int32) on controller BAKERBAZZAR.API.Controller.UserController (BAKERBAZZAR.API).
2024-12-03 15:10:07.270 +05:30  INF  Request starting HTTP/1.1 PUT http://localhost:5145/user/updatecartitem?linerid=370&qty=1 - 0
2024-12-03 15:10:07.270 +05:30  INF  Route matched with {action = "UpdateCartItem", controller = "User"}. Executing controller action with signature System.Threading.Tasks.Task`1[Microsoft.AspNetCore.Mvc.ActionResult`1[BAKERBAZZAR.API.Models.ApiResponse]] UpdateCartItem(Int32, Int32) on controller BAKERBAZZAR.API.Controller.UserController (BAKERBAZZAR.API).
2024-12-03 15:10:07.270 +05:30  INF  CORS policy execution successful.
2024-12-03 15:10:07.270 +05:30  INF  Request starting HTTP/1.1 PUT http://localhost:5145/user/updatecartitem?linerid=371&qty=1 - 0
2024-12-03 15:10:07.270 +05:30  INF  Executing endpoint 'BAKERBAZZAR.API.Controller.UserController.UpdateCartItem (BAKERBAZZAR.API)'
2024-12-03 15:10:07.270 +05:30  INF  CORS policy execution successful.
2024-12-03 15:10:07.270 +05:30  INF  Route matched with {action = "UpdateCartItem", controller = "User"}. Executing controller action with signature System.Threading.Tasks.Task`1[Microsoft.AspNetCore.Mvc.ActionResult`1[BAKERBAZZAR.API.Models.ApiResponse]] UpdateCartItem(Int32, Int32) on controller BAKERBAZZAR.API.Controller.UserController (BAKERBAZZAR.API).
2024-12-03 15:10:07.270 +05:30  INF  CORS policy execution successful.
2024-12-03 15:10:07.270 +05:30  INF  Executing endpoint 'BAKERBAZZAR.API.Controller.UserController.CartDetails (BAKERBAZZAR.API)'
2024-12-03 15:10:07.270 +05:30  INF  Executing endpoint 'BAKERBAZZAR.API.Controller.UserController.UpdateCartItem (BAKERBAZZAR.API)'
2024-12-03 15:10:07.270 +05:30  INF  Route matched with {action = "CartDetails", controller = "User"}. Executing controller action with signature System.Threading.Tasks.Task`1[Microsoft.AspNetCore.Mvc.ActionResult`1[BAKERBAZZAR.API.Models.ApiResponse]] CartDetails(System.String) on controller BAKERBAZZAR.API.Controller.UserController (BAKERBAZZAR.API).
2024-12-03 15:10:07.270 +05:30  INF  Request starting HTTP/1.1 PUT http://localhost:5145/user/updatecartitem?linerid=364&qty=1 - 0
2024-12-03 15:10:07.270 +05:30  INF  Route matched with {action = "UpdateCartItem", controller = "User"}. Executing controller action with signature System.Threading.Tasks.Task`1[Microsoft.AspNetCore.Mvc.ActionResult`1[BAKERBAZZAR.API.Models.ApiResponse]] UpdateCartItem(Int32, Int32) on controller BAKERBAZZAR.API.Controller.UserController (BAKERBAZZAR.API).
2024-12-03 15:10:07.270 +05:30  INF  CORS policy execution successful.
2024-12-03 15:10:07.270 +05:30  INF  Executing endpoint 'BAKERBAZZAR.API.Controller.UserController.UpdateCartItem (BAKERBAZZAR.API)'
2024-12-03 15:10:07.270 +05:30  INF  Route matched with {action = "UpdateCartItem", controller = "User"}. Executing controller action with signature System.Threading.Tasks.Task`1[Microsoft.AspNetCore.Mvc.ActionResult`1[BAKERBAZZAR.API.Models.ApiResponse]] UpdateCartItem(Int32, Int32) on controller BAKERBAZZAR.API.Controller.UserController (BAKERBAZZAR.API).
2024-12-03 15:10:07.272 +05:30  INF  Executing ObjectResult, writing value of type 'BAKERBAZZAR.API.Models.ApiResponse'.
2024-12-03 15:10:07.272 +05:30  INF  Executing ObjectResult, writing value of type 'BAKERBAZZAR.API.Models.ApiResponse'.
2024-12-03 15:10:07.272 +05:30  INF  Executing ObjectResult, writing value of type 'BAKERBAZZAR.API.Models.ApiResponse'.
2024-12-03 15:10:07.272 +05:30  INF  Executed action BAKERBAZZAR.API.Controller.UserController.UpdateCartItem (BAKERBAZZAR.API) in 2.5563ms
2024-12-03 15:10:07.272 +05:30  INF  Executed action BAKERBAZZAR.API.Controller.UserController.UpdateCartItem (BAKERBAZZAR.API) in 2.4967ms
2024-12-03 15:10:07.272 +05:30  INF  Executed endpoint 'BAKERBAZZAR.API.Controller.UserController.UpdateCartItem (BAKERBAZZAR.API)'
2024-12-03 15:10:07.272 +05:30  INF  Executed endpoint 'BAKERBAZZAR.API.Controller.UserController.UpdateCartItem (BAKERBAZZAR.API)'
2024-12-03 15:10:07.272 +05:30  INF  Executing ObjectResult, writing value of type 'BAKERBAZZAR.API.Models.ApiResponse'.
2024-12-03 15:10:07.272 +05:30  INF  Executed action BAKERBAZZAR.API.Controller.UserController.UpdateCartItem (BAKERBAZZAR.API) in 2.3719ms
2024-12-03 15:10:07.272 +05:30  INF  Request finished HTTP/1.1 PUT http://localhost:5145/user/updatecartitem?linerid=361&qty=1 - 0 - 200 - application/json;+charset=utf-8 2.9228ms
2024-12-03 15:10:07.273 +05:30  INF  Executed endpoint 'BAKERBAZZAR.API.Controller.UserController.UpdateCartItem (BAKERBAZZAR.API)'
2024-12-03 15:10:07.272 +05:30  INF  Request finished HTTP/1.1 PUT http://localhost:5145/user/updatecartitem?linerid=366&qty=1 - 0 - 200 - application/json;+charset=utf-8 2.8734ms
2024-12-03 15:10:07.273 +05:30  INF  Executing ObjectResult, writing value of type 'BAKERBAZZAR.API.Models.ApiResponse'.
2024-12-03 15:10:07.272 +05:30  INF  Executed action BAKERBAZZAR.API.Controller.UserController.UpdateCartItem (BAKERBAZZAR.API) in 2.3279ms
2024-12-03 15:10:07.273 +05:30  INF  Executed action BAKERBAZZAR.API.Controller.UserController.UpdateCartItem (BAKERBAZZAR.API) in 2.5277ms
2024-12-03 15:10:07.273 +05:30  INF  Request finished HTTP/1.1 PUT http://localhost:5145/user/updatecartitem?linerid=370&qty=1 - 0 - 200 - application/json;+charset=utf-8 2.8233ms
2024-12-03 15:10:07.273 +05:30  INF  Executed endpoint 'BAKERBAZZAR.API.Controller.UserController.UpdateCartItem (BAKERBAZZAR.API)'
2024-12-03 15:10:07.273 +05:30  INF  Executed endpoint 'BAKERBAZZAR.API.Controller.UserController.UpdateCartItem (BAKERBAZZAR.API)'
2024-12-03 15:10:07.273 +05:30  INF  Request finished HTTP/1.1 PUT http://localhost:5145/user/updatecartitem?linerid=371&qty=1 - 0 - 200 - application/json;+charset=utf-8 2.8133ms
2024-12-03 15:10:07.273 +05:30  INF  Request finished HTTP/1.1 PUT http://localhost:5145/user/updatecartitem?linerid=364&qty=1 - 0 - 200 - application/json;+charset=utf-8 2.8315ms
2024-12-03 15:10:07.274 +05:30  INF  Request starting HTTP/1.1 PUT http://localhost:5145/user/updatecartitem?linerid=373&qty=1 - 0
2024-12-03 15:10:07.274 +05:30  INF  Request starting HTTP/1.1 PUT http://localhost:5145/user/updatecartitem?linerid=372&qty=1 - 0
2024-12-03 15:10:07.275 +05:30  INF  CORS policy execution successful.
2024-12-03 15:10:07.275 +05:30  INF  CORS policy execution successful.
2024-12-03 15:10:07.275 +05:30  INF  Executing endpoint 'BAKERBAZZAR.API.Controller.UserController.UpdateCartItem (BAKERBAZZAR.API)'
2024-12-03 15:10:07.275 +05:30  INF  Executing endpoint 'BAKERBAZZAR.API.Controller.UserController.UpdateCartItem (BAKERBAZZAR.API)'
2024-12-03 15:10:07.275 +05:30  INF  Route matched with {action = "UpdateCartItem", controller = "User"}. Executing controller action with signature System.Threading.Tasks.Task`1[Microsoft.AspNetCore.Mvc.ActionResult`1[BAKERBAZZAR.API.Models.ApiResponse]] UpdateCartItem(Int32, Int32) on controller BAKERBAZZAR.API.Controller.UserController (BAKERBAZZAR.API).
2024-12-03 15:10:07.275 +05:30  INF  Route matched with {action = "UpdateCartItem", controller = "User"}. Executing controller action with signature System.Threading.Tasks.Task`1[Microsoft.AspNetCore.Mvc.ActionResult`1[BAKERBAZZAR.API.Models.ApiResponse]] UpdateCartItem(Int32, Int32) on controller BAKERBAZZAR.API.Controller.UserController (BAKERBAZZAR.API).
2024-12-03 15:10:07.277 +05:30  INF  Executing ObjectResult, writing value of type 'BAKERBAZZAR.API.Models.ApiResponse'.
2024-12-03 15:10:07.277 +05:30  INF  Executing ObjectResult, writing value of type 'BAKERBAZZAR.API.Models.ApiResponse'.
2024-12-03 15:10:07.277 +05:30  INF  Executed action BAKERBAZZAR.API.Controller.UserController.UpdateCartItem (BAKERBAZZAR.API) in 2.3604ms
2024-12-03 15:10:07.277 +05:30  INF  Executed action BAKERBAZZAR.API.Controller.UserController.UpdateCartItem (BAKERBAZZAR.API) in 2.3523ms
2024-12-03 15:10:07.277 +05:30  INF  Executed endpoint 'BAKERBAZZAR.API.Controller.UserController.UpdateCartItem (BAKERBAZZAR.API)'
2024-12-03 15:10:07.277 +05:30  INF  Executed endpoint 'BAKERBAZZAR.API.Controller.UserController.UpdateCartItem (BAKERBAZZAR.API)'
2024-12-03 15:10:07.277 +05:30  INF  Request finished HTTP/1.1 PUT http://localhost:5145/user/updatecartitem?linerid=373&qty=1 - 0 - 200 - application/json;+charset=utf-8 2.6976ms
2024-12-03 15:10:07.277 +05:30  INF  Request finished HTTP/1.1 PUT http://localhost:5145/user/updatecartitem?linerid=372&qty=1 - 0 - 200 - application/json;+charset=utf-8 2.7112ms
2024-12-03 15:10:07.287 +05:30  INF  Executing ObjectResult, writing value of type 'BAKERBAZZAR.API.Models.ApiResponse'.
2024-12-03 15:10:07.287 +05:30  INF  Executed action BAKERBAZZAR.API.Controller.UserController.CartDetails (BAKERBAZZAR.API) in 16.8222ms
2024-12-03 15:10:07.287 +05:30  INF  Executed endpoint 'BAKERBAZZAR.API.Controller.UserController.CartDetails (BAKERBAZZAR.API)'
2024-12-03 15:10:07.287 +05:30  INF  Request finished HTTP/1.1 GET http://localhost:5145/User/CartDetails?displayid=9c80da83-6ccc-4dfb-8e33-09d723c0df33 - - - 200 - application/json;+charset=utf-8 17.2350ms
2024-12-03 15:10:08.434 +05:30  INF  Request starting HTTP/1.1 OPTIONS http://localhost:5145/user/updatecartitem?linerid=367&qty=2 - -
2024-12-03 15:10:08.435 +05:30  INF  CORS policy execution successful.
2024-12-03 15:10:08.435 +05:30  INF  Request finished HTTP/1.1 OPTIONS http://localhost:5145/user/updatecartitem?linerid=367&qty=2 - - - 204 - - 0.1930ms
2024-12-03 15:10:08.435 +05:30  INF  Request starting HTTP/1.1 PUT http://localhost:5145/user/updatecartitem?linerid=367&qty=2 - 0
2024-12-03 15:10:08.436 +05:30  INF  CORS policy execution successful.
2024-12-03 15:10:08.436 +05:30  INF  Executing endpoint 'BAKERBAZZAR.API.Controller.UserController.UpdateCartItem (BAKERBAZZAR.API)'
2024-12-03 15:10:08.436 +05:30  INF  Route matched with {action = "UpdateCartItem", controller = "User"}. Executing controller action with signature System.Threading.Tasks.Task`1[Microsoft.AspNetCore.Mvc.ActionResult`1[BAKERBAZZAR.API.Models.ApiResponse]] UpdateCartItem(Int32, Int32) on controller BAKERBAZZAR.API.Controller.UserController (BAKERBAZZAR.API).
2024-12-03 15:10:08.446 +05:30  INF  Executing ObjectResult, writing value of type 'BAKERBAZZAR.API.Models.ApiResponse'.
2024-12-03 15:10:08.446 +05:30  INF  Executed action BAKERBAZZAR.API.Controller.UserController.UpdateCartItem (BAKERBAZZAR.API) in 10.5594ms
2024-12-03 15:10:08.446 +05:30  INF  Executed endpoint 'BAKERBAZZAR.API.Controller.UserController.UpdateCartItem (BAKERBAZZAR.API)'
2024-12-03 15:10:08.446 +05:30  INF  Request finished HTTP/1.1 PUT http://localhost:5145/user/updatecartitem?linerid=367&qty=2 - 0 - 200 - application/json;+charset=utf-8 11.0939ms
2024-12-03 15:10:08.448 +05:30  INF  Request starting HTTP/1.1 GET http://localhost:5145/User/CartDetails?displayid=9c80da83-6ccc-4dfb-8e33-09d723c0df33 - -
2024-12-03 15:10:08.448 +05:30  INF  CORS policy execution successful.
2024-12-03 15:10:08.448 +05:30  INF  Executing endpoint 'BAKERBAZZAR.API.Controller.UserController.CartDetails (BAKERBAZZAR.API)'
2024-12-03 15:10:08.448 +05:30  INF  Route matched with {action = "CartDetails", controller = "User"}. Executing controller action with signature System.Threading.Tasks.Task`1[Microsoft.AspNetCore.Mvc.ActionResult`1[BAKERBAZZAR.API.Models.ApiResponse]] CartDetails(System.String) on controller BAKERBAZZAR.API.Controller.UserController (BAKERBAZZAR.API).
2024-12-03 15:10:08.458 +05:30  INF  Executing ObjectResult, writing value of type 'BAKERBAZZAR.API.Models.ApiResponse'.
2024-12-03 15:10:08.458 +05:30  INF  Executed action BAKERBAZZAR.API.Controller.UserController.CartDetails (BAKERBAZZAR.API) in 9.9312ms
2024-12-03 15:10:08.458 +05:30  INF  Executed endpoint 'BAKERBAZZAR.API.Controller.UserController.CartDetails (BAKERBAZZAR.API)'
2024-12-03 15:10:08.458 +05:30  INF  Request finished HTTP/1.1 GET http://localhost:5145/User/CartDetails?displayid=9c80da83-6ccc-4dfb-8e33-09d723c0df33 - - - 200 - application/json;+charset=utf-8 10.1843ms
2024-12-03 15:10:08.620 +05:30  INF  Request starting HTTP/1.1 OPTIONS http://localhost:5145/user/updatecartitem?linerid=367&qty=3 - -
2024-12-03 15:10:08.621 +05:30  INF  CORS policy execution successful.
2024-12-03 15:10:08.621 +05:30  INF  Request finished HTTP/1.1 OPTIONS http://localhost:5145/user/updatecartitem?linerid=367&qty=3 - - - 204 - - 0.1678ms
2024-12-03 15:10:08.621 +05:30  INF  Request starting HTTP/1.1 PUT http://localhost:5145/user/updatecartitem?linerid=367&qty=3 - 0
2024-12-03 15:10:08.621 +05:30  INF  CORS policy execution successful.
2024-12-03 15:10:08.621 +05:30  INF  Executing endpoint 'BAKERBAZZAR.API.Controller.UserController.UpdateCartItem (BAKERBAZZAR.API)'
2024-12-03 15:10:08.621 +05:30  INF  Route matched with {action = "UpdateCartItem", controller = "User"}. Executing controller action with signature System.Threading.Tasks.Task`1[Microsoft.AspNetCore.Mvc.ActionResult`1[BAKERBAZZAR.API.Models.ApiResponse]] UpdateCartItem(Int32, Int32) on controller BAKERBAZZAR.API.Controller.UserController (BAKERBAZZAR.API).
2024-12-03 15:10:08.625 +05:30  INF  Executing ObjectResult, writing value of type 'BAKERBAZZAR.API.Models.ApiResponse'.
2024-12-03 15:10:08.625 +05:30  INF  Executed action BAKERBAZZAR.API.Controller.UserController.UpdateCartItem (BAKERBAZZAR.API) in 3.3253ms
2024-12-03 15:10:08.625 +05:30  INF  Executed endpoint 'BAKERBAZZAR.API.Controller.UserController.UpdateCartItem (BAKERBAZZAR.API)'
2024-12-03 15:10:08.625 +05:30  INF  Request finished HTTP/1.1 PUT http://localhost:5145/user/updatecartitem?linerid=367&qty=3 - 0 - 200 - application/json;+charset=utf-8 3.5856ms
2024-12-03 15:10:08.631 +05:30  INF  Request starting HTTP/1.1 GET http://localhost:5145/User/CartDetails?displayid=9c80da83-6ccc-4dfb-8e33-09d723c0df33 - -
2024-12-03 15:10:08.631 +05:30  INF  CORS policy execution successful.
2024-12-03 15:10:08.631 +05:30  INF  Executing endpoint 'BAKERBAZZAR.API.Controller.UserController.CartDetails (BAKERBAZZAR.API)'
2024-12-03 15:10:08.631 +05:30  INF  Route matched with {action = "CartDetails", controller = "User"}. Executing controller action with signature System.Threading.Tasks.Task`1[Microsoft.AspNetCore.Mvc.ActionResult`1[BAKERBAZZAR.API.Models.ApiResponse]] CartDetails(System.String) on controller BAKERBAZZAR.API.Controller.UserController (BAKERBAZZAR.API).
2024-12-03 15:10:08.633 +05:30  INF  Executing ObjectResult, writing value of type 'BAKERBAZZAR.API.Models.ApiResponse'.
2024-12-03 15:10:08.634 +05:30  INF  Executed action BAKERBAZZAR.API.Controller.UserController.CartDetails (BAKERBAZZAR.API) in 2.7324ms
2024-12-03 15:10:08.634 +05:30  INF  Executed endpoint 'BAKERBAZZAR.API.Controller.UserController.CartDetails (BAKERBAZZAR.API)'
2024-12-03 15:10:08.634 +05:30  INF  Request finished HTTP/1.1 GET http://localhost:5145/User/CartDetails?displayid=9c80da83-6ccc-4dfb-8e33-09d723c0df33 - - - 200 - application/json;+charset=utf-8 3.0356ms
2024-12-03 15:10:08.780 +05:30  INF  Request starting HTTP/1.1 OPTIONS http://localhost:5145/user/updatecartitem?linerid=367&qty=4 - -
2024-12-03 15:10:08.780 +05:30  INF  CORS policy execution successful.
2024-12-03 15:10:08.780 +05:30  INF  Request finished HTTP/1.1 OPTIONS http://localhost:5145/user/updatecartitem?linerid=367&qty=4 - - - 204 - - 0.1707ms
2024-12-03 15:10:08.780 +05:30  INF  Request starting HTTP/1.1 PUT http://localhost:5145/user/updatecartitem?linerid=367&qty=4 - 0
2024-12-03 15:10:08.781 +05:30  INF  CORS policy execution successful.
2024-12-03 15:10:08.781 +05:30  INF  Executing endpoint 'BAKERBAZZAR.API.Controller.UserController.UpdateCartItem (BAKERBAZZAR.API)'
2024-12-03 15:10:08.781 +05:30  INF  Route matched with {action = "UpdateCartItem", controller = "User"}. Executing controller action with signature System.Threading.Tasks.Task`1[Microsoft.AspNetCore.Mvc.ActionResult`1[BAKERBAZZAR.API.Models.ApiResponse]] UpdateCartItem(Int32, Int32) on controller BAKERBAZZAR.API.Controller.UserController (BAKERBAZZAR.API).
2024-12-03 15:10:08.783 +05:30  INF  Executing ObjectResult, writing value of type 'BAKERBAZZAR.API.Models.ApiResponse'.
2024-12-03 15:10:08.783 +05:30  INF  Executed action BAKERBAZZAR.API.Controller.UserController.UpdateCartItem (BAKERBAZZAR.API) in 2.1611ms
2024-12-03 15:10:08.783 +05:30  INF  Executed endpoint 'BAKERBAZZAR.API.Controller.UserController.UpdateCartItem (BAKERBAZZAR.API)'
2024-12-03 15:10:08.783 +05:30  INF  Request finished HTTP/1.1 PUT http://localhost:5145/user/updatecartitem?linerid=367&qty=4 - 0 - 200 - application/json;+charset=utf-8 2.4687ms
2024-12-03 15:10:08.790 +05:30  INF  Request starting HTTP/1.1 GET http://localhost:5145/User/CartDetails?displayid=9c80da83-6ccc-4dfb-8e33-09d723c0df33 - -
2024-12-03 15:10:08.791 +05:30  INF  CORS policy execution successful.
2024-12-03 15:10:08.791 +05:30  INF  Executing endpoint 'BAKERBAZZAR.API.Controller.UserController.CartDetails (BAKERBAZZAR.API)'
2024-12-03 15:10:08.791 +05:30  INF  Route matched with {action = "CartDetails", controller = "User"}. Executing controller action with signature System.Threading.Tasks.Task`1[Microsoft.AspNetCore.Mvc.ActionResult`1[BAKERBAZZAR.API.Models.ApiResponse]] CartDetails(System.String) on controller BAKERBAZZAR.API.Controller.UserController (BAKERBAZZAR.API).
2024-12-03 15:10:08.793 +05:30  INF  Executing ObjectResult, writing value of type 'BAKERBAZZAR.API.Models.ApiResponse'.
2024-12-03 15:10:08.794 +05:30  INF  Executed action BAKERBAZZAR.API.Controller.UserController.CartDetails (BAKERBAZZAR.API) in 2.8963ms
2024-12-03 15:10:08.794 +05:30  INF  Executed endpoint 'BAKERBAZZAR.API.Controller.UserController.CartDetails (BAKERBAZZAR.API)'
2024-12-03 15:10:08.794 +05:30  INF  Request finished HTTP/1.1 GET http://localhost:5145/User/CartDetails?displayid=9c80da83-6ccc-4dfb-8e33-09d723c0df33 - - - 200 - application/json;+charset=utf-8 3.2977ms
2024-12-03 15:10:08.959 +05:30  INF  Request starting HTTP/1.1 OPTIONS http://localhost:5145/user/updatecartitem?linerid=367&qty=5 - -
2024-12-03 15:10:08.959 +05:30  INF  CORS policy execution successful.
2024-12-03 15:10:08.959 +05:30  INF  Request finished HTTP/1.1 OPTIONS http://localhost:5145/user/updatecartitem?linerid=367&qty=5 - - - 204 - - 0.1734ms
2024-12-03 15:10:08.960 +05:30  INF  Request starting HTTP/1.1 PUT http://localhost:5145/user/updatecartitem?linerid=367&qty=5 - 0
2024-12-03 15:10:08.960 +05:30  INF  CORS policy execution successful.
2024-12-03 15:10:08.960 +05:30  INF  Executing endpoint 'BAKERBAZZAR.API.Controller.UserController.UpdateCartItem (BAKERBAZZAR.API)'
2024-12-03 15:10:08.960 +05:30  INF  Route matched with {action = "UpdateCartItem", controller = "User"}. Executing controller action with signature System.Threading.Tasks.Task`1[Microsoft.AspNetCore.Mvc.ActionResult`1[BAKERBAZZAR.API.Models.ApiResponse]] UpdateCartItem(Int32, Int32) on controller BAKERBAZZAR.API.Controller.UserController (BAKERBAZZAR.API).
2024-12-03 15:10:08.963 +05:30  INF  Executing ObjectResult, writing value of type 'BAKERBAZZAR.API.Models.ApiResponse'.
2024-12-03 15:10:08.963 +05:30  INF  Executed action BAKERBAZZAR.API.Controller.UserController.UpdateCartItem (BAKERBAZZAR.API) in 2.7729ms
2024-12-03 15:10:08.963 +05:30  INF  Executed endpoint 'BAKERBAZZAR.API.Controller.UserController.UpdateCartItem (BAKERBAZZAR.API)'
2024-12-03 15:10:08.963 +05:30  INF  Request finished HTTP/1.1 PUT http://localhost:5145/user/updatecartitem?linerid=367&qty=5 - 0 - 200 - application/json;+charset=utf-8 3.0188ms
2024-12-03 15:10:08.969 +05:30  INF  Request starting HTTP/1.1 GET http://localhost:5145/User/CartDetails?displayid=9c80da83-6ccc-4dfb-8e33-09d723c0df33 - -
2024-12-03 15:10:08.969 +05:30  INF  CORS policy execution successful.
2024-12-03 15:10:08.969 +05:30  INF  Executing endpoint 'BAKERBAZZAR.API.Controller.UserController.CartDetails (BAKERBAZZAR.API)'
2024-12-03 15:10:08.969 +05:30  INF  Route matched with {action = "CartDetails", controller = "User"}. Executing controller action with signature System.Threading.Tasks.Task`1[Microsoft.AspNetCore.Mvc.ActionResult`1[BAKERBAZZAR.API.Models.ApiResponse]] CartDetails(System.String) on controller BAKERBAZZAR.API.Controller.UserController (BAKERBAZZAR.API).
2024-12-03 15:10:08.972 +05:30  INF  Executing ObjectResult, writing value of type 'BAKERBAZZAR.API.Models.ApiResponse'.
2024-12-03 15:10:08.972 +05:30  INF  Executed action BAKERBAZZAR.API.Controller.UserController.CartDetails (BAKERBAZZAR.API) in 2.9607ms
2024-12-03 15:10:08.972 +05:30  INF  Executed endpoint 'BAKERBAZZAR.API.Controller.UserController.CartDetails (BAKERBAZZAR.API)'
2024-12-03 15:10:08.972 +05:30  INF  Request finished HTTP/1.1 GET http://localhost:5145/User/CartDetails?displayid=9c80da83-6ccc-4dfb-8e33-09d723c0df33 - - - 200 - application/json;+charset=utf-8 3.3379ms
2024-12-03 15:10:09.124 +05:30  INF  Request starting HTTP/1.1 OPTIONS http://localhost:5145/user/updatecartitem?linerid=367&qty=6 - -
2024-12-03 15:10:09.124 +05:30  INF  CORS policy execution successful.
2024-12-03 15:10:09.124 +05:30  INF  Request finished HTTP/1.1 OPTIONS http://localhost:5145/user/updatecartitem?linerid=367&qty=6 - - - 204 - - 0.1725ms
2024-12-03 15:10:09.125 +05:30  INF  Request starting HTTP/1.1 PUT http://localhost:5145/user/updatecartitem?linerid=367&qty=6 - 0
2024-12-03 15:10:09.125 +05:30  INF  CORS policy execution successful.
2024-12-03 15:10:09.125 +05:30  INF  Executing endpoint 'BAKERBAZZAR.API.Controller.UserController.UpdateCartItem (BAKERBAZZAR.API)'
2024-12-03 15:10:09.125 +05:30  INF  Route matched with {action = "UpdateCartItem", controller = "User"}. Executing controller action with signature System.Threading.Tasks.Task`1[Microsoft.AspNetCore.Mvc.ActionResult`1[BAKERBAZZAR.API.Models.ApiResponse]] UpdateCartItem(Int32, Int32) on controller BAKERBAZZAR.API.Controller.UserController (BAKERBAZZAR.API).
2024-12-03 15:10:09.136 +05:30  INF  Request starting HTTP/1.1 GET http://localhost:5145/User/CartDetails?displayid=9c80da83-6ccc-4dfb-8e33-09d723c0df33 - -
2024-12-03 15:10:09.137 +05:30  INF  CORS policy execution successful.
2024-12-03 15:10:09.137 +05:30  INF  Executing endpoint 'BAKERBAZZAR.API.Controller.UserController.CartDetails (BAKERBAZZAR.API)'
2024-12-03 15:10:09.137 +05:30  INF  Route matched with {action = "CartDetails", controller = "User"}. Executing controller action with signature System.Threading.Tasks.Task`1[Microsoft.AspNetCore.Mvc.ActionResult`1[BAKERBAZZAR.API.Models.ApiResponse]] CartDetails(System.String) on controller BAKERBAZZAR.API.Controller.UserController (BAKERBAZZAR.API).
2024-12-03 15:10:09.137 +05:30  INF  Executing ObjectResult, writing value of type 'BAKERBAZZAR.API.Models.ApiResponse'.
2024-12-03 15:10:09.137 +05:30  INF  Executed action BAKERBAZZAR.API.Controller.UserController.UpdateCartItem (BAKERBAZZAR.API) in 11.7841ms
2024-12-03 15:10:09.137 +05:30  INF  Executed endpoint 'BAKERBAZZAR.API.Controller.UserController.UpdateCartItem (BAKERBAZZAR.API)'
2024-12-03 15:10:09.137 +05:30  INF  Request finished HTTP/1.1 PUT http://localhost:5145/user/updatecartitem?linerid=367&qty=6 - 0 - 200 - application/json;+charset=utf-8 12.1269ms
2024-12-03 15:10:09.148 +05:30  INF  Executing ObjectResult, writing value of type 'BAKERBAZZAR.API.Models.ApiResponse'.
2024-12-03 15:10:09.149 +05:30  INF  Executed action BAKERBAZZAR.API.Controller.UserController.CartDetails (BAKERBAZZAR.API) in 11.8975ms
2024-12-03 15:10:09.149 +05:30  INF  Executed endpoint 'BAKERBAZZAR.API.Controller.UserController.CartDetails (BAKERBAZZAR.API)'
2024-12-03 15:10:09.149 +05:30  INF  Request finished HTTP/1.1 GET http://localhost:5145/User/CartDetails?displayid=9c80da83-6ccc-4dfb-8e33-09d723c0df33 - - - 200 - application/json;+charset=utf-8 12.3301ms
2024-12-03 15:10:09.304 +05:30  INF  Request starting HTTP/1.1 OPTIONS http://localhost:5145/user/updatecartitem?linerid=367&qty=7 - -
2024-12-03 15:10:09.304 +05:30  INF  CORS policy execution successful.
2024-12-03 15:10:09.304 +05:30  INF  Request finished HTTP/1.1 OPTIONS http://localhost:5145/user/updatecartitem?linerid=367&qty=7 - - - 204 - - 0.2420ms
2024-12-03 15:10:09.305 +05:30  INF  Request starting HTTP/1.1 PUT http://localhost:5145/user/updatecartitem?linerid=367&qty=7 - 0
2024-12-03 15:10:09.305 +05:30  INF  CORS policy execution successful.
2024-12-03 15:10:09.305 +05:30  INF  Executing endpoint 'BAKERBAZZAR.API.Controller.UserController.UpdateCartItem (BAKERBAZZAR.API)'
2024-12-03 15:10:09.305 +05:30  INF  Route matched with {action = "UpdateCartItem", controller = "User"}. Executing controller action with signature System.Threading.Tasks.Task`1[Microsoft.AspNetCore.Mvc.ActionResult`1[BAKERBAZZAR.API.Models.ApiResponse]] UpdateCartItem(Int32, Int32) on controller BAKERBAZZAR.API.Controller.UserController (BAKERBAZZAR.API).
2024-12-03 15:10:09.316 +05:30  INF  Request starting HTTP/1.1 GET http://localhost:5145/User/CartDetails?displayid=9c80da83-6ccc-4dfb-8e33-09d723c0df33 - -
2024-12-03 15:10:09.316 +05:30  INF  CORS policy execution successful.
2024-12-03 15:10:09.316 +05:30  INF  Executing endpoint 'BAKERBAZZAR.API.Controller.UserController.CartDetails (BAKERBAZZAR.API)'
2024-12-03 15:10:09.316 +05:30  INF  Route matched with {action = "CartDetails", controller = "User"}. Executing controller action with signature System.Threading.Tasks.Task`1[Microsoft.AspNetCore.Mvc.ActionResult`1[BAKERBAZZAR.API.Models.ApiResponse]] CartDetails(System.String) on controller BAKERBAZZAR.API.Controller.UserController (BAKERBAZZAR.API).
2024-12-03 15:10:09.318 +05:30  INF  Executing ObjectResult, writing value of type 'BAKERBAZZAR.API.Models.ApiResponse'.
2024-12-03 15:10:09.318 +05:30  INF  Executed action BAKERBAZZAR.API.Controller.UserController.UpdateCartItem (BAKERBAZZAR.API) in 12.2935ms
2024-12-03 15:10:09.318 +05:30  INF  Executed endpoint 'BAKERBAZZAR.API.Controller.UserController.UpdateCartItem (BAKERBAZZAR.API)'
2024-12-03 15:10:09.318 +05:30  INF  Request finished HTTP/1.1 PUT http://localhost:5145/user/updatecartitem?linerid=367&qty=7 - 0 - 200 - application/json;+charset=utf-8 12.5738ms
2024-12-03 15:10:09.327 +05:30  INF  Executing ObjectResult, writing value of type 'BAKERBAZZAR.API.Models.ApiResponse'.
2024-12-03 15:10:09.328 +05:30  INF  Executed action BAKERBAZZAR.API.Controller.UserController.CartDetails (BAKERBAZZAR.API) in 11.5838ms
2024-12-03 15:10:09.328 +05:30  INF  Executed endpoint 'BAKERBAZZAR.API.Controller.UserController.CartDetails (BAKERBAZZAR.API)'
2024-12-03 15:10:09.328 +05:30  INF  Request finished HTTP/1.1 GET http://localhost:5145/User/CartDetails?displayid=9c80da83-6ccc-4dfb-8e33-09d723c0df33 - - - 200 - application/json;+charset=utf-8 11.9092ms
2024-12-03 15:10:09.500 +05:30  INF  Request starting HTTP/1.1 OPTIONS http://localhost:5145/user/updatecartitem?linerid=367&qty=8 - -
2024-12-03 15:10:09.500 +05:30  INF  CORS policy execution successful.
2024-12-03 15:10:09.500 +05:30  INF  Request finished HTTP/1.1 OPTIONS http://localhost:5145/user/updatecartitem?linerid=367&qty=8 - - - 204 - - 0.1668ms
2024-12-03 15:10:09.500 +05:30  INF  Request starting HTTP/1.1 PUT http://localhost:5145/user/updatecartitem?linerid=367&qty=8 - 0
2024-12-03 15:10:09.501 +05:30  INF  CORS policy execution successful.
2024-12-03 15:10:09.501 +05:30  INF  Executing endpoint 'BAKERBAZZAR.API.Controller.UserController.UpdateCartItem (BAKERBAZZAR.API)'
2024-12-03 15:10:09.501 +05:30  INF  Route matched with {action = "UpdateCartItem", controller = "User"}. Executing controller action with signature System.Threading.Tasks.Task`1[Microsoft.AspNetCore.Mvc.ActionResult`1[BAKERBAZZAR.API.Models.ApiResponse]] UpdateCartItem(Int32, Int32) on controller BAKERBAZZAR.API.Controller.UserController (BAKERBAZZAR.API).
2024-12-03 15:10:09.509 +05:30  INF  Request starting HTTP/1.1 GET http://localhost:5145/User/CartDetails?displayid=9c80da83-6ccc-4dfb-8e33-09d723c0df33 - -
2024-12-03 15:10:09.509 +05:30  INF  CORS policy execution successful.
2024-12-03 15:10:09.509 +05:30  INF  Executing endpoint 'BAKERBAZZAR.API.Controller.UserController.CartDetails (BAKERBAZZAR.API)'
2024-12-03 15:10:09.509 +05:30  INF  Route matched with {action = "CartDetails", controller = "User"}. Executing controller action with signature System.Threading.Tasks.Task`1[Microsoft.AspNetCore.Mvc.ActionResult`1[BAKERBAZZAR.API.Models.ApiResponse]] CartDetails(System.String) on controller BAKERBAZZAR.API.Controller.UserController (BAKERBAZZAR.API).
2024-12-03 15:10:09.509 +05:30  INF  Executing ObjectResult, writing value of type 'BAKERBAZZAR.API.Models.ApiResponse'.
2024-12-03 15:10:09.510 +05:30  INF  Executed action BAKERBAZZAR.API.Controller.UserController.UpdateCartItem (BAKERBAZZAR.API) in 8.929ms
2024-12-03 15:10:09.510 +05:30  INF  Executed endpoint 'BAKERBAZZAR.API.Controller.UserController.UpdateCartItem (BAKERBAZZAR.API)'
2024-12-03 15:10:09.510 +05:30  INF  Request finished HTTP/1.1 PUT http://localhost:5145/user/updatecartitem?linerid=367&qty=8 - 0 - 200 - application/json;+charset=utf-8 9.1494ms
2024-12-03 15:10:09.521 +05:30  INF  Executing ObjectResult, writing value of type 'BAKERBAZZAR.API.Models.ApiResponse'.
2024-12-03 15:10:09.521 +05:30  INF  Executed action BAKERBAZZAR.API.Controller.UserController.CartDetails (BAKERBAZZAR.API) in 11.6426ms
2024-12-03 15:10:09.521 +05:30  INF  Executed endpoint 'BAKERBAZZAR.API.Controller.UserController.CartDetails (BAKERBAZZAR.API)'
2024-12-03 15:10:09.521 +05:30  INF  Request finished HTTP/1.1 GET http://localhost:5145/User/CartDetails?displayid=9c80da83-6ccc-4dfb-8e33-09d723c0df33 - - - 200 - application/json;+charset=utf-8 12.1305ms
2024-12-03 15:10:09.686 +05:30  INF  Request starting HTTP/1.1 OPTIONS http://localhost:5145/user/updatecartitem?linerid=367&qty=9 - -
2024-12-03 15:10:09.686 +05:30  INF  CORS policy execution successful.
2024-12-03 15:10:09.686 +05:30  INF  Request finished HTTP/1.1 OPTIONS http://localhost:5145/user/updatecartitem?linerid=367&qty=9 - - - 204 - - 0.3324ms
2024-12-03 15:10:09.687 +05:30  INF  Request starting HTTP/1.1 PUT http://localhost:5145/user/updatecartitem?linerid=367&qty=9 - 0
2024-12-03 15:10:09.687 +05:30  INF  CORS policy execution successful.
2024-12-03 15:10:09.687 +05:30  INF  Executing endpoint 'BAKERBAZZAR.API.Controller.UserController.UpdateCartItem (BAKERBAZZAR.API)'
2024-12-03 15:10:09.687 +05:30  INF  Route matched with {action = "UpdateCartItem", controller = "User"}. Executing controller action with signature System.Threading.Tasks.Task`1[Microsoft.AspNetCore.Mvc.ActionResult`1[BAKERBAZZAR.API.Models.ApiResponse]] UpdateCartItem(Int32, Int32) on controller BAKERBAZZAR.API.Controller.UserController (BAKERBAZZAR.API).
2024-12-03 15:10:09.689 +05:30  INF  Executing ObjectResult, writing value of type 'BAKERBAZZAR.API.Models.ApiResponse'.
2024-12-03 15:10:09.689 +05:30  INF  Executed action BAKERBAZZAR.API.Controller.UserController.UpdateCartItem (BAKERBAZZAR.API) in 1.9523ms
2024-12-03 15:10:09.689 +05:30  INF  Executed endpoint 'BAKERBAZZAR.API.Controller.UserController.UpdateCartItem (BAKERBAZZAR.API)'
2024-12-03 15:10:09.689 +05:30  INF  Request finished HTTP/1.1 PUT http://localhost:5145/user/updatecartitem?linerid=367&qty=9 - 0 - 200 - application/json;+charset=utf-8 2.3644ms
2024-12-03 15:10:09.699 +05:30  INF  Request starting HTTP/1.1 GET http://localhost:5145/User/CartDetails?displayid=9c80da83-6ccc-4dfb-8e33-09d723c0df33 - -
2024-12-03 15:10:09.699 +05:30  INF  CORS policy execution successful.
2024-12-03 15:10:09.699 +05:30  INF  Executing endpoint 'BAKERBAZZAR.API.Controller.UserController.CartDetails (BAKERBAZZAR.API)'
2024-12-03 15:10:09.699 +05:30  INF  Route matched with {action = "CartDetails", controller = "User"}. Executing controller action with signature System.Threading.Tasks.Task`1[Microsoft.AspNetCore.Mvc.ActionResult`1[BAKERBAZZAR.API.Models.ApiResponse]] CartDetails(System.String) on controller BAKERBAZZAR.API.Controller.UserController (BAKERBAZZAR.API).
2024-12-03 15:10:09.703 +05:30  INF  Executing ObjectResult, writing value of type 'BAKERBAZZAR.API.Models.ApiResponse'.
2024-12-03 15:10:09.703 +05:30  INF  Executed action BAKERBAZZAR.API.Controller.UserController.CartDetails (BAKERBAZZAR.API) in 3.7733ms
2024-12-03 15:10:09.703 +05:30  INF  Executed endpoint 'BAKERBAZZAR.API.Controller.UserController.CartDetails (BAKERBAZZAR.API)'
2024-12-03 15:10:09.703 +05:30  INF  Request finished HTTP/1.1 GET http://localhost:5145/User/CartDetails?displayid=9c80da83-6ccc-4dfb-8e33-09d723c0df33 - - - 200 - application/json;+charset=utf-8 4.1544ms
2024-12-03 15:10:09.873 +05:30  INF  Request starting HTTP/1.1 OPTIONS http://localhost:5145/user/updatecartitem?linerid=367&qty=10 - -
2024-12-03 15:10:09.873 +05:30  INF  CORS policy execution successful.
2024-12-03 15:10:09.873 +05:30  INF  Request finished HTTP/1.1 OPTIONS http://localhost:5145/user/updatecartitem?linerid=367&qty=10 - - - 204 - - 0.2592ms
2024-12-03 15:10:09.874 +05:30  INF  Request starting HTTP/1.1 PUT http://localhost:5145/user/updatecartitem?linerid=367&qty=10 - 0
2024-12-03 15:10:09.874 +05:30  INF  CORS policy execution successful.
2024-12-03 15:10:09.874 +05:30  INF  Executing endpoint 'BAKERBAZZAR.API.Controller.UserController.UpdateCartItem (BAKERBAZZAR.API)'
2024-12-03 15:10:09.874 +05:30  INF  Route matched with {action = "UpdateCartItem", controller = "User"}. Executing controller action with signature System.Threading.Tasks.Task`1[Microsoft.AspNetCore.Mvc.ActionResult`1[BAKERBAZZAR.API.Models.ApiResponse]] UpdateCartItem(Int32, Int32) on controller BAKERBAZZAR.API.Controller.UserController (BAKERBAZZAR.API).
2024-12-03 15:10:09.878 +05:30  INF  Executing ObjectResult, writing value of type 'BAKERBAZZAR.API.Models.ApiResponse'.
2024-12-03 15:10:09.878 +05:30  INF  Executed action BAKERBAZZAR.API.Controller.UserController.UpdateCartItem (BAKERBAZZAR.API) in 3.3838ms
2024-12-03 15:10:09.878 +05:30  INF  Executed endpoint 'BAKERBAZZAR.API.Controller.UserController.UpdateCartItem (BAKERBAZZAR.API)'
2024-12-03 15:10:09.878 +05:30  INF  Request finished HTTP/1.1 PUT http://localhost:5145/user/updatecartitem?linerid=367&qty=10 - 0 - 200 - application/json;+charset=utf-8 3.7520ms
2024-12-03 15:10:09.887 +05:30  INF  Request starting HTTP/1.1 GET http://localhost:5145/User/CartDetails?displayid=9c80da83-6ccc-4dfb-8e33-09d723c0df33 - -
2024-12-03 15:10:09.887 +05:30  INF  CORS policy execution successful.
2024-12-03 15:10:09.887 +05:30  INF  Executing endpoint 'BAKERBAZZAR.API.Controller.UserController.CartDetails (BAKERBAZZAR.API)'
2024-12-03 15:10:09.887 +05:30  INF  Route matched with {action = "CartDetails", controller = "User"}. Executing controller action with signature System.Threading.Tasks.Task`1[Microsoft.AspNetCore.Mvc.ActionResult`1[BAKERBAZZAR.API.Models.ApiResponse]] CartDetails(System.String) on controller BAKERBAZZAR.API.Controller.UserController (BAKERBAZZAR.API).
2024-12-03 15:10:09.890 +05:30  INF  Executing ObjectResult, writing value of type 'BAKERBAZZAR.API.Models.ApiResponse'.
2024-12-03 15:10:09.890 +05:30  INF  Executed action BAKERBAZZAR.API.Controller.UserController.CartDetails (BAKERBAZZAR.API) in 2.7148ms
2024-12-03 15:10:09.890 +05:30  INF  Executed endpoint 'BAKERBAZZAR.API.Controller.UserController.CartDetails (BAKERBAZZAR.API)'
2024-12-03 15:10:09.890 +05:30  INF  Request finished HTTP/1.1 GET http://localhost:5145/User/CartDetails?displayid=9c80da83-6ccc-4dfb-8e33-09d723c0df33 - - - 200 - application/json;+charset=utf-8 3.1517ms
2024-12-03 15:10:21.000 +05:30  INF  Request starting HTTP/1.1 GET http://localhost:5145/user/orderdetails?displayId=9c80da83-6ccc-4dfb-8e33-09d723c0df33&status=placeorder&addressid=1044 - -
2024-12-03 15:10:21.000 +05:30  INF  CORS policy execution successful.
2024-12-03 15:10:21.000 +05:30  INF  Executing endpoint 'BAKERBAZZAR.API.Controller.UserController.OrderDetails (BAKERBAZZAR.API)'
2024-12-03 15:10:21.003 +05:30  INF  Route matched with {action = "OrderDetails", controller = "User"}. Executing controller action with signature System.Threading.Tasks.Task`1[Microsoft.AspNetCore.Mvc.ActionResult`1[BAKERBAZZAR.API.Models.ApiResponse]] OrderDetails(System.String, System.String, Int32) on controller BAKERBAZZAR.API.Controller.UserController (BAKERBAZZAR.API).
2024-12-03 15:10:21.069 +05:30  INF  Executing ObjectResult, writing value of type 'BAKERBAZZAR.API.Models.ApiResponse'.
2024-12-03 15:10:21.080 +05:30  INF  Executed action BAKERBAZZAR.API.Controller.UserController.OrderDetails (BAKERBAZZAR.API) in 76.1828ms
2024-12-03 15:10:21.080 +05:30  INF  Executed endpoint 'BAKERBAZZAR.API.Controller.UserController.OrderDetails (BAKERBAZZAR.API)'
2024-12-03 15:10:21.080 +05:30  INF  Request finished HTTP/1.1 GET http://localhost:5145/user/orderdetails?displayId=9c80da83-6ccc-4dfb-8e33-09d723c0df33&status=placeorder&addressid=1044 - - - 200 - application/json;+charset=utf-8 80.0637ms
2024-12-03 15:10:24.032 +05:30  INF  Request starting HTTP/1.1 GET http://localhost:5145/user/myorders?displayid=a8701061-246f-4f0a-b7db-cf788913b18d - -
2024-12-03 15:10:24.033 +05:30  INF  CORS policy execution successful.
2024-12-03 15:10:24.033 +05:30  INF  Executing endpoint 'BAKERBAZZAR.API.Controller.UserController.MyOrders (BAKERBAZZAR.API)'
2024-12-03 15:10:24.033 +05:30  INF  Route matched with {action = "MyOrders", controller = "User"}. Executing controller action with signature System.Threading.Tasks.Task`1[Microsoft.AspNetCore.Mvc.ActionResult`1[BAKERBAZZAR.API.Models.ApiResponse]] MyOrders(System.String, System.String, System.String) on controller BAKERBAZZAR.API.Controller.UserController (BAKERBAZZAR.API).
2024-12-03 15:10:24.047 +05:30  INF  Executing ObjectResult, writing value of type 'BAKERBAZZAR.API.Models.ApiResponse'.
2024-12-03 15:10:24.047 +05:30  INF  Executed action BAKERBAZZAR.API.Controller.UserController.MyOrders (BAKERBAZZAR.API) in 14.644ms
2024-12-03 15:10:24.048 +05:30  INF  Executed endpoint 'BAKERBAZZAR.API.Controller.UserController.MyOrders (BAKERBAZZAR.API)'
2024-12-03 15:10:24.048 +05:30  INF  Request finished HTTP/1.1 GET http://localhost:5145/user/myorders?displayid=a8701061-246f-4f0a-b7db-cf788913b18d - - - 200 - application/json;+charset=utf-8 15.4253ms
2024-12-03 15:10:24.050 +05:30  INF  Request starting HTTP/1.1 GET http://localhost:5145/user/myorders?displayid=a8701061-246f-4f0a-b7db-cf788913b18d - -
2024-12-03 15:10:24.050 +05:30  INF  CORS policy execution successful.
2024-12-03 15:10:24.050 +05:30  INF  Executing endpoint 'BAKERBAZZAR.API.Controller.UserController.MyOrders (BAKERBAZZAR.API)'
2024-12-03 15:10:24.050 +05:30  INF  Route matched with {action = "MyOrders", controller = "User"}. Executing controller action with signature System.Threading.Tasks.Task`1[Microsoft.AspNetCore.Mvc.ActionResult`1[BAKERBAZZAR.API.Models.ApiResponse]] MyOrders(System.String, System.String, System.String) on controller BAKERBAZZAR.API.Controller.UserController (BAKERBAZZAR.API).
2024-12-03 15:10:24.053 +05:30  INF  Executing ObjectResult, writing value of type 'BAKERBAZZAR.API.Models.ApiResponse'.
2024-12-03 15:10:24.053 +05:30  INF  Executed action BAKERBAZZAR.API.Controller.UserController.MyOrders (BAKERBAZZAR.API) in 3.302ms
2024-12-03 15:10:24.053 +05:30  INF  Executed endpoint 'BAKERBAZZAR.API.Controller.UserController.MyOrders (BAKERBAZZAR.API)'
2024-12-03 15:10:24.053 +05:30  INF  Request finished HTTP/1.1 GET http://localhost:5145/user/myorders?displayid=a8701061-246f-4f0a-b7db-cf788913b18d - - - 200 - application/json;+charset=utf-8 3.7133ms
2024-12-03 15:10:27.562 +05:30  INF  Request starting HTTP/1.1 GET http://localhost:5145/user/orderdetails?displayid=9c80da83-6ccc-4dfb-8e33-09d723c0df33 - -
2024-12-03 15:10:27.563 +05:30  INF  CORS policy execution successful.
2024-12-03 15:10:27.563 +05:30  INF  Executing endpoint 'BAKERBAZZAR.API.Controller.UserController.OrderDetails (BAKERBAZZAR.API)'
2024-12-03 15:10:27.563 +05:30  INF  Route matched with {action = "OrderDetails", controller = "User"}. Executing controller action with signature System.Threading.Tasks.Task`1[Microsoft.AspNetCore.Mvc.ActionResult`1[BAKERBAZZAR.API.Models.ApiResponse]] OrderDetails(System.String, System.String, Int32) on controller BAKERBAZZAR.API.Controller.UserController (BAKERBAZZAR.API).
2024-12-03 15:10:27.571 +05:30  INF  Executing ObjectResult, writing value of type 'BAKERBAZZAR.API.Models.ApiResponse'.
2024-12-03 15:10:27.571 +05:30  INF  Executed action BAKERBAZZAR.API.Controller.UserController.OrderDetails (BAKERBAZZAR.API) in 8.5264ms
2024-12-03 15:10:27.572 +05:30  INF  Executed endpoint 'BAKERBAZZAR.API.Controller.UserController.OrderDetails (BAKERBAZZAR.API)'
2024-12-03 15:10:27.572 +05:30  INF  Request finished HTTP/1.1 GET http://localhost:5145/user/orderdetails?displayid=9c80da83-6ccc-4dfb-8e33-09d723c0df33 - - - 200 - application/json;+charset=utf-8 9.3601ms
2024-12-03 15:10:30.149 +05:30  INF  Request starting HTTP/1.1 GET http://localhost:5145/user/myorders?displayid=a8701061-246f-4f0a-b7db-cf788913b18d - -
2024-12-03 15:10:30.150 +05:30  INF  CORS policy execution successful.
2024-12-03 15:10:30.150 +05:30  INF  Executing endpoint 'BAKERBAZZAR.API.Controller.UserController.MyOrders (BAKERBAZZAR.API)'
2024-12-03 15:10:30.150 +05:30  INF  Route matched with {action = "MyOrders", controller = "User"}. Executing controller action with signature System.Threading.Tasks.Task`1[Microsoft.AspNetCore.Mvc.ActionResult`1[BAKERBAZZAR.API.Models.ApiResponse]] MyOrders(System.String, System.String, System.String) on controller BAKERBAZZAR.API.Controller.UserController (BAKERBAZZAR.API).
2024-12-03 15:10:30.156 +05:30  INF  Executing ObjectResult, writing value of type 'BAKERBAZZAR.API.Models.ApiResponse'.
2024-12-03 15:10:30.156 +05:30  INF  Executed action BAKERBAZZAR.API.Controller.UserController.MyOrders (BAKERBAZZAR.API) in 6.2793ms
2024-12-03 15:10:30.156 +05:30  INF  Executed endpoint 'BAKERBAZZAR.API.Controller.UserController.MyOrders (BAKERBAZZAR.API)'
2024-12-03 15:10:30.156 +05:30  INF  Request finished HTTP/1.1 GET http://localhost:5145/user/myorders?displayid=a8701061-246f-4f0a-b7db-cf788913b18d - - - 200 - application/json;+charset=utf-8 6.8408ms
2024-12-03 15:10:30.157 +05:30  INF  Request starting HTTP/1.1 GET http://localhost:5145/user/myorders?displayid=a8701061-246f-4f0a-b7db-cf788913b18d - -
2024-12-03 15:10:30.157 +05:30  INF  CORS policy execution successful.
2024-12-03 15:10:30.157 +05:30  INF  Executing endpoint 'BAKERBAZZAR.API.Controller.UserController.MyOrders (BAKERBAZZAR.API)'
2024-12-03 15:10:30.157 +05:30  INF  Route matched with {action = "MyOrders", controller = "User"}. Executing controller action with signature System.Threading.Tasks.Task`1[Microsoft.AspNetCore.Mvc.ActionResult`1[BAKERBAZZAR.API.Models.ApiResponse]] MyOrders(System.String, System.String, System.String) on controller BAKERBAZZAR.API.Controller.UserController (BAKERBAZZAR.API).
2024-12-03 15:10:30.160 +05:30  INF  Executing ObjectResult, writing value of type 'BAKERBAZZAR.API.Models.ApiResponse'.
2024-12-03 15:10:30.160 +05:30  INF  Executed action BAKERBAZZAR.API.Controller.UserController.MyOrders (BAKERBAZZAR.API) in 3.1091ms
2024-12-03 15:10:30.161 +05:30  INF  Executed endpoint 'BAKERBAZZAR.API.Controller.UserController.MyOrders (BAKERBAZZAR.API)'
2024-12-03 15:10:30.161 +05:30  INF  Request finished HTTP/1.1 GET http://localhost:5145/user/myorders?displayid=a8701061-246f-4f0a-b7db-cf788913b18d - - - 200 - application/json;+charset=utf-8 4.2161ms
2024-12-03 15:10:37.807 +05:30  INF  Request starting HTTP/1.1 GET http://localhost:5145/User/GetMyAddresses?displayid=a8701061-246f-4f0a-b7db-cf788913b18d - -
2024-12-03 15:10:37.808 +05:30  INF  CORS policy execution successful.
2024-12-03 15:10:37.808 +05:30  INF  Executing endpoint 'BAKERBAZZAR.API.Controller.UserController.GetAddress (BAKERBAZZAR.API)'
2024-12-03 15:10:37.814 +05:30  INF  Route matched with {action = "GetAddress", controller = "User"}. Executing controller action with signature System.Threading.Tasks.Task`1[Microsoft.AspNetCore.Mvc.ActionResult`1[BAKERBAZZAR.API.Models.ApiResponse]] GetAddress(System.String) on controller BAKERBAZZAR.API.Controller.UserController (BAKERBAZZAR.API).
2024-12-03 15:10:37.821 +05:30  INF  Executing ObjectResult, writing value of type 'BAKERBAZZAR.API.Models.ApiResponse'.
2024-12-03 15:10:37.822 +05:30  INF  Executed action BAKERBAZZAR.API.Controller.UserController.GetAddress (BAKERBAZZAR.API) in 7.8866ms
2024-12-03 15:10:37.822 +05:30  INF  Executed endpoint 'BAKERBAZZAR.API.Controller.UserController.GetAddress (BAKERBAZZAR.API)'
2024-12-03 15:10:37.823 +05:30  INF  Request finished HTTP/1.1 GET http://localhost:5145/User/GetMyAddresses?displayid=a8701061-246f-4f0a-b7db-cf788913b18d - - - 200 - application/json;+charset=utf-8 15.4457ms
2024-12-03 15:10:37.825 +05:30  INF  Request starting HTTP/1.1 GET http://localhost:5145/User/GetMyAddresses?displayid=a8701061-246f-4f0a-b7db-cf788913b18d - -
2024-12-03 15:10:37.825 +05:30  INF  CORS policy execution successful.
2024-12-03 15:10:37.825 +05:30  INF  Executing endpoint 'BAKERBAZZAR.API.Controller.UserController.GetAddress (BAKERBAZZAR.API)'
2024-12-03 15:10:37.825 +05:30  INF  Route matched with {action = "GetAddress", controller = "User"}. Executing controller action with signature System.Threading.Tasks.Task`1[Microsoft.AspNetCore.Mvc.ActionResult`1[BAKERBAZZAR.API.Models.ApiResponse]] GetAddress(System.String) on controller BAKERBAZZAR.API.Controller.UserController (BAKERBAZZAR.API).
2024-12-03 15:10:37.826 +05:30  INF  Executing ObjectResult, writing value of type 'BAKERBAZZAR.API.Models.ApiResponse'.
2024-12-03 15:10:37.826 +05:30  INF  Executed action BAKERBAZZAR.API.Controller.UserController.GetAddress (BAKERBAZZAR.API) in 1.2729ms
2024-12-03 15:10:37.826 +05:30  INF  Executed endpoint 'BAKERBAZZAR.API.Controller.UserController.GetAddress (BAKERBAZZAR.API)'
2024-12-03 15:10:37.826 +05:30  INF  Request finished HTTP/1.1 GET http://localhost:5145/User/GetMyAddresses?displayid=a8701061-246f-4f0a-b7db-cf788913b18d - - - 200 - application/json;+charset=utf-8 1.6271ms
2024-12-03 15:10:47.094 +05:30  INF  Request starting HTTP/1.1 GET http://localhost:5145/User/CartDetails?displayid=9c80da83-6ccc-4dfb-8e33-09d723c0df33 - -
2024-12-03 15:10:47.094 +05:30  INF  CORS policy execution successful.
2024-12-03 15:10:47.094 +05:30  INF  Executing endpoint 'BAKERBAZZAR.API.Controller.UserController.CartDetails (BAKERBAZZAR.API)'
2024-12-03 15:10:47.094 +05:30  INF  Route matched with {action = "CartDetails", controller = "User"}. Executing controller action with signature System.Threading.Tasks.Task`1[Microsoft.AspNetCore.Mvc.ActionResult`1[BAKERBAZZAR.API.Models.ApiResponse]] CartDetails(System.String) on controller BAKERBAZZAR.API.Controller.UserController (BAKERBAZZAR.API).
2024-12-03 15:10:47.095 +05:30  INF  Executing ObjectResult, writing value of type 'BAKERBAZZAR.API.Models.ApiResponse'.
2024-12-03 15:10:47.095 +05:30  INF  Executed action BAKERBAZZAR.API.Controller.UserController.CartDetails (BAKERBAZZAR.API) in 0.924ms
2024-12-03 15:10:47.095 +05:30  INF  Executed endpoint 'BAKERBAZZAR.API.Controller.UserController.CartDetails (BAKERBAZZAR.API)'
2024-12-03 15:10:47.095 +05:30  INF  Request finished HTTP/1.1 GET http://localhost:5145/User/CartDetails?displayid=9c80da83-6ccc-4dfb-8e33-09d723c0df33 - - - 200 - application/json;+charset=utf-8 1.3615ms
2024-12-03 15:10:47.097 +05:30  INF  Request starting HTTP/1.1 GET http://localhost:5145/User/CartDetails?displayid=9c80da83-6ccc-4dfb-8e33-09d723c0df33 - -
2024-12-03 15:10:47.097 +05:30  INF  CORS policy execution successful.
2024-12-03 15:10:47.097 +05:30  INF  Executing endpoint 'BAKERBAZZAR.API.Controller.UserController.CartDetails (BAKERBAZZAR.API)'
2024-12-03 15:10:47.097 +05:30  INF  Route matched with {action = "CartDetails", controller = "User"}. Executing controller action with signature System.Threading.Tasks.Task`1[Microsoft.AspNetCore.Mvc.ActionResult`1[BAKERBAZZAR.API.Models.ApiResponse]] CartDetails(System.String) on controller BAKERBAZZAR.API.Controller.UserController (BAKERBAZZAR.API).
2024-12-03 15:10:47.097 +05:30  INF  Executing ObjectResult, writing value of type 'BAKERBAZZAR.API.Models.ApiResponse'.
2024-12-03 15:10:47.097 +05:30  INF  Executed action BAKERBAZZAR.API.Controller.UserController.CartDetails (BAKERBAZZAR.API) in 0.59ms
2024-12-03 15:10:47.097 +05:30  INF  Executed endpoint 'BAKERBAZZAR.API.Controller.UserController.CartDetails (BAKERBAZZAR.API)'
2024-12-03 15:10:47.097 +05:30  INF  Request finished HTTP/1.1 GET http://localhost:5145/User/CartDetails?displayid=9c80da83-6ccc-4dfb-8e33-09d723c0df33 - - - 200 - application/json;+charset=utf-8 0.8826ms
2024-12-03 15:10:48.548 +05:30  INF  Request starting HTTP/1.1 GET http://localhost:5145/user/myorders?displayid=a8701061-246f-4f0a-b7db-cf788913b18d - -
2024-12-03 15:10:48.548 +05:30  INF  CORS policy execution successful.
2024-12-03 15:10:48.548 +05:30  INF  Executing endpoint 'BAKERBAZZAR.API.Controller.UserController.MyOrders (BAKERBAZZAR.API)'
2024-12-03 15:10:48.548 +05:30  INF  Route matched with {action = "MyOrders", controller = "User"}. Executing controller action with signature System.Threading.Tasks.Task`1[Microsoft.AspNetCore.Mvc.ActionResult`1[BAKERBAZZAR.API.Models.ApiResponse]] MyOrders(System.String, System.String, System.String) on controller BAKERBAZZAR.API.Controller.UserController (BAKERBAZZAR.API).
2024-12-03 15:10:48.550 +05:30  INF  Executing ObjectResult, writing value of type 'BAKERBAZZAR.API.Models.ApiResponse'.
2024-12-03 15:10:48.551 +05:30  INF  Executed action BAKERBAZZAR.API.Controller.UserController.MyOrders (BAKERBAZZAR.API) in 2.8195ms
2024-12-03 15:10:48.551 +05:30  INF  Executed endpoint 'BAKERBAZZAR.API.Controller.UserController.MyOrders (BAKERBAZZAR.API)'
2024-12-03 15:10:48.551 +05:30  INF  Request finished HTTP/1.1 GET http://localhost:5145/user/myorders?displayid=a8701061-246f-4f0a-b7db-cf788913b18d - - - 200 - application/json;+charset=utf-8 3.1668ms
2024-12-03 15:10:48.552 +05:30  INF  Request starting HTTP/1.1 GET http://localhost:5145/user/myorders?displayid=a8701061-246f-4f0a-b7db-cf788913b18d - -
2024-12-03 15:10:48.552 +05:30  INF  CORS policy execution successful.
2024-12-03 15:10:48.552 +05:30  INF  Executing endpoint 'BAKERBAZZAR.API.Controller.UserController.MyOrders (BAKERBAZZAR.API)'
2024-12-03 15:10:48.552 +05:30  INF  Route matched with {action = "MyOrders", controller = "User"}. Executing controller action with signature System.Threading.Tasks.Task`1[Microsoft.AspNetCore.Mvc.ActionResult`1[BAKERBAZZAR.API.Models.ApiResponse]] MyOrders(System.String, System.String, System.String) on controller BAKERBAZZAR.API.Controller.UserController (BAKERBAZZAR.API).
2024-12-03 15:10:48.555 +05:30  INF  Executing ObjectResult, writing value of type 'BAKERBAZZAR.API.Models.ApiResponse'.
2024-12-03 15:10:48.555 +05:30  INF  Executed action BAKERBAZZAR.API.Controller.UserController.MyOrders (BAKERBAZZAR.API) in 2.7821ms
2024-12-03 15:10:48.555 +05:30  INF  Executed endpoint 'BAKERBAZZAR.API.Controller.UserController.MyOrders (BAKERBAZZAR.API)'
2024-12-03 15:10:48.555 +05:30  INF  Request finished HTTP/1.1 GET http://localhost:5145/user/myorders?displayid=a8701061-246f-4f0a-b7db-cf788913b18d - - - 200 - application/json;+charset=utf-8 3.1673ms
2024-12-03 15:10:51.806 +05:30  INF  Request starting HTTP/1.1 GET http://localhost:5145/user/products?categoryid=3e85ca1f-91c2-42f2-9b05-bd920051c25e - -
2024-12-03 15:10:51.806 +05:30  INF  CORS policy execution successful.
2024-12-03 15:10:51.806 +05:30  INF  Executing endpoint 'BAKERBAZZAR.API.Controller.UserController.Products (BAKERBAZZAR.API)'
2024-12-03 15:10:51.806 +05:30  INF  Route matched with {action = "Products", controller = "User"}. Executing controller action with signature System.Threading.Tasks.Task`1[Microsoft.AspNetCore.Mvc.ActionResult`1[BAKERBAZZAR.API.Models.ApiResponse]] Products(System.String, System.String) on controller BAKERBAZZAR.API.Controller.UserController (BAKERBAZZAR.API).
2024-12-03 15:10:51.815 +05:30  INF  Executing ObjectResult, writing value of type 'BAKERBAZZAR.API.Models.ApiResponse'.
2024-12-03 15:10:51.816 +05:30  INF  Executed action BAKERBAZZAR.API.Controller.UserController.Products (BAKERBAZZAR.API) in 9.6608ms
2024-12-03 15:10:51.816 +05:30  INF  Executed endpoint 'BAKERBAZZAR.API.Controller.UserController.Products (BAKERBAZZAR.API)'
2024-12-03 15:10:51.816 +05:30  INF  Request finished HTTP/1.1 GET http://localhost:5145/user/products?categoryid=3e85ca1f-91c2-42f2-9b05-bd920051c25e - - - 200 - application/json;+charset=utf-8 9.9978ms
2024-12-03 15:10:56.270 +05:30  INF  Request starting HTTP/1.1 OPTIONS http://localhost:5145/User/AddToCart - -
2024-12-03 15:10:56.271 +05:30  INF  CORS policy execution successful.
2024-12-03 15:10:56.271 +05:30  INF  Request finished HTTP/1.1 OPTIONS http://localhost:5145/User/AddToCart - - - 204 - - 0.2182ms
2024-12-03 15:10:56.271 +05:30  INF  Request starting HTTP/1.1 POST http://localhost:5145/User/AddToCart application/json 140
2024-12-03 15:10:56.272 +05:30  INF  CORS policy execution successful.
2024-12-03 15:10:56.272 +05:30  INF  Executing endpoint 'BAKERBAZZAR.API.Controller.UserController.AddToCart (BAKERBAZZAR.API)'
2024-12-03 15:10:56.272 +05:30  INF  Route matched with {action = "AddToCart", controller = "User"}. Executing controller action with signature System.Threading.Tasks.Task`1[Microsoft.AspNetCore.Mvc.ActionResult`1[BAKERBAZZAR.API.Models.ApiResponse]] AddToCart(BAKERBAZZAR.API.Models.IO_Templates.AddToCartRequest) on controller BAKERBAZZAR.API.Controller.UserController (BAKERBAZZAR.API).
2024-12-03 15:10:56.278 +05:30  INF  Executing ObjectResult, writing value of type 'BAKERBAZZAR.API.Models.ApiResponse'.
2024-12-03 15:10:56.279 +05:30  INF  Executed action BAKERBAZZAR.API.Controller.UserController.AddToCart (BAKERBAZZAR.API) in 6.9301ms
2024-12-03 15:10:56.279 +05:30  INF  Executed endpoint 'BAKERBAZZAR.API.Controller.UserController.AddToCart (BAKERBAZZAR.API)'
2024-12-03 15:10:56.279 +05:30  INF  Request finished HTTP/1.1 POST http://localhost:5145/User/AddToCart application/json 140 - 200 - application/json;+charset=utf-8 7.1441ms
2024-12-03 15:10:58.036 +05:30  INF  Request starting HTTP/1.1 GET http://localhost:5145/User/CartDetails?displayid=9c80da83-6ccc-4dfb-8e33-09d723c0df33 - -
2024-12-03 15:10:58.036 +05:30  INF  CORS policy execution successful.
2024-12-03 15:10:58.036 +05:30  INF  Executing endpoint 'BAKERBAZZAR.API.Controller.UserController.CartDetails (BAKERBAZZAR.API)'
2024-12-03 15:10:58.036 +05:30  INF  Route matched with {action = "CartDetails", controller = "User"}. Executing controller action with signature System.Threading.Tasks.Task`1[Microsoft.AspNetCore.Mvc.ActionResult`1[BAKERBAZZAR.API.Models.ApiResponse]] CartDetails(System.String) on controller BAKERBAZZAR.API.Controller.UserController (BAKERBAZZAR.API).
2024-12-03 15:10:58.052 +05:30  INF  Executing ObjectResult, writing value of type 'BAKERBAZZAR.API.Models.ApiResponse'.
2024-12-03 15:10:58.052 +05:30  INF  Executed action BAKERBAZZAR.API.Controller.UserController.CartDetails (BAKERBAZZAR.API) in 16.3402ms
2024-12-03 15:10:58.052 +05:30  INF  Executed endpoint 'BAKERBAZZAR.API.Controller.UserController.CartDetails (BAKERBAZZAR.API)'
2024-12-03 15:10:58.052 +05:30  INF  Request finished HTTP/1.1 GET http://localhost:5145/User/CartDetails?displayid=9c80da83-6ccc-4dfb-8e33-09d723c0df33 - - - 200 - application/json;+charset=utf-8 16.7514ms
2024-12-03 15:10:58.053 +05:30  INF  Request starting HTTP/1.1 GET http://localhost:5145/User/CartDetails?displayid=9c80da83-6ccc-4dfb-8e33-09d723c0df33 - -
2024-12-03 15:10:58.054 +05:30  INF  CORS policy execution successful.
2024-12-03 15:10:58.054 +05:30  INF  Executing endpoint 'BAKERBAZZAR.API.Controller.UserController.CartDetails (BAKERBAZZAR.API)'
2024-12-03 15:10:58.054 +05:30  INF  Route matched with {action = "CartDetails", controller = "User"}. Executing controller action with signature System.Threading.Tasks.Task`1[Microsoft.AspNetCore.Mvc.ActionResult`1[BAKERBAZZAR.API.Models.ApiResponse]] CartDetails(System.String) on controller BAKERBAZZAR.API.Controller.UserController (BAKERBAZZAR.API).
2024-12-03 15:10:58.054 +05:30  INF  Executing ObjectResult, writing value of type 'BAKERBAZZAR.API.Models.ApiResponse'.
2024-12-03 15:10:58.054 +05:30  INF  Executed action BAKERBAZZAR.API.Controller.UserController.CartDetails (BAKERBAZZAR.API) in 0.6902ms
2024-12-03 15:10:58.054 +05:30  INF  Executed endpoint 'BAKERBAZZAR.API.Controller.UserController.CartDetails (BAKERBAZZAR.API)'
2024-12-03 15:10:58.055 +05:30  INF  Request finished HTTP/1.1 GET http://localhost:5145/User/CartDetails?displayid=9c80da83-6ccc-4dfb-8e33-09d723c0df33 - - - 200 - application/json;+charset=utf-8 1.0206ms
